Opened log file 'F:\rbo_fabre_proto\d3d9_sw\catch.log'

************* Preparing the environment for Debugger Extensions Gallery repositories **************
   ExtensionRepository : Implicit
   UseExperimentalFeatureForNugetShare : true
   AllowNugetExeUpdate : true
   NonInteractiveNuget : true
   AllowNugetMSCredentialProviderInstall : true
   AllowParallelInitializationOfLocalRepositories : true
   EnableRedirectToChakraJsProvider : false

   -- Configuring repositories
      ----> Repository : LocalInstalled, Enabled: true
      ----> Repository : UserExtensions, Enabled: true

>>>>>>>>>>>>> Preparing the environment for Debugger Extensions Gallery repositories completed, duration 0.000 seconds

************* Waiting for Debugger Extensions Gallery to Initialize **************

>>>>>>>>>>>>> Waiting for Debugger Extensions Gallery to Initialize completed, duration 0.016 seconds
   ----> Repository : UserExtensions, Enabled: true, Packages count: 0
   ----> Repository : LocalInstalled, Enabled: true, Packages count: 30

Microsoft (R) Windows Debugger Version 10.0.28000.1721 AMD64
Copyright (c) Microsoft Corporation. All rights reserved.

*** wait with pending attach
NatVis script successfully loaded from 'C:\Program Files (x86)\Windows Kits\10\Debuggers\x64\Visualizers\atlmfc.natvis'
NatVis script successfully loaded from 'C:\Program Files (x86)\Windows Kits\10\Debuggers\x64\Visualizers\concurrency.natvis'
NatVis script successfully loaded from 'C:\Program Files (x86)\Windows Kits\10\Debuggers\x64\Visualizers\cpp_rest.natvis'
NatVis script successfully loaded from 'C:\Program Files (x86)\Windows Kits\10\Debuggers\x64\Visualizers\ObjectiveC.natvis'
NatVis script successfully loaded from 'C:\Program Files (x86)\Windows Kits\10\Debuggers\x64\Visualizers\stl.natvis'
NatVis script successfully loaded from 'C:\Program Files (x86)\Windows Kits\10\Debuggers\x64\Visualizers\Windows.Data.Json.natvis'
NatVis script successfully loaded from 'C:\Program Files (x86)\Windows Kits\10\Debuggers\x64\Visualizers\Windows.Devices.Geolocation.natvis'
NatVis script successfully loaded from 'C:\Program Files (x86)\Windows Kits\10\Debuggers\x64\Visualizers\Windows.Devices.Sensors.natvis'
NatVis script successfully loaded from 'C:\Program Files (x86)\Windows Kits\10\Debuggers\x64\Visualizers\Windows.Media.natvis'
NatVis script successfully loaded from 'C:\Program Files (x86)\Windows Kits\10\Debuggers\x64\Visualizers\windows.natvis'
NatVis script successfully loaded from 'C:\Program Files (x86)\Windows Kits\10\Debuggers\x64\Visualizers\winrt.natvis'

************* Path validation summary **************
Response                         Time (ms)     Location
Deferred                                       srv*C:\symbols*https://msdl.microsoft.com/download/symbols

************* Path validation summary **************
Response                         Time (ms)     Location
Deferred                                       srv*C:\symbols*https://msdl.microsoft.com/download/symbols
Symbol search path is: srv*C:\symbols*https://msdl.microsoft.com/download/symbols
Executable search path is: 

+------------------------------------------------------------------------+
| This target supports Hardware-enforced Stack Protection. A HW based    |
| "Shadow Stack" may be available to assist in debugging and analysis.   |
| See aka.ms/userhsp for more info.                                      |
|                                                                        |
| dps @ssp                                                               |
|                                                                        |
+------------------------------------------------------------------------+

ModLoad: 00007ff6`61470000 00007ff6`61513000   C:\Program Files (x86)\Steam\steamapps\common\One Step From Eden\OSFE.exe
ModLoad: 00007ffd`f7980000 00007ffd`f7be7000   C:\WINDOWS\SYSTEM32\ntdll.dll
ModLoad: 00007ffd`f72c0000 00007ffd`f7389000   C:\WINDOWS\System32\KERNEL32.DLL
ModLoad: 00007ffd`f4250000 00007ffd`f4644000   C:\WINDOWS\System32\KERNELBASE.dll
ModLoad: 00007ffd`23140000 00007ffd`24863000   C:\Program Files (x86)\Steam\steamapps\common\One Step From Eden\UnityPlayer.dll
ModLoad: 00007ffd`f6210000 00007ffd`f63d5000   C:\WINDOWS\System32\USER32.dll
ModLoad: 00007ffd`f54f0000 00007ffd`f5517000   C:\WINDOWS\System32\win32u.dll
ModLoad: 00007ffd`f7390000 00007ffd`f73bb000   C:\WINDOWS\System32\GDI32.dll
ModLoad: 00007ffd`f55e0000 00007ffd`f570b000   C:\WINDOWS\System32\gdi32full.dll
ModLoad: 00007ffd`f4910000 00007ffd`f49b3000   C:\WINDOWS\System32\msvcp_win.dll
ModLoad: 00007ffd`f4650000 00007ffd`f479b000   C:\WINDOWS\System32\ucrtbase.dll
ModLoad: 00007ffd`f6b50000 00007ffd`f6ce7000   C:\WINDOWS\System32\ole32.dll
ModLoad: 00007ffd`f5710000 00007ffd`f5a92000   C:\WINDOWS\System32\combase.dll
ModLoad: 00007ffd`f60f0000 00007ffd`f6208000   C:\WINDOWS\System32\RPCRT4.dll
ModLoad: 00007ffd`e60b0000 00007ffd`e60bb000   C:\WINDOWS\SYSTEM32\VERSION.dll
ModLoad: 00007ffd`f7780000 00007ffd`f7829000   C:\WINDOWS\System32\msvcrt.dll
ModLoad: 00007ffd`f73c0000 00007ffd`f7426000   C:\WINDOWS\System32\SHLWAPI.dll
ModLoad: 00007ffd`f4c80000 00007ffd`f54e8000   C:\WINDOWS\System32\Windows.Storage.dll
ModLoad: 00007ffd`f5ca0000 00007ffd`f5d56000   C:\WINDOWS\System32\advapi32.dll
ModLoad: 00007ffd`f6cf0000 00007ffd`f6d97000   C:\WINDOWS\System32\sechost.dll
ModLoad: 00007ffd`f6e30000 00007ffd`f72b7000   C:\WINDOWS\System32\SETUPAPI.dll
ModLoad: 00007ffd`f63e0000 00007ffd`f6b47000   C:\WINDOWS\System32\SHELL32.dll
ModLoad: 00007ffd`f47a0000 00007ffd`f490a000   C:\WINDOWS\System32\wintypes.dll
ModLoad: 00007ffd`f7440000 00007ffd`f74c0000   C:\WINDOWS\System32\WS2_32.dll
ModLoad: 00007ffd`f5f40000 00007ffd`f6018000   C:\WINDOWS\System32\OLEAUT32.dll
ModLoad: 00007ffd`e97d0000 00007ffd`e9806000   C:\WINDOWS\SYSTEM32\WINMM.dll
ModLoad: 00007ffd`60f50000 00007ffd`6105f000   C:\WINDOWS\SYSTEM32\OPENGL32.dll
ModLoad: 00007ffd`f5c60000 00007ffd`f5c92000   C:\WINDOWS\System32\IMM32.dll
ModLoad: 00007ffd`f4b00000 00007ffd`f4c77000   C:\WINDOWS\System32\CRYPT32.dll
ModLoad: 00007ffd`60f20000 00007ffd`60f4d000   C:\WINDOWS\SYSTEM32\GLU32.dll
ModLoad: 00007ffd`ee860000 00007ffd`ee98d000   C:\WINDOWS\SYSTEM32\WINHTTP.dll
ModLoad: 00007ffd`f4140000 00007ffd`f416a000   C:\WINDOWS\SYSTEM32\bcrypt.dll
ModLoad: 00007ffd`f2670000 00007ffd`f267f000   C:\WINDOWS\SYSTEM32\HID.DLL
ModLoad: 00007ffd`efd40000 00007ffd`eff6e000   C:\WINDOWS\SYSTEM32\WindowsCodecs.dll
ModLoad: 00007ffd`f1fc0000 00007ffd`f1fef000   C:\WINDOWS\SYSTEM32\dwmapi.dll
ModLoad: 00007ffd`f1a30000 00007ffd`f1a3a000   C:\WINDOWS\SYSTEM32\WSOCK32.dll
ModLoad: 00007ffd`f1e00000 00007ffd`f1e43000   C:\WINDOWS\SYSTEM32\dxcore.dll
ModLoad: 00007ffd`b1d80000 00007ffd`b1f37000   C:\Program Files (x86)\Steam\gameoverlayrenderer64.dll
ModLoad: 00007ffd`f7590000 00007ffd`f7598000   C:\WINDOWS\System32\PSAPI.DLL
ModLoad: 00007ffd`f3dc0000 00007ffd`f3e11000   C:\WINDOWS\SYSTEM32\CFGMGR32.dll
ModLoad: 00007ffd`f2fa0000 00007ffd`f2fbb000   C:\WINDOWS\SYSTEM32\kernel.appcore.dll
ModLoad: 00007ffd`f4a50000 00007ffd`f4af5000   C:\WINDOWS\System32\bcryptPrimitives.dll
ModLoad: 00007ffd`f1d00000 00007ffd`f1da9000   C:\WINDOWS\system32\uxtheme.dll
ModLoad: 00007ffd`f5ad0000 00007ffd`f5bc8000   C:\WINDOWS\System32\shcore.dll
ModLoad: 00007ffd`f4170000 00007ffd`f4199000   C:\WINDOWS\SYSTEM32\profapi.dll
ModLoad: 00007ffd`2a2d0000 00007ffd`2aa37000   C:\Program Files (x86)\Steam\steamapps\common\One Step From Eden\MonoBleedingEdge\EmbedRuntime\mono-2.0-bdwgc.dll
ModLoad: 00007ffd`f34f0000 00007ffd`f355c000   C:\WINDOWS\SYSTEM32\MSWSOCK.dll
ModLoad: 00007ffd`f75a0000 00007ffd`f76fc000   C:\WINDOWS\System32\MSCTF.dll
ModLoad: 00007ffd`d7990000 00007ffd`d79ea000   C:\Program Files (x86)\Steam\steamapps\common\One Step From Eden\d3d11.dll
ModLoad: 00007ffd`e9c50000 00007ffd`e9c7f000   C:\Program Files (x86)\Steam\steamapps\common\One Step From Eden\dxgi.dll
ModLoad: 00007ffd`f74d0000 00007ffd`f757e000   C:\WINDOWS\System32\clbcatq.dll
ModLoad: 00007ffd`e5520000 00007ffd`e5532000   C:\WINDOWS\system32\wbem\wbemprox.dll
ModLoad: 00007ffd`e55a0000 00007ffd`e561a000   C:\WINDOWS\SYSTEM32\wbemcomn.dll
ModLoad: 00007ffd`e3690000 00007ffd`e36a5000   C:\WINDOWS\system32\wbem\wbemsvc.dll
ModLoad: 00007ffd`e3980000 00007ffd`e3a70000   C:\WINDOWS\system32\wbem\fastprox.dll
ModLoad: 00007ffd`e2bc0000 00007ffd`e2bdd000   C:\WINDOWS\SYSTEM32\amsi.dll
ModLoad: 00007ffd`f35a0000 00007ffd`f35d3000   C:\WINDOWS\SYSTEM32\USERENV.dll
ModLoad: 00007ffd`e2af0000 00007ffd`e2b93000   C:\ProgramData\Microsoft\Windows Defender\Platform\4.18.26070.9-0\MpOav.dll
ModLoad: 00007ffd`e8eb0000 00007ffd`e8f47000   C:\WINDOWS\System32\MMDevApi.dll
ModLoad: 00007ffd`f3d90000 00007ffd`f3dbd000   C:\WINDOWS\System32\DEVOBJ.dll
ModLoad: 00007ffd`e0450000 00007ffd`e0602000   C:\WINDOWS\SYSTEM32\AUDIOSES.DLL
ModLoad: 00007ffd`f2250000 00007ffd`f2264000   C:\WINDOWS\SYSTEM32\resourcepolicyclient.dll
ModLoad: 00007ffd`f40b0000 00007ffd`f410e000   C:\WINDOWS\SYSTEM32\powrprof.dll
ModLoad: 00007ffd`f4090000 00007ffd`f40a4000   C:\WINDOWS\SYSTEM32\UMPDC.dll
ModLoad: 00000000`00400000 00000000`0041e000   C:\WINDOWS\SYSTEM32\xinput1_3.dll
ModLoad: 00007ffd`dadd0000 00007ffd`daf18000   C:\WINDOWS\SYSTEM32\textinputframework.dll
ModLoad: 00007ffd`f38f0000 00007ffd`f390b000   C:\WINDOWS\SYSTEM32\CRYPTSP.dll
ModLoad: 00007ffd`f2f00000 00007ffd`f2f39000   C:\WINDOWS\system32\rsaenh.dll
ModLoad: 00007ffd`f3750000 00007ffd`f375c000   C:\WINDOWS\SYSTEM32\CRYPTBASE.dll
ModLoad: 00007ffd`f2980000 00007ffd`f29b2000   C:\WINDOWS\SYSTEM32\IPHLPAPI.DLL
ModLoad: 00007ffd`f5c50000 00007ffd`f5c5a000   C:\WINDOWS\System32\NSI.dll
ModLoad: 00007ffd`ee840000 00007ffd`ee85d000   C:\WINDOWS\SYSTEM32\dhcpcsvc6.DLL
ModLoad: 00007ffd`ee810000 00007ffd`ee835000   C:\WINDOWS\SYSTEM32\dhcpcsvc.DLL
ModLoad: 00007ffd`f2a10000 00007ffd`f2b42000   C:\WINDOWS\SYSTEM32\DNSAPI.dll
ModLoad: 00000000`5d260000 00000000`5d286000   C:\Program Files\Bonjour\mdnsNSP.dll
ModLoad: 00007ffd`e7230000 00007ffd`e723b000   C:\Windows\System32\rasadhlp.dll
ModLoad: 00007ffd`ecaa0000 00007ffd`ecb26000   C:\WINDOWS\System32\fwpuclnt.dll
ModLoad: 00007ffd`f3950000 00007ffd`f3963000   C:\WINDOWS\SYSTEM32\MSASN1.dll
ModLoad: 00007ffd`f3560000 00007ffd`f3590000   C:\WINDOWS\SYSTEM32\gpapi.dll
ModLoad: 00007ffd`bef60000 00007ffd`befa5000   C:\WINDOWS\SYSTEM32\bthprops.cpl
ModLoad: 00007ffd`d8ee0000 00007ffd`d9173000   C:\WINDOWS\WinSxS\amd64_microsoft.windows.common-controls_6595b64144ccf1df_6.0.26100.8115_none_3e075c82e3354f9c\comctl32.dll
ModLoad: 00007ffd`e0610000 00007ffd`e064c000   C:\WINDOWS\SYSTEM32\bluetoothapis.dll
ModLoad: 00007ffd`f49c0000 00007ffd`f4a42000   C:\WINDOWS\System32\WINTRUST.dll
ModLoad: 00007ffd`e3560000 00007ffd`e357e000   C:\WINDOWS\SYSTEM32\xinput1_4.dll
ModLoad: 00007ffd`e1fa0000 00007ffd`e2183000   C:\WINDOWS\SYSTEM32\inputhost.dll
ModLoad: 00007ffd`f1660000 00007ffd`f1787000   C:\WINDOWS\SYSTEM32\CoreMessaging.dll
ModLoad: 00000000`00320000 00000000`00338000   C:\WINDOWS\SYSTEM32\xinput1_2.dll
ModLoad: 00000000`00340000 00000000`00358000   C:\WINDOWS\SYSTEM32\xinput1_1.dll
ModLoad: 00007ffd`e1b00000 00007ffd`e1b09000   C:\WINDOWS\SYSTEM32\xinput9_1_0.dll
ModLoad: 00007ffd`9cd60000 00007ffd`9cdac000   C:\Program Files (x86)\Steam\steamapps\common\One Step From Eden\OSFE_Data\Plugins\steam_api64.dll
ModLoad: 00007ffd`a5ed0000 00007ffd`a7834000   C:\Program Files (x86)\Steam\steamclient64.dll
ModLoad: 00007ffd`f5aa0000 00007ffd`f5ac0000   C:\WINDOWS\System32\imagehlp.dll
ModLoad: 00007ffd`d8b80000 00007ffd`d8c43000   C:\Program Files (x86)\Steam\vstdlib_s64.dll
ModLoad: 00007ffd`addd0000 00007ffd`ae0de000   C:\Program Files (x86)\Steam\tier0_s64.dll
ModLoad: 00007ffd`f1b40000 00007ffd`f1b4d000   C:\WINDOWS\SYSTEM32\Secur32.dll
ModLoad: 00007ffd`f3240000 00007ffd`f3289000   C:\WINDOWS\SYSTEM32\SSPICLI.DLL
ModLoad: 00007ffd`8bbf0000 00007ffd`8bf9a000   C:\Program Files (x86)\Steam\steamapps\common\One Step From Eden\OSFE_Data\Plugins\discord_game_sdk.dll
ModLoad: 00007ffd`e0c80000 00007ffd`e0c8b000   C:\WINDOWS\SYSTEM32\ktmw32.dll
ModLoad: 00007ffd`ed370000 00007ffd`ed5b2000   C:\WINDOWS\SYSTEM32\dbghelp.dll
(5fb0.65ec): Break instruction exception - code 80000003 (first chance)
ntdll!DbgBreakPoint:
00007ffd`f7aa0ac0 cc              int     3
0:063> $$ Catch only real crashes. Mono raises first-chance access violations as part
0:063> $$ of normal null-reference handling, so those break on second chance only.
0:063> $$
0:063> $$ Commands are inlined rather than kept in a script file: $$>a< inside a quoted
0:063> $$ sx command fails to resolve the path and the break then falls through to a
0:063> $$ debugger with no input, which quits and takes the process with it.
0:063> $$
0:063> $$ Every handler is registered for both chances, since the fail-fast codes have
0:063> $$ arrived as second chance every time so far.
0:063> .echo ===SETUP===
===SETUP===
0:063> sxd -c2 ".echo ===FAULT===;.lastevent;r;.echo ===STACK===;kv 40;.echo ===ALLTHREADS===;~*kb;.echo ===END===;qd" av
0:063> sxe -c ".echo ===FAULT===;.lastevent;r;.echo ===STACK===;kv 40;.echo ===ALLTHREADS===;~*kb;.echo ===END===;qd" -c2 ".echo ===FAULT===;.lastevent;r;.echo ===STACK===;kv 40;.echo ===ALLTHREADS===;~*kb;.echo ===END===;qd" 0xc0000094
0:063> sxe -c ".echo ===FAULT===;.lastevent;r;.echo ===STACK===;kv 40;.echo ===ALLTHREADS===;~*kb;.echo ===END===;qd" -c2 ".echo ===FAULT===;.lastevent;r;.echo ===STACK===;kv 40;.echo ===ALLTHREADS===;~*kb;.echo ===END===;qd" 0xc0000409
0:063> sxe -c ".echo ===FAULT===;.lastevent;r;.echo ===STACK===;kv 40;.echo ===ALLTHREADS===;~*kb;.echo ===END===;qd" -c2 ".echo ===FAULT===;.lastevent;r;.echo ===STACK===;kv 40;.echo ===ALLTHREADS===;~*kb;.echo ===END===;qd" 0xc0000374
0:063> sxd sse
0:063> sxd ssec
0:063> sxd dz
0:063> .echo ===ARMED===
===ARMED===
0:063> g
[d3d11_sw] perf 27.6 fps (36.3 ms/frame) raster 15.0 ms/frame tris 1106 flushes 3 bins 11667 shaded 22.80 Mpx/frame bbox 35.19 Mpx/frame
[d3d11_sw] perf mix% tex=234 bilin=55 over=195 add=0 otherblend=23 atest=1 ztest=0 flat=234 linear=0
[d3d11_sw] perf simd% ok=88 | noavx2=0 notex=0 notflat=0 depth=0 mask=0 blend=12 npot=0 addr=0 other=0
[d3d11_sw] perf split ms/frame: draw 28.9 (raster 15.0 nested) decode 0.0 present 0.9 | outside wrapper 6.5 of 36.3
[d3d11_sw] perf rt #29 1280x720 bb=0 13.59 Mpx/frame (14.7x target) 231 draws/frame
[d3d11_sw] perf rt #28 2560x1440 bb=1 3.69 Mpx/frame (1.0x target) 1 draws/frame
[d3d11_sw] perf rt #1695 640x360 bb=0 0.29 Mpx/frame (1.2x target) 59 draws/frame
[d3d11_sw] perf tex #107 200x200 blend=0605 2.85 Mpx/frame 31 draws/frame
[d3d11_sw] perf tex #651 40x25 blend=0602 0.36 Mpx/frame 2 draws/frame
[d3d11_sw] perf tex #654 40x25 blend=0602 0.36 Mpx/frame 4 draws/frame
[d3d11_sw] perf tex #650 40x25 blend=0602 0.18 Mpx/frame 8 draws/frame
[d3d11_sw] perf tex #647 40x25 blend=0602 0.18 Mpx/frame 8 draws/frame
[d3d11_sw] perf tex #556 2048x2048 blend=0605 0.11 Mpx/frame 4 draws/frame
[d3d11_sw] perf 30.7 fps (32.6 ms/frame) raster 14.7 ms/frame tris 1106 flushes 3 bins 11666 shaded 22.80 Mpx/frame bbox 35.19 Mpx/frame
[d3d11_sw] perf mix% tex=234 bilin=55 over=195 add=0 otherblend=23 atest=1 ztest=0 flat=234 linear=0
[d3d11_sw] perf simd% ok=88 | noavx2=0 notex=0 notflat=0 depth=0 mask=0 blend=12 npot=0 addr=0 other=0
[d3d11_sw] perf split ms/frame: draw 28.3 (raster 14.7 nested) decode 0.0 present 0.9 | outside wrapper 3.4 of 32.6
[d3d11_sw] perf rt #29 1280x720 bb=0 13.58 Mpx/frame (14.7x target) 231 draws/frame
[d3d11_sw] perf rt #28 2560x1440 bb=1 3.69 Mpx/frame (1.0x target) 1 draws/frame
[d3d11_sw] perf rt #1695 640x360 bb=0 0.29 Mpx/frame (1.2x target) 59 draws/frame
[d3d11_sw] perf tex #107 200x200 blend=0605 2.85 Mpx/frame 31 draws/frame
[d3d11_sw] perf tex #651 40x25 blend=0602 0.36 Mpx/frame 2 draws/frame
[d3d11_sw] perf tex #654 40x25 blend=0602 0.36 Mpx/frame 4 draws/frame
[d3d11_sw] perf tex #650 40x25 blend=0602 0.18 Mpx/frame 8 draws/frame
[d3d11_sw] perf tex #647 40x25 blend=0602 0.18 Mpx/frame 8 draws/frame
[d3d11_sw] perf tex #556 2048x2048 blend=0605 0.11 Mpx/frame 4 draws/frame
[d3d11_sw] perf 30.3 fps (33.0 ms/frame) raster 14.9 ms/frame tris 1106 flushes 3 bins 11667 shaded 22.80 Mpx/frame bbox 35.19 Mpx/frame
[d3d11_sw] perf mix% tex=234 bilin=55 over=195 add=0 otherblend=23 atest=1 ztest=0 flat=234 linear=0
[d3d11_sw] perf simd% ok=88 | noavx2=0 notex=0 notflat=0 depth=0 mask=0 blend=12 npot=0 addr=0 other=0
[d3d11_sw] perf split ms/frame: draw 28.7 (raster 14.9 nested) decode 0.0 present 0.9 | outside wrapper 3.4 of 33.0
[d3d11_sw] perf rt #29 1280x720 bb=0 13.58 Mpx/frame (14.7x target) 231 draws/frame
[d3d11_sw] perf rt #28 2560x1440 bb=1 3.69 Mpx/frame (1.0x target) 1 draws/frame
[d3d11_sw] perf rt #1695 640x360 bb=0 0.29 Mpx/frame (1.2x target) 59 draws/frame
[d3d11_sw] perf tex #107 200x200 blend=0605 2.85 Mpx/frame 31 draws/frame
[d3d11_sw] perf tex #651 40x25 blend=0602 0.36 Mpx/frame 2 draws/frame
[d3d11_sw] perf tex #654 40x25 blend=0602 0.36 Mpx/frame 4 draws/frame
[d3d11_sw] perf tex #650 40x25 blend=0602 0.18 Mpx/frame 8 draws/frame
[d3d11_sw] perf tex #647 40x25 blend=0602 0.18 Mpx/frame 8 draws/frame
[d3d11_sw] perf tex #556 2048x2048 blend=0605 0.11 Mpx/frame 4 draws/frame
[d3d11_sw] perf 31.2 fps (32.0 ms/frame) raster 14.3 ms/frame tris 1106 flushes 3 bins 11668 shaded 22.80 Mpx/frame bbox 35.19 Mpx/frame
[d3d11_sw] perf mix% tex=234 bilin=55 over=195 add=0 otherblend=23 atest=1 ztest=0 flat=234 linear=0
[d3d11_sw] perf simd% ok=88 | noavx2=0 notex=0 notflat=0 depth=0 mask=0 blend=12 npot=0 addr=0 other=0
[d3d11_sw] perf split ms/frame: draw 28.0 (raster 14.3 nested) decode 0.0 present 0.8 | outside wrapper 3.2 of 32.0
[d3d11_sw] perf rt #29 1280x720 bb=0 13.59 Mpx/frame (14.7x target) 231 draws/frame
[d3d11_sw] perf rt #28 2560x1440 bb=1 3.69 Mpx/frame (1.0x target) 1 draws/frame
[d3d11_sw] perf rt #1695 640x360 bb=0 0.29 Mpx/frame (1.2x target) 59 draws/frame
[d3d11_sw] perf tex #107 200x200 blend=0605 2.85 Mpx/frame 31 draws/frame
[d3d11_sw] perf tex #651 40x25 blend=0602 0.36 Mpx/frame 2 draws/frame
[d3d11_sw] perf tex #654 40x25 blend=0602 0.36 Mpx/frame 4 draws/frame
[d3d11_sw] perf tex #650 40x25 blend=0602 0.18 Mpx/frame 8 draws/frame
[d3d11_sw] perf tex #647 40x25 blend=0602 0.18 Mpx/frame 8 draws/frame
[d3d11_sw] perf tex #556 2048x2048 blend=0605 0.11 Mpx/frame 4 draws/frame
[d3d11_sw] perf 31.6 fps (31.6 ms/frame) raster 14.1 ms/frame tris 1106 flushes 3 bins 11667 shaded 22.80 Mpx/frame bbox 35.19 Mpx/frame
[d3d11_sw] perf mix% tex=234 bilin=55 over=195 add=0 otherblend=23 atest=1 ztest=0 flat=234 linear=0
[d3d11_sw] perf simd% ok=88 | noavx2=0 notex=0 notflat=0 depth=0 mask=0 blend=12 npot=0 addr=0 other=0
[d3d11_sw] perf split ms/frame: draw 27.6 (raster 14.1 nested) decode 0.0 present 0.9 | outside wrapper 3.2 of 31.6
[d3d11_sw] perf rt #29 1280x720 bb=0 13.58 Mpx/frame (14.7x target) 231 draws/frame
[d3d11_sw] perf rt #28 2560x1440 bb=1 3.69 Mpx/frame (1.0x target) 1 draws/frame
[d3d11_sw] perf rt #1695 640x360 bb=0 0.29 Mpx/frame (1.2x target) 59 draws/frame
[d3d11_sw] perf tex #107 200x200 blend=0605 2.85 Mpx/frame 31 draws/frame
[d3d11_sw] perf tex #651 40x25 blend=0602 0.36 Mpx/frame 2 draws/frame
[d3d11_sw] perf tex #654 40x25 blend=0602 0.36 Mpx/frame 4 draws/frame
[d3d11_sw] perf tex #650 40x25 blend=0602 0.18 Mpx/frame 8 draws/frame
[d3d11_sw] perf tex #647 40x25 blend=0602 0.18 Mpx/frame 8 draws/frame
[d3d11_sw] perf tex #556 2048x2048 blend=0605 0.11 Mpx/frame 4 draws/frame
[d3d11_sw] perf 31.6 fps (31.7 ms/frame) raster 14.2 ms/frame tris 1106 flushes 3 bins 11667 shaded 22.80 Mpx/frame bbox 35.19 Mpx/frame
[d3d11_sw] perf mix% tex=234 bilin=55 over=195 add=0 otherblend=23 atest=1 ztest=0 flat=234 linear=0
[d3d11_sw] perf simd% ok=88 | noavx2=0 notex=0 notflat=0 depth=0 mask=0 blend=12 npot=0 addr=0 other=0
[d3d11_sw] perf split ms/frame: draw 27.6 (raster 14.2 nested) decode 0.0 present 0.9 | outside wrapper 3.2 of 31.7
[d3d11_sw] perf rt #29 1280x720 bb=0 13.58 Mpx/frame (14.7x target) 231 draws/frame
[d3d11_sw] perf rt #28 2560x1440 bb=1 3.69 Mpx/frame (1.0x target) 1 draws/frame
[d3d11_sw] perf rt #1695 640x360 bb=0 0.29 Mpx/frame (1.2x target) 59 draws/frame
[d3d11_sw] perf tex #107 200x200 blend=0605 2.85 Mpx/frame 31 draws/frame
[d3d11_sw] perf tex #651 40x25 blend=0602 0.36 Mpx/frame 2 draws/frame
[d3d11_sw] perf tex #654 40x25 blend=0602 0.36 Mpx/frame 4 draws/frame
[d3d11_sw] perf tex #650 40x25 blend=0602 0.18 Mpx/frame 8 draws/frame
[d3d11_sw] perf tex #647 40x25 blend=0602 0.18 Mpx/frame 8 draws/frame
[d3d11_sw] perf tex #556 2048x2048 blend=0605 0.11 Mpx/frame 4 draws/frame
[d3d11_sw] perf 30.3 fps (33.0 ms/frame) raster 15.1 ms/frame tris 1106 flushes 3 bins 11667 shaded 22.80 Mpx/frame bbox 35.19 Mpx/frame
[d3d11_sw] perf mix% tex=234 bilin=55 over=195 add=0 otherblend=23 atest=1 ztest=0 flat=234 linear=0
[d3d11_sw] perf simd% ok=88 | noavx2=0 notex=0 notflat=0 depth=0 mask=0 blend=12 npot=0 addr=0 other=0
[d3d11_sw] perf split ms/frame: draw 28.7 (raster 15.1 nested) decode 0.0 present 0.9 | outside wrapper 3.4 of 33.0
[d3d11_sw] perf rt #29 1280x720 bb=0 13.59 Mpx/frame (14.7x target) 231 draws/frame
[d3d11_sw] perf rt #28 2560x1440 bb=1 3.69 Mpx/frame (1.0x target) 1 draws/frame
[d3d11_sw] perf rt #1695 640x360 bb=0 0.29 Mpx/frame (1.2x target) 59 draws/frame
[d3d11_sw] perf tex #107 200x200 blend=0605 2.85 Mpx/frame 31 draws/frame
[d3d11_sw] perf tex #651 40x25 blend=0602 0.36 Mpx/frame 2 draws/frame
[d3d11_sw] perf tex #654 40x25 blend=0602 0.36 Mpx/frame 4 draws/frame
[d3d11_sw] perf tex #650 40x25 blend=0602 0.18 Mpx/frame 8 draws/frame
[d3d11_sw] perf tex #647 40x25 blend=0602 0.18 Mpx/frame 8 draws/frame
[d3d11_sw] perf tex #556 2048x2048 blend=0605 0.11 Mpx/frame 4 draws/frame
[d3d11_sw] perf 30.2 fps (33.1 ms/frame) raster 15.2 ms/frame tris 1106 flushes 3 bins 11667 shaded 22.80 Mpx/frame bbox 35.19 Mpx/frame
[d3d11_sw] perf mix% tex=234 bilin=55 over=195 add=0 otherblend=23 atest=1 ztest=0 flat=234 linear=0
[d3d11_sw] perf simd% ok=88 | noavx2=0 notex=0 notflat=0 depth=0 mask=0 blend=12 npot=0 addr=0 other=0
[d3d11_sw] perf split ms/frame: draw 28.7 (raster 15.2 nested) decode 0.0 present 0.9 | outside wrapper 3.5 of 33.1
[d3d11_sw] perf rt #29 1280x720 bb=0 13.59 Mpx/frame (14.7x target) 231 draws/frame
[d3d11_sw] perf rt #28 2560x1440 bb=1 3.69 Mpx/frame (1.0x target) 1 draws/frame
[d3d11_sw] perf rt #1695 640x360 bb=0 0.29 Mpx/frame (1.2x target) 59 draws/frame
[d3d11_sw] perf tex #107 200x200 blend=0605 2.85 Mpx/frame 31 draws/frame
[d3d11_sw] perf tex #651 40x25 blend=0602 0.36 Mpx/frame 2 draws/frame
[d3d11_sw] perf tex #654 40x25 blend=0602 0.36 Mpx/frame 4 draws/frame
[d3d11_sw] perf tex #650 40x25 blend=0602 0.18 Mpx/frame 8 draws/frame
[d3d11_sw] perf tex #647 40x25 blend=0602 0.18 Mpx/frame 8 draws/frame
[d3d11_sw] perf tex #556 2048x2048 blend=0605 0.11 Mpx/frame 4 draws/frame
[d3d11_sw] perf 31.8 fps (31.5 ms/frame) raster 14.1 ms/frame tris 1106 flushes 3 bins 11666 shaded 22.80 Mpx/frame bbox 35.19 Mpx/frame
[d3d11_sw] perf mix% tex=234 bilin=55 over=195 add=0 otherblend=23 atest=1 ztest=0 flat=234 linear=0
[d3d11_sw] perf simd% ok=88 | noavx2=0 notex=0 notflat=0 depth=0 mask=0 blend=12 npot=0 addr=0 other=0
[d3d11_sw] perf split ms/frame: draw 27.4 (raster 14.1 nested) decode 0.0 present 0.9 | outside wrapper 3.1 of 31.5
[d3d11_sw] perf rt #29 1280x720 bb=0 13.58 Mpx/frame (14.7x target) 231 draws/frame
[d3d11_sw] perf rt #28 2560x1440 bb=1 3.69 Mpx/frame (1.0x target) 1 draws/frame
[d3d11_sw] perf rt #1695 640x360 bb=0 0.29 Mpx/frame (1.2x target) 59 draws/frame
[d3d11_sw] perf tex #107 200x200 blend=0605 2.85 Mpx/frame 31 draws/frame
[d3d11_sw] perf tex #651 40x25 blend=0602 0.36 Mpx/frame 2 draws/frame
[d3d11_sw] perf tex #654 40x25 blend=0602 0.36 Mpx/frame 4 draws/frame
[d3d11_sw] perf tex #650 40x25 blend=0602 0.18 Mpx/frame 8 draws/frame
[d3d11_sw] perf tex #647 40x25 blend=0602 0.18 Mpx/frame 8 draws/frame
[d3d11_sw] perf tex #556 2048x2048 blend=0605 0.11 Mpx/frame 4 draws/frame
[d3d11_sw] perf 31.4 fps (31.9 ms/frame) raster 14.3 ms/frame tris 1106 flushes 3 bins 11668 shaded 22.80 Mpx/frame bbox 35.19 Mpx/frame
[d3d11_sw] perf mix% tex=234 bilin=55 over=195 add=0 otherblend=23 atest=1 ztest=0 flat=234 linear=0
[d3d11_sw] perf simd% ok=88 | noavx2=0 notex=0 notflat=0 depth=0 mask=0 blend=12 npot=0 addr=0 other=0
[d3d11_sw] perf split ms/frame: draw 27.8 (raster 14.3 nested) decode 0.0 present 0.9 | outside wrapper 3.2 of 31.9
[d3d11_sw] perf rt #29 1280x720 bb=0 13.59 Mpx/frame (14.7x target) 231 draws/frame
[d3d11_sw] perf rt #28 2560x1440 bb=1 3.69 Mpx/frame (1.0x target) 1 draws/frame
[d3d11_sw] perf rt #1695 640x360 bb=0 0.29 Mpx/frame (1.2x target) 59 draws/frame
[d3d11_sw] perf tex #107 200x200 blend=0605 2.85 Mpx/frame 31 draws/frame
[d3d11_sw] perf tex #651 40x25 blend=0602 0.36 Mpx/frame 2 draws/frame
[d3d11_sw] perf tex #654 40x25 blend=0602 0.36 Mpx/frame 4 draws/frame
[d3d11_sw] perf tex #650 40x25 blend=0602 0.18 Mpx/frame 8 draws/frame
[d3d11_sw] perf tex #647 40x25 blend=0602 0.18 Mpx/frame 8 draws/frame
[d3d11_sw] perf tex #556 2048x2048 blend=0605 0.11 Mpx/frame 4 draws/frame
[d3d11_sw] perf 30.6 fps (32.6 ms/frame) raster 14.9 ms/frame tris 1106 flushes 3 bins 11668 shaded 22.80 Mpx/frame bbox 35.19 Mpx/frame
[d3d11_sw] perf mix% tex=234 bilin=55 over=195 add=0 otherblend=23 atest=1 ztest=0 flat=234 linear=0
[d3d11_sw] perf simd% ok=88 | noavx2=0 notex=0 notflat=0 depth=0 mask=0 blend=12 npot=0 addr=0 other=0
[d3d11_sw] perf split ms/frame: draw 28.4 (raster 14.9 nested) decode 0.0 present 0.9 | outside wrapper 3.4 of 32.6
[d3d11_sw] perf rt #29 1280x720 bb=0 13.59 Mpx/frame (14.7x target) 231 draws/frame
[d3d11_sw] perf rt #28 2560x1440 bb=1 3.69 Mpx/frame (1.0x target) 1 draws/frame
[d3d11_sw] perf rt #1695 640x360 bb=0 0.29 Mpx/frame (1.2x target) 59 draws/frame
[d3d11_sw] perf tex #107 200x200 blend=0605 2.85 Mpx/frame 31 draws/frame
[d3d11_sw] perf tex #651 40x25 blend=0602 0.36 Mpx/frame 2 draws/frame
[d3d11_sw] perf tex #654 40x25 blend=0602 0.36 Mpx/frame 4 draws/frame
[d3d11_sw] perf tex #650 40x25 blend=0602 0.18 Mpx/frame 8 draws/frame
[d3d11_sw] perf tex #647 40x25 blend=0602 0.18 Mpx/frame 8 draws/frame
[d3d11_sw] perf tex #556 2048x2048 blend=0605 0.11 Mpx/frame 4 draws/frame
[d3d11_sw] perf 28.4 fps (35.2 ms/frame) raster 16.3 ms/frame tris 1106 flushes 3 bins 11666 shaded 22.80 Mpx/frame bbox 35.19 Mpx/frame
[d3d11_sw] perf mix% tex=234 bilin=55 over=195 add=0 otherblend=23 atest=1 ztest=0 flat=234 linear=0
[d3d11_sw] perf simd% ok=88 | noavx2=0 notex=0 notflat=0 depth=0 mask=0 blend=12 npot=0 addr=0 other=0
[d3d11_sw] perf split ms/frame: draw 30.4 (raster 16.3 nested) decode 0.0 present 1.0 | outside wrapper 3.8 of 35.2
[d3d11_sw] perf rt #29 1280x720 bb=0 13.58 Mpx/frame (14.7x target) 231 draws/frame
[d3d11_sw] perf rt #28 2560x1440 bb=1 3.69 Mpx/frame (1.0x target) 1 draws/frame
[d3d11_sw] perf rt #1695 640x360 bb=0 0.29 Mpx/frame (1.2x target) 59 draws/frame
[d3d11_sw] perf tex #107 200x200 blend=0605 2.85 Mpx/frame 31 draws/frame
[d3d11_sw] perf tex #651 40x25 blend=0602 0.36 Mpx/frame 2 draws/frame
[d3d11_sw] perf tex #654 40x25 blend=0602 0.36 Mpx/frame 4 draws/frame
[d3d11_sw] perf tex #650 40x25 blend=0602 0.18 Mpx/frame 8 draws/frame
[d3d11_sw] perf tex #647 40x25 blend=0602 0.18 Mpx/frame 8 draws/frame
[d3d11_sw] perf tex #556 2048x2048 blend=0605 0.11 Mpx/frame 4 draws/frame
[d3d11_sw] perf 30.4 fps (32.8 ms/frame) raster 14.9 ms/frame tris 1106 flushes 3 bins 11668 shaded 22.80 Mpx/frame bbox 35.19 Mpx/frame
[d3d11_sw] perf mix% tex=234 bilin=55 over=195 add=0 otherblend=23 atest=1 ztest=0 flat=234 linear=0
[d3d11_sw] perf simd% ok=88 | noavx2=0 notex=0 notflat=0 depth=0 mask=0 blend=12 npot=0 addr=0 other=0
[d3d11_sw] perf split ms/frame: draw 28.5 (raster 14.9 nested) decode 0.0 present 1.0 | outside wrapper 3.4 of 32.8
[d3d11_sw] perf rt #29 1280x720 bb=0 13.59 Mpx/frame (14.7x target) 231 draws/frame
[d3d11_sw] perf rt #28 2560x1440 bb=1 3.69 Mpx/frame (1.0x target) 1 draws/frame
[d3d11_sw] perf rt #1695 640x360 bb=0 0.29 Mpx/frame (1.2x target) 59 draws/frame
[d3d11_sw] perf tex #107 200x200 blend=0605 2.85 Mpx/frame 31 draws/frame
[d3d11_sw] perf tex #651 40x25 blend=0602 0.36 Mpx/frame 2 draws/frame
[d3d11_sw] perf tex #654 40x25 blend=0602 0.36 Mpx/frame 4 draws/frame
[d3d11_sw] perf tex #650 40x25 blend=0602 0.18 Mpx/frame 8 draws/frame
[d3d11_sw] perf tex #647 40x25 blend=0602 0.18 Mpx/frame 8 draws/frame
[d3d11_sw] perf tex #556 2048x2048 blend=0605 0.11 Mpx/frame 4 draws/frame
[d3d11_sw] perf 31.4 fps (31.9 ms/frame) raster 14.2 ms/frame tris 1106 flushes 3 bins 11668 shaded 22.80 Mpx/frame bbox 35.19 Mpx/frame
[d3d11_sw] perf mix% tex=234 bilin=55 over=195 add=0 otherblend=23 atest=1 ztest=0 flat=234 linear=0
[d3d11_sw] perf simd% ok=88 | noavx2=0 notex=0 notflat=0 depth=0 mask=0 blend=12 npot=0 addr=0 other=0
[d3d11_sw] perf split ms/frame: draw 27.8 (raster 14.2 nested) decode 0.0 present 0.9 | outside wrapper 3.2 of 31.9
[d3d11_sw] perf rt #29 1280x720 bb=0 13.59 Mpx/frame (14.7x target) 231 draws/frame
[d3d11_sw] perf rt #28 2560x1440 bb=1 3.69 Mpx/frame (1.0x target) 1 draws/frame
[d3d11_sw] perf rt #1695 640x360 bb=0 0.29 Mpx/frame (1.2x target) 59 draws/frame
[d3d11_sw] perf tex #107 200x200 blend=0605 2.85 Mpx/frame 31 draws/frame
[d3d11_sw] perf tex #651 40x25 blend=0602 0.36 Mpx/frame 2 draws/frame
[d3d11_sw] perf tex #654 40x25 blend=0602 0.36 Mpx/frame 4 draws/frame
[d3d11_sw] perf tex #650 40x25 blend=0602 0.18 Mpx/frame 8 draws/frame
[d3d11_sw] perf tex #647 40x25 blend=0602 0.18 Mpx/frame 8 draws/frame
[d3d11_sw] perf tex #556 2048x2048 blend=0605 0.11 Mpx/frame 4 draws/frame
[d3d11_sw] perf 30.4 fps (32.9 ms/frame) raster 14.8 ms/frame tris 1106 flushes 3 bins 11666 shaded 22.80 Mpx/frame bbox 35.19 Mpx/frame
[d3d11_sw] perf mix% tex=234 bilin=55 over=195 add=0 otherblend=23 atest=1 ztest=0 flat=234 linear=0
[d3d11_sw] perf simd% ok=88 | noavx2=0 notex=0 notflat=0 depth=0 mask=0 blend=12 npot=0 addr=0 other=0
[d3d11_sw] perf split ms/frame: draw 28.7 (raster 14.8 nested) decode 0.0 present 0.9 | outside wrapper 3.3 of 32.9
[d3d11_sw] perf rt #29 1280x720 bb=0 13.58 Mpx/frame (14.7x target) 231 draws/frame
[d3d11_sw] perf rt #28 2560x1440 bb=1 3.69 Mpx/frame (1.0x target) 1 draws/frame
[d3d11_sw] perf rt #1695 640x360 bb=0 0.29 Mpx/frame (1.2x target) 59 draws/frame
[d3d11_sw] perf tex #107 200x200 blend=0605 2.85 Mpx/frame 31 draws/frame
[d3d11_sw] perf tex #651 40x25 blend=0602 0.36 Mpx/frame 2 draws/frame
[d3d11_sw] perf tex #654 40x25 blend=0602 0.36 Mpx/frame 4 draws/frame
[d3d11_sw] perf tex #650 40x25 blend=0602 0.18 Mpx/frame 8 draws/frame
[d3d11_sw] perf tex #647 40x25 blend=0602 0.18 Mpx/frame 8 draws/frame
[d3d11_sw] perf tex #556 2048x2048 blend=0605 0.11 Mpx/frame 4 draws/frame
[d3d11_sw] perf 29.3 fps (34.1 ms/frame) raster 15.6 ms/frame tris 1106 flushes 3 bins 11667 shaded 22.80 Mpx/frame bbox 35.19 Mpx/frame
[d3d11_sw] perf mix% tex=234 bilin=55 over=195 add=0 otherblend=23 atest=1 ztest=0 flat=234 linear=0
[d3d11_sw] perf simd% ok=88 | noavx2=0 notex=0 notflat=0 depth=0 mask=0 blend=12 npot=0 addr=0 other=0
[d3d11_sw] perf split ms/frame: draw 29.5 (raster 15.6 nested) decode 0.0 present 1.0 | outside wrapper 3.6 of 34.1
[d3d11_sw] perf rt #29 1280x720 bb=0 13.58 Mpx/frame (14.7x target) 231 draws/frame
[d3d11_sw] perf rt #28 2560x1440 bb=1 3.69 Mpx/frame (1.0x target) 1 draws/frame
[d3d11_sw] perf rt #1695 640x360 bb=0 0.29 Mpx/frame (1.2x target) 59 draws/frame
[d3d11_sw] perf tex #107 200x200 blend=0605 2.85 Mpx/frame 31 draws/frame
[d3d11_sw] perf tex #651 40x25 blend=0602 0.36 Mpx/frame 2 draws/frame
[d3d11_sw] perf tex #654 40x25 blend=0602 0.36 Mpx/frame 4 draws/frame
[d3d11_sw] perf tex #650 40x25 blend=0602 0.18 Mpx/frame 8 draws/frame
[d3d11_sw] perf tex #647 40x25 blend=0602 0.18 Mpx/frame 8 draws/frame
[d3d11_sw] perf tex #556 2048x2048 blend=0605 0.11 Mpx/frame 4 draws/frame
[d3d11_sw] perf 29.1 fps (34.4 ms/frame) raster 15.7 ms/frame tris 1106 flushes 3 bins 11668 shaded 22.80 Mpx/frame bbox 35.19 Mpx/frame
[d3d11_sw] perf mix% tex=234 bilin=55 over=195 add=0 otherblend=23 atest=1 ztest=0 flat=234 linear=0
[d3d11_sw] perf simd% ok=88 | noavx2=0 notex=0 notflat=0 depth=0 mask=0 blend=12 npot=0 addr=0 other=0
[d3d11_sw] perf split ms/frame: draw 29.9 (raster 15.7 nested) decode 0.0 present 0.9 | outside wrapper 3.6 of 34.4
[d3d11_sw] perf rt #29 1280x720 bb=0 13.59 Mpx/frame (14.7x target) 231 draws/frame
[d3d11_sw] perf rt #28 2560x1440 bb=1 3.69 Mpx/frame (1.0x target) 1 draws/frame
[d3d11_sw] perf rt #1695 640x360 bb=0 0.29 Mpx/frame (1.2x target) 59 draws/frame
[d3d11_sw] perf tex #107 200x200 blend=0605 2.85 Mpx/frame 31 draws/frame
[d3d11_sw] perf tex #651 40x25 blend=0602 0.36 Mpx/frame 2 draws/frame
[d3d11_sw] perf tex #654 40x25 blend=0602 0.36 Mpx/frame 4 draws/frame
[d3d11_sw] perf tex #650 40x25 blend=0602 0.18 Mpx/frame 8 draws/frame
[d3d11_sw] perf tex #647 40x25 blend=0602 0.18 Mpx/frame 8 draws/frame
[d3d11_sw] perf tex #556 2048x2048 blend=0605 0.11 Mpx/frame 4 draws/frame
[d3d11_sw] perf 31.9 fps (31.3 ms/frame) raster 13.8 ms/frame tris 1106 flushes 3 bins 11666 shaded 22.80 Mpx/frame bbox 35.19 Mpx/frame
[d3d11_sw] perf mix% tex=234 bilin=55 over=195 add=0 otherblend=23 atest=1 ztest=0 flat=234 linear=0
[d3d11_sw] perf simd% ok=88 | noavx2=0 notex=0 notflat=0 depth=0 mask=0 blend=12 npot=0 addr=0 other=0
[d3d11_sw] perf split ms/frame: draw 27.3 (raster 13.8 nested) decode 0.0 present 0.9 | outside wrapper 3.1 of 31.3
[d3d11_sw] perf rt #29 1280x720 bb=0 13.58 Mpx/frame (14.7x target) 231 draws/frame
[d3d11_sw] perf rt #28 2560x1440 bb=1 3.69 Mpx/frame (1.0x target) 1 draws/frame
[d3d11_sw] perf rt #1695 640x360 bb=0 0.29 Mpx/frame (1.2x target) 59 draws/frame
[d3d11_sw] perf tex #107 200x200 blend=0605 2.85 Mpx/frame 31 draws/frame
[d3d11_sw] perf tex #651 40x25 blend=0602 0.36 Mpx/frame 2 draws/frame
[d3d11_sw] perf tex #654 40x25 blend=0602 0.36 Mpx/frame 4 draws/frame
[d3d11_sw] perf tex #650 40x25 blend=0602 0.18 Mpx/frame 8 draws/frame
[d3d11_sw] perf tex #647 40x25 blend=0602 0.18 Mpx/frame 8 draws/frame
[d3d11_sw] perf tex #556 2048x2048 blend=0605 0.11 Mpx/frame 4 draws/frame
[d3d11_sw] savestate saved slot 0, 3413.8 MB in 1501.1 ms
[d3d11_sw] perf 17.1 fps (58.4 ms/frame) raster 14.1 ms/frame tris 1106 flushes 3 bins 11668 shaded 22.80 Mpx/frame bbox 35.19 Mpx/frame
[d3d11_sw] perf mix% tex=234 bilin=55 over=195 add=0 otherblend=23 atest=1 ztest=0 flat=234 linear=0
[d3d11_sw] perf simd% ok=88 | noavx2=0 notex=0 notflat=0 depth=0 mask=0 blend=12 npot=0 addr=0 other=0
[d3d11_sw] perf split ms/frame: draw 27.8 (raster 14.1 nested) decode 0.0 present 1.0 | outside wrapper 29.7 of 58.4
[d3d11_sw] perf rt #29 1280x720 bb=0 13.59 Mpx/frame (14.7x target) 231 draws/frame
[d3d11_sw] perf rt #28 2560x1440 bb=1 3.69 Mpx/frame (1.0x target) 1 draws/frame
[d3d11_sw] perf rt #1695 640x360 bb=0 0.29 Mpx/frame (1.2x target) 59 draws/frame
[d3d11_sw] perf tex #107 200x200 blend=0605 2.85 Mpx/frame 31 draws/frame
[d3d11_sw] perf tex #651 40x25 blend=0602 0.36 Mpx/frame 2 draws/frame
[d3d11_sw] perf tex #654 40x25 blend=0602 0.36 Mpx/frame 4 draws/frame
[d3d11_sw] perf tex #650 40x25 blend=0602 0.18 Mpx/frame 8 draws/frame
[d3d11_sw] perf tex #647 40x25 blend=0602 0.18 Mpx/frame 8 draws/frame
[d3d11_sw] perf tex #556 2048x2048 blend=0605 0.11 Mpx/frame 4 draws/frame
[d3d11_sw] perf 30.2 fps (33.1 ms/frame) raster 14.9 ms/frame tris 1106 flushes 3 bins 11667 shaded 22.80 Mpx/frame bbox 35.19 Mpx/frame
[d3d11_sw] perf mix% tex=234 bilin=55 over=195 add=0 otherblend=23 atest=1 ztest=0 flat=234 linear=0
[d3d11_sw] perf simd% ok=88 | noavx2=0 notex=0 notflat=0 depth=0 mask=0 blend=12 npot=0 addr=0 other=0
[d3d11_sw] perf split ms/frame: draw 28.6 (raster 14.9 nested) decode 0.0 present 1.0 | outside wrapper 3.4 of 33.1
[d3d11_sw] perf rt #29 1280x720 bb=0 13.59 Mpx/frame (14.7x target) 231 draws/frame
[d3d11_sw] perf rt #28 2560x1440 bb=1 3.69 Mpx/frame (1.0x target) 1 draws/frame
[d3d11_sw] perf rt #1695 640x360 bb=0 0.29 Mpx/frame (1.2x target) 59 draws/frame
[d3d11_sw] perf tex #107 200x200 blend=0605 2.85 Mpx/frame 31 draws/frame
[d3d11_sw] perf tex #651 40x25 blend=0602 0.36 Mpx/frame 2 draws/frame
[d3d11_sw] perf tex #654 40x25 blend=0602 0.36 Mpx/frame 4 draws/frame
[d3d11_sw] perf tex #650 40x25 blend=0602 0.18 Mpx/frame 8 draws/frame
[d3d11_sw] perf tex #647 40x25 blend=0602 0.18 Mpx/frame 8 draws/frame
[d3d11_sw] perf tex #556 2048x2048 blend=0605 0.11 Mpx/frame 4 draws/frame
[d3d11_sw] perf 29.5 fps (33.9 ms/frame) raster 15.7 ms/frame tris 1106 flushes 3 bins 11667 shaded 22.80 Mpx/frame bbox 35.19 Mpx/frame
[d3d11_sw] perf mix% tex=234 bilin=55 over=195 add=0 otherblend=23 atest=1 ztest=0 flat=234 linear=0
[d3d11_sw] perf simd% ok=88 | noavx2=0 notex=0 notflat=0 depth=0 mask=0 blend=12 npot=0 addr=0 other=0
[d3d11_sw] perf split ms/frame: draw 29.2 (raster 15.7 nested) decode 0.0 present 1.0 | outside wrapper 3.6 of 33.9
[d3d11_sw] perf rt #29 1280x720 bb=0 13.58 Mpx/frame (14.7x target) 231 draws/frame
[d3d11_sw] perf rt #28 2560x1440 bb=1 3.69 Mpx/frame (1.0x target) 1 draws/frame
[d3d11_sw] perf rt #1695 640x360 bb=0 0.29 Mpx/frame (1.2x target) 59 draws/frame
[d3d11_sw] perf tex #107 200x200 blend=0605 2.85 Mpx/frame 31 draws/frame
[d3d11_sw] perf tex #651 40x25 blend=0602 0.36 Mpx/frame 2 draws/frame
[d3d11_sw] perf tex #654 40x25 blend=0602 0.36 Mpx/frame 4 draws/frame
[d3d11_sw] perf tex #650 40x25 blend=0602 0.18 Mpx/frame 8 draws/frame
[d3d11_sw] perf tex #647 40x25 blend=0602 0.18 Mpx/frame 8 draws/frame
[d3d11_sw] perf tex #556 2048x2048 blend=0605 0.11 Mpx/frame 4 draws/frame
[d3d11_sw] savestate saved slot 0, 3413.8 MB in 9181.3 ms
[d3d11_sw] perf 5.2 fps (193.2 ms/frame) raster 14.1 ms/frame tris 1106 flushes 3 bins 11668 shaded 22.80 Mpx/frame bbox 35.19 Mpx/frame
[d3d11_sw] perf mix% tex=234 bilin=55 over=195 add=0 otherblend=23 atest=1 ztest=0 flat=234 linear=0
[d3d11_sw] perf simd% ok=88 | noavx2=0 notex=0 notflat=0 depth=0 mask=0 blend=12 npot=0 addr=0 other=0
[d3d11_sw] perf split ms/frame: draw 27.8 (raster 14.1 nested) decode 0.0 present 1.0 | outside wrapper 164.4 of 193.2
[d3d11_sw] perf rt #29 1280x720 bb=0 13.59 Mpx/frame (14.7x target) 231 draws/frame
[d3d11_sw] perf rt #28 2560x1440 bb=1 3.69 Mpx/frame (1.0x target) 1 draws/frame
[d3d11_sw] perf rt #1695 640x360 bb=0 0.29 Mpx/frame (1.2x target) 59 draws/frame
[d3d11_sw] perf tex #107 200x200 blend=0605 2.85 Mpx/frame 31 draws/frame
[d3d11_sw] perf tex #651 40x25 blend=0602 0.36 Mpx/frame 2 draws/frame
[d3d11_sw] perf tex #654 40x25 blend=0602 0.36 Mpx/frame 4 draws/frame
[d3d11_sw] perf tex #650 40x25 blend=0602 0.18 Mpx/frame 8 draws/frame
[d3d11_sw] perf tex #647 40x25 blend=0602 0.18 Mpx/frame 8 draws/frame
[d3d11_sw] perf tex #556 2048x2048 blend=0605 0.11 Mpx/frame 4 draws/frame
[d3d11_sw] perf 29.4 fps (34.0 ms/frame) raster 15.4 ms/frame tris 1105 flushes 3 bins 11645 shaded 22.80 Mpx/frame bbox 35.19 Mpx/frame
[d3d11_sw] perf mix% tex=234 bilin=55 over=195 add=0 otherblend=23 atest=1 ztest=0 flat=234 linear=0
[d3d11_sw] perf simd% ok=88 | noavx2=0 notex=0 notflat=0 depth=0 mask=0 blend=12 npot=0 addr=0 other=0
[d3d11_sw] perf split ms/frame: draw 29.5 (raster 15.4 nested) decode 0.0 present 1.1 | outside wrapper 3.4 of 34.0
[d3d11_sw] perf rt #29 1280x720 bb=0 13.58 Mpx/frame (14.7x target) 231 draws/frame
[d3d11_sw] perf rt #28 2560x1440 bb=1 3.69 Mpx/frame (1.0x target) 1 draws/frame
[d3d11_sw] perf rt #1695 640x360 bb=0 0.29 Mpx/frame (1.2x target) 59 draws/frame
[d3d11_sw] perf tex #107 200x200 blend=0605 2.85 Mpx/frame 31 draws/frame
[d3d11_sw] perf tex #651 40x25 blend=0602 0.36 Mpx/frame 2 draws/frame
[d3d11_sw] perf tex #654 40x25 blend=0602 0.36 Mpx/frame 4 draws/frame
[d3d11_sw] perf tex #650 40x25 blend=0602 0.18 Mpx/frame 8 draws/frame
[d3d11_sw] perf tex #647 40x25 blend=0602 0.18 Mpx/frame 8 draws/frame
[d3d11_sw] perf tex #556 2048x2048 blend=0605 0.11 Mpx/frame 4 draws/frame
[d3d11_sw] perf 29.4 fps (34.0 ms/frame) raster 15.9 ms/frame tris 1261 flushes 3 bins 12696 shaded 26.75 Mpx/frame bbox 37.99 Mpx/frame
[d3d11_sw] perf mix% tex=218 bilin=52 over=184 add=0 otherblend=20 atest=1 ztest=0 flat=218 linear=0
[d3d11_sw] perf simd% ok=89 | noavx2=0 notex=0 notflat=0 depth=0 mask=0 blend=11 npot=0 addr=0 other=0
[d3d11_sw] perf split ms/frame: draw 29.6 (raster 15.9 nested) decode 0.0 present 1.0 | outside wrapper 3.4 of 34.0
[d3d11_sw] perf rt #29 1280x720 bb=0 14.98 Mpx/frame (16.3x target) 232 draws/frame
[d3d11_sw] perf rt #28 2560x1440 bb=1 3.69 Mpx/frame (1.0x target) 1 draws/frame
[d3d11_sw] perf rt #1695 640x360 bb=0 0.29 Mpx/frame (1.2x target) 61 draws/frame
[d3d11_sw] perf tex #107 200x200 blend=0605 3.67 Mpx/frame 30 draws/frame
[d3d11_sw] perf tex #556 2048x2048 blend=0605 0.66 Mpx/frame 4 draws/frame
[d3d11_sw] perf tex #654 40x25 blend=0602 0.36 Mpx/frame 4 draws/frame
[d3d11_sw] perf tex #651 40x25 blend=0602 0.36 Mpx/frame 2 draws/frame
[d3d11_sw] perf tex #647 40x25 blend=0602 0.18 Mpx/frame 8 draws/frame
[d3d11_sw] perf tex #650 40x25 blend=0602 0.18 Mpx/frame 8 draws/frame
[d3d11_sw] perf 31.0 fps (32.3 ms/frame) raster 14.0 ms/frame tris 1359 flushes 3 bins 12131 shaded 22.69 Mpx/frame bbox 34.98 Mpx/frame
[d3d11_sw] perf mix% tex=236 bilin=55 over=194 add=0 otherblend=26 atest=1 ztest=0 flat=236 linear=0
[d3d11_sw] perf simd% ok=88 | noavx2=0 notex=0 notflat=0 depth=0 mask=0 blend=12 npot=0 addr=0 other=0
[d3d11_sw] perf split ms/frame: draw 28.0 (raster 14.0 nested) decode 0.0 present 1.0 | outside wrapper 3.2 of 32.3
[d3d11_sw] perf rt #29 1280x720 bb=0 13.48 Mpx/frame (14.6x target) 235 draws/frame
[d3d11_sw] perf rt #28 2560x1440 bb=1 3.69 Mpx/frame (1.0x target) 1 draws/frame
[d3d11_sw] perf rt #1695 640x360 bb=0 0.29 Mpx/frame (1.2x target) 59 draws/frame
[d3d11_sw] perf tex #107 200x200 blend=0605 2.87 Mpx/frame 30 draws/frame
[d3d11_sw] perf tex #651 40x25 blend=0602 0.34 Mpx/frame 2 draws/frame
[d3d11_sw] perf tex #654 40x25 blend=0602 0.34 Mpx/frame 5 draws/frame
[d3d11_sw] perf tex #647 40x25 blend=0602 0.17 Mpx/frame 8 draws/frame
[d3d11_sw] perf tex #650 40x25 blend=0602 0.17 Mpx/frame 8 draws/frame
[d3d11_sw] perf tex #537 200x200 blend=0605 0.09 Mpx/frame 16 draws/frame
[d3d11_sw] perf 31.8 fps (31.5 ms/frame) raster 13.5 ms/frame tris 1160 flushes 3 bins 11868 shaded 22.57 Mpx/frame bbox 35.01 Mpx/frame
[d3d11_sw] perf mix% tex=237 bilin=55 over=193 add=0 otherblend=28 atest=1 ztest=0 flat=237 linear=0
[d3d11_sw] perf simd% ok=88 | noavx2=0 notex=0 notflat=0 depth=0 mask=0 blend=12 npot=0 addr=0 other=0
[d3d11_sw] perf split ms/frame: draw 27.5 (raster 13.5 nested) decode 0.0 present 0.9 | outside wrapper 3.0 of 31.5
[d3d11_sw] perf rt #29 1280x720 bb=0 13.50 Mpx/frame (14.6x target) 246 draws/frame
[d3d11_sw] perf rt #28 2560x1440 bb=1 3.69 Mpx/frame (1.0x target) 1 draws/frame
[d3d11_sw] perf rt #1695 640x360 bb=0 0.29 Mpx/frame (1.2x target) 59 draws/frame
[d3d11_sw] perf tex #107 200x200 blend=0605 2.85 Mpx/frame 30 draws/frame
[d3d11_sw] perf tex #651 40x25 blend=0602 0.36 Mpx/frame 2 draws/frame
[d3d11_sw] perf tex #654 40x25 blend=0602 0.36 Mpx/frame 6 draws/frame
[d3d11_sw] perf tex #650 40x25 blend=0602 0.18 Mpx/frame 8 draws/frame
[d3d11_sw] perf tex #647 40x25 blend=0602 0.18 Mpx/frame 8 draws/frame
[d3d11_sw] perf tex #537 200x200 blend=0605 0.09 Mpx/frame 16 draws/frame
[d3d11_sw] perf 30.5 fps (32.8 ms/frame) raster 14.4 ms/frame tris 1144 flushes 3 bins 11816 shaded 22.57 Mpx/frame bbox 35.00 Mpx/frame
[d3d11_sw] perf mix% tex=237 bilin=55 over=193 add=0 otherblend=28 atest=1 ztest=0 flat=237 linear=0
[d3d11_sw] perf simd% ok=88 | noavx2=0 notex=0 notflat=0 depth=0 mask=0 blend=12 npot=0 addr=0 other=0
[d3d11_sw] perf split ms/frame: draw 28.5 (raster 14.4 nested) decode 0.0 present 1.1 | outside wrapper 3.2 of 32.8
[d3d11_sw] perf rt #29 1280x720 bb=0 13.49 Mpx/frame (14.6x target) 240 draws/frame
[d3d11_sw] perf rt #28 2560x1440 bb=1 3.69 Mpx/frame (1.0x target) 1 draws/frame
[d3d11_sw] perf rt #1695 640x360 bb=0 0.29 Mpx/frame (1.2x target) 59 draws/frame
[d3d11_sw] perf tex #107 200x200 blend=0605 2.84 Mpx/frame 29 draws/frame
[d3d11_sw] perf tex #651 40x25 blend=0602 0.36 Mpx/frame 2 draws/frame
[d3d11_sw] perf tex #654 40x25 blend=0602 0.36 Mpx/frame 6 draws/frame
[d3d11_sw] perf tex #650 40x25 blend=0602 0.18 Mpx/frame 8 draws/frame
[d3d11_sw] perf tex #647 40x25 blend=0602 0.18 Mpx/frame 8 draws/frame
[d3d11_sw] perf tex #537 200x200 blend=0605 0.09 Mpx/frame 16 draws/frame
[d3d11_sw] perf 31.7 fps (31.6 ms/frame) raster 13.8 ms/frame tris 1135 flushes 3 bins 11772 shaded 22.50 Mpx/frame bbox 34.89 Mpx/frame
[d3d11_sw] perf mix% tex=238 bilin=55 over=194 add=0 otherblend=28 atest=1 ztest=0 flat=238 linear=0
[d3d11_sw] perf simd% ok=88 | noavx2=0 notex=0 notflat=0 depth=0 mask=0 blend=12 npot=0 addr=0 other=0
[d3d11_sw] perf split ms/frame: draw 27.4 (raster 13.8 nested) decode 0.0 present 1.0 | outside wrapper 3.1 of 31.6
[d3d11_sw] perf rt #29 1280x720 bb=0 13.43 Mpx/frame (14.6x target) 237 draws/frame
[d3d11_sw] perf rt #28 2560x1440 bb=1 3.69 Mpx/frame (1.0x target) 1 draws/frame
[d3d11_sw] perf rt #1695 640x360 bb=0 0.29 Mpx/frame (1.2x target) 60 draws/frame
[d3d11_sw] perf tex #107 200x200 blend=0605 2.83 Mpx/frame 28 draws/frame
[d3d11_sw] perf tex #651 40x25 blend=0602 0.36 Mpx/frame 2 draws/frame
[d3d11_sw] perf tex #654 40x25 blend=0602 0.36 Mpx/frame 5 draws/frame
[d3d11_sw] perf tex #650 40x25 blend=0602 0.18 Mpx/frame 8 draws/frame
[d3d11_sw] perf tex #647 40x25 blend=0602 0.18 Mpx/frame 8 draws/frame
[d3d11_sw] perf tex #537 200x200 blend=0605 0.09 Mpx/frame 16 draws/frame
[d3d11_sw] perf 29.7 fps (33.6 ms/frame) raster 15.2 ms/frame tris 1172 flushes 3 bins 11974 shaded 22.68 Mpx/frame bbox 35.26 Mpx/frame
[d3d11_sw] perf mix% tex=237 bilin=55 over=192 add=0 otherblend=28 atest=1 ztest=0 flat=237 linear=0
[d3d11_sw] perf simd% ok=87 | noavx2=0 notex=0 notflat=0 depth=0 mask=0 blend=13 npot=0 addr=0 other=0
[d3d11_sw] perf split ms/frame: draw 29.2 (raster 15.2 nested) decode 0.0 present 1.1 | outside wrapper 3.4 of 33.6
[d3d11_sw] perf rt #29 1280x720 bb=0 13.61 Mpx/frame (14.8x target) 235 draws/frame
[d3d11_sw] perf rt #28 2560x1440 bb=1 3.69 Mpx/frame (1.0x target) 1 draws/frame
[d3d11_sw] perf rt #1695 640x360 bb=0 0.29 Mpx/frame (1.2x target) 59 draws/frame
[d3d11_sw] perf tex #107 200x200 blend=0605 2.83 Mpx/frame 27 draws/frame
[d3d11_sw] perf tex #651 40x25 blend=0602 0.36 Mpx/frame 2 draws/frame
[d3d11_sw] perf tex #654 40x25 blend=0602 0.36 Mpx/frame 5 draws/frame
[d3d11_sw] perf tex #650 40x25 blend=0602 0.18 Mpx/frame 8 draws/frame
[d3d11_sw] perf tex #647 40x25 blend=0602 0.18 Mpx/frame 8 draws/frame
[d3d11_sw] perf tex #537 200x200 blend=0605 0.09 Mpx/frame 16 draws/frame
[d3d11_sw] perf 30.4 fps (32.9 ms/frame) raster 14.5 ms/frame tris 1298 flushes 3 bins 12063 shaded 22.61 Mpx/frame bbox 35.13 Mpx/frame
[d3d11_sw] perf mix% tex=237 bilin=55 over=192 add=0 otherblend=28 atest=1 ztest=0 flat=237 linear=0
[d3d11_sw] perf simd% ok=87 | noavx2=0 notex=0 notflat=0 depth=0 mask=0 blend=13 npot=0 addr=0 other=0
[d3d11_sw] perf split ms/frame: draw 28.6 (raster 14.5 nested) decode 0.0 present 1.1 | outside wrapper 3.2 of 32.9
[d3d11_sw] perf rt #29 1280x720 bb=0 13.55 Mpx/frame (14.7x target) 231 draws/frame
[d3d11_sw] perf rt #28 2560x1440 bb=1 3.69 Mpx/frame (1.0x target) 1 draws/frame
[d3d11_sw] perf rt #1695 640x360 bb=0 0.29 Mpx/frame (1.2x target) 60 draws/frame
[d3d11_sw] perf tex #107 200x200 blend=0605 2.83 Mpx/frame 27 draws/frame
[d3d11_sw] perf tex #651 40x25 blend=0602 0.36 Mpx/frame 2 draws/frame
[d3d11_sw] perf tex #654 40x25 blend=0602 0.36 Mpx/frame 4 draws/frame
[d3d11_sw] perf tex #647 40x25 blend=0602 0.18 Mpx/frame 8 draws/frame
[d3d11_sw] perf tex #650 40x25 blend=0602 0.18 Mpx/frame 8 draws/frame
[d3d11_sw] perf tex #537 200x200 blend=0605 0.09 Mpx/frame 16 draws/frame
[d3d11_sw] perf 32.1 fps (31.2 ms/frame) raster 13.6 ms/frame tris 1019 flushes 3 bins 11530 shaded 22.65 Mpx/frame bbox 34.94 Mpx/frame
[d3d11_sw] perf mix% tex=237 bilin=55 over=193 add=0 otherblend=27 atest=1 ztest=0 flat=237 linear=0
[d3d11_sw] perf simd% ok=88 | noavx2=0 notex=0 notflat=0 depth=0 mask=0 blend=12 npot=0 addr=0 other=0
[d3d11_sw] perf split ms/frame: draw 27.1 (raster 13.6 nested) decode 0.0 present 1.0 | outside wrapper 3.0 of 31.2
[d3d11_sw] perf rt #29 1280x720 bb=0 13.46 Mpx/frame (14.6x target) 210 draws/frame
[d3d11_sw] perf rt #28 2560x1440 bb=1 3.69 Mpx/frame (1.0x target) 1 draws/frame
[d3d11_sw] perf rt #1695 640x360 bb=0 0.29 Mpx/frame (1.2x target) 59 draws/frame
[d3d11_sw] perf tex #107 200x200 blend=0605 2.91 Mpx/frame 26 draws/frame
[d3d11_sw] perf tex #651 40x25 blend=0602 0.36 Mpx/frame 2 draws/frame
[d3d11_sw] perf tex #654 40x25 blend=0602 0.36 Mpx/frame 4 draws/frame
[d3d11_sw] perf tex #650 40x25 blend=0602 0.18 Mpx/frame 8 draws/frame
[d3d11_sw] perf tex #647 40x25 blend=0602 0.18 Mpx/frame 8 draws/frame
[d3d11_sw] perf tex #537 200x200 blend=0605 0.09 Mpx/frame 16 draws/frame
[d3d11_sw] perf 25.1 fps (39.8 ms/frame) raster 15.7 ms/frame tris 2359 flushes 3 bins 15046 shaded 29.67 Mpx/frame bbox 40.01 Mpx/frame
[d3d11_sw] perf mix% tex=204 bilin=44 over=170 add=0 otherblend=22 atest=1 ztest=0 flat=204 linear=0
[d3d11_sw] perf simd% ok=89 | noavx2=0 notex=0 notflat=0 depth=0 mask=0 blend=11 npot=0 addr=0 other=0
[d3d11_sw] perf split ms/frame: draw 35.6 (raster 15.7 nested) decode 0.0 present 1.0 | outside wrapper 3.2 of 39.8
[d3d11_sw] perf rt #29 1280x720 bb=0 15.88 Mpx/frame (17.2x target) 286 draws/frame
[d3d11_sw] perf rt #28 2560x1440 bb=1 3.69 Mpx/frame (1.0x target) 1 draws/frame
[d3d11_sw] perf rt #1695 640x360 bb=0 0.37 Mpx/frame (1.6x target) 98 draws/frame
[d3d11_sw] perf tex #107 200x200 blend=0605 4.24 Mpx/frame 36 draws/frame
[d3d11_sw] perf tex #651 40x25 blend=0602 0.36 Mpx/frame 2 draws/frame
[d3d11_sw] perf tex #654 40x25 blend=0602 0.36 Mpx/frame 6 draws/frame
[d3d11_sw] perf tex #650 40x25 blend=0602 0.32 Mpx/frame 11 draws/frame
[d3d11_sw] perf tex #647 40x25 blend=0602 0.18 Mpx/frame 8 draws/frame
[d3d11_sw] perf tex #537 200x200 blend=0605 0.14 Mpx/frame 21 draws/frame
[d3d11_sw] perf 26.6 fps (37.6 ms/frame) raster 15.7 ms/frame tris 2004 flushes 3 bins 14351 shaded 29.46 Mpx/frame bbox 39.43 Mpx/frame
[d3d11_sw] perf mix% tex=204 bilin=44 over=170 add=0 otherblend=22 atest=1 ztest=0 flat=204 linear=0
[d3d11_sw] perf simd% ok=89 | noavx2=0 notex=0 notflat=0 depth=0 mask=0 blend=11 npot=0 addr=0 other=0
[d3d11_sw] perf split ms/frame: draw 33.4 (raster 15.7 nested) decode 0.0 present 1.1 | outside wrapper 3.2 of 37.6
[d3d11_sw] perf rt #29 1280x720 bb=0 15.65 Mpx/frame (17.0x target) 258 draws/frame
[d3d11_sw] perf rt #28 2560x1440 bb=1 3.69 Mpx/frame (1.0x target) 1 draws/frame
[d3d11_sw] perf rt #1695 640x360 bb=0 0.32 Mpx/frame (1.4x target) 76 draws/frame
[d3d11_sw] perf tex #107 200x200 blend=0605 4.23 Mpx/frame 32 draws/frame
[d3d11_sw] perf tex #651 40x25 blend=0602 0.36 Mpx/frame 2 draws/frame
[d3d11_sw] perf tex #654 40x25 blend=0602 0.36 Mpx/frame 5 draws/frame
[d3d11_sw] perf tex #650 40x25 blend=0602 0.26 Mpx/frame 9 draws/frame
[d3d11_sw] perf tex #647 40x25 blend=0602 0.18 Mpx/frame 8 draws/frame
[d3d11_sw] perf tex #114 1024x1024 blend=0602 0.11 Mpx/frame 45 draws/frame
[d3d11_sw] perf 28.9 fps (34.6 ms/frame) raster 15.7 ms/frame tris 1265 flushes 3 bins 12737 shaded 27.47 Mpx/frame bbox 37.82 Mpx/frame
[d3d11_sw] perf mix% tex=211 bilin=46 over=175 add=0 otherblend=23 atest=1 ztest=0 flat=211 linear=0
[d3d11_sw] perf simd% ok=88 | noavx2=0 notex=0 notflat=0 depth=0 mask=0 blend=12 npot=0 addr=0 other=0
[d3d11_sw] perf split ms/frame: draw 30.3 (raster 15.7 nested) decode 0.0 present 1.0 | outside wrapper 3.3 of 34.6
[d3d11_sw] perf rt #29 1280x720 bb=0 14.89 Mpx/frame (16.2x target) 242 draws/frame
[d3d11_sw] perf rt #28 2560x1440 bb=1 3.69 Mpx/frame (1.0x target) 1 draws/frame
[d3d11_sw] perf rt #1695 640x360 bb=0 0.29 Mpx/frame (1.2x target) 59 draws/frame
[d3d11_sw] perf tex #107 200x200 blend=0605 3.94 Mpx/frame 33 draws/frame
[d3d11_sw] perf tex #651 40x25 blend=0602 0.36 Mpx/frame 2 draws/frame
[d3d11_sw] perf tex #654 40x25 blend=0602 0.36 Mpx/frame 4 draws/frame
[d3d11_sw] perf tex #650 40x25 blend=0602 0.18 Mpx/frame 8 draws/frame
[d3d11_sw] perf tex #647 40x25 blend=0602 0.18 Mpx/frame 8 draws/frame
[d3d11_sw] perf tex #556 2048x2048 blend=0605 0.11 Mpx/frame 4 draws/frame
[d3d11_sw] perf 31.4 fps (31.8 ms/frame) raster 14.1 ms/frame tris 1349 flushes 3 bins 12552 shaded 24.80 Mpx/frame bbox 36.82 Mpx/frame
[d3d11_sw] perf mix% tex=225 bilin=53 over=186 add=0 otherblend=24 atest=1 ztest=0 flat=225 linear=0
[d3d11_sw] perf simd% ok=89 | noavx2=0 notex=0 notflat=0 depth=0 mask=0 blend=11 npot=0 addr=0 other=0
[d3d11_sw] perf split ms/frame: draw 27.7 (raster 14.1 nested) decode 0.0 present 1.0 | outside wrapper 3.1 of 31.8
[d3d11_sw] perf rt #29 1280x720 bb=0 14.39 Mpx/frame (15.6x target) 227 draws/frame
[d3d11_sw] perf rt #28 2560x1440 bb=1 3.69 Mpx/frame (1.0x target) 1 draws/frame
[d3d11_sw] perf rt #1695 640x360 bb=0 0.29 Mpx/frame (1.2x target) 60 draws/frame
[d3d11_sw] perf tex #107 200x200 blend=0605 3.29 Mpx/frame 30 draws/frame
[d3d11_sw] perf tex #651 40x25 blend=0602 0.36 Mpx/frame 2 draws/frame
[d3d11_sw] perf tex #654 40x25 blend=0602 0.36 Mpx/frame 4 draws/frame
[d3d11_sw] perf tex #556 2048x2048 blend=0605 0.33 Mpx/frame 4 draws/frame
[d3d11_sw] perf tex #647 40x25 blend=0602 0.18 Mpx/frame 8 draws/frame
[d3d11_sw] perf tex #650 40x25 blend=0602 0.18 Mpx/frame 8 draws/frame
[d3d11_sw] perf 31.8 fps (31.5 ms/frame) raster 13.3 ms/frame tris 1273 flushes 3 bins 12087 shaded 22.79 Mpx/frame bbox 35.37 Mpx/frame
[d3d11_sw] perf mix% tex=236 bilin=55 over=196 add=0 otherblend=24 atest=1 ztest=0 flat=236 linear=0
[d3d11_sw] perf simd% ok=88 | noavx2=0 notex=0 notflat=0 depth=0 mask=0 blend=12 npot=0 addr=0 other=0
[d3d11_sw] perf split ms/frame: draw 27.6 (raster 13.3 nested) decode 0.0 present 0.9 | outside wrapper 3.0 of 31.5
[d3d11_sw] perf rt #29 1280x720 bb=0 13.67 Mpx/frame (14.8x target) 252 draws/frame
[d3d11_sw] perf rt #28 2560x1440 bb=1 3.69 Mpx/frame (1.0x target) 1 draws/frame
[d3d11_sw] perf rt #1695 640x360 bb=0 0.29 Mpx/frame (1.2x target) 59 draws/frame
[d3d11_sw] perf tex #107 200x200 blend=0605 2.86 Mpx/frame 32 draws/frame
[d3d11_sw] perf tex #651 40x25 blend=0602 0.34 Mpx/frame 2 draws/frame
[d3d11_sw] perf tex #654 40x25 blend=0602 0.34 Mpx/frame 7 draws/frame
[d3d11_sw] perf tex #650 40x25 blend=0602 0.17 Mpx/frame 8 draws/frame
[d3d11_sw] perf tex #647 40x25 blend=0602 0.17 Mpx/frame 8 draws/frame
[d3d11_sw] perf tex #537 200x200 blend=0605 0.09 Mpx/frame 16 draws/frame
[d3d11_sw] perf 30.7 fps (32.5 ms/frame) raster 14.0 ms/frame tris 1290 flushes 3 bins 12366 shaded 23.02 Mpx/frame bbox 35.96 Mpx/frame
[d3d11_sw] perf mix% tex=235 bilin=55 over=195 add=0 otherblend=23 atest=1 ztest=0 flat=235 linear=0
[d3d11_sw] perf simd% ok=88 | noavx2=0 notex=0 notflat=0 depth=0 mask=0 blend=12 npot=0 addr=0 other=0
[d3d11_sw] perf split ms/frame: draw 28.4 (raster 14.0 nested) decode 0.0 present 1.0 | outside wrapper 3.1 of 32.5
[d3d11_sw] perf rt #29 1280x720 bb=0 13.96 Mpx/frame (15.1x target) 252 draws/frame
[d3d11_sw] perf rt #28 2560x1440 bb=1 3.69 Mpx/frame (1.0x target) 1 draws/frame
[d3d11_sw] perf rt #1695 640x360 bb=0 0.29 Mpx/frame (1.2x target) 59 draws/frame
[d3d11_sw] perf tex #107 200x200 blend=0605 2.85 Mpx/frame 31 draws/frame
[d3d11_sw] perf tex #654 40x25 blend=0602 0.36 Mpx/frame 6 draws/frame
[d3d11_sw] perf tex #651 40x25 blend=0602 0.36 Mpx/frame 2 draws/frame
[d3d11_sw] perf tex #647 40x25 blend=0602 0.18 Mpx/frame 8 draws/frame
[d3d11_sw] perf tex #650 40x25 blend=0602 0.18 Mpx/frame 8 draws/frame
[d3d11_sw] perf tex #537 200x200 blend=0605 0.09 Mpx/frame 16 draws/frame
[d3d11_sw] perf 29.0 fps (34.5 ms/frame) raster 15.1 ms/frame tris 1412 flushes 3 bins 12678 shaded 23.12 Mpx/frame bbox 36.18 Mpx/frame
[d3d11_sw] perf mix% tex=234 bilin=55 over=194 add=0 otherblend=24 atest=1 ztest=0 flat=234 linear=0
[d3d11_sw] perf simd% ok=87 | noavx2=0 notex=0 notflat=0 depth=0 mask=0 blend=13 npot=0 addr=0 other=0
[d3d11_sw] perf split ms/frame: draw 30.2 (raster 15.1 nested) decode 0.0 present 1.1 | outside wrapper 3.2 of 34.5
[d3d11_sw] perf rt #29 1280x720 bb=0 14.06 Mpx/frame (15.3x target) 254 draws/frame
[d3d11_sw] perf rt #28 2560x1440 bb=1 3.69 Mpx/frame (1.0x target) 1 draws/frame
[d3d11_sw] perf rt #1695 640x360 bb=0 0.29 Mpx/frame (1.2x target) 60 draws/frame
[d3d11_sw] perf tex #107 200x200 blend=0605 2.85 Mpx/frame 30 draws/frame
[d3d11_sw] perf tex #651 40x25 blend=0602 0.36 Mpx/frame 2 draws/frame
[d3d11_sw] perf tex #654 40x25 blend=0602 0.36 Mpx/frame 7 draws/frame
[d3d11_sw] perf tex #647 40x25 blend=0602 0.18 Mpx/frame 8 draws/frame
[d3d11_sw] perf tex #650 40x25 blend=0602 0.18 Mpx/frame 8 draws/frame
[d3d11_sw] perf tex #537 200x200 blend=0605 0.09 Mpx/frame 16 draws/frame
[d3d11_sw] perf 30.3 fps (33.0 ms/frame) raster 14.3 ms/frame tris 1331 flushes 3 bins 12297 shaded 22.85 Mpx/frame bbox 35.60 Mpx/frame
[d3d11_sw] perf mix% tex=236 bilin=55 over=196 add=0 otherblend=23 atest=1 ztest=0 flat=236 linear=0
[d3d11_sw] perf simd% ok=88 | noavx2=0 notex=0 notflat=0 depth=0 mask=0 blend=12 npot=0 addr=0 other=0
[d3d11_sw] perf split ms/frame: draw 28.8 (raster 14.3 nested) decode 0.0 present 1.0 | outside wrapper 3.2 of 33.0
[d3d11_sw] perf rt #29 1280x720 bb=0 13.78 Mpx/frame (15.0x target) 245 draws/frame
[d3d11_sw] perf rt #28 2560x1440 bb=1 3.69 Mpx/frame (1.0x target) 1 draws/frame
[d3d11_sw] perf rt #1695 640x360 bb=0 0.29 Mpx/frame (1.2x target) 59 draws/frame
[d3d11_sw] perf tex #107 200x200 blend=0605 2.85 Mpx/frame 30 draws/frame
[d3d11_sw] perf tex #654 40x25 blend=0602 0.36 Mpx/frame 6 draws/frame
[d3d11_sw] perf tex #651 40x25 blend=0602 0.36 Mpx/frame 2 draws/frame
[d3d11_sw] perf tex #650 40x25 blend=0602 0.18 Mpx/frame 8 draws/frame
[d3d11_sw] perf tex #647 40x25 blend=0602 0.18 Mpx/frame 8 draws/frame
[d3d11_sw] perf tex #537 200x200 blend=0605 0.09 Mpx/frame 16 draws/frame
[d3d11_sw] perf 31.1 fps (32.1 ms/frame) raster 14.0 ms/frame tris 1237 flushes 3 bins 12346 shaded 23.03 Mpx/frame bbox 35.99 Mpx/frame
[d3d11_sw] perf mix% tex=234 bilin=55 over=195 add=0 otherblend=23 atest=1 ztest=0 flat=234 linear=0
[d3d11_sw] perf simd% ok=88 | noavx2=0 notex=0 notflat=0 depth=0 mask=0 blend=12 npot=0 addr=0 other=0
[d3d11_sw] perf split ms/frame: draw 28.0 (raster 14.0 nested) decode 0.0 present 1.0 | outside wrapper 3.1 of 32.1
[d3d11_sw] perf rt #29 1280x720 bb=0 13.97 Mpx/frame (15.2x target) 247 draws/frame
[d3d11_sw] perf rt #28 2560x1440 bb=1 3.69 Mpx/frame (1.0x target) 1 draws/frame
[d3d11_sw] perf rt #1695 640x360 bb=0 0.29 Mpx/frame (1.2x target) 59 draws/frame
[d3d11_sw] perf tex #107 200x200 blend=0605 2.84 Mpx/frame 29 draws/frame
[d3d11_sw] perf tex #651 40x25 blend=0602 0.36 Mpx/frame 2 draws/frame
[d3d11_sw] perf tex #654 40x25 blend=0602 0.36 Mpx/frame 9 draws/frame
[d3d11_sw] perf tex #647 40x25 blend=0602 0.18 Mpx/frame 8 draws/frame
[d3d11_sw] perf tex #650 40x25 blend=0602 0.18 Mpx/frame 8 draws/frame
[d3d11_sw] perf tex #537 200x200 blend=0605 0.09 Mpx/frame 16 draws/frame
[d3d11_sw] perf 31.1 fps (32.2 ms/frame) raster 13.9 ms/frame tris 1339 flushes 3 bins 12465 shaded 22.92 Mpx/frame bbox 35.78 Mpx/frame
[d3d11_sw] perf mix% tex=235 bilin=55 over=196 add=0 otherblend=23 atest=1 ztest=0 flat=235 linear=0
[d3d11_sw] perf simd% ok=88 | noavx2=0 notex=0 notflat=0 depth=0 mask=0 blend=12 npot=0 addr=0 other=0
[d3d11_sw] perf split ms/frame: draw 28.1 (raster 13.9 nested) decode 0.0 present 1.0 | outside wrapper 3.1 of 32.2
[d3d11_sw] perf rt #29 1280x720 bb=0 13.87 Mpx/frame (15.0x target) 245 draws/frame
[d3d11_sw] perf rt #28 2560x1440 bb=1 3.69 Mpx/frame (1.0x target) 1 draws/frame
[d3d11_sw] perf rt #1695 640x360 bb=0 0.29 Mpx/frame (1.2x target) 59 draws/frame
[d3d11_sw] perf tex #107 200x200 blend=0605 2.84 Mpx/frame 29 draws/frame
[d3d11_sw] perf tex #654 40x25 blend=0602 0.36 Mpx/frame 9 draws/frame
[d3d11_sw] perf tex #651 40x25 blend=0602 0.36 Mpx/frame 2 draws/frame
[d3d11_sw] perf tex #650 40x25 blend=0602 0.18 Mpx/frame 8 draws/frame
[d3d11_sw] perf tex #647 40x25 blend=0602 0.18 Mpx/frame 8 draws/frame
[d3d11_sw] perf tex #537 200x200 blend=0605 0.09 Mpx/frame 16 draws/frame
[d3d11_sw] perf 30.0 fps (33.4 ms/frame) raster 14.7 ms/frame tris 1326 flushes 3 bins 12410 shaded 22.93 Mpx/frame bbox 35.79 Mpx/frame
[d3d11_sw] perf mix% tex=235 bilin=55 over=195 add=0 otherblend=24 atest=1 ztest=0 flat=235 linear=0
[d3d11_sw] perf simd% ok=87 | noavx2=0 notex=0 notflat=0 depth=0 mask=0 blend=13 npot=0 addr=0 other=0
[d3d11_sw] perf split ms/frame: draw 29.2 (raster 14.7 nested) decode 0.0 present 1.0 | outside wrapper 3.2 of 33.4
[d3d11_sw] perf rt #29 1280x720 bb=0 13.87 Mpx/frame (15.1x target) 239 draws/frame
[d3d11_sw] perf rt #28 2560x1440 bb=1 3.69 Mpx/frame (1.0x target) 1 draws/frame
[d3d11_sw] perf rt #1695 640x360 bb=0 0.29 Mpx/frame (1.2x target) 59 draws/frame
[d3d11_sw] perf tex #107 200x200 blend=0605 2.83 Mpx/frame 28 draws/frame
[d3d11_sw] perf tex #651 40x25 blend=0602 0.36 Mpx/frame 2 draws/frame
[d3d11_sw] perf tex #654 40x25 blend=0602 0.36 Mpx/frame 6 draws/frame
[d3d11_sw] perf tex #650 40x25 blend=0602 0.18 Mpx/frame 8 draws/frame
[d3d11_sw] perf tex #647 40x25 blend=0602 0.18 Mpx/frame 8 draws/frame
[d3d11_sw] perf tex #537 200x200 blend=0605 0.09 Mpx/frame 16 draws/frame
[d3d11_sw] perf 30.4 fps (32.9 ms/frame) raster 14.5 ms/frame tris 1163 flushes 3 bins 12093 shaded 22.96 Mpx/frame bbox 35.81 Mpx/frame
[d3d11_sw] perf mix% tex=235 bilin=55 over=195 add=0 otherblend=23 atest=1 ztest=0 flat=235 linear=0
[d3d11_sw] perf simd% ok=88 | noavx2=0 notex=0 notflat=0 depth=0 mask=0 blend=12 npot=0 addr=0 other=0
[d3d11_sw] perf split ms/frame: draw 28.7 (raster 14.5 nested) decode 0.0 present 1.0 | outside wrapper 3.2 of 32.9
[d3d11_sw] perf rt #29 1280x720 bb=0 13.89 Mpx/frame (15.1x target) 236 draws/frame
[d3d11_sw] perf rt #28 2560x1440 bb=1 3.69 Mpx/frame (1.0x target) 1 draws/frame
[d3d11_sw] perf rt #1695 640x360 bb=0 0.29 Mpx/frame (1.2x target) 59 draws/frame
[d3d11_sw] perf tex #107 200x200 blend=0605 2.83 Mpx/frame 28 draws/frame
[d3d11_sw] perf tex #651 40x25 blend=0602 0.36 Mpx/frame 2 draws/frame
[d3d11_sw] perf tex #654 40x25 blend=0602 0.36 Mpx/frame 6 draws/frame
[d3d11_sw] perf tex #650 40x25 blend=0602 0.18 Mpx/frame 8 draws/frame
[d3d11_sw] perf tex #647 40x25 blend=0602 0.18 Mpx/frame 8 draws/frame
[d3d11_sw] perf tex #537 200x200 blend=0605 0.09 Mpx/frame 16 draws/frame
[d3d11_sw] perf 31.0 fps (32.2 ms/frame) raster 13.7 ms/frame tris 1293 flushes 3 bins 12395 shaded 22.91 Mpx/frame bbox 35.73 Mpx/frame
[d3d11_sw] perf mix% tex=235 bilin=55 over=196 add=0 otherblend=23 atest=1 ztest=0 flat=235 linear=0
[d3d11_sw] perf simd% ok=88 | noavx2=0 notex=0 notflat=0 depth=0 mask=0 blend=12 npot=0 addr=0 other=0
[d3d11_sw] perf split ms/frame: draw 28.1 (raster 13.7 nested) decode 0.0 present 1.0 | outside wrapper 3.1 of 32.2
[d3d11_sw] perf rt #29 1280x720 bb=0 13.85 Mpx/frame (15.0x target) 240 draws/frame
[d3d11_sw] perf rt #28 2560x1440 bb=1 3.69 Mpx/frame (1.0x target) 1 draws/frame
[d3d11_sw] perf rt #1695 640x360 bb=0 0.29 Mpx/frame (1.2x target) 59 draws/frame
[d3d11_sw] perf tex #107 200x200 blend=0605 2.83 Mpx/frame 27 draws/frame
[d3d11_sw] perf tex #651 40x25 blend=0602 0.36 Mpx/frame 2 draws/frame
[d3d11_sw] perf tex #654 40x25 blend=0602 0.36 Mpx/frame 9 draws/frame
[d3d11_sw] perf tex #647 40x25 blend=0602 0.18 Mpx/frame 8 draws/frame
[d3d11_sw] perf tex #650 40x25 blend=0602 0.18 Mpx/frame 8 draws/frame
[d3d11_sw] perf tex #537 200x200 blend=0605 0.09 Mpx/frame 16 draws/frame
[d3d11_sw] perf 30.3 fps (33.0 ms/frame) raster 14.3 ms/frame tris 1414 flushes 3 bins 12651 shaded 23.07 Mpx/frame bbox 36.09 Mpx/frame
[d3d11_sw] perf mix% tex=234 bilin=55 over=195 add=0 otherblend=24 atest=1 ztest=0 flat=234 linear=0
[d3d11_sw] perf simd% ok=87 | noavx2=0 notex=0 notflat=0 depth=0 mask=0 blend=13 npot=0 addr=0 other=0
[d3d11_sw] perf split ms/frame: draw 29.0 (raster 14.3 nested) decode 0.0 present 1.0 | outside wrapper 3.1 of 33.0
[d3d11_sw] perf rt #29 1280x720 bb=0 14.02 Mpx/frame (15.2x target) 232 draws/frame
[d3d11_sw] perf rt #28 2560x1440 bb=1 3.69 Mpx/frame (1.0x target) 1 draws/frame
[d3d11_sw] perf rt #1695 640x360 bb=0 0.29 Mpx/frame (1.2x target) 59 draws/frame
[d3d11_sw] perf tex #107 200x200 blend=0605 2.82 Mpx/frame 26 draws/frame
[d3d11_sw] perf tex #654 40x25 blend=0602 0.36 Mpx/frame 7 draws/frame
[d3d11_sw] perf tex #651 40x25 blend=0602 0.36 Mpx/frame 2 draws/frame
[d3d11_sw] perf tex #650 40x25 blend=0602 0.18 Mpx/frame 8 draws/frame
[d3d11_sw] perf tex #647 40x25 blend=0602 0.18 Mpx/frame 8 draws/frame
[d3d11_sw] perf tex #537 200x200 blend=0605 0.09 Mpx/frame 16 draws/frame
[d3d11_sw] perf 31.6 fps (31.6 ms/frame) raster 13.8 ms/frame tris 1180 flushes 3 bins 11956 shaded 22.77 Mpx/frame bbox 35.44 Mpx/frame
[d3d11_sw] perf mix% tex=236 bilin=55 over=196 add=0 otherblend=23 atest=1 ztest=0 flat=236 linear=0
[d3d11_sw] perf simd% ok=88 | noavx2=0 notex=0 notflat=0 depth=0 mask=0 blend=12 npot=0 addr=0 other=0
[d3d11_sw] perf split ms/frame: draw 27.7 (raster 13.8 nested) decode 0.0 present 1.0 | outside wrapper 3.0 of 31.6
[d3d11_sw] perf rt #29 1280x720 bb=0 13.70 Mpx/frame (14.9x target) 225 draws/frame
[d3d11_sw] perf rt #28 2560x1440 bb=1 3.69 Mpx/frame (1.0x target) 1 draws/frame
[d3d11_sw] perf rt #1695 640x360 bb=0 0.29 Mpx/frame (1.2x target) 59 draws/frame
[d3d11_sw] perf tex #107 200x200 blend=0605 2.82 Mpx/frame 26 draws/frame
[d3d11_sw] perf tex #651 40x25 blend=0602 0.36 Mpx/frame 2 draws/frame
[d3d11_sw] perf tex #654 40x25 blend=0602 0.36 Mpx/frame 5 draws/frame
[d3d11_sw] perf tex #650 40x25 blend=0602 0.18 Mpx/frame 8 draws/frame
[d3d11_sw] perf tex #647 40x25 blend=0602 0.18 Mpx/frame 8 draws/frame
[d3d11_sw] perf tex #537 200x200 blend=0605 0.09 Mpx/frame 16 draws/frame
[d3d11_sw] perf 30.4 fps (32.9 ms/frame) raster 14.5 ms/frame tris 1197 flushes 3 bins 12125 shaded 22.84 Mpx/frame bbox 35.60 Mpx/frame
[d3d11_sw] perf mix% tex=236 bilin=55 over=196 add=0 otherblend=23 atest=1 ztest=0 flat=236 linear=0
[d3d11_sw] perf simd% ok=88 | noavx2=0 notex=0 notflat=0 depth=0 mask=0 blend=12 npot=0 addr=0 other=0
[d3d11_sw] perf split ms/frame: draw 28.7 (raster 14.5 nested) decode 0.0 present 1.0 | outside wrapper 3.2 of 32.9
[d3d11_sw] perf rt #29 1280x720 bb=0 13.79 Mpx/frame (15.0x target) 223 draws/frame
[d3d11_sw] perf rt #28 2560x1440 bb=1 3.69 Mpx/frame (1.0x target) 1 draws/frame
[d3d11_sw] perf rt #1695 640x360 bb=0 0.29 Mpx/frame (1.2x target) 59 draws/frame
[d3d11_sw] perf tex #107 200x200 blend=0605 2.81 Mpx/frame 25 draws/frame
[d3d11_sw] perf tex #651 40x25 blend=0602 0.36 Mpx/frame 2 draws/frame
[d3d11_sw] perf tex #654 40x25 blend=0602 0.36 Mpx/frame 7 draws/frame
[d3d11_sw] perf tex #647 40x25 blend=0602 0.18 Mpx/frame 8 draws/frame
[d3d11_sw] perf tex #650 40x25 blend=0602 0.18 Mpx/frame 8 draws/frame
[d3d11_sw] perf tex #537 200x200 blend=0605 0.09 Mpx/frame 16 draws/frame
[d3d11_sw] perf 30.7 fps (32.6 ms/frame) raster 14.4 ms/frame tris 1309 flushes 3 bins 12193 shaded 22.75 Mpx/frame bbox 35.45 Mpx/frame
[d3d11_sw] perf mix% tex=236 bilin=55 over=197 add=0 otherblend=23 atest=1 ztest=0 flat=236 linear=0
[d3d11_sw] perf simd% ok=88 | noavx2=0 notex=0 notflat=0 depth=0 mask=0 blend=12 npot=0 addr=0 other=0
[d3d11_sw] perf split ms/frame: draw 28.4 (raster 14.4 nested) decode 0.0 present 1.0 | outside wrapper 3.2 of 32.6
[d3d11_sw] perf rt #29 1280x720 bb=0 13.70 Mpx/frame (14.9x target) 210 draws/frame
[d3d11_sw] perf rt #28 2560x1440 bb=1 3.69 Mpx/frame (1.0x target) 1 draws/frame
[d3d11_sw] perf rt #1695 640x360 bb=0 0.29 Mpx/frame (1.2x target) 60 draws/frame
[d3d11_sw] perf tex #107 200x200 blend=0605 2.81 Mpx/frame 24 draws/frame
[d3d11_sw] perf tex #654 40x25 blend=0602 0.36 Mpx/frame 6 draws/frame
[d3d11_sw] perf tex #651 40x25 blend=0602 0.36 Mpx/frame 2 draws/frame
[d3d11_sw] perf tex #650 40x25 blend=0602 0.18 Mpx/frame 8 draws/frame
[d3d11_sw] perf tex #647 40x25 blend=0602 0.18 Mpx/frame 8 draws/frame
[d3d11_sw] perf tex #537 200x200 blend=0605 0.09 Mpx/frame 16 draws/frame
[d3d11_sw] perf 32.2 fps (31.0 ms/frame) raster 13.9 ms/frame tris 1006 flushes 3 bins 11683 shaded 22.80 Mpx/frame bbox 35.47 Mpx/frame
[d3d11_sw] perf mix% tex=236 bilin=55 over=196 add=0 otherblend=24 atest=1 ztest=0 flat=236 linear=0
[d3d11_sw] perf simd% ok=87 | noavx2=0 notex=0 notflat=0 depth=0 mask=0 blend=13 npot=0 addr=0 other=0
[d3d11_sw] perf split ms/frame: draw 27.0 (raster 13.9 nested) decode 0.0 present 1.0 | outside wrapper 3.0 of 31.0
[d3d11_sw] perf rt #29 1280x720 bb=0 13.72 Mpx/frame (14.9x target) 205 draws/frame
[d3d11_sw] perf rt #28 2560x1440 bb=1 3.69 Mpx/frame (1.0x target) 1 draws/frame
[d3d11_sw] perf rt #1695 640x360 bb=0 0.29 Mpx/frame (1.2x target) 59 draws/frame
[d3d11_sw] perf tex #107 200x200 blend=0605 2.81 Mpx/frame 24 draws/frame
[d3d11_sw] perf tex #651 40x25 blend=0602 0.36 Mpx/frame 2 draws/frame
[d3d11_sw] perf tex #654 40x25 blend=0602 0.36 Mpx/frame 5 draws/frame
[d3d11_sw] perf tex #647 40x25 blend=0602 0.18 Mpx/frame 8 draws/frame
[d3d11_sw] perf tex #650 40x25 blend=0602 0.18 Mpx/frame 8 draws/frame
[d3d11_sw] perf tex #537 200x200 blend=0605 0.09 Mpx/frame 17 draws/frame
[d3d11_sw] perf 31.8 fps (31.4 ms/frame) raster 13.9 ms/frame tris 1425 flushes 3 bins 12293 shaded 22.71 Mpx/frame bbox 35.29 Mpx/frame
[d3d11_sw] perf mix% tex=236 bilin=55 over=196 add=0 otherblend=24 atest=1 ztest=0 flat=236 linear=0
[d3d11_sw] perf simd% ok=87 | noavx2=0 notex=0 notflat=0 depth=0 mask=0 blend=13 npot=0 addr=0 other=0
[d3d11_sw] perf split ms/frame: draw 27.4 (raster 13.9 nested) decode 0.0 present 1.0 | outside wrapper 3.0 of 31.4
[d3d11_sw] perf rt #29 1280x720 bb=0 13.63 Mpx/frame (14.8x target) 217 draws/frame
[d3d11_sw] perf rt #28 2560x1440 bb=1 3.69 Mpx/frame (1.0x target) 1 draws/frame
[d3d11_sw] perf rt #1695 640x360 bb=0 0.29 Mpx/frame (1.2x target) 59 draws/frame
[d3d11_sw] perf tex #107 200x200 blend=0605 2.81 Mpx/frame 25 draws/frame
[d3d11_sw] perf tex #651 40x25 blend=0602 0.36 Mpx/frame 2 draws/frame
[d3d11_sw] perf tex #654 40x25 blend=0602 0.36 Mpx/frame 4 draws/frame
[d3d11_sw] perf tex #650 40x25 blend=0602 0.18 Mpx/frame 8 draws/frame
[d3d11_sw] perf tex #647 40x25 blend=0602 0.18 Mpx/frame 8 draws/frame
[d3d11_sw] perf tex #537 200x200 blend=0605 0.09 Mpx/frame 17 draws/frame
[d3d11_sw] perf 30.0 fps (33.3 ms/frame) raster 14.5 ms/frame tris 1396 flushes 3 bins 12413 shaded 23.97 Mpx/frame bbox 35.95 Mpx/frame
[d3d11_sw] perf mix% tex=229 bilin=53 over=191 add=0 otherblend=22 atest=1 ztest=0 flat=229 linear=0
[d3d11_sw] perf simd% ok=88 | noavx2=0 notex=0 notflat=0 depth=0 mask=0 blend=12 npot=0 addr=0 other=0
[d3d11_sw] perf split ms/frame: draw 29.2 (raster 14.5 nested) decode 0.0 present 1.0 | outside wrapper 3.1 of 33.3
[d3d11_sw] perf rt #29 1280x720 bb=0 13.95 Mpx/frame (15.1x target) 233 draws/frame
[d3d11_sw] perf rt #28 2560x1440 bb=1 3.69 Mpx/frame (1.0x target) 1 draws/frame
[d3d11_sw] perf rt #1695 640x360 bb=0 0.29 Mpx/frame (1.3x target) 62 draws/frame
[d3d11_sw] perf tex #107 200x200 blend=0605 3.19 Mpx/frame 31 draws/frame
[d3d11_sw] perf tex #651 40x25 blend=0602 0.36 Mpx/frame 2 draws/frame
[d3d11_sw] perf tex #654 40x25 blend=0602 0.36 Mpx/frame 4 draws/frame
[d3d11_sw] perf tex #650 40x25 blend=0602 0.19 Mpx/frame 8 draws/frame
[d3d11_sw] perf tex #647 40x25 blend=0602 0.18 Mpx/frame 8 draws/frame
[d3d11_sw] perf tex #537 200x200 blend=0605 0.10 Mpx/frame 17 draws/frame
[d3d11_sw] perf 24.1 fps (41.5 ms/frame) raster 16.9 ms/frame tris 2452 flushes 3 bins 15119 shaded 29.69 Mpx/frame bbox 39.92 Mpx/frame
[d3d11_sw] perf mix% tex=203 bilin=44 over=173 add=0 otherblend=18 atest=1 ztest=0 flat=203 linear=0
[d3d11_sw] perf simd% ok=89 | noavx2=0 notex=0 notflat=0 depth=0 mask=0 blend=11 npot=0 addr=0 other=0
[d3d11_sw] perf split ms/frame: draw 37.0 (raster 16.9 nested) decode 0.0 present 1.0 | outside wrapper 3.5 of 41.5
[d3d11_sw] perf rt #29 1280x720 bb=0 15.85 Mpx/frame (17.2x target) 282 draws/frame
[d3d11_sw] perf rt #28 2560x1440 bb=1 3.69 Mpx/frame (1.0x target) 1 draws/frame
[d3d11_sw] perf rt #1695 640x360 bb=0 0.36 Mpx/frame (1.6x target) 93 draws/frame
[d3d11_sw] perf tex #107 200x200 blend=0605 4.25 Mpx/frame 36 draws/frame
[d3d11_sw] perf tex #651 40x25 blend=0602 0.36 Mpx/frame 2 draws/frame
[d3d11_sw] perf tex #654 40x25 blend=0602 0.36 Mpx/frame 5 draws/frame
[d3d11_sw] perf tex #650 40x25 blend=0602 0.31 Mpx/frame 10 draws/frame
[d3d11_sw] perf tex #647 40x25 blend=0602 0.18 Mpx/frame 8 draws/frame
[d3d11_sw] perf tex #537 200x200 blend=0605 0.15 Mpx/frame 20 draws/frame
[d3d11_sw] perf 29.8 fps (33.6 ms/frame) raster 14.9 ms/frame tris 1558 flushes 3 bins 13488 shaded 29.08 Mpx/frame bbox 38.65 Mpx/frame
[d3d11_sw] perf mix% tex=205 bilin=43 over=174 add=0 otherblend=19 atest=1 ztest=0 flat=205 linear=0
[d3d11_sw] perf simd% ok=88 | noavx2=0 notex=0 notflat=0 depth=0 mask=0 blend=12 npot=0 addr=0 other=0
[d3d11_sw] perf split ms/frame: draw 29.5 (raster 14.9 nested) decode 0.0 present 1.0 | outside wrapper 3.1 of 33.6
[d3d11_sw] perf rt #29 1280x720 bb=0 15.30 Mpx/frame (16.6x target) 237 draws/frame
[d3d11_sw] perf rt #28 2560x1440 bb=1 3.69 Mpx/frame (1.0x target) 1 draws/frame
[d3d11_sw] perf rt #1695 640x360 bb=0 0.29 Mpx/frame (1.2x target) 59 draws/frame
[d3d11_sw] perf tex #107 200x200 blend=0605 4.24 Mpx/frame 32 draws/frame
[d3d11_sw] perf tex #651 40x25 blend=0602 0.36 Mpx/frame 2 draws/frame
[d3d11_sw] perf tex #654 40x25 blend=0602 0.36 Mpx/frame 4 draws/frame
[d3d11_sw] perf tex #650 40x25 blend=0602 0.18 Mpx/frame 8 draws/frame
[d3d11_sw] perf tex #647 40x25 blend=0602 0.18 Mpx/frame 8 draws/frame
[d3d11_sw] perf tex #114 1024x1024 blend=0602 0.15 Mpx/frame 46 draws/frame
[d3d11_sw] perf 27.5 fps (36.4 ms/frame) raster 15.8 ms/frame tris 1595 flushes 3 bins 13827 shaded 29.38 Mpx/frame bbox 39.31 Mpx/frame
[d3d11_sw] perf mix% tex=204 bilin=44 over=173 add=0 otherblend=18 atest=1 ztest=0 flat=204 linear=0
[d3d11_sw] perf simd% ok=88 | noavx2=0 notex=0 notflat=0 depth=0 mask=0 blend=12 npot=0 addr=0 other=0
[d3d11_sw] perf split ms/frame: draw 32.3 (raster 15.8 nested) decode 0.0 present 1.0 | outside wrapper 3.1 of 36.4
[d3d11_sw] perf rt #29 1280x720 bb=0 15.63 Mpx/frame (17.0x target) 263 draws/frame
[d3d11_sw] perf rt #28 2560x1440 bb=1 3.69 Mpx/frame (1.0x target) 1 draws/frame
[d3d11_sw] perf rt #1695 640x360 bb=0 0.29 Mpx/frame (1.2x target) 59 draws/frame
[d3d11_sw] perf tex #107 200x200 blend=0605 4.25 Mpx/frame 34 draws/frame
[d3d11_sw] perf tex #651 40x25 blend=0602 0.36 Mpx/frame 2 draws/frame
[d3d11_sw] perf tex #654 40x25 blend=0602 0.36 Mpx/frame 4 draws/frame
[d3d11_sw] perf tex #650 40x25 blend=0602 0.30 Mpx/frame 10 draws/frame
[d3d11_sw] perf tex #647 40x25 blend=0602 0.18 Mpx/frame 8 draws/frame
[d3d11_sw] perf tex #114 1024x1024 blend=0602 0.15 Mpx/frame 49 draws/frame
[d3d11_sw] perf 27.2 fps (36.8 ms/frame) raster 15.3 ms/frame tris 1720 flushes 3 bins 14141 shaded 29.53 Mpx/frame bbox 39.57 Mpx/frame
[d3d11_sw] perf mix% tex=204 bilin=44 over=173 add=0 otherblend=18 atest=1 ztest=0 flat=204 linear=0
[d3d11_sw] perf simd% ok=88 | noavx2=0 notex=0 notflat=0 depth=0 mask=0 blend=12 npot=0 addr=0 other=0
[d3d11_sw] perf split ms/frame: draw 32.8 (raster 15.3 nested) decode 0.0 present 1.0 | outside wrapper 3.0 of 36.8
[d3d11_sw] perf rt #29 1280x720 bb=0 15.76 Mpx/frame (17.1x target) 269 draws/frame
[d3d11_sw] perf rt #28 2560x1440 bb=1 3.69 Mpx/frame (1.0x target) 1 draws/frame
[d3d11_sw] perf rt #1695 640x360 bb=0 0.29 Mpx/frame (1.2x target) 59 draws/frame
[d3d11_sw] perf tex #107 200x200 blend=0605 4.25 Mpx/frame 34 draws/frame
[d3d11_sw] perf tex #651 40x25 blend=0602 0.36 Mpx/frame 2 draws/frame
[d3d11_sw] perf tex #654 40x25 blend=0602 0.36 Mpx/frame 4 draws/frame
[d3d11_sw] perf tex #650 40x25 blend=0602 0.34 Mpx/frame 11 draws/frame
[d3d11_sw] perf tex #647 40x25 blend=0602 0.18 Mpx/frame 8 draws/frame
[d3d11_sw] perf tex #114 1024x1024 blend=0602 0.15 Mpx/frame 49 draws/frame
[d3d11_sw] perf 30.3 fps (33.0 ms/frame) raster 14.7 ms/frame tris 1155 flushes 3 bins 12067 shaded 24.57 Mpx/frame bbox 36.35 Mpx/frame
[d3d11_sw] perf mix% tex=225 bilin=51 over=188 add=0 otherblend=22 atest=1 ztest=0 flat=225 linear=0
[d3d11_sw] perf simd% ok=88 | noavx2=0 notex=0 notflat=0 depth=0 mask=0 blend=12 npot=0 addr=0 other=0
[d3d11_sw] perf split ms/frame: draw 28.7 (raster 14.7 nested) decode 0.0 present 1.0 | outside wrapper 3.2 of 33.0
[d3d11_sw] perf rt #29 1280x720 bb=0 14.16 Mpx/frame (15.4x target) 241 draws/frame
[d3d11_sw] perf rt #28 2560x1440 bb=1 3.69 Mpx/frame (1.0x target) 1 draws/frame
[d3d11_sw] perf rt #1695 640x360 bb=0 0.29 Mpx/frame (1.2x target) 59 draws/frame
[d3d11_sw] perf tex #107 200x200 blend=0605 3.28 Mpx/frame 32 draws/frame
[d3d11_sw] perf tex #651 40x25 blend=0602 0.36 Mpx/frame 2 draws/frame
[d3d11_sw] perf tex #654 40x25 blend=0602 0.36 Mpx/frame 4 draws/frame
[d3d11_sw] perf tex #650 40x25 blend=0602 0.18 Mpx/frame 8 draws/frame
[d3d11_sw] perf tex #647 40x25 blend=0602 0.18 Mpx/frame 8 draws/frame
[d3d11_sw] perf tex #556 2048x2048 blend=0605 0.11 Mpx/frame 4 draws/frame
[d3d11_sw] savestate saved slot 0, 3434.7 MB in 1520.0 ms
[d3d11_sw] perf 7.0 fps (143.6 ms/frame) raster 14.9 ms/frame tris 1132 flushes 3 bins 11782 shaded 22.95 Mpx/frame bbox 35.48 Mpx/frame
[d3d11_sw] perf mix% tex=233 bilin=55 over=194 add=0 otherblend=23 atest=1 ztest=0 flat=233 linear=0
[d3d11_sw] perf simd% ok=88 | noavx2=0 notex=0 notflat=0 depth=0 mask=0 blend=12 npot=0 addr=0 other=0
[d3d11_sw] perf split ms/frame: draw 30.5 (raster 14.9 nested) decode 0.0 present 1.0 | outside wrapper 112.1 of 143.6
[d3d11_sw] perf rt #29 1280x720 bb=0 13.73 Mpx/frame (14.9x target) 239 draws/frame
[d3d11_sw] perf rt #28 2560x1440 bb=1 3.69 Mpx/frame (1.0x target) 1 draws/frame
[d3d11_sw] perf rt #1695 640x360 bb=0 0.29 Mpx/frame (1.2x target) 59 draws/frame
[d3d11_sw] perf tex #107 200x200 blend=0605 2.86 Mpx/frame 32 draws/frame
[d3d11_sw] perf tex #651 40x25 blend=0602 0.36 Mpx/frame 2 draws/frame
[d3d11_sw] perf tex #654 40x25 blend=0602 0.36 Mpx/frame 4 draws/frame
[d3d11_sw] perf tex #650 40x25 blend=0602 0.18 Mpx/frame 8 draws/frame
[d3d11_sw] perf tex #647 40x25 blend=0602 0.18 Mpx/frame 8 draws/frame
[d3d11_sw] perf tex #556 2048x2048 blend=0605 0.11 Mpx/frame 4 draws/frame
[d3d11_sw] perf 29.9 fps (33.4 ms/frame) raster 15.3 ms/frame tris 1207 flushes 3 bins 12306 shaded 24.70 Mpx/frame bbox 36.81 Mpx/frame
[d3d11_sw] perf mix% tex=226 bilin=53 over=189 add=0 otherblend=21 atest=1 ztest=0 flat=226 linear=0
[d3d11_sw] perf simd% ok=89 | noavx2=0 notex=0 notflat=0 depth=0 mask=0 blend=11 npot=0 addr=0 other=0
[d3d11_sw] perf split ms/frame: draw 29.1 (raster 15.3 nested) decode 0.0 present 1.0 | outside wrapper 3.4 of 33.4
[d3d11_sw] perf rt #29 1280x720 bb=0 14.39 Mpx/frame (15.6x target) 236 draws/frame
[d3d11_sw] perf rt #28 2560x1440 bb=1 3.69 Mpx/frame (1.0x target) 1 draws/frame
[d3d11_sw] perf rt #1695 640x360 bb=0 0.29 Mpx/frame (1.2x target) 60 draws/frame
[d3d11_sw] perf tex #107 200x200 blend=0605 3.28 Mpx/frame 31 draws/frame
[d3d11_sw] perf tex #651 40x25 blend=0602 0.36 Mpx/frame 2 draws/frame
[d3d11_sw] perf tex #654 40x25 blend=0602 0.36 Mpx/frame 4 draws/frame
[d3d11_sw] perf tex #556 2048x2048 blend=0605 0.35 Mpx/frame 4 draws/frame
[d3d11_sw] perf tex #647 40x25 blend=0602 0.18 Mpx/frame 8 draws/frame
[d3d11_sw] perf tex #650 40x25 blend=0602 0.18 Mpx/frame 8 draws/frame
[d3d11_sw] perf 31.4 fps (31.8 ms/frame) raster 13.5 ms/frame tris 1457 flushes 3 bins 12366 shaded 22.88 Mpx/frame bbox 35.36 Mpx/frame
[d3d11_sw] perf mix% tex=234 bilin=55 over=192 add=0 otherblend=26 atest=1 ztest=0 flat=234 linear=0
[d3d11_sw] perf simd% ok=88 | noavx2=0 notex=0 notflat=0 depth=0 mask=0 blend=12 npot=0 addr=0 other=0
[d3d11_sw] perf split ms/frame: draw 27.8 (raster 13.5 nested) decode 0.0 present 0.9 | outside wrapper 3.1 of 31.8
[d3d11_sw] perf rt #29 1280x720 bb=0 13.67 Mpx/frame (14.8x target) 239 draws/frame
[d3d11_sw] perf rt #28 2560x1440 bb=1 3.69 Mpx/frame (1.0x target) 1 draws/frame
[d3d11_sw] perf rt #1695 640x360 bb=0 0.29 Mpx/frame (1.2x target) 59 draws/frame
[d3d11_sw] perf tex #107 200x200 blend=0605 2.86 Mpx/frame 30 draws/frame
[d3d11_sw] perf tex #651 40x25 blend=0602 0.34 Mpx/frame 2 draws/frame
[d3d11_sw] perf tex #654 40x25 blend=0602 0.34 Mpx/frame 4 draws/frame
[d3d11_sw] perf tex #650 40x25 blend=0602 0.17 Mpx/frame 8 draws/frame
[d3d11_sw] perf tex #647 40x25 blend=0602 0.17 Mpx/frame 8 draws/frame
[d3d11_sw] perf tex #537 200x200 blend=0605 0.09 Mpx/frame 16 draws/frame
[d3d11_sw] perf 30.0 fps (33.3 ms/frame) raster 14.4 ms/frame tris 1272 flushes 3 bins 12231 shaded 22.95 Mpx/frame bbox 35.78 Mpx/frame
[d3d11_sw] perf mix% tex=235 bilin=55 over=191 add=0 otherblend=27 atest=1 ztest=0 flat=235 linear=0
[d3d11_sw] perf simd% ok=88 | noavx2=0 notex=0 notflat=0 depth=0 mask=0 blend=12 npot=0 addr=0 other=0
[d3d11_sw] perf split ms/frame: draw 29.0 (raster 14.4 nested) decode 0.0 present 1.0 | outside wrapper 3.2 of 33.3
[d3d11_sw] perf rt #29 1280x720 bb=0 13.87 Mpx/frame (15.1x target) 255 draws/frame
[d3d11_sw] perf rt #28 2560x1440 bb=1 3.69 Mpx/frame (1.0x target) 1 draws/frame
[d3d11_sw] perf rt #1695 640x360 bb=0 0.29 Mpx/frame (1.2x target) 60 draws/frame
[d3d11_sw] perf tex #107 200x200 blend=0605 2.86 Mpx/frame 32 draws/frame
[d3d11_sw] perf tex #654 40x25 blend=0602 0.36 Mpx/frame 6 draws/frame
[d3d11_sw] perf tex #651 40x25 blend=0602 0.36 Mpx/frame 2 draws/frame
[d3d11_sw] perf tex #650 40x25 blend=0602 0.18 Mpx/frame 8 draws/frame
[d3d11_sw] perf tex #647 40x25 blend=0602 0.18 Mpx/frame 8 draws/frame
[d3d11_sw] perf tex #537 200x200 blend=0605 0.09 Mpx/frame 16 draws/frame
[d3d11_sw] perf 28.7 fps (34.8 ms/frame) raster 15.5 ms/frame tris 1260 flushes 3 bins 12227 shaded 23.01 Mpx/frame bbox 35.89 Mpx/frame
[d3d11_sw] perf mix% tex=235 bilin=55 over=191 add=0 otherblend=28 atest=1 ztest=0 flat=235 linear=0
[d3d11_sw] perf simd% ok=87 | noavx2=0 notex=0 notflat=0 depth=0 mask=0 blend=13 npot=0 addr=0 other=0
[d3d11_sw] perf split ms/frame: draw 30.5 (raster 15.5 nested) decode 0.0 present 1.0 | outside wrapper 3.4 of 34.8
[d3d11_sw] perf rt #29 1280x720 bb=0 13.92 Mpx/frame (15.1x target) 247 draws/frame
[d3d11_sw] perf rt #28 2560x1440 bb=1 3.69 Mpx/frame (1.0x target) 1 draws/frame
[d3d11_sw] perf rt #1695 640x360 bb=0 0.29 Mpx/frame (1.2x target) 59 draws/frame
[d3d11_sw] perf tex #107 200x200 blend=0605 2.85 Mpx/frame 31 draws/frame
[d3d11_sw] perf tex #651 40x25 blend=0602 0.36 Mpx/frame 2 draws/frame
[d3d11_sw] perf tex #654 40x25 blend=0602 0.36 Mpx/frame 6 draws/frame
[d3d11_sw] perf tex #650 40x25 blend=0602 0.18 Mpx/frame 8 draws/frame
[d3d11_sw] perf tex #647 40x25 blend=0602 0.18 Mpx/frame 8 draws/frame
[d3d11_sw] perf tex #537 200x200 blend=0605 0.09 Mpx/frame 16 draws/frame
[d3d11_sw] perf 27.4 fps (36.5 ms/frame) raster 16.5 ms/frame tris 1241 flushes 3 bins 12174 shaded 22.98 Mpx/frame bbox 35.84 Mpx/frame
[d3d11_sw] perf mix% tex=235 bilin=55 over=191 add=0 otherblend=28 atest=1 ztest=0 flat=235 linear=0
[d3d11_sw] perf simd% ok=87 | noavx2=0 notex=0 notflat=0 depth=0 mask=0 blend=13 npot=0 addr=0 other=0
[d3d11_sw] perf split ms/frame: draw 31.8 (raster 16.5 nested) decode 0.0 present 1.0 | outside wrapper 3.7 of 36.5
[d3d11_sw] perf rt #29 1280x720 bb=0 13.90 Mpx/frame (15.1x target) 243 draws/frame
[d3d11_sw] perf rt #28 2560x1440 bb=1 3.69 Mpx/frame (1.0x target) 1 draws/frame
[d3d11_sw] perf rt #1695 640x360 bb=0 0.29 Mpx/frame (1.2x target) 59 draws/frame
[d3d11_sw] perf tex #107 200x200 blend=0605 2.85 Mpx/frame 30 draws/frame
[d3d11_sw] perf tex #651 40x25 blend=0602 0.36 Mpx/frame 2 draws/frame
[d3d11_sw] perf tex #654 40x25 blend=0602 0.36 Mpx/frame 4 draws/frame
[d3d11_sw] perf tex #647 40x25 blend=0602 0.18 Mpx/frame 8 draws/frame
[d3d11_sw] perf tex #650 40x25 blend=0602 0.18 Mpx/frame 8 draws/frame
[d3d11_sw] perf tex #537 200x200 blend=0605 0.09 Mpx/frame 16 draws/frame
[d3d11_sw] perf 31.0 fps (32.3 ms/frame) raster 14.0 ms/frame tris 1213 flushes 3 bins 12185 shaded 22.95 Mpx/frame bbox 35.81 Mpx/frame
[d3d11_sw] perf mix% tex=235 bilin=55 over=192 add=0 otherblend=27 atest=1 ztest=0 flat=235 linear=0
[d3d11_sw] perf simd% ok=88 | noavx2=0 notex=0 notflat=0 depth=0 mask=0 blend=12 npot=0 addr=0 other=0
[d3d11_sw] perf split ms/frame: draw 28.2 (raster 14.0 nested) decode 0.0 present 1.0 | outside wrapper 3.1 of 32.3
[d3d11_sw] perf rt #29 1280x720 bb=0 13.88 Mpx/frame (15.1x target) 243 draws/frame
[d3d11_sw] perf rt #28 2560x1440 bb=1 3.69 Mpx/frame (1.0x target) 1 draws/frame
[d3d11_sw] perf rt #1695 640x360 bb=0 0.29 Mpx/frame (1.2x target) 59 draws/frame
[d3d11_sw] perf tex #107 200x200 blend=0605 2.84 Mpx/frame 29 draws/frame
[d3d11_sw] perf tex #651 40x25 blend=0602 0.36 Mpx/frame 2 draws/frame
[d3d11_sw] perf tex #654 40x25 blend=0602 0.36 Mpx/frame 9 draws/frame
[d3d11_sw] perf tex #647 40x25 blend=0602 0.18 Mpx/frame 8 draws/frame
[d3d11_sw] perf tex #650 40x25 blend=0602 0.18 Mpx/frame 8 draws/frame
[d3d11_sw] perf tex #537 200x200 blend=0605 0.09 Mpx/frame 16 draws/frame
[d3d11_sw] perf 31.3 fps (32.0 ms/frame) raster 14.0 ms/frame tris 1224 flushes 3 bins 12223 shaded 22.97 Mpx/frame bbox 35.86 Mpx/frame
[d3d11_sw] perf mix% tex=235 bilin=55 over=192 add=0 otherblend=27 atest=1 ztest=0 flat=235 linear=0
[d3d11_sw] perf simd% ok=88 | noavx2=0 notex=0 notflat=0 depth=0 mask=0 blend=12 npot=0 addr=0 other=0
[d3d11_sw] perf split ms/frame: draw 28.0 (raster 14.0 nested) decode 0.0 present 0.9 | outside wrapper 3.0 of 32.0
[d3d11_sw] perf rt #29 1280x720 bb=0 13.91 Mpx/frame (15.1x target) 240 draws/frame
[d3d11_sw] perf rt #28 2560x1440 bb=1 3.69 Mpx/frame (1.0x target) 1 draws/frame
[d3d11_sw] perf rt #1695 640x360 bb=0 0.29 Mpx/frame (1.2x target) 59 draws/frame
[d3d11_sw] perf tex #107 200x200 blend=0605 2.83 Mpx/frame 28 draws/frame
[d3d11_sw] perf tex #654 40x25 blend=0602 0.36 Mpx/frame 9 draws/frame
[d3d11_sw] perf tex #651 40x25 blend=0602 0.36 Mpx/frame 2 draws/frame
[d3d11_sw] perf tex #650 40x25 blend=0602 0.18 Mpx/frame 8 draws/frame
[d3d11_sw] perf tex #647 40x25 blend=0602 0.18 Mpx/frame 8 draws/frame
[d3d11_sw] perf tex #537 200x200 blend=0605 0.09 Mpx/frame 16 draws/frame
[d3d11_sw] perf 29.9 fps (33.4 ms/frame) raster 15.0 ms/frame tris 1145 flushes 3 bins 12041 shaded 22.94 Mpx/frame bbox 35.78 Mpx/frame
[d3d11_sw] perf mix% tex=235 bilin=55 over=192 add=0 otherblend=27 atest=1 ztest=0 flat=235 linear=0
[d3d11_sw] perf simd% ok=88 | noavx2=0 notex=0 notflat=0 depth=0 mask=0 blend=12 npot=0 addr=0 other=0
[d3d11_sw] perf split ms/frame: draw 29.1 (raster 15.0 nested) decode 0.0 present 1.0 | outside wrapper 3.3 of 33.4
[d3d11_sw] perf rt #29 1280x720 bb=0 13.88 Mpx/frame (15.1x target) 230 draws/frame
[d3d11_sw] perf rt #28 2560x1440 bb=1 3.69 Mpx/frame (1.0x target) 1 draws/frame
[d3d11_sw] perf rt #1695 640x360 bb=0 0.29 Mpx/frame (1.2x target) 59 draws/frame
[d3d11_sw] perf tex #107 200x200 blend=0605 2.83 Mpx/frame 27 draws/frame
[d3d11_sw] perf tex #651 40x25 blend=0602 0.36 Mpx/frame 2 draws/frame
[d3d11_sw] perf tex #654 40x25 blend=0602 0.36 Mpx/frame 6 draws/frame
[d3d11_sw] perf tex #650 40x25 blend=0602 0.18 Mpx/frame 8 draws/frame
[d3d11_sw] perf tex #647 40x25 blend=0602 0.18 Mpx/frame 8 draws/frame
[d3d11_sw] perf tex #537 200x200 blend=0605 0.09 Mpx/frame 16 draws/frame
[d3d11_sw] perf 30.8 fps (32.4 ms/frame) raster 14.4 ms/frame tris 1142 flushes 3 bins 12010 shaded 22.95 Mpx/frame bbox 35.77 Mpx/frame
[d3d11_sw] perf mix% tex=235 bilin=55 over=191 add=0 otherblend=27 atest=1 ztest=0 flat=235 linear=0
[d3d11_sw] perf simd% ok=87 | noavx2=0 notex=0 notflat=0 depth=0 mask=0 blend=13 npot=0 addr=0 other=0
[d3d11_sw] perf split ms/frame: draw 28.4 (raster 14.4 nested) decode 0.0 present 0.9 | outside wrapper 3.1 of 32.4
[d3d11_sw] perf rt #29 1280x720 bb=0 13.87 Mpx/frame (15.1x target) 228 draws/frame
[d3d11_sw] perf rt #28 2560x1440 bb=1 3.69 Mpx/frame (1.0x target) 1 draws/frame
[d3d11_sw] perf rt #1695 640x360 bb=0 0.29 Mpx/frame (1.2x target) 59 draws/frame
[d3d11_sw] perf tex #107 200x200 blend=0605 2.83 Mpx/frame 27 draws/frame
[d3d11_sw] perf tex #651 40x25 blend=0602 0.36 Mpx/frame 2 draws/frame
[d3d11_sw] perf tex #654 40x25 blend=0602 0.36 Mpx/frame 6 draws/frame
[d3d11_sw] perf tex #647 40x25 blend=0602 0.18 Mpx/frame 8 draws/frame
[d3d11_sw] perf tex #650 40x25 blend=0602 0.18 Mpx/frame 8 draws/frame
[d3d11_sw] perf tex #537 200x200 blend=0605 0.09 Mpx/frame 16 draws/frame
[d3d11_sw] perf 30.0 fps (33.3 ms/frame) raster 15.1 ms/frame tris 1262 flushes 3 bins 12261 shaded 23.13 Mpx/frame bbox 36.16 Mpx/frame
[d3d11_sw] perf mix% tex=234 bilin=54 over=190 add=0 otherblend=28 atest=1 ztest=0 flat=234 linear=0
[d3d11_sw] perf simd% ok=86 | noavx2=0 notex=0 notflat=0 depth=0 mask=0 blend=14 npot=0 addr=0 other=0
[d3d11_sw] perf split ms/frame: draw 29.3 (raster 15.1 nested) decode 0.0 present 1.0 | outside wrapper 3.1 of 33.3
[d3d11_sw] perf rt #29 1280x720 bb=0 14.06 Mpx/frame (15.3x target) 233 draws/frame
[d3d11_sw] perf rt #28 2560x1440 bb=1 3.69 Mpx/frame (1.0x target) 1 draws/frame
[d3d11_sw] perf rt #1695 640x360 bb=0 0.29 Mpx/frame (1.2x target) 59 draws/frame
[d3d11_sw] perf tex #107 200x200 blend=0605 2.82 Mpx/frame 26 draws/frame
[d3d11_sw] perf tex #654 40x25 blend=0602 0.36 Mpx/frame 6 draws/frame
[d3d11_sw] perf tex #651 40x25 blend=0602 0.36 Mpx/frame 2 draws/frame
[d3d11_sw] perf tex #647 40x25 blend=0602 0.18 Mpx/frame 8 draws/frame
[d3d11_sw] perf tex #650 40x25 blend=0602 0.18 Mpx/frame 8 draws/frame
[d3d11_sw] perf tex #537 200x200 blend=0605 0.09 Mpx/frame 16 draws/frame
[d3d11_sw] perf 31.0 fps (32.3 ms/frame) raster 14.7 ms/frame tris 1077 flushes 3 bins 11869 shaded 22.98 Mpx/frame bbox 35.87 Mpx/frame
[d3d11_sw] perf mix% tex=235 bilin=55 over=190 add=0 otherblend=28 atest=1 ztest=0 flat=235 linear=0
[d3d11_sw] perf simd% ok=86 | noavx2=0 notex=0 notflat=0 depth=0 mask=0 blend=14 npot=0 addr=0 other=0
[d3d11_sw] perf split ms/frame: draw 28.2 (raster 14.7 nested) decode 0.0 present 1.0 | outside wrapper 3.1 of 32.3
[d3d11_sw] perf rt #29 1280x720 bb=0 13.92 Mpx/frame (15.1x target) 221 draws/frame
[d3d11_sw] perf rt #28 2560x1440 bb=1 3.69 Mpx/frame (1.0x target) 1 draws/frame
[d3d11_sw] perf rt #1695 640x360 bb=0 0.29 Mpx/frame (1.2x target) 60 draws/frame
[d3d11_sw] perf tex #107 200x200 blend=0605 2.81 Mpx/frame 24 draws/frame
[d3d11_sw] perf tex #651 40x25 blend=0602 0.36 Mpx/frame 2 draws/frame
[d3d11_sw] perf tex #654 40x25 blend=0602 0.36 Mpx/frame 4 draws/frame
[d3d11_sw] perf tex #647 40x25 blend=0602 0.18 Mpx/frame 8 draws/frame
[d3d11_sw] perf tex #650 40x25 blend=0602 0.18 Mpx/frame 8 draws/frame
[d3d11_sw] perf tex #537 200x200 blend=0605 0.09 Mpx/frame 16 draws/frame
[d3d11_sw] perf 32.0 fps (31.3 ms/frame) raster 14.1 ms/frame tris 1092 flushes 3 bins 11642 shaded 22.67 Mpx/frame bbox 35.21 Mpx/frame
[d3d11_sw] perf mix% tex=237 bilin=55 over=192 add=0 otherblend=28 atest=1 ztest=0 flat=237 linear=0
[d3d11_sw] perf simd% ok=87 | noavx2=0 notex=0 notflat=0 depth=0 mask=0 blend=13 npot=0 addr=0 other=0
[d3d11_sw] perf split ms/frame: draw 27.2 (raster 14.1 nested) decode 0.0 present 1.0 | outside wrapper 3.1 of 31.3
[d3d11_sw] perf rt #29 1280x720 bb=0 13.60 Mpx/frame (14.8x target) 211 draws/frame
[d3d11_sw] perf rt #28 2560x1440 bb=1 3.69 Mpx/frame (1.0x target) 1 draws/frame
[d3d11_sw] perf rt #1695 640x360 bb=0 0.29 Mpx/frame (1.2x target) 60 draws/frame
[d3d11_sw] perf tex #107 200x200 blend=0605 2.81 Mpx/frame 24 draws/frame
[d3d11_sw] perf tex #651 40x25 blend=0602 0.36 Mpx/frame 2 draws/frame
[d3d11_sw] perf tex #654 40x25 blend=0602 0.36 Mpx/frame 4 draws/frame
[d3d11_sw] perf tex #650 40x25 blend=0602 0.18 Mpx/frame 8 draws/frame
[d3d11_sw] perf tex #647 40x25 blend=0602 0.18 Mpx/frame 8 draws/frame
[d3d11_sw] perf tex #537 200x200 blend=0605 0.09 Mpx/frame 16 draws/frame
[d3d11_sw] perf 27.9 fps (35.8 ms/frame) raster 15.9 ms/frame tris 1502 flushes 3 bins 12684 shaded 24.77 Mpx/frame bbox 36.42 Mpx/frame
[d3d11_sw] perf mix% tex=225 bilin=51 over=184 add=0 otherblend=25 atest=1 ztest=0 flat=225 linear=0
[d3d11_sw] perf simd% ok=88 | noavx2=0 notex=0 notflat=0 depth=0 mask=0 blend=12 npot=0 addr=0 other=0
[d3d11_sw] perf split ms/frame: draw 31.3 (raster 15.9 nested) decode 0.0 present 1.1 | outside wrapper 3.4 of 35.8
[d3d11_sw] perf rt #29 1280x720 bb=0 14.18 Mpx/frame (15.4x target) 219 draws/frame
[d3d11_sw] perf rt #28 2560x1440 bb=1 3.69 Mpx/frame (1.0x target) 1 draws/frame
[d3d11_sw] perf rt #1695 640x360 bb=0 0.30 Mpx/frame (1.3x target) 67 draws/frame
[d3d11_sw] perf tex #107 200x200 blend=0605 3.34 Mpx/frame 28 draws/frame
[d3d11_sw] perf tex #651 40x25 blend=0602 0.36 Mpx/frame 2 draws/frame
[d3d11_sw] perf tex #654 40x25 blend=0602 0.36 Mpx/frame 4 draws/frame
[d3d11_sw] perf tex #650 40x25 blend=0602 0.21 Mpx/frame 9 draws/frame
[d3d11_sw] perf tex #647 40x25 blend=0602 0.18 Mpx/frame 8 draws/frame
[d3d11_sw] perf tex #537 200x200 blend=0605 0.09 Mpx/frame 17 draws/frame
[d3d11_sw] perf 26.5 fps (37.7 ms/frame) raster 15.5 ms/frame tris 1934 flushes 3 bins 14245 shaded 29.51 Mpx/frame bbox 39.53 Mpx/frame
[d3d11_sw] perf mix% tex=204 bilin=44 over=170 add=0 otherblend=22 atest=1 ztest=0 flat=204 linear=0
[d3d11_sw] perf simd% ok=89 | noavx2=0 notex=0 notflat=0 depth=0 mask=0 blend=11 npot=0 addr=0 other=0
[d3d11_sw] perf split ms/frame: draw 33.4 (raster 15.5 nested) decode 0.0 present 1.0 | outside wrapper 3.2 of 37.7
[d3d11_sw] perf rt #29 1280x720 bb=0 15.70 Mpx/frame (17.0x target) 267 draws/frame
[d3d11_sw] perf rt #28 2560x1440 bb=1 3.69 Mpx/frame (1.0x target) 1 draws/frame
[d3d11_sw] perf rt #1695 640x360 bb=0 0.32 Mpx/frame (1.4x target) 79 draws/frame
[d3d11_sw] perf tex #107 200x200 blend=0605 4.24 Mpx/frame 34 draws/frame
[d3d11_sw] perf tex #651 40x25 blend=0602 0.36 Mpx/frame 2 draws/frame
[d3d11_sw] perf tex #654 40x25 blend=0602 0.36 Mpx/frame 5 draws/frame
[d3d11_sw] perf tex #650 40x25 blend=0602 0.28 Mpx/frame 10 draws/frame
[d3d11_sw] perf tex #647 40x25 blend=0602 0.18 Mpx/frame 8 draws/frame
[d3d11_sw] perf tex #114 1024x1024 blend=0602 0.11 Mpx/frame 47 draws/frame
[d3d11_sw] perf 29.8 fps (33.5 ms/frame) raster 14.7 ms/frame tris 1450 flushes 3 bins 13175 shaded 28.51 Mpx/frame bbox 38.41 Mpx/frame
[d3d11_sw] perf mix% tex=207 bilin=44 over=172 add=0 otherblend=22 atest=1 ztest=0 flat=207 linear=0
[d3d11_sw] perf simd% ok=88 | noavx2=0 notex=0 notflat=0 depth=0 mask=0 blend=12 npot=0 addr=0 other=0
[d3d11_sw] perf split ms/frame: draw 29.4 (raster 14.7 nested) decode 0.0 present 1.0 | outside wrapper 3.0 of 33.5
[d3d11_sw] perf rt #29 1280x720 bb=0 15.18 Mpx/frame (16.5x target) 243 draws/frame
[d3d11_sw] perf rt #28 2560x1440 bb=1 3.69 Mpx/frame (1.0x target) 1 draws/frame
[d3d11_sw] perf rt #1695 640x360 bb=0 0.29 Mpx/frame (1.2x target) 59 draws/frame
[d3d11_sw] perf tex #107 200x200 blend=0605 4.17 Mpx/frame 33 draws/frame
[d3d11_sw] perf tex #651 40x25 blend=0602 0.36 Mpx/frame 2 draws/frame
[d3d11_sw] perf tex #654 40x25 blend=0602 0.36 Mpx/frame 4 draws/frame
[d3d11_sw] perf tex #650 40x25 blend=0602 0.18 Mpx/frame 8 draws/frame
[d3d11_sw] perf tex #647 40x25 blend=0602 0.18 Mpx/frame 8 draws/frame
[d3d11_sw] perf tex #114 1024x1024 blend=0602 0.12 Mpx/frame 46 draws/frame
[d3d11_sw] perf 30.0 fps (33.3 ms/frame) raster 14.8 ms/frame tris 1413 flushes 3 bins 12867 shaded 24.91 Mpx/frame bbox 37.87 Mpx/frame
[d3d11_sw] perf mix% tex=221 bilin=54 over=182 add=0 otherblend=25 atest=1 ztest=0 flat=221 linear=0
[d3d11_sw] perf simd% ok=88 | noavx2=0 notex=0 notflat=0 depth=0 mask=0 blend=12 npot=0 addr=0 other=0
[d3d11_sw] perf split ms/frame: draw 29.2 (raster 14.8 nested) decode 0.0 present 1.0 | outside wrapper 3.0 of 33.3
[d3d11_sw] perf rt #29 1280x720 bb=0 14.91 Mpx/frame (16.2x target) 252 draws/frame
[d3d11_sw] perf rt #28 2560x1440 bb=1 3.69 Mpx/frame (1.0x target) 1 draws/frame
[d3d11_sw] perf rt #1695 640x360 bb=0 0.29 Mpx/frame (1.2x target) 59 draws/frame
[d3d11_sw] perf tex #107 200x200 blend=0605 2.94 Mpx/frame 32 draws/frame
[d3d11_sw] perf tex #651 40x25 blend=0602 0.36 Mpx/frame 2 draws/frame
[d3d11_sw] perf tex #654 40x25 blend=0602 0.36 Mpx/frame 4 draws/frame
[d3d11_sw] perf tex #650 40x25 blend=0602 0.18 Mpx/frame 8 draws/frame
[d3d11_sw] perf tex #647 40x25 blend=0602 0.18 Mpx/frame 8 draws/frame
[d3d11_sw] perf tex #537 200x200 blend=0605 0.16 Mpx/frame 16 draws/frame
[d3d11_sw] perf 25.5 fps (39.2 ms/frame) raster 17.5 ms/frame tris 1979 flushes 3 bins 14585 shaded 27.26 Mpx/frame bbox 41.03 Mpx/frame
[d3d11_sw] perf mix% tex=208 bilin=53 over=172 add=0 otherblend=23 atest=1 ztest=0 flat=208 linear=0
[d3d11_sw] perf simd% ok=88 | noavx2=0 notex=0 notflat=0 depth=0 mask=0 blend=12 npot=0 addr=0 other=0
[d3d11_sw] perf split ms/frame: draw 34.9 (raster 17.5 nested) decode 0.0 present 1.0 | outside wrapper 3.4 of 39.2
[d3d11_sw] perf rt #29 1280x720 bb=0 16.48 Mpx/frame (17.9x target) 277 draws/frame
[d3d11_sw] perf rt #28 2560x1440 bb=1 3.69 Mpx/frame (1.0x target) 1 draws/frame
[d3d11_sw] perf rt #1695 640x360 bb=0 0.29 Mpx/frame (1.2x target) 59 draws/frame
[d3d11_sw] perf tex #107 200x200 blend=0605 3.07 Mpx/frame 32 draws/frame
[d3d11_sw] perf tex #651 40x25 blend=0602 0.36 Mpx/frame 2 draws/frame
[d3d11_sw] perf tex #654 40x25 blend=0602 0.36 Mpx/frame 4 draws/frame
[d3d11_sw] perf tex #537 200x200 blend=0605 0.26 Mpx/frame 16 draws/frame
[d3d11_sw] perf tex #647 40x25 blend=0602 0.18 Mpx/frame 8 draws/frame
[d3d11_sw] perf tex #650 40x25 blend=0602 0.18 Mpx/frame 8 draws/frame
[d3d11_sw] perf 24.9 fps (40.1 ms/frame) raster 17.7 ms/frame tris 2094 flushes 3 bins 14743 shaded 27.28 Mpx/frame bbox 41.06 Mpx/frame
[d3d11_sw] perf mix% tex=208 bilin=53 over=172 add=0 otherblend=23 atest=1 ztest=0 flat=208 linear=0
[d3d11_sw] perf simd% ok=88 | noavx2=0 notex=0 notflat=0 depth=0 mask=0 blend=12 npot=0 addr=0 other=0
[d3d11_sw] perf split ms/frame: draw 35.6 (raster 17.7 nested) decode 0.0 present 1.1 | outside wrapper 3.4 of 40.1
[d3d11_sw] perf rt #29 1280x720 bb=0 16.50 Mpx/frame (17.9x target) 279 draws/frame
[d3d11_sw] perf rt #28 2560x1440 bb=1 3.69 Mpx/frame (1.0x target) 1 draws/frame
[d3d11_sw] perf rt #1695 640x360 bb=0 0.29 Mpx/frame (1.2x target) 59 draws/frame
[d3d11_sw] perf tex #107 200x200 blend=0605 3.07 Mpx/frame 32 draws/frame
[d3d11_sw] perf tex #651 40x25 blend=0602 0.36 Mpx/frame 2 draws/frame
[d3d11_sw] perf tex #654 40x25 blend=0602 0.36 Mpx/frame 4 draws/frame
[d3d11_sw] perf tex #537 200x200 blend=0605 0.27 Mpx/frame 17 draws/frame
[d3d11_sw] perf tex #647 40x25 blend=0602 0.18 Mpx/frame 8 draws/frame
[d3d11_sw] perf tex #650 40x25 blend=0602 0.18 Mpx/frame 8 draws/frame
[d3d11_sw] perf 26.8 fps (37.4 ms/frame) raster 16.0 ms/frame tris 1994 flushes 3 bins 14575 shaded 27.25 Mpx/frame bbox 41.00 Mpx/frame
[d3d11_sw] perf mix% tex=208 bilin=53 over=172 add=0 otherblend=23 atest=1 ztest=0 flat=208 linear=0
[d3d11_sw] perf simd% ok=88 | noavx2=0 notex=0 notflat=0 depth=0 mask=0 blend=12 npot=0 addr=0 other=0
[d3d11_sw] perf split ms/frame: draw 33.2 (raster 16.0 nested) decode 0.0 present 1.0 | outside wrapper 3.1 of 37.4
[d3d11_sw] perf rt #29 1280x720 bb=0 16.47 Mpx/frame (17.9x target) 274 draws/frame
[d3d11_sw] perf rt #28 2560x1440 bb=1 3.69 Mpx/frame (1.0x target) 1 draws/frame
[d3d11_sw] perf rt #1695 640x360 bb=0 0.29 Mpx/frame (1.2x target) 59 draws/frame
[d3d11_sw] perf tex #107 200x200 blend=0605 3.07 Mpx/frame 32 draws/frame
[d3d11_sw] perf tex #651 40x25 blend=0602 0.36 Mpx/frame 2 draws/frame
[d3d11_sw] perf tex #654 40x25 blend=0602 0.36 Mpx/frame 4 draws/frame
[d3d11_sw] perf tex #537 200x200 blend=0605 0.25 Mpx/frame 16 draws/frame
[d3d11_sw] perf tex #647 40x25 blend=0602 0.18 Mpx/frame 8 draws/frame
[d3d11_sw] perf tex #650 40x25 blend=0602 0.18 Mpx/frame 8 draws/frame
[d3d11_sw] perf 26.8 fps (37.3 ms/frame) raster 16.1 ms/frame tris 2052 flushes 3 bins 14709 shaded 27.25 Mpx/frame bbox 41.00 Mpx/frame
[d3d11_sw] perf mix% tex=208 bilin=53 over=172 add=0 otherblend=23 atest=1 ztest=0 flat=208 linear=0
[d3d11_sw] perf simd% ok=88 | noavx2=0 notex=0 notflat=0 depth=0 mask=0 blend=12 npot=0 addr=0 other=0
[d3d11_sw] perf split ms/frame: draw 33.2 (raster 16.1 nested) decode 0.0 present 1.0 | outside wrapper 3.0 of 37.3
[d3d11_sw] perf rt #29 1280x720 bb=0 16.47 Mpx/frame (17.9x target) 264 draws/frame
[d3d11_sw] perf rt #28 2560x1440 bb=1 3.69 Mpx/frame (1.0x target) 1 draws/frame
[d3d11_sw] perf rt #1695 640x360 bb=0 0.29 Mpx/frame (1.2x target) 59 draws/frame
[d3d11_sw] perf tex #107 200x200 blend=0605 3.06 Mpx/frame 30 draws/frame
[d3d11_sw] perf tex #651 40x25 blend=0602 0.36 Mpx/frame 2 draws/frame
[d3d11_sw] perf tex #654 40x25 blend=0602 0.36 Mpx/frame 4 draws/frame
[d3d11_sw] perf tex #537 200x200 blend=0605 0.26 Mpx/frame 16 draws/frame
[d3d11_sw] perf tex #647 40x25 blend=0602 0.18 Mpx/frame 8 draws/frame
[d3d11_sw] perf tex #650 40x25 blend=0602 0.18 Mpx/frame 8 draws/frame
[d3d11_sw] perf 26.1 fps (38.3 ms/frame) raster 16.4 ms/frame tris 2291 flushes 3 bins 15157 shaded 27.30 Mpx/frame bbox 41.12 Mpx/frame
[d3d11_sw] perf mix% tex=208 bilin=53 over=172 add=0 otherblend=23 atest=1 ztest=0 flat=208 linear=0
[d3d11_sw] perf simd% ok=89 | noavx2=0 notex=0 notflat=0 depth=0 mask=0 blend=11 npot=0 addr=0 other=0
[d3d11_sw] perf split ms/frame: draw 34.1 (raster 16.4 nested) decode 0.0 present 1.0 | outside wrapper 3.1 of 38.3
[d3d11_sw] perf rt #29 1280x720 bb=0 16.52 Mpx/frame (17.9x target) 276 draws/frame
[d3d11_sw] perf rt #28 2560x1440 bb=1 3.69 Mpx/frame (1.0x target) 1 draws/frame
[d3d11_sw] perf rt #1695 640x360 bb=0 0.29 Mpx/frame (1.2x target) 59 draws/frame
[d3d11_sw] perf tex #107 200x200 blend=0605 3.07 Mpx/frame 31 draws/frame
[d3d11_sw] perf tex #651 40x25 blend=0602 0.36 Mpx/frame 2 draws/frame
[d3d11_sw] perf tex #654 40x25 blend=0602 0.36 Mpx/frame 4 draws/frame
[d3d11_sw] perf tex #537 200x200 blend=0605 0.28 Mpx/frame 17 draws/frame
[d3d11_sw] perf tex #647 40x25 blend=0602 0.18 Mpx/frame 8 draws/frame
[d3d11_sw] perf tex #650 40x25 blend=0602 0.18 Mpx/frame 8 draws/frame
[d3d11_sw] perf 25.5 fps (39.2 ms/frame) raster 17.6 ms/frame tris 1996 flushes 3 bins 14565 shaded 27.23 Mpx/frame bbox 40.96 Mpx/frame
[d3d11_sw] perf mix% tex=209 bilin=53 over=172 add=0 otherblend=23 atest=1 ztest=0 flat=209 linear=0
[d3d11_sw] perf simd% ok=89 | noavx2=0 notex=0 notflat=0 depth=0 mask=0 blend=11 npot=0 addr=0 other=0
[d3d11_sw] perf split ms/frame: draw 34.8 (raster 17.6 nested) decode 0.0 present 1.0 | outside wrapper 3.3 of 39.2
[d3d11_sw] perf rt #29 1280x720 bb=0 16.45 Mpx/frame (17.8x target) 274 draws/frame
[d3d11_sw] perf rt #28 2560x1440 bb=1 3.69 Mpx/frame (1.0x target) 1 draws/frame
[d3d11_sw] perf rt #1695 640x360 bb=0 0.29 Mpx/frame (1.2x target) 59 draws/frame
[d3d11_sw] perf tex #107 200x200 blend=0605 3.07 Mpx/frame 32 draws/frame
[d3d11_sw] perf tex #651 40x25 blend=0602 0.36 Mpx/frame 2 draws/frame
[d3d11_sw] perf tex #654 40x25 blend=0602 0.36 Mpx/frame 4 draws/frame
[d3d11_sw] perf tex #537 200x200 blend=0605 0.27 Mpx/frame 17 draws/frame
[d3d11_sw] perf tex #647 40x25 blend=0602 0.18 Mpx/frame 8 draws/frame
[d3d11_sw] perf tex #650 40x25 blend=0602 0.18 Mpx/frame 8 draws/frame
[d3d11_sw] perf 25.7 fps (38.9 ms/frame) raster 14.8 ms/frame tris 2143 flushes 3 bins 14121 shaded 26.67 Mpx/frame bbox 38.35 Mpx/frame
[d3d11_sw] perf mix% tex=229 bilin=55 over=192 add=0 otherblend=24 atest=1 ztest=0 flat=229 linear=0
[d3d11_sw] perf simd% ok=88 | noavx2=0 notex=0 notflat=0 depth=0 mask=0 blend=12 npot=0 addr=0 other=0
[d3d11_sw] perf split ms/frame: draw 34.7 (raster 14.8 nested) decode 0.0 present 1.0 | outside wrapper 3.2 of 38.9
[d3d11_sw] perf rt #29 1280x720 bb=0 15.10 Mpx/frame (16.4x target) 285 draws/frame
[d3d11_sw] perf rt #28 2560x1440 bb=1 3.69 Mpx/frame (1.0x target) 1 draws/frame
[d3d11_sw] perf rt #1695 640x360 bb=0 0.34 Mpx/frame (1.5x target) 90 draws/frame
[d3d11_sw] perf tex #107 200x200 blend=0605 3.69 Mpx/frame 37 draws/frame
[d3d11_sw] perf tex #651 40x25 blend=0602 0.36 Mpx/frame 2 draws/frame
[d3d11_sw] perf tex #654 40x25 blend=0602 0.36 Mpx/frame 5 draws/frame
[d3d11_sw] perf tex #650 40x25 blend=0602 0.28 Mpx/frame 10 draws/frame
[d3d11_sw] perf tex #647 40x25 blend=0602 0.18 Mpx/frame 8 draws/frame
[d3d11_sw] perf tex #537 200x200 blend=0605 0.15 Mpx/frame 20 draws/frame
[d3d11_sw] perf 24.4 fps (41.1 ms/frame) raster 15.1 ms/frame tris 2473 flushes 3 bins 14907 shaded 27.81 Mpx/frame bbox 39.34 Mpx/frame
[d3d11_sw] perf mix% tex=225 bilin=54 over=189 add=0 otherblend=23 atest=1 ztest=0 flat=225 linear=0
[d3d11_sw] perf simd% ok=88 | noavx2=0 notex=0 notflat=0 depth=0 mask=0 blend=12 npot=0 addr=0 other=0
[d3d11_sw] perf split ms/frame: draw 36.8 (raster 15.1 nested) decode 0.0 present 1.0 | outside wrapper 3.2 of 41.1
[d3d11_sw] perf rt #29 1280x720 bb=0 15.57 Mpx/frame (16.9x target) 303 draws/frame
[d3d11_sw] perf rt #28 2560x1440 bb=1 3.69 Mpx/frame (1.0x target) 1 draws/frame
[d3d11_sw] perf rt #1695 640x360 bb=0 0.34 Mpx/frame (1.5x target) 101 draws/frame
[d3d11_sw] perf tex #107 200x200 blend=0605 3.84 Mpx/frame 38 draws/frame
[d3d11_sw] perf tex #651 40x25 blend=0602 0.36 Mpx/frame 2 draws/frame
[d3d11_sw] perf tex #654 40x25 blend=0602 0.36 Mpx/frame 6 draws/frame
[d3d11_sw] perf tex #650 40x25 blend=0602 0.35 Mpx/frame 11 draws/frame
[d3d11_sw] perf tex #647 40x25 blend=0602 0.18 Mpx/frame 8 draws/frame
[d3d11_sw] perf tex #537 200x200 blend=0605 0.18 Mpx/frame 21 draws/frame
[d3d11_sw] perf 28.0 fps (35.7 ms/frame) raster 15.3 ms/frame tris 1985 flushes 3 bins 14225 shaded 28.25 Mpx/frame bbox 39.27 Mpx/frame
[d3d11_sw] perf mix% tex=214 bilin=51 over=178 add=0 otherblend=22 atest=1 ztest=0 flat=214 linear=0
[d3d11_sw] perf simd% ok=89 | noavx2=0 notex=0 notflat=0 depth=0 mask=0 blend=11 npot=0 addr=0 other=0
[d3d11_sw] perf split ms/frame: draw 31.6 (raster 15.3 nested) decode 0.0 present 1.0 | outside wrapper 3.1 of 35.7
[d3d11_sw] perf rt #29 1280x720 bb=0 15.61 Mpx/frame (16.9x target) 249 draws/frame
[d3d11_sw] perf rt #28 2560x1440 bb=1 3.69 Mpx/frame (1.0x target) 1 draws/frame
[d3d11_sw] perf rt #1695 640x360 bb=0 0.29 Mpx/frame (1.2x target) 59 draws/frame
[d3d11_sw] perf tex #107 200x200 blend=0605 3.47 Mpx/frame 30 draws/frame
[d3d11_sw] perf tex #651 40x25 blend=0602 0.36 Mpx/frame 2 draws/frame
[d3d11_sw] perf tex #654 40x25 blend=0602 0.36 Mpx/frame 4 draws/frame
[d3d11_sw] perf tex #537 200x200 blend=0605 0.19 Mpx/frame 17 draws/frame
[d3d11_sw] perf tex #647 40x25 blend=0602 0.18 Mpx/frame 8 draws/frame
[d3d11_sw] perf tex #650 40x25 blend=0602 0.18 Mpx/frame 8 draws/frame
[d3d11_sw] perf 25.3 fps (39.6 ms/frame) raster 17.1 ms/frame tris 2096 flushes 3 bins 14642 shaded 27.09 Mpx/frame bbox 40.32 Mpx/frame
[d3d11_sw] perf mix% tex=210 bilin=53 over=173 add=0 otherblend=23 atest=1 ztest=0 flat=210 linear=0
[d3d11_sw] perf simd% ok=88 | noavx2=0 notex=0 notflat=0 depth=0 mask=0 blend=12 npot=0 addr=0 other=0
[d3d11_sw] perf split ms/frame: draw 35.2 (raster 17.1 nested) decode 0.0 present 1.1 | outside wrapper 3.3 of 39.6
[d3d11_sw] perf rt #29 1280x720 bb=0 16.13 Mpx/frame (17.5x target) 275 draws/frame
[d3d11_sw] perf rt #28 2560x1440 bb=1 3.69 Mpx/frame (1.0x target) 1 draws/frame
[d3d11_sw] perf rt #1695 640x360 bb=0 0.29 Mpx/frame (1.2x target) 59 draws/frame
[d3d11_sw] perf tex #107 200x200 blend=0605 3.06 Mpx/frame 32 draws/frame
[d3d11_sw] perf tex #651 40x25 blend=0602 0.36 Mpx/frame 2 draws/frame
[d3d11_sw] perf tex #654 40x25 blend=0602 0.36 Mpx/frame 4 draws/frame
[d3d11_sw] perf tex #537 200x200 blend=0605 0.26 Mpx/frame 17 draws/frame
[d3d11_sw] perf tex #647 40x25 blend=0602 0.18 Mpx/frame 8 draws/frame
[d3d11_sw] perf tex #650 40x25 blend=0602 0.18 Mpx/frame 8 draws/frame
[d3d11_sw] perf 29.0 fps (34.5 ms/frame) raster 15.9 ms/frame tris 1303 flushes 3 bins 12893 shaded 27.15 Mpx/frame bbox 38.11 Mpx/frame
[d3d11_sw] perf mix% tex=227 bilin=58 over=191 add=0 otherblend=23 atest=1 ztest=0 flat=227 linear=0
[d3d11_sw] perf simd% ok=89 | noavx2=0 notex=0 notflat=0 depth=0 mask=0 blend=11 npot=0 addr=0 other=0
[d3d11_sw] perf split ms/frame: draw 30.0 (raster 15.9 nested) decode 0.0 present 1.1 | outside wrapper 3.4 of 34.5
[d3d11_sw] perf rt #29 1280x720 bb=0 15.04 Mpx/frame (16.3x target) 243 draws/frame
[d3d11_sw] perf rt #28 2560x1440 bb=1 3.69 Mpx/frame (1.0x target) 1 draws/frame
[d3d11_sw] perf rt #1695 640x360 bb=0 0.29 Mpx/frame (1.2x target) 61 draws/frame
[d3d11_sw] perf tex #107 200x200 blend=0605 3.73 Mpx/frame 32 draws/frame
[d3d11_sw] perf tex #556 2048x2048 blend=0605 0.70 Mpx/frame 4 draws/frame
[d3d11_sw] perf tex #654 40x25 blend=0602 0.36 Mpx/frame 4 draws/frame
[d3d11_sw] perf tex #651 40x25 blend=0602 0.36 Mpx/frame 2 draws/frame
[d3d11_sw] perf tex #647 40x25 blend=0602 0.18 Mpx/frame 8 draws/frame
[d3d11_sw] perf tex #650 40x25 blend=0602 0.18 Mpx/frame 8 draws/frame
[d3d11_sw] perf 31.2 fps (32.1 ms/frame) raster 13.7 ms/frame tris 1498 flushes 3 bins 12348 shaded 23.04 Mpx/frame bbox 35.00 Mpx/frame
[d3d11_sw] perf mix% tex=242 bilin=63 over=202 add=0 otherblend=24 atest=1 ztest=0 flat=242 linear=0
[d3d11_sw] perf simd% ok=88 | noavx2=0 notex=0 notflat=0 depth=0 mask=0 blend=12 npot=0 addr=0 other=0
[d3d11_sw] perf split ms/frame: draw 28.0 (raster 13.7 nested) decode 0.0 present 1.0 | outside wrapper 3.1 of 32.1
[d3d11_sw] perf rt #29 1280x720 bb=0 13.48 Mpx/frame (14.6x target) 242 draws/frame
[d3d11_sw] perf rt #28 2560x1440 bb=1 3.69 Mpx/frame (1.0x target) 1 draws/frame
[d3d11_sw] perf rt #1695 640x360 bb=0 0.29 Mpx/frame (1.2x target) 59 draws/frame
[d3d11_sw] perf tex #107 200x200 blend=0605 2.92 Mpx/frame 30 draws/frame
[d3d11_sw] perf tex #651 40x25 blend=0602 0.34 Mpx/frame 2 draws/frame
[d3d11_sw] perf tex #654 40x25 blend=0602 0.34 Mpx/frame 6 draws/frame
[d3d11_sw] perf tex #647 40x25 blend=0602 0.17 Mpx/frame 8 draws/frame
[d3d11_sw] perf tex #650 40x25 blend=0602 0.17 Mpx/frame 8 draws/frame
[d3d11_sw] perf tex #537 200x200 blend=0605 0.09 Mpx/frame 16 draws/frame
[d3d11_sw] perf 30.0 fps (33.3 ms/frame) raster 14.5 ms/frame tris 1264 flushes 3 bins 12064 shaded 22.86 Mpx/frame bbox 35.14 Mpx/frame
[d3d11_sw] perf mix% tex=240 bilin=63 over=200 add=0 otherblend=24 atest=1 ztest=0 flat=240 linear=0
[d3d11_sw] perf simd% ok=87 | noavx2=0 notex=0 notflat=0 depth=0 mask=0 blend=13 npot=0 addr=0 other=0
[d3d11_sw] perf split ms/frame: draw 29.1 (raster 14.5 nested) decode 0.0 present 1.0 | outside wrapper 3.2 of 33.3
[d3d11_sw] perf rt #29 1280x720 bb=0 13.56 Mpx/frame (14.7x target) 261 draws/frame
[d3d11_sw] perf rt #28 2560x1440 bb=1 3.69 Mpx/frame (1.0x target) 1 draws/frame
[d3d11_sw] perf rt #1695 640x360 bb=0 0.29 Mpx/frame (1.2x target) 59 draws/frame
[d3d11_sw] perf tex #107 200x200 blend=0605 2.86 Mpx/frame 32 draws/frame
[d3d11_sw] perf tex #651 40x25 blend=0602 0.36 Mpx/frame 2 draws/frame
[d3d11_sw] perf tex #654 40x25 blend=0602 0.36 Mpx/frame 7 draws/frame
[d3d11_sw] perf tex #650 40x25 blend=0602 0.18 Mpx/frame 8 draws/frame
[d3d11_sw] perf tex #647 40x25 blend=0602 0.18 Mpx/frame 8 draws/frame
[d3d11_sw] perf tex #537 200x200 blend=0605 0.09 Mpx/frame 16 draws/frame
[d3d11_sw] perf 29.8 fps (33.6 ms/frame) raster 14.7 ms/frame tris 1320 flushes 3 bins 12348 shaded 23.06 Mpx/frame bbox 35.60 Mpx/frame
[d3d11_sw] perf mix% tex=239 bilin=62 over=199 add=0 otherblend=24 atest=1 ztest=0 flat=239 linear=0
[d3d11_sw] perf simd% ok=87 | noavx2=0 notex=0 notflat=0 depth=0 mask=0 blend=13 npot=0 addr=0 other=0
[d3d11_sw] perf split ms/frame: draw 29.3 (raster 14.7 nested) decode 0.0 present 1.0 | outside wrapper 3.2 of 33.6
[d3d11_sw] perf rt #29 1280x720 bb=0 13.78 Mpx/frame (14.9x target) 261 draws/frame
[d3d11_sw] perf rt #28 2560x1440 bb=1 3.69 Mpx/frame (1.0x target) 1 draws/frame
[d3d11_sw] perf rt #1695 640x360 bb=0 0.29 Mpx/frame (1.2x target) 59 draws/frame
[d3d11_sw] perf tex #107 200x200 blend=0605 2.86 Mpx/frame 31 draws/frame
[d3d11_sw] perf tex #654 40x25 blend=0602 0.36 Mpx/frame 7 draws/frame
[d3d11_sw] perf tex #651 40x25 blend=0602 0.36 Mpx/frame 2 draws/frame
[d3d11_sw] perf tex #650 40x25 blend=0602 0.18 Mpx/frame 8 draws/frame
[d3d11_sw] perf tex #647 40x25 blend=0602 0.18 Mpx/frame 8 draws/frame
[d3d11_sw] perf tex #537 200x200 blend=0605 0.09 Mpx/frame 16 draws/frame
[d3d11_sw] perf 29.3 fps (34.1 ms/frame) raster 15.0 ms/frame tris 1199 flushes 3 bins 11930 shaded 22.79 Mpx/frame bbox 35.00 Mpx/frame
[d3d11_sw] perf mix% tex=241 bilin=63 over=201 add=0 otherblend=24 atest=1 ztest=0 flat=241 linear=0
[d3d11_sw] perf simd% ok=87 | noavx2=0 notex=0 notflat=0 depth=0 mask=0 blend=13 npot=0 addr=0 other=0
[d3d11_sw] perf split ms/frame: draw 29.6 (raster 15.0 nested) decode 0.0 present 1.1 | outside wrapper 3.4 of 34.1
[d3d11_sw] perf rt #29 1280x720 bb=0 13.49 Mpx/frame (14.6x target) 253 draws/frame
[d3d11_sw] perf rt #28 2560x1440 bb=1 3.69 Mpx/frame (1.0x target) 1 draws/frame
[d3d11_sw] perf rt #1695 640x360 bb=0 0.29 Mpx/frame (1.2x target) 59 draws/frame
[d3d11_sw] perf tex #107 200x200 blend=0605 2.85 Mpx/frame 31 draws/frame
[d3d11_sw] perf tex #651 40x25 blend=0602 0.36 Mpx/frame 2 draws/frame
[d3d11_sw] perf tex #654 40x25 blend=0602 0.36 Mpx/frame 8 draws/frame
[d3d11_sw] perf tex #650 40x25 blend=0602 0.18 Mpx/frame 8 draws/frame
[d3d11_sw] perf tex #647 40x25 blend=0602 0.18 Mpx/frame 8 draws/frame
[d3d11_sw] perf tex #537 200x200 blend=0605 0.09 Mpx/frame 16 draws/frame
[d3d11_sw] perf 30.0 fps (33.3 ms/frame) raster 14.6 ms/frame tris 1186 flushes 3 bins 11905 shaded 22.83 Mpx/frame bbox 35.08 Mpx/frame
[d3d11_sw] perf mix% tex=240 bilin=63 over=200 add=0 otherblend=24 atest=1 ztest=0 flat=240 linear=0
[d3d11_sw] perf simd% ok=87 | noavx2=0 notex=0 notflat=0 depth=0 mask=0 blend=13 npot=0 addr=0 other=0
[d3d11_sw] perf split ms/frame: draw 29.1 (raster 14.6 nested) decode 0.0 present 1.0 | outside wrapper 3.2 of 33.3
[d3d11_sw] perf rt #29 1280x720 bb=0 13.53 Mpx/frame (14.7x target) 250 draws/frame
[d3d11_sw] perf rt #28 2560x1440 bb=1 3.69 Mpx/frame (1.0x target) 1 draws/frame
[d3d11_sw] perf rt #1695 640x360 bb=0 0.29 Mpx/frame (1.2x target) 59 draws/frame
[d3d11_sw] perf tex #107 200x200 blend=0605 2.85 Mpx/frame 30 draws/frame
[d3d11_sw] perf tex #651 40x25 blend=0602 0.36 Mpx/frame 2 draws/frame
[d3d11_sw] perf tex #654 40x25 blend=0602 0.36 Mpx/frame 5 draws/frame
[d3d11_sw] perf tex #650 40x25 blend=0602 0.18 Mpx/frame 8 draws/frame
[d3d11_sw] perf tex #647 40x25 blend=0602 0.18 Mpx/frame 8 draws/frame
[d3d11_sw] perf tex #537 200x200 blend=0605 0.09 Mpx/frame 16 draws/frame
[d3d11_sw] perf 31.1 fps (32.1 ms/frame) raster 14.1 ms/frame tris 1172 flushes 3 bins 12026 shaded 23.02 Mpx/frame bbox 35.50 Mpx/frame
[d3d11_sw] perf mix% tex=239 bilin=62 over=200 add=0 otherblend=24 atest=1 ztest=0 flat=239 linear=0
[d3d11_sw] perf simd% ok=87 | noavx2=0 notex=0 notflat=0 depth=0 mask=0 blend=13 npot=0 addr=0 other=0
[d3d11_sw] perf split ms/frame: draw 28.1 (raster 14.1 nested) decode 0.0 present 1.0 | outside wrapper 3.0 of 32.1
[d3d11_sw] perf rt #29 1280x720 bb=0 13.73 Mpx/frame (14.9x target) 252 draws/frame
[d3d11_sw] perf rt #28 2560x1440 bb=1 3.69 Mpx/frame (1.0x target) 1 draws/frame
[d3d11_sw] perf rt #1695 640x360 bb=0 0.29 Mpx/frame (1.2x target) 59 draws/frame
[d3d11_sw] perf tex #107 200x200 blend=0605 2.84 Mpx/frame 29 draws/frame
[d3d11_sw] perf tex #651 40x25 blend=0602 0.36 Mpx/frame 2 draws/frame
[d3d11_sw] perf tex #654 40x25 blend=0602 0.36 Mpx/frame 8 draws/frame
[d3d11_sw] perf tex #650 40x25 blend=0602 0.18 Mpx/frame 8 draws/frame
[d3d11_sw] perf tex #647 40x25 blend=0602 0.18 Mpx/frame 8 draws/frame
[d3d11_sw] perf tex #537 200x200 blend=0605 0.09 Mpx/frame 16 draws/frame
[d3d11_sw] perf 30.9 fps (32.4 ms/frame) raster 14.4 ms/frame tris 1155 flushes 3 bins 11879 shaded 22.91 Mpx/frame bbox 35.24 Mpx/frame
[d3d11_sw] perf mix% tex=240 bilin=62 over=199 add=0 otherblend=24 atest=1 ztest=0 flat=240 linear=0
[d3d11_sw] perf simd% ok=86 | noavx2=0 notex=0 notflat=0 depth=0 mask=0 blend=14 npot=0 addr=0 other=0
[d3d11_sw] perf split ms/frame: draw 28.4 (raster 14.4 nested) decode 0.0 present 1.0 | outside wrapper 3.0 of 32.4
[d3d11_sw] perf rt #29 1280x720 bb=0 13.60 Mpx/frame (14.8x target) 245 draws/frame
[d3d11_sw] perf rt #28 2560x1440 bb=1 3.69 Mpx/frame (1.0x target) 1 draws/frame
[d3d11_sw] perf rt #1695 640x360 bb=0 0.29 Mpx/frame (1.2x target) 59 draws/frame
[d3d11_sw] perf tex #107 200x200 blend=0605 2.84 Mpx/frame 28 draws/frame
[d3d11_sw] perf tex #651 40x25 blend=0602 0.36 Mpx/frame 2 draws/frame
[d3d11_sw] perf tex #654 40x25 blend=0602 0.36 Mpx/frame 7 draws/frame
[d3d11_sw] perf tex #650 40x25 blend=0602 0.18 Mpx/frame 8 draws/frame
[d3d11_sw] perf tex #647 40x25 blend=0602 0.18 Mpx/frame 8 draws/frame
[d3d11_sw] perf tex #537 200x200 blend=0605 0.09 Mpx/frame 16 draws/frame
[d3d11_sw] perf 29.4 fps (34.0 ms/frame) raster 15.6 ms/frame tris 1115 flushes 3 bins 11842 shaded 22.98 Mpx/frame bbox 35.36 Mpx/frame
[d3d11_sw] perf mix% tex=240 bilin=62 over=199 add=0 otherblend=24 atest=1 ztest=0 flat=240 linear=0
[d3d11_sw] perf simd% ok=86 | noavx2=0 notex=0 notflat=0 depth=0 mask=0 blend=14 npot=0 addr=0 other=0
[d3d11_sw] perf split ms/frame: draw 29.8 (raster 15.6 nested) decode 0.0 present 1.0 | outside wrapper 3.2 of 34.0
[d3d11_sw] perf rt #29 1280x720 bb=0 13.67 Mpx/frame (14.8x target) 239 draws/frame
[d3d11_sw] perf rt #28 2560x1440 bb=1 3.69 Mpx/frame (1.0x target) 1 draws/frame
[d3d11_sw] perf rt #1695 640x360 bb=0 0.29 Mpx/frame (1.2x target) 59 draws/frame
[d3d11_sw] perf tex #107 200x200 blend=0605 2.83 Mpx/frame 28 draws/frame
[d3d11_sw] perf tex #651 40x25 blend=0602 0.36 Mpx/frame 2 draws/frame
[d3d11_sw] perf tex #654 40x25 blend=0602 0.36 Mpx/frame 6 draws/frame
[d3d11_sw] perf tex #650 40x25 blend=0602 0.18 Mpx/frame 8 draws/frame
[d3d11_sw] perf tex #647 40x25 blend=0602 0.18 Mpx/frame 8 draws/frame
[d3d11_sw] perf tex #537 200x200 blend=0605 0.09 Mpx/frame 16 draws/frame
[d3d11_sw] perf 30.3 fps (33.0 ms/frame) raster 15.1 ms/frame tris 968 flushes 3 bins 11345 shaded 22.63 Mpx/frame bbox 34.66 Mpx/frame
[d3d11_sw] perf mix% tex=242 bilin=63 over=202 add=0 otherblend=24 atest=1 ztest=0 flat=242 linear=0
[d3d11_sw] perf simd% ok=87 | noavx2=0 notex=0 notflat=0 depth=0 mask=0 blend=13 npot=0 addr=0 other=0
[d3d11_sw] perf split ms/frame: draw 28.7 (raster 15.1 nested) decode 0.0 present 1.0 | outside wrapper 3.3 of 33.0
[d3d11_sw] perf rt #29 1280x720 bb=0 13.32 Mpx/frame (14.5x target) 220 draws/frame
[d3d11_sw] perf rt #28 2560x1440 bb=1 3.69 Mpx/frame (1.0x target) 1 draws/frame
[d3d11_sw] perf rt #1695 640x360 bb=0 0.29 Mpx/frame (1.2x target) 59 draws/frame
[d3d11_sw] perf tex #107 200x200 blend=0605 2.83 Mpx/frame 27 draws/frame
[d3d11_sw] perf tex #651 40x25 blend=0602 0.36 Mpx/frame 2 draws/frame
[d3d11_sw] perf tex #654 40x25 blend=0602 0.36 Mpx/frame 4 draws/frame
[d3d11_sw] perf tex #650 40x25 blend=0602 0.18 Mpx/frame 8 draws/frame
[d3d11_sw] perf tex #647 40x25 blend=0602 0.18 Mpx/frame 8 draws/frame
[d3d11_sw] perf tex #537 200x200 blend=0605 0.09 Mpx/frame 16 draws/frame
[d3d11_sw] perf 31.1 fps (32.1 ms/frame) raster 13.9 ms/frame tris 1346 flushes 3 bins 12172 shaded 23.74 Mpx/frame bbox 35.32 Mpx/frame
[d3d11_sw] perf mix% tex=235 bilin=60 over=197 add=0 otherblend=22 atest=1 ztest=0 flat=235 linear=0
[d3d11_sw] perf simd% ok=88 | noavx2=0 notex=0 notflat=0 depth=0 mask=0 blend=12 npot=0 addr=0 other=0
[d3d11_sw] perf split ms/frame: draw 28.1 (raster 13.9 nested) decode 0.0 present 1.0 | outside wrapper 3.1 of 32.1
[d3d11_sw] perf rt #29 1280x720 bb=0 13.64 Mpx/frame (14.8x target) 220 draws/frame
[d3d11_sw] perf rt #28 2560x1440 bb=1 3.69 Mpx/frame (1.0x target) 1 draws/frame
[d3d11_sw] perf rt #1695 640x360 bb=0 0.29 Mpx/frame (1.3x target) 61 draws/frame
[d3d11_sw] perf tex #107 200x200 blend=0605 3.13 Mpx/frame 27 draws/frame
[d3d11_sw] perf tex #651 40x25 blend=0602 0.36 Mpx/frame 2 draws/frame
[d3d11_sw] perf tex #654 40x25 blend=0602 0.36 Mpx/frame 4 draws/frame
[d3d11_sw] perf tex #650 40x25 blend=0602 0.19 Mpx/frame 8 draws/frame
[d3d11_sw] perf tex #647 40x25 blend=0602 0.18 Mpx/frame 8 draws/frame
[d3d11_sw] perf tex #537 200x200 blend=0605 0.10 Mpx/frame 17 draws/frame
[d3d11_sw] perf 23.1 fps (43.3 ms/frame) raster 16.5 ms/frame tris 2760 flushes 3 bins 15493 shaded 29.85 Mpx/frame bbox 39.82 Mpx/frame
[d3d11_sw] perf mix% tex=207 bilin=50 over=176 add=0 otherblend=18 atest=1 ztest=0 flat=207 linear=0
[d3d11_sw] perf simd% ok=89 | noavx2=0 notex=0 notflat=0 depth=0 mask=0 blend=11 npot=0 addr=0 other=0
[d3d11_sw] perf split ms/frame: draw 39.0 (raster 16.5 nested) decode 0.0 present 1.0 | outside wrapper 3.4 of 43.3
[d3d11_sw] perf rt #29 1280x720 bb=0 15.78 Mpx/frame (17.1x target) 296 draws/frame
[d3d11_sw] perf rt #28 2560x1440 bb=1 3.69 Mpx/frame (1.0x target) 1 draws/frame
[d3d11_sw] perf rt #1695 640x360 bb=0 0.37 Mpx/frame (1.6x target) 108 draws/frame
[d3d11_sw] perf tex #107 200x200 blend=0605 4.25 Mpx/frame 39 draws/frame
[d3d11_sw] perf tex #651 40x25 blend=0602 0.36 Mpx/frame 2 draws/frame
[d3d11_sw] perf tex #654 40x25 blend=0602 0.36 Mpx/frame 6 draws/frame
[d3d11_sw] perf tex #650 40x25 blend=0602 0.34 Mpx/frame 11 draws/frame
[d3d11_sw] perf tex #647 40x25 blend=0602 0.18 Mpx/frame 8 draws/frame
[d3d11_sw] perf tex #537 200x200 blend=0605 0.15 Mpx/frame 21 draws/frame
[d3d11_sw] perf 23.9 fps (41.9 ms/frame) raster 15.7 ms/frame tris 2499 flushes 3 bins 15114 shaded 29.86 Mpx/frame bbox 39.82 Mpx/frame
[d3d11_sw] perf mix% tex=207 bilin=50 over=176 add=0 otherblend=18 atest=1 ztest=0 flat=207 linear=0
[d3d11_sw] perf simd% ok=89 | noavx2=0 notex=0 notflat=0 depth=0 mask=0 blend=11 npot=0 addr=0 other=0
[d3d11_sw] perf split ms/frame: draw 37.6 (raster 15.7 nested) decode 0.0 present 1.0 | outside wrapper 3.2 of 41.9
[d3d11_sw] perf rt #29 1280x720 bb=0 15.80 Mpx/frame (17.1x target) 297 draws/frame
[d3d11_sw] perf rt #28 2560x1440 bb=1 3.69 Mpx/frame (1.0x target) 1 draws/frame
[d3d11_sw] perf rt #1695 640x360 bb=0 0.35 Mpx/frame (1.5x target) 104 draws/frame
[d3d11_sw] perf tex #107 200x200 blend=0605 4.25 Mpx/frame 39 draws/frame
[d3d11_sw] perf tex #651 40x25 blend=0602 0.36 Mpx/frame 2 draws/frame
[d3d11_sw] perf tex #654 40x25 blend=0602 0.36 Mpx/frame 7 draws/frame
[d3d11_sw] perf tex #650 40x25 blend=0602 0.35 Mpx/frame 11 draws/frame
[d3d11_sw] perf tex #647 40x25 blend=0602 0.18 Mpx/frame 8 draws/frame
[d3d11_sw] perf tex #537 200x200 blend=0605 0.15 Mpx/frame 22 draws/frame
[d3d11_sw] perf 26.1 fps (38.3 ms/frame) raster 16.2 ms/frame tris 2156 flushes 3 bins 14396 shaded 29.36 Mpx/frame bbox 38.79 Mpx/frame
[d3d11_sw] perf mix% tex=208 bilin=49 over=177 add=0 otherblend=18 atest=1 ztest=0 flat=208 linear=0
[d3d11_sw] perf simd% ok=88 | noavx2=0 notex=0 notflat=0 depth=0 mask=0 blend=12 npot=0 addr=0 other=0
[d3d11_sw] perf split ms/frame: draw 33.9 (raster 16.2 nested) decode 0.0 present 1.1 | outside wrapper 3.4 of 38.3
[d3d11_sw] perf rt #29 1280x720 bb=0 15.34 Mpx/frame (16.6x target) 253 draws/frame
[d3d11_sw] perf rt #28 2560x1440 bb=1 3.69 Mpx/frame (1.0x target) 1 draws/frame
[d3d11_sw] perf rt #1695 640x360 bb=0 0.31 Mpx/frame (1.3x target) 69 draws/frame
[d3d11_sw] perf tex #107 200x200 blend=0605 4.23 Mpx/frame 32 draws/frame
[d3d11_sw] perf tex #651 40x25 blend=0602 0.36 Mpx/frame 2 draws/frame
[d3d11_sw] perf tex #654 40x25 blend=0602 0.36 Mpx/frame 4 draws/frame
[d3d11_sw] perf tex #650 40x25 blend=0602 0.24 Mpx/frame 9 draws/frame
[d3d11_sw] perf tex #647 40x25 blend=0602 0.18 Mpx/frame 8 draws/frame
[d3d11_sw] perf tex #114 1024x1024 blend=0602 0.12 Mpx/frame 45 draws/frame
[d3d11_sw] perf 29.5 fps (33.9 ms/frame) raster 15.3 ms/frame tris 1166 flushes 3 bins 12099 shaded 25.19 Mpx/frame bbox 36.25 Mpx/frame
[d3d11_sw] perf mix% tex=226 bilin=57 over=190 add=0 otherblend=21 atest=1 ztest=0 flat=226 linear=0
[d3d11_sw] perf simd% ok=88 | noavx2=0 notex=0 notflat=0 depth=0 mask=0 blend=12 npot=0 addr=0 other=0
[d3d11_sw] perf split ms/frame: draw 29.4 (raster 15.3 nested) decode 0.0 present 1.0 | outside wrapper 3.4 of 33.9
[d3d11_sw] perf rt #29 1280x720 bb=0 14.11 Mpx/frame (15.3x target) 242 draws/frame
[d3d11_sw] perf rt #28 2560x1440 bb=1 3.69 Mpx/frame (1.0x target) 1 draws/frame
[d3d11_sw] perf rt #1695 640x360 bb=0 0.29 Mpx/frame (1.2x target) 59 draws/frame
[d3d11_sw] perf tex #107 200x200 blend=0605 3.44 Mpx/frame 33 draws/frame
[d3d11_sw] perf tex #651 40x25 blend=0602 0.36 Mpx/frame 2 draws/frame
[d3d11_sw] perf tex #654 40x25 blend=0602 0.36 Mpx/frame 4 draws/frame
[d3d11_sw] perf tex #650 40x25 blend=0602 0.18 Mpx/frame 8 draws/frame
[d3d11_sw] perf tex #647 40x25 blend=0602 0.18 Mpx/frame 8 draws/frame
[d3d11_sw] perf tex #556 2048x2048 blend=0605 0.11 Mpx/frame 4 draws/frame
[d3d11_sw] perf 30.7 fps (32.6 ms/frame) raster 14.4 ms/frame tris 1608 flushes 3 bins 13255 shaded 26.42 Mpx/frame bbox 37.60 Mpx/frame
[d3d11_sw] perf mix% tex=226 bilin=59 over=191 add=0 otherblend=20 atest=1 ztest=0 flat=226 linear=0
[d3d11_sw] perf simd% ok=89 | noavx2=0 notex=0 notflat=0 depth=0 mask=0 blend=11 npot=0 addr=0 other=0
[d3d11_sw] perf split ms/frame: draw 28.5 (raster 14.4 nested) decode 0.0 present 1.0 | outside wrapper 3.1 of 32.6
[d3d11_sw] perf rt #29 1280x720 bb=0 14.78 Mpx/frame (16.0x target) 237 draws/frame
[d3d11_sw] perf rt #28 2560x1440 bb=1 3.69 Mpx/frame (1.0x target) 1 draws/frame
[d3d11_sw] perf rt #1695 640x360 bb=0 0.29 Mpx/frame (1.2x target) 61 draws/frame
[d3d11_sw] perf tex #107 200x200 blend=0605 3.57 Mpx/frame 30 draws/frame
[d3d11_sw] perf tex #556 2048x2048 blend=0605 0.56 Mpx/frame 4 draws/frame
[d3d11_sw] perf tex #654 40x25 blend=0602 0.35 Mpx/frame 4 draws/frame
[d3d11_sw] perf tex #651 40x25 blend=0602 0.35 Mpx/frame 2 draws/frame
[d3d11_sw] perf tex #647 40x25 blend=0602 0.18 Mpx/frame 8 draws/frame
[d3d11_sw] perf tex #650 40x25 blend=0602 0.17 Mpx/frame 8 draws/frame
[d3d11_sw] perf 31.0 fps (32.3 ms/frame) raster 14.2 ms/frame tris 1291 flushes 3 bins 12359 shaded 24.85 Mpx/frame bbox 36.47 Mpx/frame
[d3d11_sw] perf mix% tex=236 bilin=60 over=197 add=0 otherblend=24 atest=1 ztest=0 flat=236 linear=0
[d3d11_sw] perf simd% ok=89 | noavx2=0 notex=0 notflat=0 depth=0 mask=0 blend=11 npot=0 addr=0 other=0
[d3d11_sw] perf split ms/frame: draw 28.2 (raster 14.2 nested) decode 0.0 present 1.0 | outside wrapper 3.1 of 32.3
[d3d11_sw] perf rt #29 1280x720 bb=0 14.22 Mpx/frame (15.4x target) 248 draws/frame
[d3d11_sw] perf rt #28 2560x1440 bb=1 3.69 Mpx/frame (1.0x target) 1 draws/frame
[d3d11_sw] perf rt #1695 640x360 bb=0 0.29 Mpx/frame (1.2x target) 61 draws/frame
[d3d11_sw] perf tex #107 200x200 blend=0605 3.27 Mpx/frame 32 draws/frame
[d3d11_sw] perf tex #556 2048x2048 blend=0605 0.37 Mpx/frame 4 draws/frame
[d3d11_sw] perf tex #654 40x25 blend=0602 0.35 Mpx/frame 4 draws/frame
[d3d11_sw] perf tex #651 40x25 blend=0602 0.35 Mpx/frame 2 draws/frame
[d3d11_sw] perf tex #650 40x25 blend=0602 0.18 Mpx/frame 8 draws/frame
[d3d11_sw] perf tex #647 40x25 blend=0602 0.17 Mpx/frame 8 draws/frame
[d3d11_sw] perf 30.4 fps (32.9 ms/frame) raster 14.4 ms/frame tris 1341 flushes 3 bins 12637 shaded 25.71 Mpx/frame bbox 37.10 Mpx/frame
[d3d11_sw] perf mix% tex=233 bilin=59 over=194 add=0 otherblend=24 atest=1 ztest=0 flat=233 linear=0
[d3d11_sw] perf simd% ok=89 | noavx2=0 notex=0 notflat=0 depth=0 mask=0 blend=11 npot=0 addr=0 other=0
[d3d11_sw] perf split ms/frame: draw 28.7 (raster 14.4 nested) decode 0.0 present 1.0 | outside wrapper 3.1 of 32.9
[d3d11_sw] perf rt #29 1280x720 bb=0 14.53 Mpx/frame (15.8x target) 250 draws/frame
[d3d11_sw] perf rt #28 2560x1440 bb=1 3.69 Mpx/frame (1.0x target) 1 draws/frame
[d3d11_sw] perf rt #1695 640x360 bb=0 0.29 Mpx/frame (1.2x target) 62 draws/frame
[d3d11_sw] perf tex #107 200x200 blend=0605 3.39 Mpx/frame 32 draws/frame
[d3d11_sw] perf tex #556 2048x2048 blend=0605 0.47 Mpx/frame 4 draws/frame
[d3d11_sw] perf tex #654 40x25 blend=0602 0.36 Mpx/frame 4 draws/frame
[d3d11_sw] perf tex #651 40x25 blend=0602 0.36 Mpx/frame 2 draws/frame
[d3d11_sw] perf tex #647 40x25 blend=0602 0.18 Mpx/frame 8 draws/frame
[d3d11_sw] perf tex #650 40x25 blend=0602 0.18 Mpx/frame 8 draws/frame
[d3d11_sw] perf 25.2 fps (39.7 ms/frame) raster 16.8 ms/frame tris 1951 flushes 3 bins 13924 shaded 25.03 Mpx/frame bbox 37.86 Mpx/frame
[d3d11_sw] perf mix% tex=229 bilin=62 over=189 add=0 otherblend=25 atest=1 ztest=0 flat=229 linear=0
[d3d11_sw] perf simd% ok=88 | noavx2=0 notex=0 notflat=0 depth=0 mask=0 blend=12 npot=0 addr=0 other=0
[d3d11_sw] perf split ms/frame: draw 35.2 (raster 16.8 nested) decode 0.0 present 1.1 | outside wrapper 3.4 of 39.7
[d3d11_sw] perf rt #29 1280x720 bb=0 14.89 Mpx/frame (16.2x target) 302 draws/frame
[d3d11_sw] perf rt #28 2560x1440 bb=1 3.69 Mpx/frame (1.0x target) 1 draws/frame
[d3d11_sw] perf rt #1695 640x360 bb=0 0.29 Mpx/frame (1.3x target) 66 draws/frame
[d3d11_sw] perf tex #107 200x200 blend=0605 2.97 Mpx/frame 33 draws/frame
[d3d11_sw] perf tex #651 40x25 blend=0602 0.36 Mpx/frame 2 draws/frame
[d3d11_sw] perf tex #654 40x25 blend=0602 0.36 Mpx/frame 4 draws/frame
[d3d11_sw] perf tex #650 40x25 blend=0602 0.22 Mpx/frame 10 draws/frame
[d3d11_sw] perf tex #537 200x200 blend=0605 0.22 Mpx/frame 19 draws/frame
[d3d11_sw] perf tex #647 40x25 blend=0602 0.18 Mpx/frame 8 draws/frame
[d3d11_sw] perf 22.0 fps (45.5 ms/frame) raster 17.9 ms/frame tris 3207 flushes 3 bins 17363 shaded 28.01 Mpx/frame bbox 42.11 Mpx/frame
[d3d11_sw] perf mix% tex=207 bilin=58 over=171 add=0 otherblend=23 atest=1 ztest=0 flat=207 linear=0
[d3d11_sw] perf simd% ok=88 | noavx2=0 notex=0 notflat=0 depth=0 mask=0 blend=12 npot=0 addr=0 other=0
[d3d11_sw] perf split ms/frame: draw 41.2 (raster 17.9 nested) decode 0.0 present 1.1 | outside wrapper 3.3 of 45.5
[d3d11_sw] perf rt #29 1280x720 bb=0 16.99 Mpx/frame (18.4x target) 368 draws/frame
[d3d11_sw] perf rt #28 2560x1440 bb=1 3.69 Mpx/frame (1.0x target) 1 draws/frame
[d3d11_sw] perf rt #1695 640x360 bb=0 0.29 Mpx/frame (1.2x target) 62 draws/frame
[d3d11_sw] perf tex #107 200x200 blend=0605 3.07 Mpx/frame 33 draws/frame
[d3d11_sw] perf tex #651 40x25 blend=0602 0.36 Mpx/frame 2 draws/frame
[d3d11_sw] perf tex #654 40x25 blend=0602 0.36 Mpx/frame 4 draws/frame
[d3d11_sw] perf tex #537 200x200 blend=0605 0.35 Mpx/frame 20 draws/frame
[d3d11_sw] perf tex #650 40x25 blend=0602 0.34 Mpx/frame 15 draws/frame
[d3d11_sw] perf tex #647 40x25 blend=0602 0.18 Mpx/frame 8 draws/frame
[d3d11_sw] perf 21.9 fps (45.6 ms/frame) raster 17.4 ms/frame tris 3376 flushes 3 bins 17716 shaded 28.07 Mpx/frame bbox 42.23 Mpx/frame
[d3d11_sw] perf mix% tex=207 bilin=58 over=171 add=0 otherblend=22 atest=1 ztest=0 flat=207 linear=0
[d3d11_sw] perf simd% ok=88 | noavx2=0 notex=0 notflat=0 depth=0 mask=0 blend=12 npot=0 addr=0 other=0
[d3d11_sw] perf split ms/frame: draw 41.5 (raster 17.4 nested) decode 0.0 present 1.1 | outside wrapper 3.1 of 45.6
[d3d11_sw] perf rt #29 1280x720 bb=0 17.04 Mpx/frame (18.5x target) 374 draws/frame
[d3d11_sw] perf rt #28 2560x1440 bb=1 3.69 Mpx/frame (1.0x target) 1 draws/frame
[d3d11_sw] perf rt #1695 640x360 bb=0 0.29 Mpx/frame (1.2x target) 62 draws/frame
[d3d11_sw] perf tex #107 200x200 blend=0605 3.07 Mpx/frame 33 draws/frame
[d3d11_sw] perf tex #537 200x200 blend=0605 0.39 Mpx/frame 21 draws/frame
[d3d11_sw] perf tex #654 40x25 blend=0602 0.36 Mpx/frame 4 draws/frame
[d3d11_sw] perf tex #651 40x25 blend=0602 0.36 Mpx/frame 2 draws/frame
[d3d11_sw] perf tex #650 40x25 blend=0602 0.34 Mpx/frame 15 draws/frame
[d3d11_sw] perf tex #647 40x25 blend=0602 0.18 Mpx/frame 8 draws/frame
[d3d11_sw] perf 21.6 fps (46.2 ms/frame) raster 18.6 ms/frame tris 3138 flushes 3 bins 17191 shaded 27.95 Mpx/frame bbox 41.98 Mpx/frame
[d3d11_sw] perf mix% tex=207 bilin=58 over=172 add=0 otherblend=23 atest=1 ztest=0 flat=207 linear=0
[d3d11_sw] perf simd% ok=88 | noavx2=0 notex=0 notflat=0 depth=0 mask=0 blend=12 npot=0 addr=0 other=0
[d3d11_sw] perf split ms/frame: draw 41.7 (raster 18.6 nested) decode 0.0 present 1.1 | outside wrapper 3.4 of 46.2
[d3d11_sw] perf rt #29 1280x720 bb=0 16.92 Mpx/frame (18.4x target) 362 draws/frame
[d3d11_sw] perf rt #28 2560x1440 bb=1 3.69 Mpx/frame (1.0x target) 1 draws/frame
[d3d11_sw] perf rt #1695 640x360 bb=0 0.29 Mpx/frame (1.2x target) 62 draws/frame
[d3d11_sw] perf tex #107 200x200 blend=0605 3.07 Mpx/frame 33 draws/frame
[d3d11_sw] perf tex #651 40x25 blend=0602 0.36 Mpx/frame 2 draws/frame
[d3d11_sw] perf tex #654 40x25 blend=0602 0.36 Mpx/frame 4 draws/frame
[d3d11_sw] perf tex #537 200x200 blend=0605 0.36 Mpx/frame 20 draws/frame
[d3d11_sw] perf tex #650 40x25 blend=0602 0.34 Mpx/frame 14 draws/frame
[d3d11_sw] perf tex #647 40x25 blend=0602 0.18 Mpx/frame 8 draws/frame
[d3d11_sw] perf 21.7 fps (46.2 ms/frame) raster 18.9 ms/frame tris 3103 flushes 3 bins 17099 shaded 27.91 Mpx/frame bbox 41.91 Mpx/frame
[d3d11_sw] perf mix% tex=208 bilin=58 over=172 add=0 otherblend=23 atest=1 ztest=0 flat=208 linear=0
[d3d11_sw] perf simd% ok=88 | noavx2=0 notex=0 notflat=0 depth=0 mask=0 blend=12 npot=0 addr=0 other=0
[d3d11_sw] perf split ms/frame: draw 41.7 (raster 18.9 nested) decode 0.0 present 1.0 | outside wrapper 3.5 of 46.2
[d3d11_sw] perf rt #29 1280x720 bb=0 16.89 Mpx/frame (18.3x target) 360 draws/frame
[d3d11_sw] perf rt #28 2560x1440 bb=1 3.69 Mpx/frame (1.0x target) 1 draws/frame
[d3d11_sw] perf rt #1695 640x360 bb=0 0.29 Mpx/frame (1.2x target) 62 draws/frame
[d3d11_sw] perf tex #107 200x200 blend=0605 3.07 Mpx/frame 33 draws/frame
[d3d11_sw] perf tex #651 40x25 blend=0602 0.36 Mpx/frame 2 draws/frame
[d3d11_sw] perf tex #654 40x25 blend=0602 0.36 Mpx/frame 4 draws/frame
[d3d11_sw] perf tex #537 200x200 blend=0605 0.35 Mpx/frame 20 draws/frame
[d3d11_sw] perf tex #650 40x25 blend=0602 0.34 Mpx/frame 14 draws/frame
[d3d11_sw] perf tex #647 40x25 blend=0602 0.18 Mpx/frame 8 draws/frame
[d3d11_sw] perf 22.1 fps (45.3 ms/frame) raster 18.2 ms/frame tris 3156 flushes 3 bins 17202 shaded 27.94 Mpx/frame bbox 41.96 Mpx/frame
[d3d11_sw] perf mix% tex=207 bilin=58 over=172 add=0 otherblend=23 atest=1 ztest=0 flat=207 linear=0
[d3d11_sw] perf simd% ok=88 | noavx2=0 notex=0 notflat=0 depth=0 mask=0 blend=12 npot=0 addr=0 other=0
[d3d11_sw] perf split ms/frame: draw 40.9 (raster 18.2 nested) decode 0.0 present 1.0 | outside wrapper 3.3 of 45.3
[d3d11_sw] perf rt #29 1280x720 bb=0 16.91 Mpx/frame (18.3x target) 361 draws/frame
[d3d11_sw] perf rt #28 2560x1440 bb=1 3.69 Mpx/frame (1.0x target) 1 draws/frame
[d3d11_sw] perf rt #1695 640x360 bb=0 0.29 Mpx/frame (1.2x target) 62 draws/frame
[d3d11_sw] perf tex #107 200x200 blend=0605 3.07 Mpx/frame 33 draws/frame
[d3d11_sw] perf tex #537 200x200 blend=0605 0.37 Mpx/frame 21 draws/frame
[d3d11_sw] perf tex #654 40x25 blend=0602 0.36 Mpx/frame 4 draws/frame
[d3d11_sw] perf tex #651 40x25 blend=0602 0.36 Mpx/frame 2 draws/frame
[d3d11_sw] perf tex #650 40x25 blend=0602 0.34 Mpx/frame 14 draws/frame
[d3d11_sw] perf tex #647 40x25 blend=0602 0.18 Mpx/frame 8 draws/frame
[d3d11_sw] perf 22.7 fps (44.0 ms/frame) raster 17.4 ms/frame tris 3109 flushes 3 bins 17145 shaded 27.90 Mpx/frame bbox 41.88 Mpx/frame
[d3d11_sw] perf mix% tex=208 bilin=58 over=172 add=0 otherblend=23 atest=1 ztest=0 flat=208 linear=0
[d3d11_sw] perf simd% ok=88 | noavx2=0 notex=0 notflat=0 depth=0 mask=0 blend=12 npot=0 addr=0 other=0
[d3d11_sw] perf split ms/frame: draw 39.8 (raster 17.4 nested) decode 0.0 present 1.0 | outside wrapper 3.1 of 44.0
[d3d11_sw] perf rt #29 1280x720 bb=0 16.87 Mpx/frame (18.3x target) 355 draws/frame
[d3d11_sw] perf rt #28 2560x1440 bb=1 3.69 Mpx/frame (1.0x target) 1 draws/frame
[d3d11_sw] perf rt #1695 640x360 bb=0 0.29 Mpx/frame (1.2x target) 62 draws/frame
[d3d11_sw] perf tex #107 200x200 blend=0605 3.07 Mpx/frame 33 draws/frame
[d3d11_sw] perf tex #537 200x200 blend=0605 0.38 Mpx/frame 21 draws/frame
[d3d11_sw] perf tex #654 40x25 blend=0602 0.36 Mpx/frame 4 draws/frame
[d3d11_sw] perf tex #651 40x25 blend=0602 0.36 Mpx/frame 2 draws/frame
[d3d11_sw] perf tex #650 40x25 blend=0602 0.34 Mpx/frame 13 draws/frame
[d3d11_sw] perf tex #647 40x25 blend=0602 0.18 Mpx/frame 8 draws/frame
[d3d11_sw] perf 22.9 fps (43.6 ms/frame) raster 17.3 ms/frame tris 3039 flushes 3 bins 16996 shaded 27.86 Mpx/frame bbox 41.80 Mpx/frame
[d3d11_sw] perf mix% tex=208 bilin=58 over=172 add=0 otherblend=23 atest=1 ztest=0 flat=208 linear=0
[d3d11_sw] perf simd% ok=88 | noavx2=0 notex=0 notflat=0 depth=0 mask=0 blend=12 npot=0 addr=0 other=0
[d3d11_sw] perf split ms/frame: draw 39.4 (raster 17.3 nested) decode 0.0 present 1.0 | outside wrapper 3.2 of 43.6
[d3d11_sw] perf rt #29 1280x720 bb=0 16.83 Mpx/frame (18.3x target) 351 draws/frame
[d3d11_sw] perf rt #28 2560x1440 bb=1 3.69 Mpx/frame (1.0x target) 1 draws/frame
[d3d11_sw] perf rt #1695 640x360 bb=0 0.29 Mpx/frame (1.2x target) 62 draws/frame
[d3d11_sw] perf tex #107 200x200 blend=0605 3.07 Mpx/frame 33 draws/frame
[d3d11_sw] perf tex #651 40x25 blend=0602 0.36 Mpx/frame 2 draws/frame
[d3d11_sw] perf tex #654 40x25 blend=0602 0.36 Mpx/frame 4 draws/frame
[d3d11_sw] perf tex #537 200x200 blend=0605 0.35 Mpx/frame 20 draws/frame
[d3d11_sw] perf tex #650 40x25 blend=0602 0.34 Mpx/frame 13 draws/frame
[d3d11_sw] perf tex #647 40x25 blend=0602 0.18 Mpx/frame 8 draws/frame
[d3d11_sw] perf 23.3 fps (42.9 ms/frame) raster 16.7 ms/frame tris 2262 flushes 3 bins 14892 shaded 26.17 Mpx/frame bbox 39.27 Mpx/frame
[d3d11_sw] perf mix% tex=221 bilin=60 over=183 add=0 otherblend=24 atest=1 ztest=0 flat=221 linear=0
[d3d11_sw] perf simd% ok=88 | noavx2=0 notex=0 notflat=0 depth=0 mask=0 blend=12 npot=0 addr=0 other=0
[d3d11_sw] perf split ms/frame: draw 38.4 (raster 16.7 nested) decode 0.0 present 1.1 | outside wrapper 3.4 of 42.9
[d3d11_sw] perf rt #29 1280x720 bb=0 15.58 Mpx/frame (16.9x target) 327 draws/frame
[d3d11_sw] perf rt #28 2560x1440 bb=1 3.69 Mpx/frame (1.0x target) 1 draws/frame
[d3d11_sw] perf rt #1695 640x360 bb=0 0.29 Mpx/frame (1.3x target) 93 draws/frame
[d3d11_sw] perf tex #107 200x200 blend=0605 3.14 Mpx/frame 34 draws/frame
[d3d11_sw] perf tex #651 40x25 blend=0602 0.36 Mpx/frame 2 draws/frame
[d3d11_sw] perf tex #654 40x25 blend=0602 0.36 Mpx/frame 4 draws/frame
[d3d11_sw] perf tex #650 40x25 blend=0602 0.27 Mpx/frame 13 draws/frame
[d3d11_sw] perf tex #537 200x200 blend=0605 0.24 Mpx/frame 21 draws/frame
[d3d11_sw] perf tex #647 40x25 blend=0602 0.18 Mpx/frame 8 draws/frame
[d3d11_sw] perf 29.1 fps (34.4 ms/frame) raster 15.3 ms/frame tris 1571 flushes 3 bins 12864 shaded 25.20 Mpx/frame bbox 36.56 Mpx/frame
[d3d11_sw] perf mix% tex=222 bilin=53 over=184 add=0 otherblend=23 atest=1 ztest=0 flat=222 linear=0
[d3d11_sw] perf simd% ok=89 | noavx2=0 notex=0 notflat=0 depth=0 mask=0 blend=11 npot=0 addr=0 other=0
[d3d11_sw] perf split ms/frame: draw 29.9 (raster 15.3 nested) decode 0.0 present 1.1 | outside wrapper 3.4 of 34.4
[d3d11_sw] perf rt #29 1280x720 bb=0 14.26 Mpx/frame (15.5x target) 241 draws/frame
[d3d11_sw] perf rt #28 2560x1440 bb=1 3.69 Mpx/frame (1.0x target) 1 draws/frame
[d3d11_sw] perf rt #1695 640x360 bb=0 0.29 Mpx/frame (1.2x target) 62 draws/frame
[d3d11_sw] perf tex #107 200x200 blend=0605 3.31 Mpx/frame 30 draws/frame
[d3d11_sw] perf tex #556 2048x2048 blend=0605 0.36 Mpx/frame 4 draws/frame
[d3d11_sw] perf tex #654 40x25 blend=0602 0.34 Mpx/frame 5 draws/frame
[d3d11_sw] perf tex #651 40x25 blend=0602 0.34 Mpx/frame 2 draws/frame
[d3d11_sw] perf tex #647 40x25 blend=0602 0.17 Mpx/frame 8 draws/frame
[d3d11_sw] perf tex #650 40x25 blend=0602 0.17 Mpx/frame 8 draws/frame
[d3d11_sw] perf 31.1 fps (32.2 ms/frame) raster 13.8 ms/frame tris 1151 flushes 3 bins 11694 shaded 22.67 Mpx/frame bbox 34.72 Mpx/frame
[d3d11_sw] perf mix% tex=228 bilin=56 over=189 add=0 otherblend=23 atest=1 ztest=0 flat=228 linear=0
[d3d11_sw] perf simd% ok=88 | noavx2=0 notex=0 notflat=0 depth=0 mask=0 blend=12 npot=0 addr=0 other=0
[d3d11_sw] perf split ms/frame: draw 28.0 (raster 13.8 nested) decode 0.0 present 1.0 | outside wrapper 3.1 of 32.2
[d3d11_sw] perf rt #29 1280x720 bb=0 13.35 Mpx/frame (14.5x target) 258 draws/frame
[d3d11_sw] perf rt #28 2560x1440 bb=1 3.69 Mpx/frame (1.0x target) 1 draws/frame
[d3d11_sw] perf rt #1695 640x360 bb=0 0.29 Mpx/frame (1.2x target) 62 draws/frame
[d3d11_sw] perf tex #107 200x200 blend=0605 2.86 Mpx/frame 32 draws/frame
[d3d11_sw] perf tex #651 40x25 blend=0602 0.36 Mpx/frame 2 draws/frame
[d3d11_sw] perf tex #654 40x25 blend=0602 0.36 Mpx/frame 5 draws/frame
[d3d11_sw] perf tex #650 40x25 blend=0602 0.18 Mpx/frame 8 draws/frame
[d3d11_sw] perf tex #647 40x25 blend=0602 0.18 Mpx/frame 8 draws/frame
[d3d11_sw] perf tex #537 200x200 blend=0605 0.09 Mpx/frame 16 draws/frame
[d3d11_sw] perf 31.4 fps (31.8 ms/frame) raster 13.5 ms/frame tris 1188 flushes 3 bins 11831 shaded 22.92 Mpx/frame bbox 34.90 Mpx/frame
[d3d11_sw] perf mix% tex=227 bilin=55 over=188 add=0 otherblend=23 atest=1 ztest=0 flat=227 linear=0
[d3d11_sw] perf simd% ok=88 | noavx2=0 notex=0 notflat=0 depth=0 mask=0 blend=12 npot=0 addr=0 other=0
[d3d11_sw] perf split ms/frame: draw 27.8 (raster 13.5 nested) decode 0.0 present 1.0 | outside wrapper 3.0 of 31.8
[d3d11_sw] perf rt #29 1280x720 bb=0 13.44 Mpx/frame (14.6x target) 256 draws/frame
[d3d11_sw] perf rt #28 2560x1440 bb=1 3.69 Mpx/frame (1.0x target) 1 draws/frame
[d3d11_sw] perf rt #1695 640x360 bb=0 0.29 Mpx/frame (1.2x target) 62 draws/frame
[d3d11_sw] perf tex #107 200x200 blend=0605 2.91 Mpx/frame 32 draws/frame
[d3d11_sw] perf tex #651 40x25 blend=0602 0.36 Mpx/frame 2 draws/frame
[d3d11_sw] perf tex #654 40x25 blend=0602 0.36 Mpx/frame 4 draws/frame
[d3d11_sw] perf tex #650 40x25 blend=0602 0.18 Mpx/frame 8 draws/frame
[d3d11_sw] perf tex #647 40x25 blend=0602 0.18 Mpx/frame 8 draws/frame
[d3d11_sw] perf tex #537 200x200 blend=0605 0.09 Mpx/frame 16 draws/frame
[d3d11_sw] perf 31.4 fps (31.9 ms/frame) raster 13.8 ms/frame tris 1181 flushes 3 bins 12019 shaded 23.36 Mpx/frame bbox 35.36 Mpx/frame
[d3d11_sw] perf mix% tex=225 bilin=54 over=186 add=0 otherblend=23 atest=1 ztest=0 flat=225 linear=0
[d3d11_sw] perf simd% ok=87 | noavx2=0 notex=0 notflat=0 depth=0 mask=0 blend=13 npot=0 addr=0 other=0
[d3d11_sw] perf split ms/frame: draw 27.8 (raster 13.8 nested) decode 0.0 present 1.0 | outside wrapper 3.1 of 31.9
[d3d11_sw] perf rt #29 1280x720 bb=0 13.67 Mpx/frame (14.8x target) 253 draws/frame
[d3d11_sw] perf rt #28 2560x1440 bb=1 3.69 Mpx/frame (1.0x target) 1 draws/frame
[d3d11_sw] perf rt #1695 640x360 bb=0 0.29 Mpx/frame (1.2x target) 63 draws/frame
[d3d11_sw] perf tex #107 200x200 blend=0605 2.96 Mpx/frame 31 draws/frame
[d3d11_sw] perf tex #651 40x25 blend=0602 0.36 Mpx/frame 2 draws/frame
[d3d11_sw] perf tex #654 40x25 blend=0602 0.36 Mpx/frame 4 draws/frame
[d3d11_sw] perf tex #650 40x25 blend=0602 0.18 Mpx/frame 8 draws/frame
[d3d11_sw] perf tex #647 40x25 blend=0602 0.18 Mpx/frame 8 draws/frame
[d3d11_sw] perf tex #537 200x200 blend=0605 0.09 Mpx/frame 16 draws/frame
[d3d11_sw] perf 30.2 fps (33.1 ms/frame) raster 14.6 ms/frame tris 1206 flushes 3 bins 12120 shaded 23.42 Mpx/frame bbox 35.54 Mpx/frame
[d3d11_sw] perf mix% tex=224 bilin=54 over=186 add=0 otherblend=23 atest=1 ztest=0 flat=224 linear=0
[d3d11_sw] perf simd% ok=87 | noavx2=0 notex=0 notflat=0 depth=0 mask=0 blend=13 npot=0 addr=0 other=0
[d3d11_sw] perf split ms/frame: draw 28.8 (raster 14.6 nested) decode 0.0 present 1.0 | outside wrapper 3.2 of 33.1
[d3d11_sw] perf rt #29 1280x720 bb=0 13.75 Mpx/frame (14.9x target) 253 draws/frame
[d3d11_sw] perf rt #28 2560x1440 bb=1 3.69 Mpx/frame (1.0x target) 1 draws/frame
[d3d11_sw] perf rt #1695 640x360 bb=0 0.29 Mpx/frame (1.2x target) 62 draws/frame
[d3d11_sw] perf tex #107 200x200 blend=0605 2.95 Mpx/frame 30 draws/frame
[d3d11_sw] perf tex #651 40x25 blend=0602 0.36 Mpx/frame 2 draws/frame
[d3d11_sw] perf tex #654 40x25 blend=0602 0.36 Mpx/frame 5 draws/frame
[d3d11_sw] perf tex #647 40x25 blend=0602 0.18 Mpx/frame 8 draws/frame
[d3d11_sw] perf tex #650 40x25 blend=0602 0.18 Mpx/frame 8 draws/frame
[d3d11_sw] perf tex #537 200x200 blend=0605 0.09 Mpx/frame 16 draws/frame
[d3d11_sw] perf 30.3 fps (33.0 ms/frame) raster 14.6 ms/frame tris 1225 flushes 3 bins 12157 shaded 23.42 Mpx/frame bbox 35.52 Mpx/frame
[d3d11_sw] perf mix% tex=224 bilin=54 over=186 add=0 otherblend=23 atest=1 ztest=0 flat=224 linear=0
[d3d11_sw] perf simd% ok=87 | noavx2=0 notex=0 notflat=0 depth=0 mask=0 blend=13 npot=0 addr=0 other=0
[d3d11_sw] perf split ms/frame: draw 28.7 (raster 14.6 nested) decode 0.0 present 1.0 | outside wrapper 3.2 of 33.0
[d3d11_sw] perf rt #29 1280x720 bb=0 13.74 Mpx/frame (14.9x target) 250 draws/frame
[d3d11_sw] perf rt #28 2560x1440 bb=1 3.69 Mpx/frame (1.0x target) 1 draws/frame
[d3d11_sw] perf rt #1695 640x360 bb=0 0.29 Mpx/frame (1.2x target) 63 draws/frame
[d3d11_sw] perf tex #107 200x200 blend=0605 2.96 Mpx/frame 30 draws/frame
[d3d11_sw] perf tex #651 40x25 blend=0602 0.36 Mpx/frame 2 draws/frame
[d3d11_sw] perf tex #654 40x25 blend=0602 0.36 Mpx/frame 5 draws/frame
[d3d11_sw] perf tex #650 40x25 blend=0602 0.18 Mpx/frame 8 draws/frame
[d3d11_sw] perf tex #647 40x25 blend=0602 0.18 Mpx/frame 8 draws/frame
[d3d11_sw] perf tex #537 200x200 blend=0605 0.09 Mpx/frame 16 draws/frame
[d3d11_sw] perf 30.5 fps (32.7 ms/frame) raster 14.3 ms/frame tris 1154 flushes 3 bins 11862 shaded 23.17 Mpx/frame bbox 35.06 Mpx/frame
[d3d11_sw] perf mix% tex=226 bilin=54 over=187 add=0 otherblend=23 atest=1 ztest=0 flat=226 linear=0
[d3d11_sw] perf simd% ok=87 | noavx2=0 notex=0 notflat=0 depth=0 mask=0 blend=13 npot=0 addr=0 other=0
[d3d11_sw] perf split ms/frame: draw 28.5 (raster 14.3 nested) decode 0.0 present 1.1 | outside wrapper 3.2 of 32.7
[d3d11_sw] perf rt #29 1280x720 bb=0 13.51 Mpx/frame (14.7x target) 250 draws/frame
[d3d11_sw] perf rt #28 2560x1440 bb=1 3.69 Mpx/frame (1.0x target) 1 draws/frame
[d3d11_sw] perf rt #1695 640x360 bb=0 0.29 Mpx/frame (1.2x target) 62 draws/frame
[d3d11_sw] perf tex #107 200x200 blend=0605 2.94 Mpx/frame 29 draws/frame
[d3d11_sw] perf tex #651 40x25 blend=0602 0.36 Mpx/frame 2 draws/frame
[d3d11_sw] perf tex #654 40x25 blend=0602 0.36 Mpx/frame 8 draws/frame
[d3d11_sw] perf tex #647 40x25 blend=0602 0.18 Mpx/frame 8 draws/frame
[d3d11_sw] perf tex #650 40x25 blend=0602 0.18 Mpx/frame 8 draws/frame
[d3d11_sw] perf tex #537 200x200 blend=0605 0.09 Mpx/frame 16 draws/frame
[d3d11_sw] perf 31.9 fps (31.4 ms/frame) raster 13.4 ms/frame tris 1171 flushes 3 bins 11898 shaded 23.22 Mpx/frame bbox 35.05 Mpx/frame
[d3d11_sw] perf mix% tex=225 bilin=54 over=187 add=0 otherblend=23 atest=1 ztest=0 flat=225 linear=0
[d3d11_sw] perf simd% ok=88 | noavx2=0 notex=0 notflat=0 depth=0 mask=0 blend=12 npot=0 addr=0 other=0
[d3d11_sw] perf split ms/frame: draw 27.4 (raster 13.4 nested) decode 0.0 present 1.0 | outside wrapper 3.0 of 31.4
[d3d11_sw] perf rt #29 1280x720 bb=0 13.50 Mpx/frame (14.6x target) 243 draws/frame
[d3d11_sw] perf rt #28 2560x1440 bb=1 3.69 Mpx/frame (1.0x target) 1 draws/frame
[d3d11_sw] perf rt #1695 640x360 bb=0 0.29 Mpx/frame (1.2x target) 63 draws/frame
[d3d11_sw] perf tex #107 200x200 blend=0605 2.93 Mpx/frame 28 draws/frame
[d3d11_sw] perf tex #651 40x25 blend=0602 0.36 Mpx/frame 2 draws/frame
[d3d11_sw] perf tex #654 40x25 blend=0602 0.36 Mpx/frame 9 draws/frame
[d3d11_sw] perf tex #647 40x25 blend=0602 0.18 Mpx/frame 8 draws/frame
[d3d11_sw] perf tex #650 40x25 blend=0602 0.18 Mpx/frame 8 draws/frame
[d3d11_sw] perf tex #537 200x200 blend=0605 0.09 Mpx/frame 16 draws/frame
[d3d11_sw] perf 31.3 fps (32.0 ms/frame) raster 14.0 ms/frame tris 1138 flushes 3 bins 11924 shaded 23.35 Mpx/frame bbox 35.29 Mpx/frame
[d3d11_sw] perf mix% tex=225 bilin=54 over=186 add=0 otherblend=23 atest=1 ztest=0 flat=225 linear=0
[d3d11_sw] perf simd% ok=88 | noavx2=0 notex=0 notflat=0 depth=0 mask=0 blend=12 npot=0 addr=0 other=0
[d3d11_sw] perf split ms/frame: draw 27.8 (raster 14.0 nested) decode 0.0 present 1.0 | outside wrapper 3.1 of 32.0
[d3d11_sw] perf rt #29 1280x720 bb=0 13.63 Mpx/frame (14.8x target) 235 draws/frame
[d3d11_sw] perf rt #28 2560x1440 bb=1 3.69 Mpx/frame (1.0x target) 1 draws/frame
[d3d11_sw] perf rt #1695 640x360 bb=0 0.29 Mpx/frame (1.2x target) 62 draws/frame
[d3d11_sw] perf tex #107 200x200 blend=0605 2.93 Mpx/frame 27 draws/frame
[d3d11_sw] perf tex #651 40x25 blend=0602 0.36 Mpx/frame 2 draws/frame
[d3d11_sw] perf tex #654 40x25 blend=0602 0.36 Mpx/frame 8 draws/frame
[d3d11_sw] perf tex #650 40x25 blend=0602 0.18 Mpx/frame 8 draws/frame
[d3d11_sw] perf tex #647 40x25 blend=0602 0.18 Mpx/frame 8 draws/frame
[d3d11_sw] perf tex #537 200x200 blend=0605 0.09 Mpx/frame 16 draws/frame
[d3d11_sw] perf 27.4 fps (36.5 ms/frame) raster 17.4 ms/frame tris 1212 flushes 3 bins 12925 shaded 24.29 Mpx/frame bbox 37.67 Mpx/frame
[d3d11_sw] perf mix% tex=220 bilin=52 over=181 add=0 otherblend=23 atest=1 ztest=0 flat=220 linear=0
[d3d11_sw] perf simd% ok=86 | noavx2=0 notex=0 notflat=0 depth=0 mask=0 blend=14 npot=0 addr=0 other=0
[d3d11_sw] perf split ms/frame: draw 31.9 (raster 17.4 nested) decode 0.0 present 1.1 | outside wrapper 3.5 of 36.5
[d3d11_sw] perf rt #29 1280x720 bb=0 14.82 Mpx/frame (16.1x target) 233 draws/frame
[d3d11_sw] perf rt #28 2560x1440 bb=1 3.69 Mpx/frame (1.0x target) 1 draws/frame
[d3d11_sw] perf rt #1695 640x360 bb=0 0.29 Mpx/frame (1.2x target) 62 draws/frame
[d3d11_sw] perf tex #107 200x200 blend=0605 2.91 Mpx/frame 26 draws/frame
[d3d11_sw] perf tex #651 40x25 blend=0602 0.36 Mpx/frame 2 draws/frame
[d3d11_sw] perf tex #654 40x25 blend=0602 0.36 Mpx/frame 8 draws/frame
[d3d11_sw] perf tex #647 40x25 blend=0602 0.18 Mpx/frame 8 draws/frame
[d3d11_sw] perf tex #650 40x25 blend=0602 0.18 Mpx/frame 8 draws/frame
[d3d11_sw] perf tex #537 200x200 blend=0605 0.09 Mpx/frame 16 draws/frame
[d3d11_sw] perf 27.8 fps (35.9 ms/frame) raster 17.2 ms/frame tris 1226 flushes 3 bins 13293 shaded 24.86 Mpx/frame bbox 38.74 Mpx/frame
[d3d11_sw] perf mix% tex=217 bilin=51 over=179 add=0 otherblend=23 atest=1 ztest=0 flat=217 linear=0
[d3d11_sw] perf simd% ok=85 | noavx2=0 notex=0 notflat=0 depth=0 mask=0 blend=15 npot=0 addr=0 other=0
[d3d11_sw] perf split ms/frame: draw 31.5 (raster 17.2 nested) decode 0.0 present 1.1 | outside wrapper 3.3 of 35.9
[d3d11_sw] perf rt #29 1280x720 bb=0 15.35 Mpx/frame (16.7x target) 232 draws/frame
[d3d11_sw] perf rt #28 2560x1440 bb=1 3.69 Mpx/frame (1.0x target) 1 draws/frame
[d3d11_sw] perf rt #1695 640x360 bb=0 0.29 Mpx/frame (1.2x target) 62 draws/frame
[d3d11_sw] perf tex #107 200x200 blend=0605 2.91 Mpx/frame 26 draws/frame
[d3d11_sw] perf tex #651 40x25 blend=0602 0.36 Mpx/frame 2 draws/frame
[d3d11_sw] perf tex #654 40x25 blend=0602 0.36 Mpx/frame 7 draws/frame
[d3d11_sw] perf tex #650 40x25 blend=0602 0.18 Mpx/frame 8 draws/frame
[d3d11_sw] perf tex #647 40x25 blend=0602 0.18 Mpx/frame 8 draws/frame
[d3d11_sw] perf tex #537 200x200 blend=0605 0.09 Mpx/frame 16 draws/frame
[d3d11_sw] perf 27.3 fps (36.6 ms/frame) raster 17.7 ms/frame tris 1348 flushes 3 bins 13903 shaded 25.46 Mpx/frame bbox 39.81 Mpx/frame
[d3d11_sw] perf mix% tex=214 bilin=50 over=176 add=0 otherblend=24 atest=1 ztest=0 flat=214 linear=0
[d3d11_sw] perf simd% ok=84 | noavx2=0 notex=0 notflat=0 depth=0 mask=0 blend=16 npot=0 addr=0 other=0
[d3d11_sw] perf split ms/frame: draw 32.4 (raster 17.7 nested) decode 0.0 present 1.0 | outside wrapper 3.2 of 36.6
[d3d11_sw] perf rt #29 1280x720 bb=0 15.87 Mpx/frame (17.2x target) 233 draws/frame
[d3d11_sw] perf rt #28 2560x1440 bb=1 3.69 Mpx/frame (1.0x target) 1 draws/frame
[d3d11_sw] perf rt #1695 640x360 bb=0 0.29 Mpx/frame (1.2x target) 62 draws/frame
[d3d11_sw] perf tex #107 200x200 blend=0605 2.92 Mpx/frame 25 draws/frame
[d3d11_sw] perf tex #651 40x25 blend=0602 0.36 Mpx/frame 2 draws/frame
[d3d11_sw] perf tex #654 40x25 blend=0602 0.36 Mpx/frame 7 draws/frame
[d3d11_sw] perf tex #650 40x25 blend=0602 0.18 Mpx/frame 8 draws/frame
[d3d11_sw] perf tex #647 40x25 blend=0602 0.18 Mpx/frame 8 draws/frame
[d3d11_sw] perf tex #537 200x200 blend=0605 0.09 Mpx/frame 16 draws/frame
[d3d11_sw] perf 28.2 fps (35.5 ms/frame) raster 17.2 ms/frame tris 1299 flushes 3 bins 14138 shaded 25.79 Mpx/frame bbox 40.69 Mpx/frame
[d3d11_sw] perf mix% tex=213 bilin=49 over=175 add=0 otherblend=24 atest=1 ztest=0 flat=213 linear=0
[d3d11_sw] perf simd% ok=84 | noavx2=0 notex=0 notflat=0 depth=0 mask=0 blend=16 npot=0 addr=0 other=0
[d3d11_sw] perf split ms/frame: draw 31.4 (raster 17.2 nested) decode 0.0 present 1.0 | outside wrapper 3.0 of 35.5
[d3d11_sw] perf rt #29 1280x720 bb=0 16.31 Mpx/frame (17.7x target) 232 draws/frame
[d3d11_sw] perf rt #28 2560x1440 bb=1 3.69 Mpx/frame (1.0x target) 1 draws/frame
[d3d11_sw] perf rt #1695 640x360 bb=0 0.29 Mpx/frame (1.2x target) 62 draws/frame
[d3d11_sw] perf tex #107 200x200 blend=0605 2.90 Mpx/frame 24 draws/frame
[d3d11_sw] perf tex #651 40x25 blend=0602 0.36 Mpx/frame 2 draws/frame
[d3d11_sw] perf tex #654 40x25 blend=0602 0.36 Mpx/frame 8 draws/frame
[d3d11_sw] perf tex #647 40x25 blend=0602 0.18 Mpx/frame 8 draws/frame
[d3d11_sw] perf tex #650 40x25 blend=0602 0.18 Mpx/frame 8 draws/frame
[d3d11_sw] perf tex #537 200x200 blend=0605 0.09 Mpx/frame 16 draws/frame
[d3d11_sw] perf 27.9 fps (35.8 ms/frame) raster 17.6 ms/frame tris 1261 flushes 3 bins 13870 shaded 25.68 Mpx/frame bbox 40.15 Mpx/frame
[d3d11_sw] perf mix% tex=213 bilin=49 over=176 add=0 otherblend=23 atest=1 ztest=0 flat=213 linear=0
[d3d11_sw] perf simd% ok=85 | noavx2=0 notex=0 notflat=0 depth=0 mask=0 blend=15 npot=0 addr=0 other=0
[d3d11_sw] perf split ms/frame: draw 31.6 (raster 17.6 nested) decode 0.0 present 1.0 | outside wrapper 3.2 of 35.8
[d3d11_sw] perf rt #29 1280x720 bb=0 16.05 Mpx/frame (17.4x target) 223 draws/frame
[d3d11_sw] perf rt #28 2560x1440 bb=1 3.69 Mpx/frame (1.0x target) 1 draws/frame
[d3d11_sw] perf rt #1695 640x360 bb=0 0.29 Mpx/frame (1.2x target) 62 draws/frame
[d3d11_sw] perf tex #107 200x200 blend=0605 2.90 Mpx/frame 24 draws/frame
[d3d11_sw] perf tex #651 40x25 blend=0602 0.36 Mpx/frame 2 draws/frame
[d3d11_sw] perf tex #654 40x25 blend=0602 0.36 Mpx/frame 8 draws/frame
[d3d11_sw] perf tex #647 40x25 blend=0602 0.18 Mpx/frame 8 draws/frame
[d3d11_sw] perf tex #650 40x25 blend=0602 0.18 Mpx/frame 8 draws/frame
[d3d11_sw] perf tex #537 200x200 blend=0605 0.09 Mpx/frame 16 draws/frame
[d3d11_sw] perf 29.9 fps (33.5 ms/frame) raster 15.7 ms/frame tris 1087 flushes 3 bins 12400 shaded 24.15 Mpx/frame bbox 36.89 Mpx/frame
[d3d11_sw] perf mix% tex=221 bilin=52 over=182 add=0 otherblend=23 atest=1 ztest=0 flat=221 linear=0
[d3d11_sw] perf simd% ok=86 | noavx2=0 notex=0 notflat=0 depth=0 mask=0 blend=14 npot=0 addr=0 other=0
[d3d11_sw] perf split ms/frame: draw 29.2 (raster 15.7 nested) decode 0.0 present 1.0 | outside wrapper 3.3 of 33.5
[d3d11_sw] perf rt #29 1280x720 bb=0 14.43 Mpx/frame (15.7x target) 216 draws/frame
[d3d11_sw] perf rt #28 2560x1440 bb=1 3.69 Mpx/frame (1.0x target) 1 draws/frame
[d3d11_sw] perf rt #1695 640x360 bb=0 0.29 Mpx/frame (1.2x target) 62 draws/frame
[d3d11_sw] perf tex #107 200x200 blend=0605 2.91 Mpx/frame 24 draws/frame
[d3d11_sw] perf tex #651 40x25 blend=0602 0.36 Mpx/frame 2 draws/frame
[d3d11_sw] perf tex #654 40x25 blend=0602 0.36 Mpx/frame 7 draws/frame
[d3d11_sw] perf tex #650 40x25 blend=0602 0.18 Mpx/frame 8 draws/frame
[d3d11_sw] perf tex #647 40x25 blend=0602 0.18 Mpx/frame 8 draws/frame
[d3d11_sw] perf tex #537 200x200 blend=0605 0.09 Mpx/frame 16 draws/frame
[d3d11_sw] perf 29.5 fps (33.9 ms/frame) raster 16.0 ms/frame tris 1132 flushes 3 bins 12459 shaded 23.99 Mpx/frame bbox 36.95 Mpx/frame
[d3d11_sw] perf mix% tex=221 bilin=52 over=182 add=0 otherblend=24 atest=1 ztest=0 flat=221 linear=0
[d3d11_sw] perf simd% ok=86 | noavx2=0 notex=0 notflat=0 depth=0 mask=0 blend=14 npot=0 addr=0 other=0
[d3d11_sw] perf split ms/frame: draw 29.6 (raster 16.0 nested) decode 0.0 present 1.1 | outside wrapper 3.2 of 33.9
[d3d11_sw] perf rt #29 1280x720 bb=0 14.46 Mpx/frame (15.7x target) 217 draws/frame
[d3d11_sw] perf rt #28 2560x1440 bb=1 3.69 Mpx/frame (1.0x target) 1 draws/frame
[d3d11_sw] perf rt #1695 640x360 bb=0 0.29 Mpx/frame (1.2x target) 62 draws/frame
[d3d11_sw] perf tex #107 200x200 blend=0605 2.90 Mpx/frame 24 draws/frame
[d3d11_sw] perf tex #651 40x25 blend=0602 0.36 Mpx/frame 2 draws/frame
[d3d11_sw] perf tex #654 40x25 blend=0602 0.36 Mpx/frame 6 draws/frame
[d3d11_sw] perf tex #647 40x25 blend=0602 0.18 Mpx/frame 8 draws/frame
[d3d11_sw] perf tex #650 40x25 blend=0602 0.18 Mpx/frame 8 draws/frame
[d3d11_sw] perf tex #537 200x200 blend=0605 0.09 Mpx/frame 17 draws/frame
[d3d11_sw] perf 29.4 fps (34.0 ms/frame) raster 15.9 ms/frame tris 1354 flushes 3 bins 13102 shaded 24.61 Mpx/frame bbox 37.75 Mpx/frame
[d3d11_sw] perf mix% tex=218 bilin=51 over=180 add=0 otherblend=23 atest=1 ztest=0 flat=218 linear=0
[d3d11_sw] perf simd% ok=86 | noavx2=0 notex=0 notflat=0 depth=0 mask=0 blend=14 npot=0 addr=0 other=0
[d3d11_sw] perf split ms/frame: draw 29.7 (raster 15.9 nested) decode 0.0 present 1.1 | outside wrapper 3.2 of 34.0
[d3d11_sw] perf rt #29 1280x720 bb=0 14.85 Mpx/frame (16.1x target) 220 draws/frame
[d3d11_sw] perf rt #28 2560x1440 bb=1 3.69 Mpx/frame (1.0x target) 1 draws/frame
[d3d11_sw] perf rt #1695 640x360 bb=0 0.29 Mpx/frame (1.2x target) 62 draws/frame
[d3d11_sw] perf tex #107 200x200 blend=0605 2.91 Mpx/frame 24 draws/frame
[d3d11_sw] perf tex #651 40x25 blend=0602 0.36 Mpx/frame 2 draws/frame
[d3d11_sw] perf tex #654 40x25 blend=0602 0.36 Mpx/frame 6 draws/frame
[d3d11_sw] perf tex #647 40x25 blend=0602 0.18 Mpx/frame 8 draws/frame
[d3d11_sw] perf tex #650 40x25 blend=0602 0.18 Mpx/frame 8 draws/frame
[d3d11_sw] perf tex #537 200x200 blend=0605 0.09 Mpx/frame 17 draws/frame
[d3d11_sw] perf 28.3 fps (35.3 ms/frame) raster 16.4 ms/frame tris 1334 flushes 3 bins 13164 shaded 24.73 Mpx/frame bbox 37.92 Mpx/frame
[d3d11_sw] perf mix% tex=218 bilin=51 over=180 add=0 otherblend=23 atest=1 ztest=0 flat=218 linear=0
[d3d11_sw] perf simd% ok=86 | noavx2=0 notex=0 notflat=0 depth=0 mask=0 blend=14 npot=0 addr=0 other=0
[d3d11_sw] perf split ms/frame: draw 31.0 (raster 16.4 nested) decode 0.0 present 1.0 | outside wrapper 3.3 of 35.3
[d3d11_sw] perf rt #29 1280x720 bb=0 14.94 Mpx/frame (16.2x target) 265 draws/frame
[d3d11_sw] perf rt #28 2560x1440 bb=1 3.69 Mpx/frame (1.0x target) 1 draws/frame
[d3d11_sw] perf rt #1695 640x360 bb=0 0.29 Mpx/frame (1.2x target) 62 draws/frame
[d3d11_sw] perf tex #107 200x200 blend=0605 2.96 Mpx/frame 32 draws/frame
[d3d11_sw] perf tex #651 40x25 blend=0602 0.36 Mpx/frame 2 draws/frame
[d3d11_sw] perf tex #654 40x25 blend=0602 0.36 Mpx/frame 6 draws/frame
[d3d11_sw] perf tex #650 40x25 blend=0602 0.18 Mpx/frame 8 draws/frame
[d3d11_sw] perf tex #647 40x25 blend=0602 0.18 Mpx/frame 8 draws/frame
[d3d11_sw] perf tex #537 200x200 blend=0605 0.09 Mpx/frame 16 draws/frame
[d3d11_sw] perf 29.2 fps (34.3 ms/frame) raster 15.7 ms/frame tris 1185 flushes 3 bins 12555 shaded 24.16 Mpx/frame bbox 36.90 Mpx/frame
[d3d11_sw] perf mix% tex=221 bilin=52 over=182 add=0 otherblend=23 atest=1 ztest=0 flat=221 linear=0
[d3d11_sw] perf simd% ok=86 | noavx2=0 notex=0 notflat=0 depth=0 mask=0 blend=14 npot=0 addr=0 other=0
[d3d11_sw] perf split ms/frame: draw 29.9 (raster 15.7 nested) decode 0.0 present 1.0 | outside wrapper 3.3 of 34.3
[d3d11_sw] perf rt #29 1280x720 bb=0 14.43 Mpx/frame (15.7x target) 262 draws/frame
[d3d11_sw] perf rt #28 2560x1440 bb=1 3.69 Mpx/frame (1.0x target) 1 draws/frame
[d3d11_sw] perf rt #1695 640x360 bb=0 0.29 Mpx/frame (1.2x target) 62 draws/frame
[d3d11_sw] perf tex #107 200x200 blend=0605 2.96 Mpx/frame 32 draws/frame
[d3d11_sw] perf tex #651 40x25 blend=0602 0.36 Mpx/frame 2 draws/frame
[d3d11_sw] perf tex #654 40x25 blend=0602 0.36 Mpx/frame 6 draws/frame
[d3d11_sw] perf tex #647 40x25 blend=0602 0.18 Mpx/frame 8 draws/frame
[d3d11_sw] perf tex #650 40x25 blend=0602 0.18 Mpx/frame 8 draws/frame
[d3d11_sw] perf tex #537 200x200 blend=0605 0.09 Mpx/frame 16 draws/frame
[d3d11_sw] perf 30.3 fps (33.0 ms/frame) raster 14.7 ms/frame tris 1167 flushes 3 bins 12017 shaded 23.36 Mpx/frame bbox 35.44 Mpx/frame
[d3d11_sw] perf mix% tex=225 bilin=54 over=185 add=0 otherblend=24 atest=1 ztest=0 flat=225 linear=0
[d3d11_sw] perf simd% ok=87 | noavx2=0 notex=0 notflat=0 depth=0 mask=0 blend=13 npot=0 addr=0 other=0
[d3d11_sw] perf split ms/frame: draw 28.8 (raster 14.7 nested) decode 0.0 present 1.0 | outside wrapper 3.2 of 33.0
[d3d11_sw] perf rt #29 1280x720 bb=0 13.70 Mpx/frame (14.9x target) 257 draws/frame
[d3d11_sw] perf rt #28 2560x1440 bb=1 3.69 Mpx/frame (1.0x target) 1 draws/frame
[d3d11_sw] perf rt #1695 640x360 bb=0 0.29 Mpx/frame (1.2x target) 62 draws/frame
[d3d11_sw] perf tex #107 200x200 blend=0605 2.96 Mpx/frame 32 draws/frame
[d3d11_sw] perf tex #651 40x25 blend=0602 0.36 Mpx/frame 2 draws/frame
[d3d11_sw] perf tex #654 40x25 blend=0602 0.36 Mpx/frame 5 draws/frame
[d3d11_sw] perf tex #647 40x25 blend=0602 0.18 Mpx/frame 8 draws/frame
[d3d11_sw] perf tex #650 40x25 blend=0602 0.18 Mpx/frame 8 draws/frame
[d3d11_sw] perf tex #537 200x200 blend=0605 0.09 Mpx/frame 16 draws/frame
[d3d11_sw] perf 28.1 fps (35.6 ms/frame) raster 16.4 ms/frame tris 1306 flushes 3 bins 12645 shaded 24.02 Mpx/frame bbox 36.72 Mpx/frame
[d3d11_sw] perf mix% tex=221 bilin=52 over=182 add=0 otherblend=24 atest=1 ztest=0 flat=221 linear=0
[d3d11_sw] perf simd% ok=85 | noavx2=0 notex=0 notflat=0 depth=0 mask=0 blend=15 npot=0 addr=0 other=0
[d3d11_sw] perf split ms/frame: draw 31.2 (raster 16.4 nested) decode 0.0 present 1.0 | outside wrapper 3.3 of 35.6
[d3d11_sw] perf rt #29 1280x720 bb=0 14.33 Mpx/frame (15.5x target) 264 draws/frame
[d3d11_sw] perf rt #28 2560x1440 bb=1 3.69 Mpx/frame (1.0x target) 1 draws/frame
[d3d11_sw] perf rt #1695 640x360 bb=0 0.29 Mpx/frame (1.2x target) 63 draws/frame
[d3d11_sw] perf tex #107 200x200 blend=0605 2.96 Mpx/frame 31 draws/frame
[d3d11_sw] perf tex #654 40x25 blend=0602 0.36 Mpx/frame 5 draws/frame
[d3d11_sw] perf tex #651 40x25 blend=0602 0.36 Mpx/frame 2 draws/frame
[d3d11_sw] perf tex #647 40x25 blend=0602 0.18 Mpx/frame 8 draws/frame
[d3d11_sw] perf tex #650 40x25 blend=0602 0.18 Mpx/frame 8 draws/frame
[d3d11_sw] perf tex #537 200x200 blend=0605 0.09 Mpx/frame 16 draws/frame
[d3d11_sw] savestate saved slot 0, 3434.7 MB in 155668.1 ms
[d3d11_sw] perf 0.0 fps (25977.7 ms/frame) raster 14.7 ms/frame tris 1131 flushes 3 bins 11777 shaded 22.95 Mpx/frame bbox 35.48 Mpx/frame
[d3d11_sw] perf mix% tex=233 bilin=55 over=194 add=0 otherblend=23 atest=1 ztest=0 flat=233 linear=0
[d3d11_sw] perf simd% ok=88 | noavx2=0 notex=0 notflat=0 depth=0 mask=0 blend=12 npot=0 addr=0 other=0
[d3d11_sw] perf split ms/frame: draw 28.2 (raster 14.7 nested) decode 0.0 present 1.0 | outside wrapper 25948.5 of 25977.7
[d3d11_sw] perf rt #29 1280x720 bb=0 13.73 Mpx/frame (14.9x target) 239 draws/frame
[d3d11_sw] perf rt #28 2560x1440 bb=1 3.69 Mpx/frame (1.0x target) 1 draws/frame
[d3d11_sw] perf rt #1695 640x360 bb=0 0.29 Mpx/frame (1.2x target) 59 draws/frame
[d3d11_sw] perf tex #107 200x200 blend=0605 2.86 Mpx/frame 32 draws/frame
[d3d11_sw] perf tex #651 40x25 blend=0602 0.36 Mpx/frame 2 draws/frame
[d3d11_sw] perf tex #654 40x25 blend=0602 0.36 Mpx/frame 4 draws/frame
[d3d11_sw] perf tex #650 40x25 blend=0602 0.18 Mpx/frame 8 draws/frame
[d3d11_sw] perf tex #647 40x25 blend=0602 0.18 Mpx/frame 8 draws/frame
[d3d11_sw] perf tex #556 2048x2048 blend=0605 0.11 Mpx/frame 4 draws/frame
(5fb0.6560): Access violation - code c0000005 (first chance)
[d3d11_sw] FAULT access violation on read of FFFFFFFFFFFFFFFF at pc 00007FFDF79EF549 (+0x6f549 in C:\WINDOWS\SYSTEM32\ntdll.dll) after 5016 presents
(5fb0.6560): Access violation - code c0000005 (!!! second chance !!!)
===FAULT===
Last event: 5fb0.6560: Access violation - code c0000005 (!!! second chance !!!)
  debugger time: Sat Aug 29 21:18:41.578 2026 (UTC - 4:00)
rax=0000000000007530 rbx=0000000000000000 rcx=000952b80005e004
rdx=00000250b3320588 rsi=0000000000000001 rdi=0000000000007530
rip=00007ffdf79ef549 rsp=000000e1722fde10 rbp=000000e1722fdf09
 r8=0000000000000001  r9=00000250b3320580 r10=00000250b8eaf580
r11=0000000000000246 r12=0000000000000000 r13=000000000000000a
r14=0000000000000000 r15=00007ffdee84b000
iopl=0         nv up ei pl nz na pe nc
cs=0033  ss=002b  ds=002b  es=002b  fs=0053  gs=002b             efl=00010200
ntdll!TpIsTimerSet+0x9:
00007ffd`f79ef549 80b96101000000  cmp     byte ptr [rcx+161h],0 ds:000952b8`0005e165=??
===STACK===
Child-SP          RetAddr               : Args to Child                                                           : Call Site
000000e1`722fde10 00007ffd`f61366f9     : 00007ffd`ee84b000 00000000`00000000 00000000`00000001 00000000`00000000 : ntdll!TpIsTimerSet+0x9
000000e1`722fde40 00007ffd`f6137397     : 00000250`b969e6e0 00000000`00000000 00000000`00000000 00000000`00000000 : RPCRT4!GarbageCollectionNeeded+0x81
000000e1`722fde70 00007ffd`f6136dcf     : 00000250`b962dfa0 000000e1`722fe5e0 00000000`00000000 00000250`b962dfa0 : RPCRT4!LRPC_CASSOCIATION::RemoveReference+0x307
000000e1`722fdf70 00007ffd`f617e5fd     : 000000e1`722fe0e9 00000250`b962dfa0 000000e1`722fe5e0 00007ffd`f615c169 : RPCRT4!LRPC_BINDING_HANDLE::Unbind+0x9f
000000e1`722fe080 00007ffd`f612b09e     : 000000e1`722fe300 000000e1`722fe100 00000000`00000000 00000000`00000000 : RPCRT4!LRPC_BASE_BINDING_HANDLE::FreeObject+0x1d
000000e1`722fe0b0 00007ffd`f610c180     : 000000e1`722fe5e0 000000e1`722fe1f8 00000000`00000003 00007ffd`f61c9bef : RPCRT4!REFERENCED_OBJECT::RemoveReference+0x7e
000000e1`722fe190 00007ffd`ee8415a5     : 00007ffd`ee84bbe0 00000000`00000000 00007ffd`ee84bba0 0000e491`271cf9cd : RPCRT4!RpcBindingFree+0x50
000000e1`722fe1c0 00007ffd`f61ca2e2     : 000000e1`722fe958 00000250`b962dfa0 00007ffd`ee84b000 000000e1`722fe4f0 : dhcpcsvc6!STRING_HANDLE_unbind+0x15
000000e1`722fe1f0 00007ffd`f61c84fa     : 000000e1`722fe340 000000e1`722fe5e0 00000000`0000000a 00000000`00000000 : RPCRT4!Ndr64pClientFinally+0x142
000000e1`722fe230 00007ffd`f61c75fd     : 00007ffd`ee84b160 00000000`0000000a 00007ffd`ee84b000 00000000`00000000 : RPCRT4!NdrpClientCall3+0xe9a
000000e1`722fe5a0 00007ffd`ee8430e1     : 00000251`44a903a0 00000000`00000000 00000000`00000000 00000000`00000000 : RPCRT4!NdrClientCall3+0xed
000000e1`722fe940 00007ffd`f298103f     : 00000000`00000000 00007ffd`f2984997 00000000`000000ff 00000250`bc29f200 : dhcpcsvc6!Dhcpv6QueryLeaseInfoArray+0x341
000000e1`722fea20 00007ffd`f29841b8     : 00000000`00000000 00000000`00000000 00007ffd`f29a3f88 00000000`00000000 : IPHLPAPI!AddDhcpv6ConfigurationArray+0x2f
000000e1`722fea80 00007ffd`f29834c2     : 00000250`b35e0000 00000000`00000000 00000000`00000001 00000000`9582e5b3 : IPHLPAPI!AddDhcpConfiguration+0x158
000000e1`722fed50 00007ffd`f2981e20     : 000000e1`722ff468 000000e1`722ff470 00000251`44f95c60 000000e1`722fef88 : IPHLPAPI!AllocateAndGetAdaptersAddresses+0xb32
000000e1`722feed0 00007ffd`ee86b603     : 00000000`00000000 000000e1`722fefd9 00000251`44efa030 00000250`b35e0000 : IPHLPAPI!GetAdaptersAddresses+0x60
000000e1`722fef40 00007ffd`ee86b354     : 00000000`00000000 00000000`00000000 00000000`00000000 00000250`b34502b4 : WINHTTP!GetActiveConnectionNameRAS+0x113
000000e1`722ff040 00007ffd`ee86ad88     : 00000000`00000000 00000000`00000000 000000e1`722ff2d0 00000000`00000000 : WINHTTP!GetActiveConnectionName+0x7c
000000e1`722ff0c0 00007ffd`23bc371d     : 00007ffd`2469e920 00000250`b6540f40 00000000`00000000 00000000`00000000 : WINHTTP!WinHttpGetIEProxyConfigForCurrentUser+0xc8
000000e1`722ff1f0 00007ffd`23bc4681     : 00000250`b6540f40 00000000`00000000 00007ffd`24428f20 00007ffd`242b993e : UnityPlayer!UnityMain+0x498a5d
000000e1`722ff300 00007ffd`23bc0177     : 00000000`00000045 00000250`d8e9da40 00000250`d8e8e550 00000000`00000000 : UnityPlayer!UnityMain+0x4999c1
000000e1`722ff3c0 00007ffd`23bbff20     : 00000250`b654f6d0 00000250`d8e8e4a0 000000e1`722ff4f9 00000250`d8e8e401 : UnityPlayer!UnityMain+0x4954b7
000000e1`722ff480 00007ffd`23bc12eb     : 00000250`b8f7c790 00000250`d8e8e4a0 00000250`d8e8e4a0 00000000`00000000 : UnityPlayer!UnityMain+0x495260
000000e1`722ff560 00007ffd`23bc0ac8     : 00000250`b8f7c790 00000000`00000000 00000000`00000000 00000000`00000000 : UnityPlayer!UnityMain+0x49662b
000000e1`722ff590 00007ffd`23902b3e     : 000025d2`a8d0bbc9 00000250`b8f7c790 00000000`00000001 00000000`00000444 : UnityPlayer!UnityMain+0x495e08
000000e1`722ff5c0 00007ffd`23903bcc     : 00000250`b8f7c790 00000000`00000000 00000000`0000a9e4 00000250`b63ee310 : UnityPlayer!UnityMain+0x1d7e7e
000000e1`722ff610 00007ffd`23902c57     : 00000250`b8f7c790 00000250`b63ee310 00000000`00000000 00000000`0000a9e2 : UnityPlayer!UnityMain+0x1d8f0c
000000e1`722ff650 00007ffd`23902ebb     : 00000000`0000a9e2 00000250`b63ee310 00000000`00000000 00000000`00000444 : UnityPlayer!UnityMain+0x1d7f97
000000e1`722ff690 00007ffd`239040db     : 000000e1`722ff799 00000000`0000000e 00000000`00000000 00000250`b7742f38 : UnityPlayer!UnityMain+0x1d81fb
000000e1`722ff6c0 00007ffd`239a7ae1     : 00000000`0000000e 00000000`0000000e 000000e1`722ff799 00000000`00000000 : UnityPlayer!UnityMain+0x1d941b
000000e1`722ff6f0 00007ffd`f72ee8d7     : 00000000`00000000 00000000`00000000 00000000`00000000 00000000`00000000 : UnityPlayer!UnityMain+0x27ce21
000000e1`722ff800 00007ffd`f7a0c3fc     : 00000000`00000000 00000000`00000000 000004f0`fffffb30 000004d0`fffffb30 : KERNEL32!BaseThreadInitThunk+0x17
000000e1`722ff830 00000000`00000000     : 00000000`00000000 00000000`00000000 00000000`00000000 00000000`00000000 : ntdll!RtlUserThreadStart+0x2c
===ALLTHREADS===

   0  Id: 5fb0.59cc Suspend: 1 Teb: 000000e1`70a39000 Unfrozen
RetAddr               : Args to Child                                                           : Call Site
00007ffd`f428b1bf     : 00000250`b654f850 00007ffd`23903507 00000251`0000000f 00000000`0000b2c2 : ntdll!NtWaitForSingleObject+0x14
00007ffd`236f1f45     : 00000250`b6a375c0 00007ffd`23764c4a 00000000`00000001 00000000`0000054c : KERNELBASE!WaitForSingleObjectEx+0xaf
00007ffd`23a0d6d0     : 00007ffd`24652340 00007ffd`24335000 00000250`00000237 00000000`0001a1c0 : UnityPlayer+0x5b1f45
00007ffd`233e38e0     : 00000000`00000018 000000e1`70cfeeb1 00000250`d97d4880 00000000`00000000 : UnityPlayer!UnityMain+0x2e2a10
00007ffd`233ec9d6     : 00000000`ffffffff 000000e1`0000005c 00000251`46b89a20 00000250`d97d4760 : UnityPlayer+0x2a38e0
00007ffd`233dbe2a     : 00000000`00000000 00000250`bad5d500 00000250`bad5d2f8 00000000`00000000 : UnityPlayer+0x2ac9d6
00007ffd`23948b67     : 00000000`00000000 00000000`00000000 00000250`bad5d5d0 00000250`00000000 : UnityPlayer+0x29be2a
00007ffd`23948c09     : 00000000`00000000 00000000`00000000 000025d2`aa30bd79 00000250`bad5d2f8 : UnityPlayer!UnityMain+0x21dea7
00007ffd`2394abbf     : 00000000`00000001 000000e1`00000000 00000000`00000000 00000000`000007fc : UnityPlayer!UnityMain+0x21df49
00007ffd`23723bd5     : 00000000`000007fc 00000000`00000000 00000000`00000001 000000e1`70cff6d0 : UnityPlayer!UnityMain+0x21feff
00007ffd`2372220a     : 00000000`000007fc 00000000`00000001 000000e1`70cff6d0 00000000`00000001 : UnityPlayer+0x5e3bd5
00007ffd`23726a90     : 00000000`00000001 00000000`00000000 000000e1`70cff6d0 00000000`00000001 : UnityPlayer+0x5e220a
00007ffd`2372accb     : 00000000`0000000a 00000000`00000000 00000000`00000000 00007ff6`6147b288 : UnityPlayer+0x5e6a90
*** WARNING: Unable to verify checksum for C:\Program Files (x86)\Steam\steamapps\common\One Step From Eden\OSFE.exe
00007ff6`614711fa     : 00000000`00000000 00000000`00000000 00000000`00000000 00000000`00000000 : UnityPlayer!UnityMain+0xb
00007ffd`f72ee8d7     : 00000000`00000000 00000000`00000000 00000000`00000000 00000000`00000000 : OSFE+0x11fa
00007ffd`f7a0c3fc     : 00000000`00000000 00000000`00000000 00000000`00000000 000000e1`70cff9b0 : KERNEL32!BaseThreadInitThunk+0x17
00000000`00000000     : 00000000`00000000 00000000`00000000 00000000`00000000 00000000`00000000 : ntdll!RtlUserThreadStart+0x2c

   1  Id: 5fb0.54e8 Suspend: 1 Teb: 000000e1`70a3b000 Unfrozen
RetAddr               : Args to Child                                                           : Call Site
00007ffd`f79f5dfe     : 00000000`00000000 00000000`00000000 00007ffd`f79f4d60 00000250`b35ec0f0 : ntdll!NtWaitForWorkViaWorkerFactory+0x14
00007ffd`f72ee8d7     : 00000000`00000000 00000000`00000000 00000000`00000000 00000000`00000000 : ntdll!TppWorkerThread+0x37e
00007ffd`f7a0c3fc     : 00000000`00000000 00000000`00000000 000004f0`fffffb30 000004d0`fffffb30 : KERNEL32!BaseThreadInitThunk+0x17
00000000`00000000     : 00000000`00000000 00000000`00000000 00000000`00000000 00000000`00000000 : ntdll!RtlUserThreadStart+0x2c

   2  Id: 5fb0.3ec0 Suspend: 1 Teb: 000000e1`70a3d000 Unfrozen
RetAddr               : Args to Child                                                           : Call Site
00007ffd`f79f5dfe     : 00000000`00000000 00000000`00000000 00007ffd`f79f4d60 00000250`b35ec0f0 : ntdll!NtWaitForWorkViaWorkerFactory+0x14
00007ffd`f72ee8d7     : 00000000`00000000 00000000`00000000 00000000`00000000 00000000`00000000 : ntdll!TppWorkerThread+0x37e
00007ffd`f7a0c3fc     : 00000000`00000000 00000000`00000000 000004f0`fffffb30 000004d0`fffffb30 : KERNEL32!BaseThreadInitThunk+0x17
00000000`00000000     : 00000000`00000000 00000000`00000000 00000000`00000000 00000000`00000000 : ntdll!RtlUserThreadStart+0x2c

   3  Id: 5fb0.10e8 Suspend: 1 Teb: 000000e1`70a3f000 Unfrozen
RetAddr               : Args to Child                                                           : Call Site
00007ffd`f79f5dfe     : 00000000`00000000 00000000`00000000 00007ffd`f79f4d60 00000250`b35ec0f0 : ntdll!NtWaitForWorkViaWorkerFactory+0x14
00007ffd`f72ee8d7     : 00000000`00000000 00000000`00000000 00000000`00000000 00000000`00000000 : ntdll!TppWorkerThread+0x37e
00007ffd`f7a0c3fc     : 00000000`00000000 00000000`00000000 000004f0`fffffb30 000004d0`fffffb30 : KERNEL32!BaseThreadInitThunk+0x17
00000000`00000000     : 00000000`00000000 00000000`00000000 00000000`00000000 00000000`00000000 : ntdll!RtlUserThreadStart+0x2c

   4  Id: 5fb0.1140 Suspend: 1 Teb: 000000e1`70a41000 Unfrozen
RetAddr               : Args to Child                                                           : Call Site
00007ffd`f428b1bf     : 000025d2`abf0b619 00000000`00000001 00000000`00000000 00000000`00001140 : ntdll!NtWaitForSingleObject+0x14
00007ffd`2a2f5ae8     : 00000250`b8d77e40 00000000`00000000 00000000`00000001 00000000`000003b8 : KERNELBASE!WaitForSingleObjectEx+0xaf
00007ffd`2a3e2a0d     : 00000000`00000001 00000000`00000000 00007ffd`2a7671f8 00000000`00001140 : mono_2_0_bdwgc!mono_conc_hashtable_remove+0x1a68
00007ffd`2a3e17a5     : 00000000`00000000 00000000`00000001 00000000`00000000 00000250`b8762d20 : mono_2_0_bdwgc!mono_gc_reference_queue_new+0x4fd
00007ffd`2a3a4cb8     : 00000250`b876ad10 00000000`00000000 00000000`00000000 00000250`b8762d20 : mono_2_0_bdwgc!mono_callspec_parse+0x795
00007ffd`2a3a4a46     : 00000000`00000000 00000000`00000000 00000000`00000000 00000000`00000000 : mono_2_0_bdwgc!mono_threads_set_shutting_down+0x7a8
00007ffd`f72ee8d7     : 00000000`00000000 00000000`00000000 00000000`00000000 00000000`00000000 : mono_2_0_bdwgc!mono_threads_set_shutting_down+0x536
00007ffd`f7a0c3fc     : 00000000`00000000 00000000`00000000 000004f0`fffffb30 000004d0`fffffb30 : KERNEL32!BaseThreadInitThunk+0x17
00000000`00000000     : 00000000`00000000 00000000`00000000 00000000`00000000 00000000`00000000 : ntdll!RtlUserThreadStart+0x2c

   5  Id: 5fb0.3a04 Suspend: 1 Teb: 000000e1`70a43000 Unfrozen
RetAddr               : Args to Child                                                           : Call Site
00007ffd`f428b1bf     : 00000250`9c0f7000 00000250`c29eea40 00000251`47340510 00000000`003daec7 : ntdll!NtWaitForSingleObject+0x14
00007ffd`23902f1f     : 00000250`b63ee2a0 00000250`9c0f7000 00000000`00000001 00000000`00000404 : KERNELBASE!WaitForSingleObjectEx+0xaf
00007ffd`239040db     : 000000e1`711ffc29 00000000`00000003 00000000`00000000 00000250`b78dcf38 : UnityPlayer!UnityMain+0x1d825f
00007ffd`239a7ae1     : 00000000`00000000 00000000`00000003 000000e1`711ffc29 00000000`00000000 : UnityPlayer!UnityMain+0x1d941b
00007ffd`f72ee8d7     : 00000000`00000000 00000000`00000000 00000000`00000000 00000000`00000000 : UnityPlayer!UnityMain+0x27ce21
00007ffd`f7a0c3fc     : 00000000`00000000 00000000`00000000 000004f0`fffffb30 000004d0`fffffb30 : KERNEL32!BaseThreadInitThunk+0x17
00000000`00000000     : 00000000`00000000 00000000`00000000 00000000`00000000 00000000`00000000 : ntdll!RtlUserThreadStart+0x2c

   6  Id: 5fb0.27b0 Suspend: 1 Teb: 000000e1`70a45000 Unfrozen
RetAddr               : Args to Child                                                           : Call Site
00007ffd`f428b1bf     : 00000000`00000000 00000000`00000000 00000000`00000000 00000000`00000000 : ntdll!NtWaitForSingleObject+0x14
00007ffd`23902f1f     : 00000250`b63ee2a0 00000250`b63ee2a0 00000000`00000001 00000000`00000404 : KERNELBASE!WaitForSingleObjectEx+0xaf
00007ffd`239040db     : 000000e1`712ffc39 00000000`00000003 00000000`00000000 00000250`b78dcf90 : UnityPlayer!UnityMain+0x1d825f
00007ffd`239a7ae1     : 00000000`00000000 00000000`00000003 000000e1`712ffc39 00000000`00000000 : UnityPlayer!UnityMain+0x1d941b
00007ffd`f72ee8d7     : 00000000`00000000 00000000`00000000 00000000`00000000 00000000`00000000 : UnityPlayer!UnityMain+0x27ce21
00007ffd`f7a0c3fc     : 00000000`00000000 00000000`00000000 000004f0`fffffb30 000004d0`fffffb30 : KERNEL32!BaseThreadInitThunk+0x17
00000000`00000000     : 00000000`00000000 00000000`00000000 00000000`00000000 00000000`00000000 : ntdll!RtlUserThreadStart+0x2c

   7  Id: 5fb0.330c Suspend: 1 Teb: 000000e1`70a47000 Unfrozen
RetAddr               : Args to Child                                                           : Call Site
00007ffd`f428b1bf     : 00000250`b63ee2a0 00000000`00000000 00000000`00000000 00000000`00000000 : ntdll!NtWaitForSingleObject+0x14
00007ffd`23902f1f     : 00000250`b63ee2a0 00000251`47340510 00000000`00000001 00000000`00000404 : KERNELBASE!WaitForSingleObjectEx+0xaf
00007ffd`239040db     : 000000e1`713ffc49 00000000`00000003 00000000`00000000 00000250`b78dcfe8 : UnityPlayer!UnityMain+0x1d825f
00007ffd`239a7ae1     : 00000000`00000000 00000000`00000003 000000e1`713ffc49 00000000`00000000 : UnityPlayer!UnityMain+0x1d941b
00007ffd`f72ee8d7     : 00000000`00000000 00000000`00000000 00000000`00000000 00000000`00000000 : UnityPlayer!UnityMain+0x27ce21
00007ffd`f7a0c3fc     : 00000000`00000000 00000000`00000000 000004f0`fffffb30 000004d0`fffffb30 : KERNEL32!BaseThreadInitThunk+0x17
00000000`00000000     : 00000000`00000000 00000000`00000000 00000000`00000000 00000000`00000000 : ntdll!RtlUserThreadStart+0x2c

   8  Id: 5fb0.2544 Suspend: 1 Teb: 000000e1`70a49000 Unfrozen
RetAddr               : Args to Child                                                           : Call Site
00007ffd`f428b1bf     : 00000250`b63ee2a0 00000000`00000000 00000000`00000000 00000000`00000000 : ntdll!NtWaitForSingleObject+0x14
00007ffd`23902f1f     : 00000250`b63ee2a0 00000251`5e76b150 00000000`00000001 00000000`00000404 : KERNELBASE!WaitForSingleObjectEx+0xaf
00007ffd`239040db     : 000000e1`714ff999 00000000`00000003 00000000`00000000 00000250`b78dd040 : UnityPlayer!UnityMain+0x1d825f
00007ffd`239a7ae1     : 00000000`00000000 00000000`00000003 000000e1`714ff999 00000000`00000000 : UnityPlayer!UnityMain+0x1d941b
00007ffd`f72ee8d7     : 00000000`00000000 00000000`00000000 00000000`00000000 00000000`00000000 : UnityPlayer!UnityMain+0x27ce21
00007ffd`f7a0c3fc     : 00000000`00000000 00000000`00000000 000004f0`fffffb30 000004d0`fffffb30 : KERNEL32!BaseThreadInitThunk+0x17
00000000`00000000     : 00000000`00000000 00000000`00000000 00000000`00000000 00000000`00000000 : ntdll!RtlUserThreadStart+0x2c

   9  Id: 5fb0.17e4 Suspend: 1 Teb: 000000e1`70a4b000 Unfrozen
RetAddr               : Args to Child                                                           : Call Site
00007ffd`f428b1bf     : 00000250`b6e21050 00000000`00000000 00000000`00000000 00000000`00000000 : ntdll!NtWaitForSingleObject+0x14
00007ffd`23902f1f     : 00000250`b63ee2a0 00000251`47340510 00000000`00000001 00000000`00000404 : KERNELBASE!WaitForSingleObjectEx+0xaf
00007ffd`239040db     : 000000e1`715ff709 00000000`00000003 00000000`00000000 00000250`b78dd098 : UnityPlayer!UnityMain+0x1d825f
00007ffd`239a7ae1     : 00000000`00000000 00000000`00000003 000000e1`715ff709 00000000`00000000 : UnityPlayer!UnityMain+0x1d941b
00007ffd`f72ee8d7     : 00000000`00000000 00000000`00000000 00000000`00000000 00000000`00000000 : UnityPlayer!UnityMain+0x27ce21
00007ffd`f7a0c3fc     : 00000000`00000000 00000000`00000000 000004f0`fffffb30 000004d0`fffffb30 : KERNEL32!BaseThreadInitThunk+0x17
00000000`00000000     : 00000000`00000000 00000000`00000000 00000000`00000000 00000000`00000000 : ntdll!RtlUserThreadStart+0x2c

  10  Id: 5fb0.56c8 Suspend: 1 Teb: 000000e1`70a4d000 Unfrozen
RetAddr               : Args to Child                                                           : Call Site
00007ffd`f428b1bf     : 00000250`b63ee2a0 00000000`00000000 00000000`00000000 00000000`00000000 : ntdll!NtWaitForSingleObject+0x14
00007ffd`23902f1f     : 00000250`b63ee2a0 00000251`47340510 00000000`00000001 00000000`00000404 : KERNELBASE!WaitForSingleObjectEx+0xaf
00007ffd`239040db     : 000000e1`716ff789 00000000`00000003 00000000`00000000 00000250`b78dd0f0 : UnityPlayer!UnityMain+0x1d825f
00007ffd`239a7ae1     : 00000000`00000000 00000000`00000003 000000e1`716ff789 00000000`00000000 : UnityPlayer!UnityMain+0x1d941b
00007ffd`f72ee8d7     : 00000000`00000000 00000000`00000000 00000000`00000000 00000000`00000000 : UnityPlayer!UnityMain+0x27ce21
00007ffd`f7a0c3fc     : 00000000`00000000 00000000`00000000 000004f0`fffffb30 000004d0`fffffb30 : KERNEL32!BaseThreadInitThunk+0x17
00000000`00000000     : 00000000`00000000 00000000`00000000 00000000`00000000 00000000`00000000 : ntdll!RtlUserThreadStart+0x2c

  11  Id: 5fb0.6584 Suspend: 1 Teb: 000000e1`70a4f000 Unfrozen
RetAddr               : Args to Child                                                           : Call Site
00007ffd`f428b1bf     : 00000250`9c0f6350 00000000`00000000 00000000`00000000 00000000`00000000 : ntdll!NtWaitForSingleObject+0x14
00007ffd`23902f1f     : 00000250`b63ee2a0 00000250`9c0f6350 00000000`00000001 00000000`00000404 : KERNELBASE!WaitForSingleObjectEx+0xaf
00007ffd`239040db     : 000000e1`717ffa79 00000000`00000003 00000000`00000000 00000250`b78dd148 : UnityPlayer!UnityMain+0x1d825f
00007ffd`239a7ae1     : 00000000`00000000 00000000`00000003 000000e1`717ffa79 00000000`00000000 : UnityPlayer!UnityMain+0x1d941b
00007ffd`f72ee8d7     : 00000000`00000000 00000000`00000000 00000000`00000000 00000000`00000000 : UnityPlayer!UnityMain+0x27ce21
00007ffd`f7a0c3fc     : 00000000`00000000 00000000`00000000 000004f0`fffffb30 000004d0`fffffb30 : KERNEL32!BaseThreadInitThunk+0x17
00000000`00000000     : 00000000`00000000 00000000`00000000 00000000`00000000 00000000`00000000 : ntdll!RtlUserThreadStart+0x2c

  12  Id: 5fb0.2194 Suspend: 1 Teb: 000000e1`70a51000 Unfrozen
RetAddr               : Args to Child                                                           : Call Site
00007ffd`f428b1bf     : 00000000`00000000 00000000`00000000 00000000`00000000 00000000`00000000 : ntdll!NtWaitForSingleObject+0x14
00007ffd`23902f1f     : 00000250`b63ee2a0 00000250`00000001 00000000`00000001 00000000`00000404 : KERNELBASE!WaitForSingleObjectEx+0xaf
00007ffd`239040db     : 000000e1`718ff7d9 00000000`00000003 00000000`00000000 00000250`b78dd1a0 : UnityPlayer!UnityMain+0x1d825f
00007ffd`239a7ae1     : 00000000`00000000 00000000`00000003 000000e1`718ff7d9 00000000`00000000 : UnityPlayer!UnityMain+0x1d941b
00007ffd`f72ee8d7     : 00000000`00000000 00000000`00000000 00000000`00000000 00000000`00000000 : UnityPlayer!UnityMain+0x27ce21
00007ffd`f7a0c3fc     : 00000000`00000000 00000000`00000000 000004f0`fffffb30 000004d0`fffffb30 : KERNEL32!BaseThreadInitThunk+0x17
00000000`00000000     : 00000000`00000000 00000000`00000000 00000000`00000000 00000000`00000000 : ntdll!RtlUserThreadStart+0x2c

  13  Id: 5fb0.2cc0 Suspend: 1 Teb: 000000e1`70a53000 Unfrozen
RetAddr               : Args to Child                                                           : Call Site
00007ffd`f428b1bf     : 00000000`00000000 00000000`00000000 00000000`00000000 00000000`00000000 : ntdll!NtWaitForSingleObject+0x14
00007ffd`23902f1f     : 00000250`b63ee2a0 00000250`b63ee2a0 00000000`00000001 00000000`00000404 : KERNELBASE!WaitForSingleObjectEx+0xaf
00007ffd`239040db     : 000000e1`719ff979 00000000`00000003 00000000`00000000 00000250`b78dd1f8 : UnityPlayer!UnityMain+0x1d825f
00007ffd`239a7ae1     : 00000000`00000000 00000000`00000003 000000e1`719ff979 00000000`00000000 : UnityPlayer!UnityMain+0x1d941b
00007ffd`f72ee8d7     : 00000000`00000000 00000000`00000000 00000000`00000000 00000000`00000000 : UnityPlayer!UnityMain+0x27ce21
00007ffd`f7a0c3fc     : 00000000`00000000 00000000`00000000 000004f0`fffffb30 000004d0`fffffb30 : KERNEL32!BaseThreadInitThunk+0x17
00000000`00000000     : 00000000`00000000 00000000`00000000 00000000`00000000 00000000`00000000 : ntdll!RtlUserThreadStart+0x2c

  14  Id: 5fb0.3e44 Suspend: 1 Teb: 000000e1`70a55000 Unfrozen
RetAddr               : Args to Child                                                           : Call Site
00007ffd`f428b1bf     : 00000250`b63ee2a0 00000000`00000000 00000000`00000000 00000000`00000000 : ntdll!NtWaitForSingleObject+0x14
00007ffd`23902f1f     : 00000250`b63ee2a0 00000250`9c150610 00000000`00000001 00000000`00000404 : KERNELBASE!WaitForSingleObjectEx+0xaf
00007ffd`239040db     : 000000e1`71affab9 00000000`00000003 00000000`00000000 00000250`b78dd250 : UnityPlayer!UnityMain+0x1d825f
00007ffd`239a7ae1     : 00000000`00000000 00000000`00000003 000000e1`71affab9 00000000`00000000 : UnityPlayer!UnityMain+0x1d941b
00007ffd`f72ee8d7     : 00000000`00000000 00000000`00000000 00000000`00000000 00000000`00000000 : UnityPlayer!UnityMain+0x27ce21
00007ffd`f7a0c3fc     : 00000000`00000000 00000000`00000000 000004f0`fffffb30 000004d0`fffffb30 : KERNEL32!BaseThreadInitThunk+0x17
00000000`00000000     : 00000000`00000000 00000000`00000000 00000000`00000000 00000000`00000000 : ntdll!RtlUserThreadStart+0x2c

  15  Id: 5fb0.580c Suspend: 1 Teb: 000000e1`70a57000 Unfrozen
RetAddr               : Args to Child                                                           : Call Site
00007ffd`f428b1bf     : 00000000`00000000 00000000`00000000 00000000`00000000 00000000`00000000 : ntdll!NtWaitForSingleObject+0x14
00007ffd`23902f1f     : 00000250`b63ee2a0 00000250`b63ee2a0 00000000`00000001 00000000`00000404 : KERNELBASE!WaitForSingleObjectEx+0xaf
00007ffd`239040db     : 000000e1`71bff7d9 00000000`00000003 00000000`00000000 00000250`b78dd2a8 : UnityPlayer!UnityMain+0x1d825f
00007ffd`239a7ae1     : 00000000`00000000 00000000`00000003 000000e1`71bff7d9 00000000`00000000 : UnityPlayer!UnityMain+0x1d941b
00007ffd`f72ee8d7     : 00000000`00000000 00000000`00000000 00000000`00000000 00000000`00000000 : UnityPlayer!UnityMain+0x27ce21
00007ffd`f7a0c3fc     : 00000000`00000000 00000000`00000000 000004f0`fffffb30 000004d0`fffffb30 : KERNEL32!BaseThreadInitThunk+0x17
00000000`00000000     : 00000000`00000000 00000000`00000000 00000000`00000000 00000000`00000000 : ntdll!RtlUserThreadStart+0x2c

  16  Id: 5fb0.68a4 Suspend: 1 Teb: 000000e1`70a59000 Unfrozen
RetAddr               : Args to Child                                                           : Call Site
00007ffd`f428b1bf     : 00000250`fffffff2 00007ffd`233e4366 00000251`473406f0 00000000`003daec6 : ntdll!NtWaitForSingleObject+0x14
00007ffd`23902f1f     : 00000250`b63ee2a0 00000251`47340510 00000000`00000001 00000000`00000404 : KERNELBASE!WaitForSingleObjectEx+0xaf
00007ffd`239040db     : 000000e1`71cffee9 00000000`00000003 00000000`00000000 00000250`b78dd300 : UnityPlayer!UnityMain+0x1d825f
00007ffd`239a7ae1     : 00000000`00000000 00000000`00000003 000000e1`71cffee9 00000000`00000000 : UnityPlayer!UnityMain+0x1d941b
00007ffd`f72ee8d7     : 00000000`00000000 00000000`00000000 00000000`00000000 00000000`00000000 : UnityPlayer!UnityMain+0x27ce21
00007ffd`f7a0c3fc     : 00000000`00000000 00000000`00000000 000004f0`fffffb30 000004d0`fffffb30 : KERNEL32!BaseThreadInitThunk+0x17
00000000`00000000     : 00000000`00000000 00000000`00000000 00000000`00000000 00000000`00000000 : ntdll!RtlUserThreadStart+0x2c

  17  Id: 5fb0.50f4 Suspend: 1 Teb: 000000e1`70a5b000 Unfrozen
RetAddr               : Args to Child                                                           : Call Site
00007ffd`f428b1bf     : 00000000`00000000 00000000`00000000 00000000`00000000 00000000`00000000 : ntdll!NtWaitForSingleObject+0x14
00007ffd`23902f1f     : 00000250`b63ee2a0 00000250`b63ee2a0 00000000`00000001 00000000`00000404 : KERNELBASE!WaitForSingleObjectEx+0xaf
00007ffd`239040db     : 000000e1`71dffaa9 00000000`00000003 00000000`00000000 00000250`b78dd358 : UnityPlayer!UnityMain+0x1d825f
00007ffd`239a7ae1     : 00000000`00000000 00000000`00000003 000000e1`71dffaa9 00000000`00000000 : UnityPlayer!UnityMain+0x1d941b
00007ffd`f72ee8d7     : 00000000`00000000 00000000`00000000 00000000`00000000 00000000`00000000 : UnityPlayer!UnityMain+0x27ce21
00007ffd`f7a0c3fc     : 00000000`00000000 00000000`00000000 000004f0`fffffb30 000004d0`fffffb30 : KERNEL32!BaseThreadInitThunk+0x17
00000000`00000000     : 00000000`00000000 00000000`00000000 00000000`00000000 00000000`00000000 : ntdll!RtlUserThreadStart+0x2c

  18  Id: 5fb0.67ac Suspend: 1 Teb: 000000e1`70a5d000 Unfrozen
RetAddr               : Args to Child                                                           : Call Site
00007ffd`f428b1bf     : 00000000`00000000 00000000`00000000 00000000`00000000 00000000`00000000 : ntdll!NtWaitForSingleObject+0x14
00007ffd`23902f1f     : 00000250`b63ee2a0 00000250`b63ee2a0 00000000`00000001 00000000`00000404 : KERNELBASE!WaitForSingleObjectEx+0xaf
00007ffd`239040db     : 000000e1`71eff8d9 00000000`00000003 00000000`00000000 00000250`b78dd3b0 : UnityPlayer!UnityMain+0x1d825f
00007ffd`239a7ae1     : 00000000`00000000 00000000`00000003 000000e1`71eff8d9 00000000`00000000 : UnityPlayer!UnityMain+0x1d941b
00007ffd`f72ee8d7     : 00000000`00000000 00000000`00000000 00000000`00000000 00000000`00000000 : UnityPlayer!UnityMain+0x27ce21
00007ffd`f7a0c3fc     : 00000000`00000000 00000000`00000000 000004f0`fffffb30 000004d0`fffffb30 : KERNEL32!BaseThreadInitThunk+0x17
00000000`00000000     : 00000000`00000000 00000000`00000000 00000000`00000000 00000000`00000000 : ntdll!RtlUserThreadStart+0x2c

  19  Id: 5fb0.46c8 Suspend: 1 Teb: 000000e1`70a5f000 Unfrozen
RetAddr               : Args to Child                                                           : Call Site
00007ffd`f428b1bf     : 00000250`b6e21050 00000000`00000000 00000000`00000000 00000000`00000000 : ntdll!NtWaitForSingleObject+0x14
00007ffd`23902f1f     : 00000250`b63ee2a0 00000251`473406f0 00000000`00000001 00000000`00000404 : KERNELBASE!WaitForSingleObjectEx+0xaf
00007ffd`239040db     : 000000e1`71fffa39 00000000`00000003 00000000`00000000 00000250`b78dd408 : UnityPlayer!UnityMain+0x1d825f
00007ffd`239a7ae1     : 00000000`00000000 00000000`00000003 000000e1`71fffa39 00000000`00000000 : UnityPlayer!UnityMain+0x1d941b
00007ffd`f72ee8d7     : 00000000`00000000 00000000`00000000 00000000`00000000 00000000`00000000 : UnityPlayer!UnityMain+0x27ce21
00007ffd`f7a0c3fc     : 00000000`00000000 00000000`00000000 000004f0`fffffb30 000004d0`fffffb30 : KERNEL32!BaseThreadInitThunk+0x17
00000000`00000000     : 00000000`00000000 00000000`00000000 00000000`00000000 00000000`00000000 : ntdll!RtlUserThreadStart+0x2c

  20  Id: 5fb0.166c Suspend: 1 Teb: 000000e1`70a61000 Unfrozen
RetAddr               : Args to Child                                                           : Call Site
00007ffd`f428b1bf     : 00000000`00000000 00000000`00000000 00000000`00000000 00000000`00000000 : ntdll!NtWaitForSingleObject+0x14
00007ffd`23902f1f     : 00000250`b63ee310 00000250`b63ee310 00000000`00000001 00000000`00000444 : KERNELBASE!WaitForSingleObjectEx+0xaf
00007ffd`239040db     : 000000e1`720ffb29 00000000`0000000e 00000000`00000000 00000250`b7742e88 : UnityPlayer!UnityMain+0x1d825f
00007ffd`239a7ae1     : 00000000`0000000e 00000000`0000000e 000000e1`720ffb29 00000000`00000000 : UnityPlayer!UnityMain+0x1d941b
00007ffd`f72ee8d7     : 00000000`00000000 00000000`00000000 00000000`00000000 00000000`00000000 : UnityPlayer!UnityMain+0x27ce21
00007ffd`f7a0c3fc     : 00000000`00000000 00000000`00000000 000004f0`fffffb30 000004d0`fffffb30 : KERNEL32!BaseThreadInitThunk+0x17
00000000`00000000     : 00000000`00000000 00000000`00000000 00000000`00000000 00000000`00000000 : ntdll!RtlUserThreadStart+0x2c

  21  Id: 5fb0.5378 Suspend: 1 Teb: 000000e1`70a63000 Unfrozen
RetAddr               : Args to Child                                                           : Call Site
00007ffd`f428b1bf     : 00000000`00000000 00000000`00000000 00000000`00000000 00000000`00000000 : ntdll!NtWaitForSingleObject+0x14
00007ffd`23902f1f     : 00000250`b63ee310 00000250`b63ee310 00000000`00000001 00000000`00000444 : KERNELBASE!WaitForSingleObjectEx+0xaf
00007ffd`239040db     : 000000e1`721ff759 00000000`0000000e 00000000`00000000 00000250`b7742ee0 : UnityPlayer!UnityMain+0x1d825f
00007ffd`239a7ae1     : 00000000`0000000e 00000000`0000000e 000000e1`721ff759 00000000`00000000 : UnityPlayer!UnityMain+0x1d941b
00007ffd`f72ee8d7     : 00000000`00000000 00000000`00000000 00000000`00000000 00000000`00000000 : UnityPlayer!UnityMain+0x27ce21
00007ffd`f7a0c3fc     : 00000000`00000000 00000000`00000000 000004f0`fffffb30 000004d0`fffffb30 : KERNEL32!BaseThreadInitThunk+0x17
00000000`00000000     : 00000000`00000000 00000000`00000000 00000000`00000000 00000000`00000000 : ntdll!RtlUserThreadStart+0x2c

# 22  Id: 5fb0.6560 Suspend: 1 Teb: 000000e1`70a65000 Unfrozen
RetAddr               : Args to Child                                                           : Call Site
00007ffd`f61366f9     : 00007ffd`ee84b000 00000000`00000000 00000000`00000001 00000000`00000000 : ntdll!TpIsTimerSet+0x9
00007ffd`f6137397     : 00000250`b969e6e0 00000000`00000000 00000000`00000000 00000000`00000000 : RPCRT4!GarbageCollectionNeeded+0x81
00007ffd`f6136dcf     : 00000250`b962dfa0 000000e1`722fe5e0 00000000`00000000 00000250`b962dfa0 : RPCRT4!LRPC_CASSOCIATION::RemoveReference+0x307
00007ffd`f617e5fd     : 000000e1`722fe0e9 00000250`b962dfa0 000000e1`722fe5e0 00007ffd`f615c169 : RPCRT4!LRPC_BINDING_HANDLE::Unbind+0x9f
00007ffd`f612b09e     : 000000e1`722fe300 000000e1`722fe100 00000000`00000000 00000000`00000000 : RPCRT4!LRPC_BASE_BINDING_HANDLE::FreeObject+0x1d
00007ffd`f610c180     : 000000e1`722fe5e0 000000e1`722fe1f8 00000000`00000003 00007ffd`f61c9bef : RPCRT4!REFERENCED_OBJECT::RemoveReference+0x7e
00007ffd`ee8415a5     : 00007ffd`ee84bbe0 00000000`00000000 00007ffd`ee84bba0 0000e491`271cf9cd : RPCRT4!RpcBindingFree+0x50
00007ffd`f61ca2e2     : 000000e1`722fe958 00000250`b962dfa0 00007ffd`ee84b000 000000e1`722fe4f0 : dhcpcsvc6!STRING_HANDLE_unbind+0x15
00007ffd`f61c84fa     : 000000e1`722fe340 000000e1`722fe5e0 00000000`0000000a 00000000`00000000 : RPCRT4!Ndr64pClientFinally+0x142
00007ffd`f61c75fd     : 00007ffd`ee84b160 00000000`0000000a 00007ffd`ee84b000 00000000`00000000 : RPCRT4!NdrpClientCall3+0xe9a
00007ffd`ee8430e1     : 00000251`44a903a0 00000000`00000000 00000000`00000000 00000000`00000000 : RPCRT4!NdrClientCall3+0xed
00007ffd`f298103f     : 00000000`00000000 00007ffd`f2984997 00000000`000000ff 00000250`bc29f200 : dhcpcsvc6!Dhcpv6QueryLeaseInfoArray+0x341
00007ffd`f29841b8     : 00000000`00000000 00000000`00000000 00007ffd`f29a3f88 00000000`00000000 : IPHLPAPI!AddDhcpv6ConfigurationArray+0x2f
00007ffd`f29834c2     : 00000250`b35e0000 00000000`00000000 00000000`00000001 00000000`9582e5b3 : IPHLPAPI!AddDhcpConfiguration+0x158
00007ffd`f2981e20     : 000000e1`722ff468 000000e1`722ff470 00000251`44f95c60 000000e1`722fef88 : IPHLPAPI!AllocateAndGetAdaptersAddresses+0xb32
00007ffd`ee86b603     : 00000000`00000000 000000e1`722fefd9 00000251`44efa030 00000250`b35e0000 : IPHLPAPI!GetAdaptersAddresses+0x60
00007ffd`ee86b354     : 00000000`00000000 00000000`00000000 00000000`00000000 00000250`b34502b4 : WINHTTP!GetActiveConnectionNameRAS+0x113
00007ffd`ee86ad88     : 00000000`00000000 00000000`00000000 000000e1`722ff2d0 00000000`00000000 : WINHTTP!GetActiveConnectionName+0x7c
00007ffd`23bc371d     : 00007ffd`2469e920 00000250`b6540f40 00000000`00000000 00000000`00000000 : WINHTTP!WinHttpGetIEProxyConfigForCurrentUser+0xc8
00007ffd`23bc4681     : 00000250`b6540f40 00000000`00000000 00007ffd`24428f20 00007ffd`242b993e : UnityPlayer!UnityMain+0x498a5d
00007ffd`23bc0177     : 00000000`00000045 00000250`d8e9da40 00000250`d8e8e550 00000000`00000000 : UnityPlayer!UnityMain+0x4999c1
00007ffd`23bbff20     : 00000250`b654f6d0 00000250`d8e8e4a0 000000e1`722ff4f9 00000250`d8e8e401 : UnityPlayer!UnityMain+0x4954b7
00007ffd`23bc12eb     : 00000250`b8f7c790 00000250`d8e8e4a0 00000250`d8e8e4a0 00000000`00000000 : UnityPlayer!UnityMain+0x495260
00007ffd`23bc0ac8     : 00000250`b8f7c790 00000000`00000000 00000000`00000000 00000000`00000000 : UnityPlayer!UnityMain+0x49662b
00007ffd`23902b3e     : 000025d2`a8d0bbc9 00000250`b8f7c790 00000000`00000001 00000000`00000444 : UnityPlayer!UnityMain+0x495e08
00007ffd`23903bcc     : 00000250`b8f7c790 00000000`00000000 00000000`0000a9e4 00000250`b63ee310 : UnityPlayer!UnityMain+0x1d7e7e
00007ffd`23902c57     : 00000250`b8f7c790 00000250`b63ee310 00000000`00000000 00000000`0000a9e2 : UnityPlayer!UnityMain+0x1d8f0c
00007ffd`23902ebb     : 00000000`0000a9e2 00000250`b63ee310 00000000`00000000 00000000`00000444 : UnityPlayer!UnityMain+0x1d7f97
00007ffd`239040db     : 000000e1`722ff799 00000000`0000000e 00000000`00000000 00000250`b7742f38 : UnityPlayer!UnityMain+0x1d81fb
00007ffd`239a7ae1     : 00000000`0000000e 00000000`0000000e 000000e1`722ff799 00000000`00000000 : UnityPlayer!UnityMain+0x1d941b
00007ffd`f72ee8d7     : 00000000`00000000 00000000`00000000 00000000`00000000 00000000`00000000 : UnityPlayer!UnityMain+0x27ce21
00007ffd`f7a0c3fc     : 00000000`00000000 00000000`00000000 000004f0`fffffb30 000004d0`fffffb30 : KERNEL32!BaseThreadInitThunk+0x17
00000000`00000000     : 00000000`00000000 00000000`00000000 00000000`00000000 00000000`00000000 : ntdll!RtlUserThreadStart+0x2c

  23  Id: 5fb0.678c Suspend: 1 Teb: 000000e1`70a67000 Unfrozen
RetAddr               : Args to Child                                                           : Call Site
00007ffd`f428b1bf     : 00000000`00000000 00000000`00000000 00000000`00000000 00000000`00000000 : ntdll!NtWaitForSingleObject+0x14
00007ffd`23902f1f     : 00000250`b63ee310 00000250`b63ee310 00000000`00000001 00000000`00000444 : KERNELBASE!WaitForSingleObjectEx+0xaf
00007ffd`239040db     : 000000e1`723ffee9 00000000`0000000e 00000000`00000000 00000250`b7742f90 : UnityPlayer!UnityMain+0x1d825f
00007ffd`239a7ae1     : 00000000`0000000e 00000000`0000000e 000000e1`723ffee9 00000000`00000000 : UnityPlayer!UnityMain+0x1d941b
00007ffd`f72ee8d7     : 00000000`00000000 00000000`00000000 00000000`00000000 00000000`00000000 : UnityPlayer!UnityMain+0x27ce21
00007ffd`f7a0c3fc     : 00000000`00000000 00000000`00000000 000004f0`fffffb30 000004d0`fffffb30 : KERNEL32!BaseThreadInitThunk+0x17
00000000`00000000     : 00000000`00000000 00000000`00000000 00000000`00000000 00000000`00000000 : ntdll!RtlUserThreadStart+0x2c

  24  Id: 5fb0.41f4 Suspend: 1 Teb: 000000e1`70a69000 Unfrozen
RetAddr               : Args to Child                                                           : Call Site
00007ffd`f428b1bf     : 00000000`00000000 00000000`00000000 00000000`00000000 00000000`00000000 : ntdll!NtWaitForSingleObject+0x14
00007ffd`23902f1f     : 00000250`b63ee310 00000250`b63ee310 00000000`00000001 00000000`00000444 : KERNELBASE!WaitForSingleObjectEx+0xaf
00007ffd`239040db     : 000000e1`724ffe29 00000000`0000000e 00000000`00000000 00000250`b7742fe8 : UnityPlayer!UnityMain+0x1d825f
00007ffd`239a7ae1     : 00000000`0000000e 00000000`0000000e 000000e1`724ffe29 00000000`00000000 : UnityPlayer!UnityMain+0x1d941b
00007ffd`f72ee8d7     : 00000000`00000000 00000000`00000000 00000000`00000000 00000000`00000000 : UnityPlayer!UnityMain+0x27ce21
00007ffd`f7a0c3fc     : 00000000`00000000 00000000`00000000 000004f0`fffffb30 000004d0`fffffb30 : KERNEL32!BaseThreadInitThunk+0x17
00000000`00000000     : 00000000`00000000 00000000`00000000 00000000`00000000 00000000`00000000 : ntdll!RtlUserThreadStart+0x2c

  25  Id: 5fb0.33bc Suspend: 1 Teb: 000000e1`70a6b000 Unfrozen
RetAddr               : Args to Child                                                           : Call Site
00007ffd`f428b1bf     : 00000000`00000000 00000000`00000000 00000000`00000000 00000000`00000000 : ntdll!NtWaitForSingleObject+0x14
00007ffd`23902f1f     : 00000250`b63ee310 00000250`b63ee310 00000000`00000001 00000000`00000444 : KERNELBASE!WaitForSingleObjectEx+0xaf
00007ffd`239040db     : 000000e1`725ffd69 00000000`0000000e 00000000`00000000 00000250`b7743040 : UnityPlayer!UnityMain+0x1d825f
00007ffd`239a7ae1     : 00000000`0000000e 00000000`0000000e 000000e1`725ffd69 00000000`00000000 : UnityPlayer!UnityMain+0x1d941b
00007ffd`f72ee8d7     : 00000000`00000000 00000000`00000000 00000000`00000000 00000000`00000000 : UnityPlayer!UnityMain+0x27ce21
00007ffd`f7a0c3fc     : 00000000`00000000 00000000`00000000 000004f0`fffffb30 000004d0`fffffb30 : KERNEL32!BaseThreadInitThunk+0x17
00000000`00000000     : 00000000`00000000 00000000`00000000 00000000`00000000 00000000`00000000 : ntdll!RtlUserThreadStart+0x2c

  26  Id: 5fb0.3a30 Suspend: 1 Teb: 000000e1`70a6d000 Unfrozen
RetAddr               : Args to Child                                                           : Call Site
00007ffd`f428b1bf     : 00000000`00000000 00000000`00000000 00000000`00000000 00000000`00000000 : ntdll!NtWaitForSingleObject+0x14
00007ffd`23902f1f     : 00000250`b63ee310 00000250`b63ee310 00000000`00000001 00000000`00000444 : KERNELBASE!WaitForSingleObjectEx+0xaf
00007ffd`239040db     : 000000e1`726ff769 00000000`0000000e 00000000`00000000 00000250`b7743098 : UnityPlayer!UnityMain+0x1d825f
00007ffd`239a7ae1     : 00000000`0000000e 00000000`0000000e 000000e1`726ff769 00000000`00000000 : UnityPlayer!UnityMain+0x1d941b
00007ffd`f72ee8d7     : 00000000`00000000 00000000`00000000 00000000`00000000 00000000`00000000 : UnityPlayer!UnityMain+0x27ce21
00007ffd`f7a0c3fc     : 00000000`00000000 00000000`00000000 000004f0`fffffb30 000004d0`fffffb30 : KERNEL32!BaseThreadInitThunk+0x17
00000000`00000000     : 00000000`00000000 00000000`00000000 00000000`00000000 00000000`00000000 : ntdll!RtlUserThreadStart+0x2c

  27  Id: 5fb0.2680 Suspend: 1 Teb: 000000e1`70a6f000 Unfrozen
RetAddr               : Args to Child                                                           : Call Site
00007ffd`f428b1bf     : 00000000`00000000 00000000`00000000 00000000`00000000 00000000`00000000 : ntdll!NtWaitForSingleObject+0x14
00007ffd`23902f1f     : 00000250`b63ee310 00000250`b63ee310 00000000`00000001 00000000`00000444 : KERNELBASE!WaitForSingleObjectEx+0xaf
00007ffd`239040db     : 000000e1`727ffca9 00000000`0000000e 00000000`00000000 00000250`b77430f0 : UnityPlayer!UnityMain+0x1d825f
00007ffd`239a7ae1     : 00000000`0000000e 00000000`0000000e 000000e1`727ffca9 00000000`00000000 : UnityPlayer!UnityMain+0x1d941b
00007ffd`f72ee8d7     : 00000000`00000000 00000000`00000000 00000000`00000000 00000000`00000000 : UnityPlayer!UnityMain+0x27ce21
00007ffd`f7a0c3fc     : 00000000`00000000 00000000`00000000 000004f0`fffffb30 000004d0`fffffb30 : KERNEL32!BaseThreadInitThunk+0x17
00000000`00000000     : 00000000`00000000 00000000`00000000 00000000`00000000 00000000`00000000 : ntdll!RtlUserThreadStart+0x2c

  28  Id: 5fb0.1534 Suspend: 1 Teb: 000000e1`70a71000 Unfrozen
RetAddr               : Args to Child                                                           : Call Site
00007ffd`f428b1bf     : 00000000`00000000 00000000`00000000 00000000`00000000 00000000`00000000 : ntdll!NtWaitForSingleObject+0x14
00007ffd`23902f1f     : 00000250`b63ee310 00000250`b63ee310 00000000`00000001 00000000`00000444 : KERNELBASE!WaitForSingleObjectEx+0xaf
00007ffd`239040db     : 000000e1`728ffeb9 00000000`0000000e 00000000`00000000 00000250`b7743148 : UnityPlayer!UnityMain+0x1d825f
00007ffd`239a7ae1     : 00000000`0000000e 00000000`0000000e 000000e1`728ffeb9 00000000`00000000 : UnityPlayer!UnityMain+0x1d941b
00007ffd`f72ee8d7     : 00000000`00000000 00000000`00000000 00000000`00000000 00000000`00000000 : UnityPlayer!UnityMain+0x27ce21
00007ffd`f7a0c3fc     : 00000000`00000000 00000000`00000000 000004f0`fffffb30 000004d0`fffffb30 : KERNEL32!BaseThreadInitThunk+0x17
00000000`00000000     : 00000000`00000000 00000000`00000000 00000000`00000000 00000000`00000000 : ntdll!RtlUserThreadStart+0x2c

  29  Id: 5fb0.41d8 Suspend: 1 Teb: 000000e1`70a73000 Unfrozen
RetAddr               : Args to Child                                                           : Call Site
00007ffd`f428b1bf     : 00000000`00000000 00000000`00000000 00000000`00000000 00000000`00000000 : ntdll!NtWaitForSingleObject+0x14
00007ffd`23902f1f     : 00000250`b63ee310 00000250`b63ee310 00000000`00000001 00000000`00000444 : KERNELBASE!WaitForSingleObjectEx+0xaf
00007ffd`239040db     : 000000e1`729ffa69 00000000`0000000e 00000000`00000000 00000250`b77431a0 : UnityPlayer!UnityMain+0x1d825f
00007ffd`239a7ae1     : 00000000`0000000e 00000000`0000000e 000000e1`729ffa69 00000000`00000000 : UnityPlayer!UnityMain+0x1d941b
00007ffd`f72ee8d7     : 00000000`00000000 00000000`00000000 00000000`00000000 00000000`00000000 : UnityPlayer!UnityMain+0x27ce21
00007ffd`f7a0c3fc     : 00000000`00000000 00000000`00000000 000004f0`fffffb30 000004d0`fffffb30 : KERNEL32!BaseThreadInitThunk+0x17
00000000`00000000     : 00000000`00000000 00000000`00000000 00000000`00000000 00000000`00000000 : ntdll!RtlUserThreadStart+0x2c

  30  Id: 5fb0.6004 Suspend: 1 Teb: 000000e1`70a75000 Unfrozen
RetAddr               : Args to Child                                                           : Call Site
00007ffd`f428b1bf     : 00000000`00000000 00000000`00000000 00000000`00000000 00000000`00000000 : ntdll!NtWaitForSingleObject+0x14
00007ffd`23902f1f     : 00000250`b63ee310 00000250`b63ee310 00000000`00000001 00000000`00000444 : KERNELBASE!WaitForSingleObjectEx+0xaf
00007ffd`239040db     : 000000e1`72aff729 00000000`0000000e 00000000`00000000 00000250`b77431f8 : UnityPlayer!UnityMain+0x1d825f
00007ffd`239a7ae1     : 00000000`0000000e 00000000`0000000e 000000e1`72aff729 00000000`00000000 : UnityPlayer!UnityMain+0x1d941b
00007ffd`f72ee8d7     : 00000000`00000000 00000000`00000000 00000000`00000000 00000000`00000000 : UnityPlayer!UnityMain+0x27ce21
00007ffd`f7a0c3fc     : 00000000`00000000 00000000`00000000 000004f0`fffffb30 000004d0`fffffb30 : KERNEL32!BaseThreadInitThunk+0x17
00000000`00000000     : 00000000`00000000 00000000`00000000 00000000`00000000 00000000`00000000 : ntdll!RtlUserThreadStart+0x2c

  31  Id: 5fb0.30b0 Suspend: 1 Teb: 000000e1`70a77000 Unfrozen
RetAddr               : Args to Child                                                           : Call Site
00007ffd`f428b1bf     : 00000000`00000000 00000000`00000000 00000000`00000000 00000000`00000000 : ntdll!NtWaitForSingleObject+0x14
00007ffd`23902f1f     : 00000250`b63ee310 00000250`b63ee310 00000000`00000001 00000000`00000444 : KERNELBASE!WaitForSingleObjectEx+0xaf
00007ffd`239040db     : 000000e1`72bffc09 00000000`0000000e 00000000`00000000 00000250`b7743250 : UnityPlayer!UnityMain+0x1d825f
00007ffd`239a7ae1     : 00000000`0000000e 00000000`0000000e 000000e1`72bffc09 00000000`00000000 : UnityPlayer!UnityMain+0x1d941b
00007ffd`f72ee8d7     : 00000000`00000000 00000000`00000000 00000000`00000000 00000000`00000000 : UnityPlayer!UnityMain+0x27ce21
00007ffd`f7a0c3fc     : 00000000`00000000 00000000`00000000 000004f0`fffffb30 000004d0`fffffb30 : KERNEL32!BaseThreadInitThunk+0x17
00000000`00000000     : 00000000`00000000 00000000`00000000 00000000`00000000 00000000`00000000 : ntdll!RtlUserThreadStart+0x2c

  32  Id: 5fb0.4910 Suspend: 1 Teb: 000000e1`70a79000 Unfrozen
RetAddr               : Args to Child                                                           : Call Site
00007ffd`f428b1bf     : 00000000`00000000 00000000`00000000 00000000`00000000 00000000`00000000 : ntdll!NtWaitForSingleObject+0x14
00007ffd`23902f1f     : 00000250`b63ee310 00000250`b63ee310 00000000`00000001 00000000`00000444 : KERNELBASE!WaitForSingleObjectEx+0xaf
00007ffd`239040db     : 000000e1`72cffdc9 00000000`0000000e 00000000`00000000 00000250`b77432a8 : UnityPlayer!UnityMain+0x1d825f
00007ffd`239a7ae1     : 00000000`0000000e 00000000`0000000e 000000e1`72cffdc9 00000000`00000000 : UnityPlayer!UnityMain+0x1d941b
00007ffd`f72ee8d7     : 00000000`00000000 00000000`00000000 00000000`00000000 00000000`00000000 : UnityPlayer!UnityMain+0x27ce21
00007ffd`f7a0c3fc     : 00000000`00000000 00000000`00000000 000004f0`fffffb30 000004d0`fffffb30 : KERNEL32!BaseThreadInitThunk+0x17
00000000`00000000     : 00000000`00000000 00000000`00000000 00000000`00000000 00000000`00000000 : ntdll!RtlUserThreadStart+0x2c

  33  Id: 5fb0.47a4 Suspend: 1 Teb: 000000e1`70a7b000 Unfrozen
RetAddr               : Args to Child                                                           : Call Site
00007ffd`f428b1bf     : 00000000`00000000 00000000`00000000 00000000`00000000 00000000`00000000 : ntdll!NtWaitForSingleObject+0x14
00007ffd`23902f1f     : 00000250`b63ee310 00000250`b63ee310 00000000`00000001 00000000`00000444 : KERNELBASE!WaitForSingleObjectEx+0xaf
00007ffd`239040db     : 000000e1`72dff9f9 00000000`0000000e 00000000`00000000 00000250`b7743300 : UnityPlayer!UnityMain+0x1d825f
00007ffd`239a7ae1     : 00000000`0000000e 00000000`0000000e 000000e1`72dff9f9 00000000`00000000 : UnityPlayer!UnityMain+0x1d941b
00007ffd`f72ee8d7     : 00000000`00000000 00000000`00000000 00000000`00000000 00000000`00000000 : UnityPlayer!UnityMain+0x27ce21
00007ffd`f7a0c3fc     : 00000000`00000000 00000000`00000000 000004f0`fffffb30 000004d0`fffffb30 : KERNEL32!BaseThreadInitThunk+0x17
00000000`00000000     : 00000000`00000000 00000000`00000000 00000000`00000000 00000000`00000000 : ntdll!RtlUserThreadStart+0x2c

  34  Id: 5fb0.2340 Suspend: 1 Teb: 000000e1`70a7d000 Unfrozen
RetAddr               : Args to Child                                                           : Call Site
00007ffd`f428b1bf     : 00000000`00000000 00000000`00000000 00000000`00000000 00000000`00000000 : ntdll!NtWaitForSingleObject+0x14
00007ffd`23902f1f     : 00000250`b63ee310 00000250`b63ee310 00000000`00000001 00000000`00000444 : KERNELBASE!WaitForSingleObjectEx+0xaf
00007ffd`239040db     : 000000e1`72effe39 00000000`0000000e 00000000`00000000 00000250`b7743358 : UnityPlayer!UnityMain+0x1d825f
00007ffd`239a7ae1     : 00000000`0000000e 00000000`0000000e 000000e1`72effe39 00000000`00000000 : UnityPlayer!UnityMain+0x1d941b
00007ffd`f72ee8d7     : 00000000`00000000 00000000`00000000 00000000`00000000 00000000`00000000 : UnityPlayer!UnityMain+0x27ce21
00007ffd`f7a0c3fc     : 00000000`00000000 00000000`00000000 000004f0`fffffb30 000004d0`fffffb30 : KERNEL32!BaseThreadInitThunk+0x17
00000000`00000000     : 00000000`00000000 00000000`00000000 00000000`00000000 00000000`00000000 : ntdll!RtlUserThreadStart+0x2c

  35  Id: 5fb0.32b0 Suspend: 1 Teb: 000000e1`70a7f000 Unfrozen
RetAddr               : Args to Child                                                           : Call Site
00007ffd`f428b1bf     : 00000000`00000000 00000000`00000000 00000000`00000000 00000000`00000000 : ntdll!NtWaitForSingleObject+0x14
00007ffd`23902f1f     : 00000250`b63ee310 00000250`b63ee310 00000000`00000001 00000000`00000444 : KERNELBASE!WaitForSingleObjectEx+0xaf
00007ffd`239040db     : 000000e1`72fffd99 00000000`0000000e 00000000`00000000 00000250`b77433b0 : UnityPlayer!UnityMain+0x1d825f
00007ffd`239a7ae1     : 00000000`0000000e 00000000`0000000e 000000e1`72fffd99 00000000`00000000 : UnityPlayer!UnityMain+0x1d941b
00007ffd`f72ee8d7     : 00000000`00000000 00000000`00000000 00000000`00000000 00000000`00000000 : UnityPlayer!UnityMain+0x27ce21
00007ffd`f7a0c3fc     : 00000000`00000000 00000000`00000000 000004f0`fffffb30 000004d0`fffffb30 : KERNEL32!BaseThreadInitThunk+0x17
00000000`00000000     : 00000000`00000000 00000000`00000000 00000000`00000000 00000000`00000000 : ntdll!RtlUserThreadStart+0x2c

  36  Id: 5fb0.2ff8 Suspend: 1 Teb: 000000e1`70a81000 Unfrozen
RetAddr               : Args to Child                                                           : Call Site
00007ffd`f428b1bf     : 00000251`5e851ca0 00007ffd`2376a4d6 00007ffd`2469e920 00007ffd`239a8ad1 : ntdll!NtWaitForSingleObject+0x14
00007ffd`239a87e5     : 0001894c`00018948 000000e1`730ff739 00007ffd`00000001 00000000`0000048c : KERNELBASE!WaitForSingleObjectEx+0xaf
00007ffd`23947d9c     : 00000250`b94849c8 000000e1`730ff739 0001894c`00018948 00007ffd`23766854 : UnityPlayer!UnityMain+0x27db25
00007ffd`239a7ae1     : ffffffff`ffffffff 0001894c`00018948 000000e1`730ff739 0001870c`00018708 : UnityPlayer!UnityMain+0x21d0dc
00007ffd`f72ee8d7     : 00000000`00000000 00000000`00000000 00000000`00000000 00000000`00000000 : UnityPlayer!UnityMain+0x27ce21
00007ffd`f7a0c3fc     : 00000000`00000000 00000000`00000000 000004f0`fffffb30 000004d0`fffffb30 : KERNEL32!BaseThreadInitThunk+0x17
00000000`00000000     : 00000000`00000000 00000000`00000000 00000000`00000000 00000000`00000000 : ntdll!RtlUserThreadStart+0x2c

  37  Id: 5fb0.2d48 Suspend: 1 Teb: 000000e1`70a83000 Unfrozen
RetAddr               : Args to Child                                                           : Call Site
00007ffd`f428b1bf     : 00000000`00000000 00000000`00000000 00000250`b6f29c70 00007ffd`23817c76 : ntdll!NtWaitForSingleObject+0x14
00007ffd`23818388     : 00000250`b6f29c70 000000e1`731ffce0 000000e1`00000001 00000000`00000494 : KERNELBASE!WaitForSingleObjectEx+0xaf
00007ffd`239a7ae1     : ffffffff`ffffffff ffffffff`ffffffff 000000e1`731ffdd9 00000000`00000000 : UnityPlayer!UnityMain+0xed6c8
00007ffd`f72ee8d7     : 00000000`00000000 00000000`00000000 00000000`00000000 00000000`00000000 : UnityPlayer!UnityMain+0x27ce21
00007ffd`f7a0c3fc     : 00000000`00000000 00000000`00000000 000004f0`fffffb30 000004d0`fffffb30 : KERNEL32!BaseThreadInitThunk+0x17
00000000`00000000     : 00000000`00000000 00000000`00000000 00000000`00000000 00000000`00000000 : ntdll!RtlUserThreadStart+0x2c

  38  Id: 5fb0.4438 Suspend: 1 Teb: 000000e1`70a85000 Unfrozen
RetAddr               : Args to Child                                                           : Call Site
00007ffd`f4291a93     : 00000000`00000000 00000000`00000000 00000000`00000000 00007ffd`f4291b4f : ntdll!NtWaitForMultipleObjects+0x14
00007ffd`f582613a     : 00000000`00000001 00000000`00000000 00000000`00000001 00000250`b8ebef40 : KERNELBASE!WaitForMultipleObjectsEx+0x123
00007ffd`f5825f74     : 00000250`b8ebef40 00000000`00000000 00000250`b8ebef40 00000250`b8ebef40 : combase!WaitCoalesced+0xca
00007ffd`f5825dbf     : 00000250`b96183d0 00000000`ffffffff 00000250`b96183d0 00000000`00000000 : combase!CRpcThread::WorkerLoop+0x120
00007ffd`f72ee8d7     : 00000250`b96183d0 00000000`00000000 00000000`00000000 00000000`00000000 : combase!CRpcThreadCache::RpcWorkerThreadEntry+0x4f
00007ffd`f7a0c3fc     : 00000000`00000000 00000000`00000000 000004f0`fffffb30 000004d0`fffffb30 : KERNEL32!BaseThreadInitThunk+0x17
00000000`00000000     : 00000000`00000000 00000000`00000000 00000000`00000000 00000000`00000000 : ntdll!RtlUserThreadStart+0x2c

  39  Id: 5fb0.32f0 Suspend: 1 Teb: 000000e1`70a87000 Unfrozen
RetAddr               : Args to Child                                                           : Call Site
00007ffd`f79f5dfe     : 00000000`00010010 00000000`00000001 00000250`b96264f0 00000250`b35e1a80 : ntdll!NtWaitForWorkViaWorkerFactory+0x14
00007ffd`f72ee8d7     : 00000000`00000000 00000000`00000000 00000000`00000000 00000000`00000000 : ntdll!TppWorkerThread+0x37e
00007ffd`f7a0c3fc     : 00000000`00000000 00000000`00000000 000004f0`fffffb30 000004d0`fffffb30 : KERNEL32!BaseThreadInitThunk+0x17
00000000`00000000     : 00000000`00000000 00000000`00000000 00000000`00000000 00000000`00000000 : ntdll!RtlUserThreadStart+0x2c

  40  Id: 5fb0.1878 Suspend: 1 Teb: 000000e1`70a89000 Unfrozen
RetAddr               : Args to Child                                                           : Call Site
00007ffd`f79f5dfe     : 00000000`00000000 00000000`00000000 00007ffd`f79f4d60 00000250`b35e1a80 : ntdll!NtWaitForWorkViaWorkerFactory+0x14
00007ffd`f72ee8d7     : 00000000`00000000 00000000`00000000 00000000`00000000 00000000`00000000 : ntdll!TppWorkerThread+0x37e
00007ffd`f7a0c3fc     : 00000000`00000000 00000000`00000000 000004f0`fffffb30 000004d0`fffffb30 : KERNEL32!BaseThreadInitThunk+0x17
00000000`00000000     : 00000000`00000000 00000000`00000000 00000000`00000000 00000000`00000000 : ntdll!RtlUserThreadStart+0x2c

  41  Id: 5fb0.3480 Suspend: 1 Teb: 000000e1`70a8b000 Unfrozen
RetAddr               : Args to Child                                                           : Call Site
00007ffd`f428b1bf     : 000000e1`00000000 00000000`d79ad1d1 00000001`00000001 00000000`00000000 : ntdll!NtWaitForSingleObject+0x14
*** WARNING: Unable to verify checksum for C:\Program Files (x86)\Steam\steamapps\common\One Step From Eden\d3d11.dll
00007ffd`d79aa12b     : 00007ffd`f7316ff0 00000000`00000000 3f800000`00000000 00000000`00000e9c : KERNELBASE!WaitForSingleObjectEx+0xaf
00007ffd`d79ac9ff     : 00000000`00000000 00000003`00000000 00000003`00000003 0000000f`00000003 : d3d11!swrast_flush+0x14b
00007ffd`d799f7ad     : 00000250`ba6276dc 00007ffd`d79d24b1 00000000`00000036 00000000`00000000 : d3d11!swrast_triangles+0x17f
(Inline Function)     : --------`-------- --------`-------- --------`-------- --------`-------- : d3d11!ctx_draw_inner+0x14f3
00007ffd`d7994f6f     : 000000e1`735fe480 00007ffd`2368e56b 00000000`00000001 00000250`bab00780 : d3d11!ctx_draw+0x157d
00007ffd`2368866c     : 00000250`ba6276dc 00000250`00000000 00000000`00000001 00000000`00000728 : d3d11!Ctx_DrawIndexed+0x1f
00007ffd`236887ba     : 00000250`b78ee980 00000000`00000000 00000250`ba6276b0 00000000`00000010 : UnityPlayer+0x54866c
00007ffd`2382ea18     : 00000250`b78ee940 000000e1`00000002 00000000`00000000 00000250`b78f1e84 : UnityPlayer+0x5487ba
00007ffd`23688862     : 00000000`00000000 00000000`00000000 00000000`00000000 00000250`ba6276b0 : UnityPlayer!UnityMain+0x103d58
00007ffd`236f031b     : 00000250`ba627690 000000e1`735fe6e0 00000250`ba014a00 00000000`000000cc : UnityPlayer+0x548862
00007ffd`236f1a8b     : 00000250`b6a375c0 004fc934`004fc930 00000250`ffffffff 00000000`00002793 : UnityPlayer+0x5b031b
00007ffd`236f1b67     : 00000250`b6a375c0 000000e1`735ffa09 00000000`00000000 00000250`b6435810 : UnityPlayer+0x5b1a8b
00007ffd`239a7ae1     : ffffffff`ffffffff ffffffff`ffffffff 000000e1`735ffa09 00000000`00000000 : UnityPlayer+0x5b1b67
00007ffd`f72ee8d7     : 00000000`00000000 00000000`00000000 00000000`00000000 00000000`00000000 : UnityPlayer!UnityMain+0x27ce21
00007ffd`f7a0c3fc     : 00000000`00000000 00000000`00000000 000004f0`fffffb30 000004d0`fffffb30 : KERNEL32!BaseThreadInitThunk+0x17
00000000`00000000     : 00000000`00000000 00000000`00000000 00000000`00000000 00000000`00000000 : ntdll!RtlUserThreadStart+0x2c

  42  Id: 5fb0.f48 Suspend: 1 Teb: 000000e1`70a8d000 Unfrozen
RetAddr               : Args to Child                                                           : Call Site
00007ffd`f428b1bf     : 00000000`00000000 00000000`00000000 00000000`00000000 00000000`00000000 : ntdll!NtWaitForSingleObject+0x14
00007ffd`241e450a     : 00000000`00000000 00000000`000001e0 00000000`00000000 00000000`000006cc : KERNELBASE!WaitForSingleObjectEx+0xaf
00007ffd`241e445e     : 00000250`00000000 00000000`00000df5 00000000`00000000 00007ffd`eec80000 : UnityPlayer!UnityMain+0xab984a
00007ffd`24171511     : 00000000`00080001 00000000`00000001 00000000`00000000 00000000`00000000 : UnityPlayer!UnityMain+0xab979e
00007ffd`2430a1e4     : 00000250`00000000 00000000`00000000 00000000`00000000 00000000`00000000 : UnityPlayer!UnityMain+0xa46851
00007ffd`f72ee8d7     : 00000000`00000000 00000000`00000000 00000000`00000000 00000000`00000000 : UnityPlayer!UnityMain+0xbdf524
00007ffd`f7a0c3fc     : 00000000`00000000 00000000`00000000 000004f0`fffffb30 000004d0`fffffb30 : KERNEL32!BaseThreadInitThunk+0x17
00000000`00000000     : 00000000`00000000 00000000`00000000 00000000`00000000 00000000`00000000 : ntdll!RtlUserThreadStart+0x2c

  43  Id: 5fb0.67e0 Suspend: 1 Teb: 000000e1`70a8f000 Unfrozen
RetAddr               : Args to Child                                                           : Call Site
00007ffd`f428b1bf     : 00000250`b78f6ec4 00007ffd`24170c03 000000e1`737ff8d8 00000000`00000000 : ntdll!NtWaitForSingleObject+0x14
00007ffd`241c6a85     : 00000250`b6470b58 00000000`00000001 00000000`00000000 00000000`000006d8 : KERNELBASE!WaitForSingleObjectEx+0xaf
00007ffd`24170a9a     : 00000250`b78f6d60 00000000`00000000 00000000`00000000 00000000`00000000 : UnityPlayer!UnityMain+0xa9bdc5
00007ffd`241714f1     : 00000000`00000002 00000250`b7909438 00000000`00000000 00000000`00000000 : UnityPlayer!UnityMain+0xa45dda
00007ffd`2430a1e4     : 00000250`b8ec7d70 00000000`00000000 00000000`00000000 00000000`00000000 : UnityPlayer!UnityMain+0xa46831
00007ffd`f72ee8d7     : 00000000`00000000 00000000`00000000 00000000`00000000 00000000`00000000 : UnityPlayer!UnityMain+0xbdf524
00007ffd`f7a0c3fc     : 00000000`00000000 00000000`00000000 000004f0`fffffb30 000004d0`fffffb30 : KERNEL32!BaseThreadInitThunk+0x17
00000000`00000000     : 00000000`00000000 00000000`00000000 00000000`00000000 00000000`00000000 : ntdll!RtlUserThreadStart+0x2c

  44  Id: 5fb0.70c Suspend: 1 Teb: 000000e1`70a91000 Unfrozen
RetAddr               : Args to Child                                                           : Call Site
00007ffd`f7a51014     : 00000250`d8ea1e98 00000000`00000000 00000250`d8ea5dc8 00000250`d8ea1e98 : ntdll!NtDelayExecution+0x14
00007ffd`f4296f01     : 00000000`00000000 00000000`00000000 00000000`00000000 00000000`00000000 : ntdll!RtlDelayExecution+0x34
00007ffd`24170c4a     : 00000250`b79057c0 00000000`00000000 ffffffff`fffe7960 00000000`00000000 : KERNELBASE!SleepEx+0x91
00007ffd`2417152a     : 00000000`00000000 00000000`00000000 00000250`b79057c0 00000000`00000000 : UnityPlayer!UnityMain+0xa45f8a
00007ffd`2430a1e4     : 00000250`b8ec7ad0 00000000`00000000 00000000`00000000 00000000`00000000 : UnityPlayer!UnityMain+0xa4686a
00007ffd`f72ee8d7     : 00000000`00000000 00000000`00000000 00000000`00000000 00000000`00000000 : UnityPlayer!UnityMain+0xbdf524
00007ffd`f7a0c3fc     : 00000000`00000000 00000000`00000000 000004f0`fffffb30 000004d0`fffffb30 : KERNEL32!BaseThreadInitThunk+0x17
00000000`00000000     : 00000000`00000000 00000000`00000000 00000000`00000000 00000000`00000000 : ntdll!RtlUserThreadStart+0x2c

  45  Id: 5fb0.1da0 Suspend: 1 Teb: 000000e1`70b2f000 Unfrozen
RetAddr               : Args to Child                                                           : Call Site
(Inline Function)     : --------`-------- --------`-------- --------`-------- --------`-------- : d3d11!addr_coord+0x2b
00007ffd`d79abf50     : 000000e1`739ff500 00000000`00000000 00000000`00000000 00000000`00000000 : d3d11!tex_fetch+0x3b
(Inline Function)     : --------`-------- --------`-------- --------`-------- --------`-------- : d3d11!sample_tex+0x311
(Inline Function)     : --------`-------- --------`-------- --------`-------- --------`-------- : d3d11!triangle_rect+0x1982
00007ffd`d79adc85     : 00000000`00000000 00000000`00000000 00000000`00000000 00000000`00000714 : d3d11!run_tile+0x1a50
00007ffd`f72ee8d7     : 00000000`00000000 00000000`00000000 00000000`00000000 00000000`00000000 : d3d11!tile_worker+0x65
00007ffd`f7a0c3fc     : 00000000`00000000 00000000`00000000 000004f0`fffffb30 000004d0`fffffb30 : KERNEL32!BaseThreadInitThunk+0x17
00000000`00000000     : 00000000`00000000 00000000`00000000 00000000`00000000 00000000`00000000 : ntdll!RtlUserThreadStart+0x2c

  46  Id: 5fb0.1f2c Suspend: 1 Teb: 000000e1`70b31000 Unfrozen
RetAddr               : Args to Child                                                           : Call Site
00007ffd`d79abf2b     : 000000e1`73aff8d0 00000000`00000000 00000000`00000000 00000000`00000000 : d3d11!floorf+0x7b
(Inline Function)     : --------`-------- --------`-------- --------`-------- --------`-------- : d3d11!sample_tex+0x2ec
(Inline Function)     : --------`-------- --------`-------- --------`-------- --------`-------- : d3d11!triangle_rect+0x195d
00007ffd`d79adc85     : 00000000`00000000 00000000`00000000 00000000`00000000 00000000`00000e58 : d3d11!run_tile+0x1a2b
00007ffd`f72ee8d7     : 00000000`00000000 00000000`00000000 00000000`00000000 00000000`00000000 : d3d11!tile_worker+0x65
00007ffd`f7a0c3fc     : 00000000`00000000 00000000`00000000 000004f0`fffffb30 000004d0`fffffb30 : KERNEL32!BaseThreadInitThunk+0x17
00000000`00000000     : 00000000`00000000 00000000`00000000 00000000`00000000 00000000`00000000 : ntdll!RtlUserThreadStart+0x2c

  47  Id: 5fb0.5a60 Suspend: 1 Teb: 000000e1`70b35000 Unfrozen
RetAddr               : Args to Child                                                           : Call Site
(Inline Function)     : --------`-------- --------`-------- --------`-------- --------`-------- : d3d11!blend_pixel+0x226
(Inline Function)     : --------`-------- --------`-------- --------`-------- --------`-------- : d3d11!triangle_rect+0x2058
00007ffd`d79adc85     : 00000000`00000000 00000000`00000000 00000000`00000000 00000000`00000d8c : d3d11!run_tile+0x2126
00007ffd`f72ee8d7     : 00000000`00000000 00000000`00000000 00000000`00000000 00000000`00000000 : d3d11!tile_worker+0x65
00007ffd`f7a0c3fc     : 00000000`00000000 00000000`00000000 000004f0`fffffb30 000004d0`fffffb30 : KERNEL32!BaseThreadInitThunk+0x17
00000000`00000000     : 00000000`00000000 00000000`00000000 00000000`00000000 00000000`00000000 : ntdll!RtlUserThreadStart+0x2c

  48  Id: 5fb0.30fc Suspend: 1 Teb: 000000e1`70b33000 Unfrozen
RetAddr               : Args to Child                                                           : Call Site
00007ffd`d79abf1f     : 000000e1`73bff600 00000000`00000000 00000000`00000000 00000000`00000000 : d3d11!floorf+0x2f
(Inline Function)     : --------`-------- --------`-------- --------`-------- --------`-------- : d3d11!sample_tex+0x2e0
(Inline Function)     : --------`-------- --------`-------- --------`-------- --------`-------- : d3d11!triangle_rect+0x1951
00007ffd`d79adc85     : 00000000`00000000 00000000`00000000 00000000`00000000 00000000`000006a0 : d3d11!run_tile+0x1a1f
00007ffd`f72ee8d7     : 00000000`00000000 00000000`00000000 00000000`00000000 00000000`00000000 : d3d11!tile_worker+0x65
00007ffd`f7a0c3fc     : 00000000`00000000 00000000`00000000 000004f0`fffffb30 000004d0`fffffb30 : KERNEL32!BaseThreadInitThunk+0x17
00000000`00000000     : 00000000`00000000 00000000`00000000 00000000`00000000 00000000`00000000 : ntdll!RtlUserThreadStart+0x2c

  49  Id: 5fb0.1e04 Suspend: 1 Teb: 000000e1`70b37000 Unfrozen
RetAddr               : Args to Child                                                           : Call Site
(Inline Function)     : --------`-------- --------`-------- --------`-------- --------`-------- : d3d11!blend_pixel+0x1ba
(Inline Function)     : --------`-------- --------`-------- --------`-------- --------`-------- : d3d11!triangle_rect+0x1fec
00007ffd`d79adc85     : 00000000`00000000 00000000`00000000 00000000`00000000 00000000`00000ef4 : d3d11!run_tile+0x20ba
00007ffd`f72ee8d7     : 00000000`00000000 00000000`00000000 00000000`00000000 00000000`00000000 : d3d11!tile_worker+0x65
00007ffd`f7a0c3fc     : 00000000`00000000 00000000`00000000 000004f0`fffffb30 000004d0`fffffb30 : KERNEL32!BaseThreadInitThunk+0x17
00000000`00000000     : 00000000`00000000 00000000`00000000 00000000`00000000 00000000`00000000 : ntdll!RtlUserThreadStart+0x2c

  50  Id: 5fb0.4a20 Suspend: 1 Teb: 000000e1`70b39000 Unfrozen
RetAddr               : Args to Child                                                           : Call Site
(Inline Function)     : --------`-------- --------`-------- --------`-------- --------`-------- : d3d11!triangle_rect+0x1532
00007ffd`d79adc85     : 00000000`00000000 00000000`00000000 00000000`00000000 00000000`00000e28 : d3d11!run_tile+0x1600
00007ffd`f72ee8d7     : 00000000`00000000 00000000`00000000 00000000`00000000 00000000`00000000 : d3d11!tile_worker+0x65
00007ffd`f7a0c3fc     : 00000000`00000000 00000000`00000000 000004f0`fffffb30 000004d0`fffffb30 : KERNEL32!BaseThreadInitThunk+0x17
00000000`00000000     : 00000000`00000000 00000000`00000000 00000000`00000000 00000000`00000000 : ntdll!RtlUserThreadStart+0x2c

  51  Id: 5fb0.6624 Suspend: 1 Teb: 000000e1`70b3d000 Unfrozen
RetAddr               : Args to Child                                                           : Call Site
(Inline Function)     : --------`-------- --------`-------- --------`-------- --------`-------- : d3d11!blend_factor+0x15
(Inline Function)     : --------`-------- --------`-------- --------`-------- --------`-------- : d3d11!blend_pixel+0x36
(Inline Function)     : --------`-------- --------`-------- --------`-------- --------`-------- : d3d11!triangle_rect+0x1e68
00007ffd`d79adc85     : 00000000`00000000 00000000`00000000 00000000`00000000 00000000`00000d18 : d3d11!run_tile+0x1f36
00007ffd`f72ee8d7     : 00000000`00000000 00000000`00000000 00000000`00000000 00000000`00000000 : d3d11!tile_worker+0x65
00007ffd`f7a0c3fc     : 00000000`00000000 00000000`00000000 000004f0`fffffb30 000004d0`fffffb30 : KERNEL32!BaseThreadInitThunk+0x17
00000000`00000000     : 00000000`00000000 00000000`00000000 00000000`00000000 00000000`00000000 : ntdll!RtlUserThreadStart+0x2c

  52  Id: 5fb0.2e20 Suspend: 1 Teb: 000000e1`70b3b000 Unfrozen
RetAddr               : Args to Child                                                           : Call Site
(Inline Function)     : --------`-------- --------`-------- --------`-------- --------`-------- : d3d11!blend_factor+0x18
(Inline Function)     : --------`-------- --------`-------- --------`-------- --------`-------- : d3d11!blend_pixel+0x39
(Inline Function)     : --------`-------- --------`-------- --------`-------- --------`-------- : d3d11!triangle_rect+0x1e6b
00007ffd`d79adc85     : 00000000`00000000 00000000`00000000 00000000`00000000 00000000`00000efc : d3d11!run_tile+0x1f39
00007ffd`f72ee8d7     : 00000000`00000000 00000000`00000000 00000000`00000000 00000000`00000000 : d3d11!tile_worker+0x65
00007ffd`f7a0c3fc     : 00000000`00000000 00000000`00000000 000004f0`fffffb30 000004d0`fffffb30 : KERNEL32!BaseThreadInitThunk+0x17
00000000`00000000     : 00000000`00000000 00000000`00000000 00000000`00000000 00000000`00000000 : ntdll!RtlUserThreadStart+0x2c

  53  Id: 5fb0.6dc Suspend: 1 Teb: 000000e1`70aa3000 Unfrozen
RetAddr               : Args to Child                                                           : Call Site
00007ffd`f428b1bf     : 00000000`00000070 ffffffff`ffffffff ffffffff`ffffffff 00007ffd`f428b16f : ntdll!NtWaitForSingleObject+0x14
00007ffd`2395fc25     : 00007ffd`246a7fe8 00000380`75091b84 000000e1`00000001 00000000`0000064c : KERNELBASE!WaitForSingleObjectEx+0xaf
00007ffd`2395fdc9     : ffffffff`ffffffff 000000e1`741ff7c9 00000000`00000000 00000250`b6a62520 : UnityPlayer!UnityMain+0x234f65
00007ffd`239a7ae1     : 00000000`00000000 ffffffff`ffffffff 000000e1`741ff7c9 00000000`00000000 : UnityPlayer!UnityMain+0x235109
00007ffd`f72ee8d7     : 00000000`00000000 00000000`00000000 00000000`00000000 00000000`00000000 : UnityPlayer!UnityMain+0x27ce21
00007ffd`f7a0c3fc     : 00000000`00000000 00000000`00000000 000004f0`fffffb30 000004d0`fffffb30 : KERNEL32!BaseThreadInitThunk+0x17
00000000`00000000     : 00000000`00000000 00000000`00000000 00000000`00000000 00000000`00000000 : ntdll!RtlUserThreadStart+0x2c

  54  Id: 5fb0.cc8 Suspend: 1 Teb: 000000e1`70aa5000 Unfrozen
RetAddr               : Args to Child                                                           : Call Site
00007ffd`f428b1bf     : 00000000`00000000 00000000`00000000 00000000`00000001 00007ffd`23903bcc : ntdll!NtWaitForSingleObject+0x14
00007ffd`23902f1f     : 00000250`b647aaf0 00000250`b647aaf0 00000000`00000001 00000000`0000077c : KERNELBASE!WaitForSingleObjectEx+0xaf
00007ffd`239040db     : 000000e1`742ffa99 00000000`00000008 00000000`00000000 00000250`b64c6238 : UnityPlayer!UnityMain+0x1d825f
00007ffd`239a7ae1     : 00000000`00000008 00000000`00000008 000000e1`742ffa99 00000000`00000000 : UnityPlayer!UnityMain+0x1d941b
00007ffd`f72ee8d7     : 00000000`00000000 00000000`00000000 00000000`00000000 00000000`00000000 : UnityPlayer!UnityMain+0x27ce21
00007ffd`f7a0c3fc     : 00000000`00000000 00000000`00000000 000004f0`fffffb30 000004d0`fffffb30 : KERNEL32!BaseThreadInitThunk+0x17
00000000`00000000     : 00000000`00000000 00000000`00000000 00000000`00000000 00000000`00000000 : ntdll!RtlUserThreadStart+0x2c

  55  Id: 5fb0.5120 Suspend: 1 Teb: 000000e1`70aab000 Unfrozen
RetAddr               : Args to Child                                                           : Call Site
00007ffd`f350767f     : 00000000`00000001 000000e1`744ffb10 00007ffd`f34f0000 00000000`00000000 : ntdll!NtRemoveIoCompletion+0x14
00007ffd`f72ee8d7     : 00000251`44e0be90 00007ffd`f35104f0 00000000`00000000 00000000`00000000 : MSWSOCK!SockAsyncThread+0xaf
00007ffd`f7a0c3fc     : 00000000`00000000 00000000`00000000 000004f0`fffffb30 000004d0`fffffb30 : KERNEL32!BaseThreadInitThunk+0x17
00000000`00000000     : 00000000`00000000 00000000`00000000 00000000`00000000 00000000`00000000 : ntdll!RtlUserThreadStart+0x2c

  56  Id: 5fb0.3a7c Suspend: 1 Teb: 000000e1`70aad000 Unfrozen
RetAddr               : Args to Child                                                           : Call Site
00007ffd`f79f5dfe     : 00000250`bc43d4c0 00000000`00000000 00007ffd`f79f4d60 00000250`bc43d4c0 : ntdll!NtWaitForWorkViaWorkerFactory+0x14
00007ffd`f72ee8d7     : 00000000`00000000 00000000`00000000 00000000`00000000 00000000`00000000 : ntdll!TppWorkerThread+0x37e
00007ffd`f7a0c3fc     : 00000000`00000000 00000000`00000000 000004f0`fffffb30 000004d0`fffffb30 : KERNEL32!BaseThreadInitThunk+0x17
00000000`00000000     : 00000000`00000000 00000000`00000000 00000000`00000000 00000000`00000000 : ntdll!RtlUserThreadStart+0x2c

  57  Id: 5fb0.938 Suspend: 1 Teb: 000000e1`70ab5000 Unfrozen
RetAddr               : Args to Child                                                           : Call Site
00007ffd`f428b1bf     : 00000000`00000000 00000000`00000102 000000e1`745feb68 00000000`00000000 : ntdll!NtWaitForSingleObject+0x14
00007ffd`2a2f5ae8     : 00000250`bc288410 00000250`b876a980 00000000`00000001 00000000`00000a70 : KERNELBASE!WaitForSingleObjectEx+0xaf
00007ffd`2a3a62d3     : 00000000`00000004 00000000`00000001 00000000`00000004 00000000`00000004 : mono_2_0_bdwgc!mono_conc_hashtable_remove+0x1a68
00000250`c274a88d     : 00000000`00000004 00000000`00000000 00000250`c1807400 000000e1`745ff780 : mono_2_0_bdwgc!mono_threads_set_shutting_down+0x1dc3
00000250`c274a6cb     : 000000e1`745ff780 00000250`c3277d00 00000250`c3227af0 00000000`00000008 : 0x00000250`c274a88d
00000250`c274a57b     : 00000250`c274adbc 00000000`00000000 00000250`c31c3c00 00007ffd`2a2e8a26 : 0x00000250`c274a6cb
00000250`c274a4fb     : 00000000`00000000 00007ffd`2a3e39f5 00000250`c18a2180 000000e1`745fef00 : 0x00000250`c274a57b
00000250`c274c213     : 00000250`c31c3c00 00000250`c31c3c00 000000e1`745fef40 00000250`c274b9db : 0x00000250`c274a4fb
00000250`c274c103     : 00000250`c31b9060 00000250`c31c3c00 000000e1`745ff780 00000250`c31a1120 : 0x00000250`c274c213
00000250`c274af3e     : 00000000`00000000 000000e1`745ff1a0 00000000`00000001 00000250`c31b9060 : 0x00000250`c274c103
00000250`c0308c96     : 00000000`00000000 00000250`c18a2185 00000000`00000000 000000e1`745ff3b0 : 0x00000250`c274af3e
00000250`c030872e     : 00000250`c0307ed3 00000250`c31c3b80 00000000`00000000 00000250`c0307ed3 : 0x00000250`c0308c96
00000250`c030811b     : 00000000`00000000 00000000`00000000 00000000`00000000 00000000`00000000 : 0x00000250`c030872e
00000250`c030803b     : 00000250`b3450000 00000250`00000000 00000000`00000210 00000000`00000000 : 0x00000250`c030811b
00000250`c0307f53     : 00000000`00000002 00000000`00000000 00000250`b51021f0 00000250`bc033908 : 0x00000250`c030803b
00000250`bcb372d4     : 00000000`00000000 00007ffd`2a2ebe09 00000000`00000938 00007ffd`f799cd14 : 0x00000250`c0307f53
00007ffd`2a3fb7b0     : 000000e1`636919ba 000000e1`745ff6e0 000000e1`00000000 00000250`bc017868 : 0x00000250`bcb372d4
00007ffd`2a381892     : 00000250`c31c3b80 00000000`00000938 00000000`00000000 00007ffd`2a2ef390 : mono_2_0_bdwgc!mono_get_runtime_build_info+0x11f0
00007ffd`2a38aa62     : 00000250`bc017868 00000250`c31c3b80 000000e1`745ff780 00007ffd`2a67b2fc : mono_2_0_bdwgc!mono_perfcounters_init+0x2532
00007ffd`2a3a4cff     : 00000250`bbd1f1c0 00000250`b876a980 00000000`00000000 00000250`b8762d20 : mono_2_0_bdwgc!mono_runtime_invoke_array+0x122
00007ffd`2a3a4a46     : 00000000`00000000 00000000`00000000 00000000`00000000 00000000`00000000 : mono_2_0_bdwgc!mono_threads_set_shutting_down+0x7ef
00007ffd`f72ee8d7     : 00000000`00000000 00000000`00000000 00000000`00000000 00000000`00000000 : mono_2_0_bdwgc!mono_threads_set_shutting_down+0x536
00007ffd`f7a0c3fc     : 00000000`00000000 00000000`00000000 000004f0`fffffb30 000004d0`fffffb30 : KERNEL32!BaseThreadInitThunk+0x17
00000000`00000000     : 00000000`00000000 00000000`00000000 00000000`00000000 00000000`00000000 : ntdll!RtlUserThreadStart+0x2c

  58  Id: 5fb0.5308 Suspend: 1 Teb: 000000e1`70ab9000 Unfrozen
RetAddr               : Args to Child                                                           : Call Site
00007ffd`f4291a93     : 00000250`c136ce60 00000250`bb7d9be8 00000250`c136ce60 00007ffd`f166bf4a : ntdll!NtWaitForMultipleObjects+0x14
00007ffd`f167e5d8     : 00000250`c136ce60 00000000`00000000 00000250`c136ce60 00000000`00000000 : KERNELBASE!WaitForMultipleObjectsEx+0x123
00007ffd`f167e2b3     : 00000000`00000000 00000000`00000000 00000000`00000000 00007ffd`f1677358 : CoreMessaging!Microsoft::CoreUI::Dispatch::WaitController::Callback_WaitAny+0xc8
00007ffd`f167df0e     : 00000250`c1626970 00000250`c1626970 00000250`bc420640 00007ffd`ffffffff : CoreMessaging!Microsoft::CoreUI::Dispatch::Win32EventLoopBridge::Callback_DoWait+0x123
00007ffd`f16715dc     : 00000000`00000000 00000250`c1626970 000000e1`746ff869 00000250`bc420640 : CoreMessaging!Microsoft::CoreUI::Dispatch::Win32EventLoopBridge::Callback_Wait+0x5e
00007ffd`f1670b67     : 00000250`c19c8fd0 00000250`00000000 00000000`00000000 00000000`00000000 : CoreMessaging!Microsoft::CoreUI::Dispatch::WaitCollection::Callback_DoGeneralWait+0x1ec
00007ffd`f166f194     : 00000250`bc41fe30 00000250`bc420620 00000250`c13a7190 00000250`bc41fe30 : CoreMessaging!Microsoft::CoreUI::Dispatch::WaitController::Callback_OnDispatch+0xf7
00007ffd`f166ed2d     : 00000000`00000afc 00007ffd`f16b5327 00000250`bbff3270 00000250`bc0f7960 : CoreMessaging!Microsoft::CoreUI::Dispatch::Dispatcher::Callback_DispatchLoop+0x334
00007ffd`f1672058     : 00000250`bbff3270 00000250`bc3c49e0 00000000`00000000 00000000`00000000 : CoreMessaging!Microsoft::CoreUI::Dispatch::EventLoop::Callback_RunCoreLoop+0x11d
00007ffd`f16ed6ae     : 00000250`c1626970 00007ffd`00000001 00000250`00000001 00007ffd`e2036500 : CoreMessaging!Microsoft::CoreUI::Dispatch::Win32EventLoopBridge::Callback_Run+0xd8
00007ffd`f16e69af     : 00000250`bc0f7960 00000250`bc0f7960 00000250`bc420cd0 00000000`00000000 : CoreMessaging!Microsoft::CoreUI::Dispatch::EventLoop::Callback_Run+0x156
00007ffd`f16c4a4b     : 00000250`bc0f7960 00000000`00000000 00000250`fffffffc 00000250`bc420cd0 : CoreMessaging!Microsoft::CoreUI::Messaging::MessageSession::Microsoft_CoreUI_IExportMessageSession_Run$+0x33
00007ffd`e1ffa4dd     : 00000250`c136d1c0 00000250`c136ce60 00000250`bbff4370 00000000`00000000 : CoreMessaging!Microsoft::CoreUI::IExportMessageSession::ExportAdapter$::Run+0x5b
00007ffd`e1ff0eb9     : 00000250`bbff4370 00000000`00000000 00000000`00000000 00000000`00000000 : inputhost!MessagingThread::ThreadProc+0xb5
00007ffd`f72ee8d7     : 00000000`00000000 00000000`00000000 00000000`00000000 00000000`00000000 : inputhost!<lambda_376318154f061e76a4fa5387c7eed0ca>::<lambda_invoker_cdecl>+0x9
00007ffd`f7a0c3fc     : 00000000`00000000 00000000`00000000 000004f0`fffffb30 000004d0`fffffb30 : KERNEL32!BaseThreadInitThunk+0x17
00000000`00000000     : 00000000`00000000 00000000`00000000 00000000`00000000 00000000`00000000 : ntdll!RtlUserThreadStart+0x2c

  59  Id: 5fb0.4820 Suspend: 1 Teb: 000000e1`70abb000 Unfrozen
RetAddr               : Args to Child                                                           : Call Site
00007ffd`f428b1bf     : 000000e1`747fee28 00000000`00000000 00000000`00000000 00000000`00000000 : ntdll!NtWaitForSingleObject+0x14
00007ffd`2a2f5ae8     : 00000250`bc2851e0 00000250`b876a850 00000000`00000001 00000000`00000b44 : KERNELBASE!WaitForSingleObjectEx+0xaf
00007ffd`2a3a62d3     : 00000000`ffffffff 00000000`00000001 00000000`ffffffff 00000000`ffffffff : mono_2_0_bdwgc!mono_conc_hashtable_remove+0x1a68
00000250`c274a88d     : 00000000`ffffffff 00000000`00000000 00000250`c40b3700 000000e1`747ff890 : mono_2_0_bdwgc!mono_threads_set_shutting_down+0x1dc3
00000250`c274a6cb     : 00000250`c35660c0 00000250`c3278fe0 00000250`c17eb7e0 00000250`baaff8d3 : 0x00000250`c274a88d
00000250`c274a57b     : 00000250`c17eb7e0 00000250`baaff8d3 00000000`00000000 00000250`bcb2e4af : 0x00000250`c274a6cb
00000250`c274a4fb     : 00000000`00000001 00000000`00000000 00000000`00000000 00000000`00000000 : 0x00000250`c274a57b
00000250`c274a42b     : 00000250`c3e4c79e 00000250`c3e4c77e 000000e1`00000000 00000250`c3566060 : 0x00000250`c274a4fb
00000250`c274a3d5     : 00000250`c31dfa20 00000250`c3e4c3ab 00000000`00000000 000000e1`747ff0e0 : 0x00000250`c274a42b
00000250`c3e4c2a7     : 00000000`00000000 00000000`00000000 00000000`00000000 00000000`00000000 : 0x00000250`c274a3d5
00000250`c3e4c1b3     : 00000250`b51021f0 00000250`c19f9618 00000250`c3e4be9f 00000250`c0308b00 : 0x00000250`c3e4c2a7
00000250`c0308c96     : 00000000`00000000 00000250`c40b3705 00000000`00000000 000000e1`747ff4c0 : 0x00000250`c3e4c1b3
00000250`c030872e     : 00000250`c0307ed3 00000250`c3571500 00000000`00000000 00000250`c0307ed3 : 0x00000250`c0308c96
00000250`c030811b     : 00000000`00000000 00000000`00000000 00000000`00000000 00000000`00000000 : 0x00000250`c030872e
00000250`c030803b     : 00000250`b3450000 00000250`00000000 00000000`00000210 00000000`00000000 : 0x00000250`c030811b
00000250`c0307f53     : 00000000`00000002 00000000`00000000 00000250`b51021f0 00000250`bc033908 : 0x00000250`c030803b
00000250`bcb372d4     : 00000000`00000000 00007ffd`2a2ebe09 00000000`00004820 00007ffd`f799cd14 : 0x00000250`c0307f53
00007ffd`2a3fb7b0     : 000000e1`636919ba 000000e1`747ff7f0 000000e1`00000000 00000250`bc017868 : 0x00000250`bcb372d4
00007ffd`2a381892     : 00000250`c3571500 00000000`00004820 00000000`00000000 00007ffd`2a2ef390 : mono_2_0_bdwgc!mono_get_runtime_build_info+0x11f0
00007ffd`2a38aa62     : 00000250`bc017868 00000250`c3571500 000000e1`747ff890 00007ffd`2a67b2fc : mono_2_0_bdwgc!mono_perfcounters_init+0x2532
00007ffd`2a3a4cff     : 00000250`c19c9480 00000250`b876a850 00000000`00000000 00000250`b8762d20 : mono_2_0_bdwgc!mono_runtime_invoke_array+0x122
00007ffd`2a3a4a46     : 00000000`00000000 00000000`00000000 00000000`00000000 00000000`00000000 : mono_2_0_bdwgc!mono_threads_set_shutting_down+0x7ef
00007ffd`f72ee8d7     : 00000000`00000000 00000000`00000000 00000000`00000000 00000000`00000000 : mono_2_0_bdwgc!mono_threads_set_shutting_down+0x536
00007ffd`f7a0c3fc     : 00000000`00000000 00000000`00000000 000004f0`fffffb30 000004d0`fffffb30 : KERNEL32!BaseThreadInitThunk+0x17
00000000`00000000     : 00000000`00000000 00000000`00000000 00000000`00000000 00000000`00000000 : ntdll!RtlUserThreadStart+0x2c

  60  Id: 5fb0.566c Suspend: 1 Teb: 000000e1`70abd000 Unfrozen
RetAddr               : Args to Child                                                           : Call Site
00007ffd`f428b1bf     : 00000000`00000000 00000000`00000000 00000000`00000000 00007ffd`a6e4af18 : ntdll!NtWaitForSingleObject+0x14
00007ffd`a699919f     : 00000250`d5140a68 00000000`00000000 000002ba`00000000 00000000`00000c34 : KERNELBASE!WaitForSingleObjectEx+0xaf
00007ffd`a699a213     : 000000e1`c36676d5 000002ba`91393a05 7fffffff`ffffffff 00000000`00000000 : steamclient64!Breakpad_SteamWriteMiniDumpUsingExceptionInfoWithBuildId+0x14601f
00007ffd`a6993e1b     : 00000250`00080001 00000250`d3da0750 00000000`00000000 00000000`00000000 : steamclient64!Breakpad_SteamWriteMiniDumpUsingExceptionInfoWithBuildId+0x147093
00007ffd`a6e78cd3     : 00000000`00000000 00000000`00000000 00000000`00000000 00000000`00000000 : steamclient64!Breakpad_SteamWriteMiniDumpUsingExceptionInfoWithBuildId+0x140c9b
00007ffd`f72ee8d7     : 00000000`00000000 00000000`00000000 00000000`00000000 00000000`00000000 : steamclient64!CreateInterface+0x2cbe33
00007ffd`f7a0c3fc     : 00000000`00000000 00000000`00000000 000004f0`fffffb30 000004d0`fffffb30 : KERNEL32!BaseThreadInitThunk+0x17
00000000`00000000     : 00000000`00000000 00000000`00000000 00000000`00000000 00000000`00000000 : ntdll!RtlUserThreadStart+0x2c

  61  Id: 5fb0.fcc Suspend: 1 Teb: 000000e1`70ac3000 Unfrozen
RetAddr               : Args to Child                                                           : Call Site
00007ffd`f428b1bf     : 00000000`00000000 00000000`00000001 0000b509`0286ed4d 00007ffd`241772b5 : ntdll!NtWaitForSingleObject+0x14
00007ffd`241c6a85     : 00000250`d900c3a8 00000250`b779e158 00000000`00000000 00000000`00000cf4 : KERNELBASE!WaitForSingleObjectEx+0xaf
00007ffd`24170a9a     : 00000250`d900c0f0 00000000`00000000 00000000`00000000 00000250`d900c0f0 : UnityPlayer!UnityMain+0xa9bdc5
00007ffd`241714f1     : 00000251`5e802db8 00000000`00000000 00000000`00000000 00000000`00000000 : UnityPlayer!UnityMain+0xa45dda
00007ffd`2430a1e4     : 00000250`bc077f70 00000000`00000000 00000000`00000000 00000000`00000000 : UnityPlayer!UnityMain+0xa46831
00007ffd`f72ee8d7     : 00000000`00000000 00000000`00000000 00000000`00000000 00000000`00000000 : UnityPlayer!UnityMain+0xbdf524
00007ffd`f7a0c3fc     : 00000000`00000000 00000000`00000000 000004f0`fffffb30 000004d0`fffffb30 : KERNEL32!BaseThreadInitThunk+0x17
00000000`00000000     : 00000000`00000000 00000000`00000000 00000000`00000000 00000000`00000000 : ntdll!RtlUserThreadStart+0x2c

  62  Id: 5fb0.1188 Suspend: 1 Teb: 000000e1`70ac5000 Unfrozen
RetAddr               : Args to Child                                                           : Call Site
00007ffd`f7a51014     : 00000250`d8ea0d70 00007ffd`24197ee6 00000000`0000f800 00000250`d8ea0bb8 : ntdll!NtDelayExecution+0x14
00007ffd`f4296f01     : 00000000`00000000 00000000`00000000 00000000`00000000 00000000`00000000 : ntdll!RtlDelayExecution+0x34
00007ffd`24170c4a     : 00000250`f262a790 00000000`00000000 ffffffff`fffe7960 00000000`00000000 : KERNELBASE!SleepEx+0x91
00007ffd`2417152a     : 00000000`0000f800 00000250`f262a790 00000000`00000000 00000000`00000000 : UnityPlayer!UnityMain+0xa45f8a
00007ffd`2430a1e4     : 00000250`c0df12f0 00000000`00000000 00000000`00000000 00000000`00000000 : UnityPlayer!UnityMain+0xa4686a
00007ffd`f72ee8d7     : 00000000`00000000 00000000`00000000 00000000`00000000 00000000`00000000 : UnityPlayer!UnityMain+0xbdf524
00007ffd`f7a0c3fc     : 00000000`00000000 00000000`00000000 000004f0`fffffb30 000004d0`fffffb30 : KERNEL32!BaseThreadInitThunk+0x17
00000000`00000000     : 00000000`00000000 00000000`00000000 00000000`00000000 00000000`00000000 : ntdll!RtlUserThreadStart+0x2c

  63  Id: 5fb0.6610 Suspend: 1 Teb: 000000e1`70af3000 Unfrozen
RetAddr               : Args to Child                                                           : Call Site
00007ffd`f7a51014     : 00000250`c19d07d0 00000000`00000820 00000000`00000103 000000e1`74bff7e0 : ntdll!NtDelayExecution+0x14
00007ffd`f4296f01     : 00000000`00000000 00000000`00000000 000000e1`74bff7a0 00000000`00000001 : ntdll!RtlDelayExecution+0x34
00007ffd`d79a4d0b     : 00000000`00000037 00000000`00000000 ffffffff`ffffd8f0 00000000`00000000 : KERNELBASE!SleepEx+0x91
00007ffd`f72ee8d7     : 00000000`00000000 00000000`00000000 00000000`00000000 00000000`00000000 : d3d11!helper_main+0x10b
00007ffd`f7a0c3fc     : 00000000`00000000 00000000`00000000 000004f0`fffffb30 000004d0`fffffb30 : KERNEL32!BaseThreadInitThunk+0x17
00000000`00000000     : 00000000`00000000 00000000`00000000 00000000`00000000 00000000`00000000 : ntdll!RtlUserThreadStart+0x2c
===END===
quit:
NatVis script unloaded from 'C:\Program Files (x86)\Windows Kits\10\Debuggers\x64\Visualizers\atlmfc.natvis'
NatVis script unloaded from 'C:\Program Files (x86)\Windows Kits\10\Debuggers\x64\Visualizers\concurrency.natvis'
NatVis script unloaded from 'C:\Program Files (x86)\Windows Kits\10\Debuggers\x64\Visualizers\cpp_rest.natvis'
NatVis script unloaded from 'C:\Program Files (x86)\Windows Kits\10\Debuggers\x64\Visualizers\ObjectiveC.natvis'
NatVis script unloaded from 'C:\Program Files (x86)\Windows Kits\10\Debuggers\x64\Visualizers\stl.natvis'
NatVis script unloaded from 'C:\Program Files (x86)\Windows Kits\10\Debuggers\x64\Visualizers\Windows.Data.Json.natvis'
NatVis script unloaded from 'C:\Program Files (x86)\Windows Kits\10\Debuggers\x64\Visualizers\Windows.Devices.Geolocation.natvis'
NatVis script unloaded from 'C:\Program Files (x86)\Windows Kits\10\Debuggers\x64\Visualizers\Windows.Devices.Sensors.natvis'
NatVis script unloaded from 'C:\Program Files (x86)\Windows Kits\10\Debuggers\x64\Visualizers\Windows.Media.natvis'
NatVis script unloaded from 'C:\Program Files (x86)\Windows Kits\10\Debuggers\x64\Visualizers\windows.natvis'
NatVis script unloaded from 'C:\Program Files (x86)\Windows Kits\10\Debuggers\x64\Visualizers\winrt.natvis'
