frame,total_ms,raster_ms,other_ms,flushes,tris,binned
1,0.000,2.243,-2.243,1,2,480
2,108.469,1.779,106.690,1,2,480
3,17.422,2.533,14.889,1,2,480
4,15.757,1.600,14.157,1,2,480
5,16.736,1.681,15.054,1,2,480
6,16.662,1.674,14.987,1,2,480
7,16.870,1.899,14.971,1,2,480
8,16.431,1.657,14.775,1,2,480
9,16.561,1.569,14.992,1,2,480
10,16.768,1.659,15.109,1,2,480
11,16.924,1.917,15.007,1,2,480
12,16.424,1.684,14.739,1,2,480
13,16.663,1.833,14.830,1,2,480
14,16.597,1.764,14.833,1,2,480
15,16.685,1.783,14.903,1,2,480
16,16.655,1.773,14.882,1,2,480
17,16.598,1.664,14.934,1,2,480
18,19.346,4.138,15.209,1,6,1160
19,16.505,4.191,12.313,1,6,1160
20,16.550,4.062,12.488,1,6,1160
21,16.667,4.064,12.603,1,6,1160
22,16.747,4.146,12.601,1,6,1160
23,16.553,4.030,12.523,1,6,1160
24,16.683,4.059,12.624,1,6,1160
25,16.679,4.073,12.606,1,6,1160
26,16.726,4.120,12.605,1,6,1160
27,16.671,4.095,12.575,1,6,1160
28,44.960,8.126,36.834,2,8,1640
29,8.933,7.780,1.153,2,8,1640
30,16.757,7.866,8.891,2,8,1640
31,94.450,8.039,86.411,2,8,1640
32,16.407,7.784,8.623,2,8,1640
33,16.934,8.046,8.888,2,8,1640
34,16.660,8.047,8.613,2,8,1640
35,16.613,7.992,8.620,2,8,1640
36,16.645,7.976,8.669,2,8,1640
37,16.678,7.986,8.692,2,8,1640
38,16.344,7.657,8.687,2,8,1640
39,16.753,7.747,9.007,2,8,1640
40,16.693,7.782,8.911,2,8,1640
41,16.581,7.686,8.895,2,8,1640
42,16.708,7.731,8.977,2,8,1640
43,16.843,7.897,8.946,2,8,1640
44,16.735,7.973,8.761,2,8,1640
45,16.572,7.885,8.687,2,8,1640
46,16.688,7.904,8.784,2,8,1640
47,16.400,7.636,8.765,2,8,1640
48,16.770,7.738,9.032,2,8,1640
49,16.628,7.706,8.922,2,8,1640
50,16.648,7.679,8.970,2,8,1640
51,16.631,7.646,8.986,2,8,1640
52,17.123,8.098,9.025,2,8,1640
53,16.270,7.706,8.564,2,8,1640
54,16.709,7.745,8.964,2,8,1640
55,16.636,7.718,8.918,2,8,1640
56,17.120,8.176,8.944,2,8,1640
57,16.506,8.002,8.503,2,8,1640
58,16.510,7.854,8.656,2,8,1640
59,16.628,7.823,8.805,2,8,1640
60,16.575,7.722,8.853,2,8,1640
61,16.648,7.712,8.936,2,8,1640
62,16.570,7.610,8.960,2,8,1640
63,17.108,8.047,9.061,2,8,1640
64,16.337,7.719,8.618,2,8,1640
65,16.545,7.600,8.944,2,8,1640
66,16.620,7.553,9.068,2,8,1640
67,16.813,7.708,9.105,2,8,1640
68,16.709,7.741,8.969,2,8,1640
69,16.710,7.785,8.925,2,8,1640
70,16.658,7.786,8.872,2,8,1640
71,16.665,7.775,8.890,2,8,1640
72,14.399,5.531,8.868,2,6,1000
73,16.616,5.486,11.130,2,6,1000
74,16.645,5.448,11.197,2,6,1000
75,16.738,5.524,11.215,2,6,1000
76,16.598,5.431,11.166,2,6,1000
77,16.642,5.438,11.203,2,6,1000
78,16.749,5.531,11.218,2,6,1000
79,16.552,5.388,11.164,2,6,1000
80,17.035,5.766,11.269,2,6,1000
81,16.691,5.795,10.896,2,6,1000
82,16.682,5.793,10.888,2,6,1000
83,16.635,5.794,10.841,2,6,1000
84,16.730,5.843,10.887,2,6,1000
85,16.645,5.798,10.847,2,6,1000
86,16.263,5.408,10.855,2,6,1000
87,16.822,5.575,11.247,2,6,1000
88,16.689,5.574,11.114,2,6,1000
89,16.487,5.410,11.077,2,6,1000
90,16.797,5.521,11.276,2,6,1000
91,16.585,5.460,11.124,2,6,1000
92,16.744,5.546,11.197,2,6,1000
93,16.699,5.578,11.121,2,6,1000
94,16.514,5.415,11.099,2,6,1000
95,16.705,5.457,11.249,2,6,1000
96,16.683,5.467,11.215,2,6,1000
97,16.592,5.398,11.194,2,6,1000
98,16.724,5.456,11.268,2,6,1000
99,16.666,5.441,11.225,2,6,1000
100,16.686,5.473,11.213,2,6,1000
101,16.693,5.511,11.182,2,6,1000
102,16.644,5.466,11.178,2,6,1000
103,16.625,5.441,11.183,2,6,1000
104,16.668,5.428,11.240,2,6,1000
105,16.759,5.543,11.216,2,6,1000
106,16.747,5.595,11.152,2,6,1000
107,16.427,5.376,11.051,2,6,1000
108,16.768,5.469,11.299,2,6,1000
109,16.593,5.405,11.188,2,6,1000
110,16.650,5.392,11.258,2,6,1000
111,16.839,5.554,11.285,2,6,1000
112,16.562,5.446,11.116,2,6,1000
113,16.596,5.377,11.219,2,6,1000
114,16.787,5.498,11.290,2,6,1000
115,17.043,5.886,11.157,2,6,1000
116,16.511,5.715,10.795,2,6,1000
117,16.605,5.658,10.948,2,6,1000
118,16.604,5.595,11.009,2,6,1000
119,16.485,5.425,11.060,2,6,1000
120,16.763,5.506,11.257,2,6,1000
121,16.627,5.426,11.201,2,6,1000
122,16.613,5.415,11.198,2,6,1000
123,16.864,5.619,11.244,2,6,1000
124,16.529,5.483,11.046,2,6,1000
125,16.596,5.403,11.193,2,6,1000
126,16.738,5.481,11.257,2,6,1000
127,16.957,5.763,11.195,2,6,1000
128,16.305,5.418,10.887,2,6,1000
129,16.805,5.545,11.261,2,6,1000
130,16.536,5.414,11.122,2,6,1000
131,16.739,5.484,11.255,2,6,1000
132,16.692,5.510,11.182,2,6,1000
133,16.633,5.487,11.146,2,6,1000
134,16.665,5.472,11.193,2,6,1000
135,16.726,5.505,11.221,2,6,1000
136,16.874,5.392,11.482,2,6,1000
137,17.686,5.449,12.238,2,6,1000
138,19.683,5.435,14.247,2,6,1000
139,16.919,5.655,11.264,2,6,1000
140,16.471,5.492,10.979,2,6,1000
141,16.751,5.551,11.200,2,6,1000
142,16.689,5.612,11.078,2,6,1000
143,16.490,5.418,11.072,2,6,1000
144,16.752,5.510,11.242,2,6,1000
145,16.673,5.489,11.184,2,6,1000
146,16.617,5.432,11.185,2,6,1000
147,17.720,5.549,12.171,2,6,1000
148,17.361,5.774,11.587,2,6,1000
149,16.471,5.579,10.892,2,6,1000
150,16.549,5.458,11.091,2,6,1000
151,16.720,5.528,11.192,2,6,1000
152,16.952,5.799,11.152,2,6,1000
153,16.512,5.438,11.074,2,6,1000
154,17.007,5.729,11.278,2,6,1000
155,16.529,5.581,10.947,2,6,1000
156,16.647,5.562,11.085,2,6,1000
157,16.680,5.577,11.103,2,6,1000
158,16.816,5.705,11.111,2,6,1000
159,16.346,5.405,10.941,2,6,1000
160,16.738,5.466,11.272,2,6,1000
161,16.647,5.459,11.187,2,6,1000
162,16.714,5.510,11.204,2,6,1000
163,16.598,5.434,11.164,2,6,1000
164,16.612,5.391,11.221,2,6,1000
165,16.760,5.478,11.281,2,6,1000
166,16.610,5.415,11.194,2,6,1000
167,16.863,5.625,11.238,2,6,1000
168,16.517,5.475,11.042,2,6,1000
169,16.735,5.541,11.195,2,6,1000
170,16.979,5.850,11.129,2,6,1000
171,16.600,5.777,10.823,2,6,1000
172,16.698,5.809,10.889,2,6,1000
173,16.528,5.647,10.881,2,6,1000
174,16.786,5.764,11.022,2,6,1000
175,16.396,5.522,10.874,2,6,1000
176,16.631,5.476,11.155,2,6,1000
177,16.758,5.556,11.202,2,6,1000
178,16.546,5.455,11.091,2,6,1000
179,16.807,5.602,11.205,2,6,1000
180,16.556,5.495,11.061,2,6,1000
181,16.683,5.511,11.172,2,6,1000
182,16.872,5.710,11.162,2,6,1000
183,16.626,5.664,10.962,2,6,1000
184,16.468,5.466,11.002,2,6,1000
185,16.774,5.578,11.196,2,6,1000
186,16.627,5.539,11.088,2,6,1000
187,16.625,5.492,11.133,2,6,1000
188,16.766,5.586,11.180,2,6,1000
189,16.743,5.668,11.075,2,6,1000
190,16.525,5.511,11.015,2,6,1000
191,16.755,5.626,11.129,2,6,1000
192,16.548,5.497,11.051,2,6,1000
193,16.651,5.488,11.164,2,6,1000
194,16.678,5.495,11.183,2,6,1000
195,16.592,5.429,11.163,2,6,1000
196,16.701,5.454,11.247,2,6,1000
197,16.734,5.519,11.215,2,6,1000
198,16.654,5.512,11.142,2,6,1000
199,18.950,7.771,11.179,2,8,1640
200,16.753,7.868,8.885,2,8,1640
201,16.762,7.969,8.794,2,8,1640
202,16.463,7.755,8.707,2,8,1640
203,16.642,7.738,8.904,2,8,1640
204,16.630,7.698,8.932,2,8,1640
205,16.797,7.827,8.970,2,8,1640
206,16.499,7.660,8.839,2,8,1640
207,16.803,7.792,9.011,2,8,1640
208,16.556,7.683,8.873,2,8,1640
209,16.714,7.726,8.988,2,8,1640
210,16.584,7.650,8.934,2,8,1640
211,16.760,7.754,9.006,2,8,1640
212,16.742,7.820,8.922,2,8,1640
213,16.637,7.789,8.848,2,8,1640
214,16.638,7.768,8.870,2,8,1640
215,16.752,7.848,8.904,2,8,1640
216,16.620,7.807,8.813,2,8,1640
217,16.636,7.768,8.867,2,8,1640
218,16.627,7.734,8.893,2,8,1640
219,16.744,7.805,8.939,2,8,1640
220,16.844,7.980,8.864,2,8,1640
221,16.578,7.875,8.703,2,8,1640
222,16.487,7.723,8.764,2,8,1640
223,16.832,7.880,8.953,2,8,1640
224,17.172,8.363,8.809,2,8,1640
225,16.104,7.826,8.278,2,8,1640
226,16.638,7.793,8.845,2,8,1640
227,16.725,7.861,8.864,2,8,1640
228,16.518,7.713,8.806,2,8,1640
229,16.730,7.763,8.967,2,8,1640
230,16.914,8.018,8.896,2,8,1640
231,16.359,7.713,8.646,2,8,1640
232,16.734,7.776,8.957,2,8,1640
233,16.698,7.805,8.893,2,8,1640
234,16.703,7.838,8.865,2,8,1640
235,16.582,7.759,8.824,2,8,1640
236,17.114,8.208,8.906,2,8,1640
237,16.329,7.870,8.459,2,8,1640
238,16.621,7.821,8.800,2,8,1640
239,16.536,7.690,8.846,2,8,1640
240,16.738,7.766,8.972,2,8,1640
241,16.666,7.764,8.902,2,8,1640
242,16.705,7.799,8.906,2,8,1640
243,16.801,7.937,8.864,2,8,1640
244,16.512,7.784,8.728,2,8,1640
245,16.747,7.862,8.885,2,8,1640
246,16.531,7.727,8.804,2,8,1640
247,16.676,7.739,8.936,2,8,1640
248,16.815,7.882,8.933,2,8,1640
249,16.714,7.931,8.783,2,8,1640
250,16.395,7.665,8.730,2,8,1640
251,16.708,7.699,9.009,2,8,1640
252,16.788,7.808,8.980,2,8,1640
253,14.935,6.123,8.812,2,4,1120
254,44.837,18.200,26.637,2,56,4720
255,17.467,16.345,1.123,2,54,4080
256,17.645,16.408,1.236,2,54,4080
257,17.846,16.729,1.117,2,54,4100
258,17.760,16.602,1.158,2,54,4100
259,18.168,17.107,1.061,2,54,4080
260,18.795,17.486,1.309,2,54,4080
261,18.566,17.518,1.048,2,54,4100
262,18.630,17.621,1.009,2,54,4100
263,17.693,16.579,1.115,2,54,4080
264,18.286,17.205,1.082,2,54,4080
265,18.988,17.932,1.056,2,54,4100
266,17.992,16.963,1.029,2,54,4100
267,17.418,16.309,1.109,2,54,4080
268,17.559,16.519,1.040,2,54,4080
269,17.700,16.498,1.202,2,54,4100
270,17.484,16.351,1.133,2,54,4100
271,17.326,16.295,1.032,2,54,4080
272,17.884,16.750,1.135,2,54,4080
273,17.580,16.543,1.037,2,54,4100
274,17.456,16.333,1.123,2,54,4100
275,17.402,16.305,1.097,2,54,4080
276,17.496,16.415,1.082,2,54,4080
277,17.566,16.466,1.100,2,54,4100
278,17.316,16.308,1.008,2,54,4100
279,17.569,16.385,1.184,2,54,4080
280,17.219,16.150,1.069,2,54,4080
281,17.386,16.359,1.027,2,54,4100
282,17.528,16.480,1.048,2,54,4100
283,17.118,16.094,1.024,2,54,4080
284,17.327,16.226,1.101,2,54,4080
285,17.489,16.392,1.097,2,54,4080
286,17.363,16.275,1.088,2,54,4080
287,17.343,16.324,1.019,2,54,4080
288,17.286,16.233,1.053,2,54,4080
289,17.896,16.739,1.158,2,54,4080
290,17.440,16.423,1.017,2,54,4080
291,17.617,16.530,1.087,2,54,4100
292,17.442,16.396,1.046,2,54,4100
293,17.387,16.287,1.100,2,54,4080
294,17.647,16.573,1.074,2,54,4080
295,19.027,17.882,1.145,2,54,4100
296,18.022,16.917,1.105,2,54,4100
297,17.873,16.765,1.108,2,54,4080
298,17.726,16.621,1.105,2,54,4080
299,18.115,17.093,1.022,2,54,4100
300,17.450,16.430,1.020,2,54,4100
301,17.973,16.679,1.294,2,54,4080
302,17.451,16.412,1.040,2,54,4080
303,17.395,16.352,1.044,2,54,4100
304,17.696,16.565,1.131,2,54,4100
305,17.933,16.824,1.109,2,54,4080
306,17.265,16.217,1.048,2,54,4080
307,20.463,16.934,3.530,2,344,4456
308,17.082,14.862,2.220,2,342,3816
309,16.598,14.530,2.068,2,342,3796
310,17.223,14.796,2.426,2,342,3796
311,17.025,14.927,2.098,2,342,3816
312,17.022,14.941,2.081,2,342,3816
313,16.610,14.541,2.069,2,342,3796
314,16.598,14.471,2.127,2,342,3796
315,16.910,14.723,2.187,2,342,3816
316,17.353,15.274,2.079,2,342,3816
317,16.835,14.759,2.075,2,342,3796
318,16.602,14.441,2.161,2,342,3796
319,16.981,14.767,2.213,2,342,3796
320,16.988,14.851,2.137,2,342,3796
321,16.624,14.533,2.092,2,342,3796
322,16.498,14.346,2.152,2,342,3796
323,16.836,14.542,2.293,2,342,3796
324,16.894,14.759,2.135,2,342,3796
325,16.730,14.682,2.048,2,342,3816
326,16.826,14.774,2.052,2,342,3816
327,16.744,14.702,2.042,2,342,3796
328,16.902,14.778,2.124,2,342,3796
329,17.022,14.788,2.234,2,342,3816
330,16.856,14.768,2.088,2,342,3816
331,16.613,14.550,2.063,2,342,3796
332,16.248,14.597,1.651,2,214,3636
333,16.746,14.674,2.072,2,214,3656
334,16.622,14.567,2.055,2,214,3656
335,16.618,14.585,2.033,2,214,3636
336,16.509,14.408,2.101,2,214,3636
337,16.809,14.563,2.246,2,214,3656
338,16.805,14.715,2.090,2,214,3656
339,16.632,14.663,1.969,2,214,3636
340,16.479,14.475,2.004,2,214,3636
341,16.927,14.750,2.176,2,214,3656
342,16.515,14.594,1.921,2,214,3656
343,16.646,14.567,2.079,2,214,3636
344,16.822,14.676,2.146,2,214,3636
345,17.087,15.131,1.956,2,214,3656
346,17.426,15.838,1.587,2,214,3656
347,17.133,15.541,1.592,2,214,3636
348,17.426,15.797,1.628,2,214,3636
349,16.391,14.752,1.638,2,214,3656
350,17.570,15.645,1.925,2,214,3656
351,17.696,15.997,1.699,2,214,3636
352,17.697,16.078,1.619,2,214,3636
353,17.282,15.675,1.607,2,214,3636
354,16.734,14.969,1.765,2,214,3636
355,15.944,14.239,1.705,2,214,3636
356,17.110,14.683,2.426,2,214,3636
357,17.043,14.524,2.519,2,342,3796
358,15.928,14.788,1.140,2,52,3440
359,16.506,14.633,1.873,2,52,3460
360,16.785,14.753,2.032,2,52,3460
361,16.381,14.453,1.928,2,52,3440
362,16.523,14.316,2.206,2,52,3440
363,17.197,14.853,2.344,2,52,3460
364,16.418,14.605,1.813,2,52,3460
365,16.684,14.619,2.065,2,52,3440
366,16.547,14.500,2.047,2,52,3440
367,16.837,14.669,2.169,2,52,3460
368,16.885,14.893,1.993,2,52,3460
369,16.481,14.702,1.778,2,52,3440
370,22.799,16.309,6.489,2,1152,6258
371,21.393,16.196,5.197,2,1152,6278
372,20.738,15.863,4.875,2,1152,6278
373,20.491,15.623,4.868,2,1152,6258
374,20.955,16.065,4.891,2,1152,6258
375,20.764,15.873,4.891,2,1152,6278
376,20.843,15.959,4.883,2,1152,6278
377,21.164,16.394,4.770,2,1152,6258
378,20.815,15.844,4.971,2,1152,6258
379,20.920,16.082,4.838,2,1152,6278
380,20.863,15.970,4.893,2,1152,6278
381,20.541,15.697,4.844,2,1152,6258
382,20.804,15.682,5.122,2,1152,6258
383,20.692,15.836,4.856,2,1152,6278
384,20.851,15.978,4.873,2,1152,6278
385,20.354,15.647,4.707,2,1152,6258
386,20.897,15.837,5.059,2,1152,6258
387,20.814,15.951,4.863,2,1152,6258
388,20.907,16.062,4.845,2,1152,6258
389,20.622,15.752,4.869,2,1152,6258
390,20.529,15.822,4.707,2,1152,6258
391,20.966,15.921,5.044,2,1152,6258
392,21.235,16.020,5.215,2,1152,6258
393,20.813,15.895,4.918,2,1152,6278
394,20.888,16.040,4.848,2,1152,6278
395,20.651,15.793,4.858,2,1152,6258
396,20.741,15.817,4.924,2,1152,6258
397,20.933,16.040,4.893,2,1152,6278
398,21.149,16.284,4.865,2,1152,6278
399,20.994,16.052,4.943,2,1152,6258
400,20.828,15.904,4.924,2,1152,6258
401,20.803,15.921,4.882,2,1152,6278
402,22.169,17.239,4.930,2,1152,6278
403,21.155,16.255,4.901,2,1152,6258
404,20.934,16.056,4.877,2,1152,6258
405,20.919,16.071,4.848,2,1152,6278
406,21.012,16.116,4.895,2,1152,6278
407,20.768,15.982,4.787,2,1152,6258
408,21.200,16.271,4.929,2,1152,6258
409,20.920,16.022,4.898,2,1152,6278
410,21.013,16.121,4.893,2,1152,6278
411,20.666,15.814,4.852,2,1152,6258
412,20.366,15.695,4.671,2,1152,6258
413,20.627,15.953,4.674,2,1152,6278
414,20.491,15.803,4.687,2,1152,6278
415,20.543,15.682,4.861,2,1152,6258
416,20.757,15.717,5.041,2,1152,6258
417,21.052,16.099,4.953,2,1152,6278
418,21.253,15.805,5.448,2,1152,6278
419,21.801,16.819,4.982,2,1152,6258
420,15.717,14.510,1.207,2,52,3440
421,16.787,14.677,2.110,2,52,3440
422,16.548,14.547,2.001,2,52,3440
423,17.977,15.834,2.143,2,52,3440
424,16.424,15.404,1.020,2,52,3440
425,16.620,15.361,1.259,2,52,3440
426,15.986,14.668,1.318,2,52,3440
427,18.149,16.058,2.091,2,52,3460
428,16.758,15.697,1.061,2,52,3460
429,16.810,15.774,1.036,2,52,3440
430,16.462,15.444,1.018,2,52,3440
431,16.459,15.223,1.236,2,52,3460
432,16.226,14.799,1.427,2,52,3460
433,16.372,14.496,1.876,2,52,3440
434,16.845,14.676,2.168,2,52,3440
435,16.572,14.581,1.990,2,52,3460
436,16.797,14.713,2.085,2,52,3460
437,16.673,14.693,1.980,2,52,3440
438,16.608,14.657,1.951,2,52,3440
439,16.714,14.715,1.999,2,52,3460
440,16.520,14.555,1.965,2,52,3460
441,16.678,14.554,2.124,2,52,3440
442,16.538,14.449,2.089,2,52,3440
443,17.163,14.940,2.223,2,52,3460
444,16.637,14.916,1.721,2,52,3460
445,16.406,14.652,1.754,2,52,3440
446,17.233,15.220,2.013,2,52,3440
447,16.383,14.939,1.445,2,52,3460
448,16.478,14.748,1.729,2,52,3460
449,16.563,14.642,1.921,2,52,3440
450,16.832,14.802,2.030,2,52,3440
451,16.744,14.886,1.859,2,52,3460
452,16.505,14.723,1.782,2,52,3460
453,17.673,15.730,1.943,2,52,3440
454,15.989,14.908,1.081,2,52,3440
455,17.202,14.543,2.659,2,52,3440
456,17.037,14.517,2.520,2,52,3440
457,16.777,14.333,2.444,2,52,3440
458,18.057,15.388,2.669,2,52,3440
459,16.666,15.388,1.278,2,52,3440
460,16.412,15.076,1.336,2,52,3440
461,16.401,14.866,1.535,2,52,3460
462,16.947,15.145,1.801,2,52,3460
463,15.822,14.306,1.517,2,52,3440
464,16.812,14.455,2.358,2,52,3440
465,17.071,14.860,2.212,2,52,3460
466,16.764,14.946,1.818,2,52,3460
467,16.499,14.779,1.720,2,52,3440
468,16.228,14.342,1.886,2,52,3440
469,16.822,14.504,2.318,2,52,3460
470,16.622,14.451,2.171,2,52,3460
471,16.764,14.557,2.206,2,52,3440
472,16.461,14.351,2.110,2,52,3440
473,16.859,14.535,2.325,2,52,3460
474,16.794,14.668,2.126,2,52,3460
475,18.416,16.401,2.015,2,54,4080
476,17.524,16.464,1.060,2,54,4080
477,17.686,16.674,1.012,2,54,4100
478,18.730,17.605,1.125,2,54,4100
479,18.161,17.010,1.151,2,54,4080
480,17.532,16.513,1.019,2,54,4080
481,18.059,16.987,1.071,2,54,4100
482,17.918,16.802,1.116,2,54,4100
483,17.579,16.397,1.182,2,54,4080
484,17.488,16.318,1.170,2,54,4080
485,17.622,16.459,1.164,2,54,4100
486,17.508,16.418,1.090,2,54,4100
487,17.716,16.584,1.132,2,54,4080
488,17.389,16.347,1.042,2,54,4080
489,17.459,16.435,1.024,2,54,4080
490,17.396,16.349,1.047,2,54,4080
491,17.741,16.687,1.054,2,54,4080
492,17.366,16.328,1.038,2,54,4080
493,17.552,16.533,1.018,2,54,4080
494,17.443,16.426,1.018,2,54,4080
495,17.877,16.874,1.004,2,54,4100
496,18.135,16.909,1.227,2,54,4100
497,17.514,16.441,1.073,2,54,4080
498,17.617,16.543,1.074,2,54,4080
499,18.770,17.666,1.103,2,54,4100
500,17.820,16.711,1.108,2,54,4100
501,17.505,16.365,1.141,2,54,4080
502,17.426,16.396,1.030,2,54,4080
503,17.545,16.516,1.029,2,54,4100
504,17.623,16.595,1.028,2,54,4100
505,17.521,16.380,1.141,2,54,4080
506,17.299,16.274,1.025,2,54,4080
507,17.477,16.451,1.026,2,54,4100
508,17.533,16.517,1.016,2,54,4100
509,17.378,16.336,1.041,2,54,4080
510,17.431,16.393,1.038,2,54,4080
511,18.674,17.580,1.094,2,54,4100
512,19.431,18.331,1.100,2,54,4100
513,18.973,17.879,1.093,2,54,4080
514,18.300,17.225,1.074,2,54,4080
515,18.609,17.572,1.037,2,54,4100
516,17.569,16.554,1.014,2,54,4100
517,17.596,16.543,1.053,2,54,4080
518,17.686,16.614,1.071,2,54,4080
519,18.179,17.150,1.029,2,54,4100
520,18.642,17.597,1.045,2,54,4100
521,18.410,17.358,1.051,2,54,4080
522,18.605,17.524,1.081,2,54,4080
523,17.763,16.714,1.049,2,54,4080
524,17.684,16.638,1.046,2,54,4080
525,17.483,16.401,1.082,2,54,4080
526,18.000,16.974,1.026,2,54,4080
527,17.700,16.672,1.028,2,54,4080
528,17.544,16.436,1.108,2,54,4080
529,50.292,26.387,23.906,2,1312,10856
530,34.361,28.731,5.631,2,1328,11402
531,34.175,28.558,5.617,2,1320,11372
532,34.099,28.477,5.623,2,1320,11334
533,34.536,28.851,5.685,2,1320,11338
534,34.778,28.558,6.220,2,1320,11342
535,34.026,28.401,5.625,2,1320,11334
536,34.493,28.630,5.863,2,1320,11310
537,34.340,28.439,5.901,2,1320,11310
538,34.514,28.578,5.935,2,1320,11314
539,34.038,28.431,5.607,2,1320,11310
540,34.050,28.308,5.742,2,1320,11294
541,33.921,28.277,5.644,2,1320,11294
542,34.105,28.216,5.889,2,1320,11298
543,34.125,28.372,5.753,2,1320,11298
544,33.615,28.007,5.608,2,1320,11304
545,33.587,28.025,5.562,2,1312,11286
546,33.496,27.892,5.604,2,1312,11286
547,33.510,27.815,5.695,2,1312,11282
548,33.648,28.032,5.616,2,1312,11308
549,33.833,28.202,5.631,2,1312,11312
550,33.483,27.869,5.614,2,1312,11324
551,33.523,27.927,5.596,2,1312,11316
552,35.230,29.533,5.697,2,1312,11320
553,34.282,28.623,5.660,2,1312,11324
554,34.241,28.430,5.811,2,1312,11324
555,33.643,27.985,5.658,2,1312,11316
556,33.397,27.816,5.581,2,1312,11328
557,33.637,28.034,5.604,2,1312,11320
558,33.424,27.863,5.561,2,1312,11336
559,33.662,28.099,5.563,2,1312,11328
560,33.525,27.820,5.705,2,1312,11332
561,33.370,27.788,5.582,2,1312,11332
562,33.658,27.921,5.737,2,1312,11336
563,35.065,29.265,5.800,2,1312,11332
564,36.464,30.813,5.651,2,1312,11312
565,35.917,30.283,5.634,2,1312,11300
566,35.836,30.244,5.592,2,1312,11300
567,33.739,27.894,5.844,2,1312,11300
568,33.775,28.182,5.593,2,1312,11280
569,34.355,28.690,5.665,2,1312,11284
570,33.788,28.144,5.645,2,1312,11268
571,33.699,28.130,5.570,2,1312,11264
572,33.765,27.812,5.953,2,1312,11264
573,33.516,27.921,5.594,2,1312,11268
574,33.626,28.007,5.619,2,1312,11296
575,33.345,27.748,5.597,2,1312,11276
576,33.375,27.781,5.594,2,1312,11280
577,33.291,27.691,5.600,2,1312,11272
578,33.431,27.835,5.596,2,1312,11300
579,33.503,27.869,5.633,2,1312,11280
580,33.301,27.708,5.594,2,1312,11308
581,34.198,28.564,5.634,2,1312,11324
582,34.744,29.091,5.653,2,1312,11316
583,32.853,27.067,5.786,2,1318,11180
584,33.611,27.704,5.907,2,1318,11240
585,32.656,26.832,5.824,2,1318,11228
586,33.696,27.357,6.339,2,1318,11232
587,32.510,26.936,5.575,2,1318,11216
588,32.805,27.252,5.553,2,1318,11260
589,32.908,27.342,5.566,2,1318,11248
590,32.664,27.073,5.591,2,1318,11252
591,33.375,27.768,5.608,2,1318,11252
592,33.207,27.630,5.578,2,1318,11248
593,33.026,27.419,5.607,2,1318,11252
594,34.178,28.280,5.898,2,1318,11252
595,33.808,27.447,6.362,2,1318,11248
596,33.199,27.614,5.585,2,1318,11220
597,33.308,27.756,5.552,2,1318,11224
598,33.144,27.589,5.555,2,1318,11224
599,33.197,27.380,5.818,2,1318,11216
600,33.274,27.685,5.589,2,1318,11204
601,33.665,27.822,5.843,2,1318,11208
602,33.283,27.522,5.761,2,1316,11200
603,4.733,3.722,1.010,1,2,480
604,16.829,3.885,12.944,1,2,480
605,16.678,3.898,12.780,1,2,480
606,16.486,3.717,12.769,1,2,480
607,16.628,3.680,12.948,1,2,480
608,16.845,3.857,12.988,1,2,480
609,16.596,3.785,12.811,1,2,480
610,22.421,5.811,16.610,2,1102,3298
611,16.777,5.822,10.955,2,1102,3298
612,17.199,6.406,10.793,2,1102,3298
613,15.986,5.742,10.245,2,1102,3298
614,16.952,6.006,10.946,2,1102,3298
615,16.726,6.151,10.575,2,1102,3298
616,16.645,6.092,10.553,2,1102,3298
617,16.865,6.197,10.669,2,1102,3298
618,16.245,6.030,10.215,2,1102,3298
619,16.949,6.141,10.808,2,1102,3298
620,16.204,5.680,10.524,2,1102,3298
621,16.773,5.804,10.969,2,1102,3298
622,16.922,6.041,10.881,2,1102,3298
623,16.574,5.931,10.643,2,1102,3298
624,16.656,5.932,10.724,2,1102,3298
625,16.616,5.817,10.799,2,1102,3298
626,17.093,6.330,10.763,2,1102,3298
627,16.463,6.054,10.409,2,1102,3298
628,18.502,6.541,11.961,2,1102,3298
629,16.973,6.241,10.732,2,1102,3298
630,17.683,6.613,11.070,2,1102,3298
631,16.308,6.026,10.281,2,1102,3298
632,17.163,6.085,11.078,2,1102,3298
633,17.264,6.424,10.840,2,1102,3298
634,17.930,6.361,11.569,2,1102,3298
635,16.846,6.008,10.838,2,1102,3298
636,17.516,6.047,11.470,2,1102,3298
637,17.465,6.060,11.405,2,1102,3298
638,16.791,5.895,10.896,2,1102,3298
639,17.181,6.074,11.106,2,1102,3298
640,16.787,6.039,10.748,2,1102,3298
641,16.914,5.814,11.099,2,1102,3298
642,16.729,5.714,11.015,2,1102,3298
643,17.278,5.820,11.457,2,1102,3298
644,16.602,5.741,10.861,2,1102,3298
645,18.523,5.820,12.703,2,1102,3298
646,17.910,6.898,11.012,2,1102,3298
647,15.796,6.021,9.774,2,1102,3298
648,16.214,5.717,10.498,2,1102,3298
649,16.955,5.756,11.199,2,1102,3298
650,16.780,5.798,10.982,2,1102,3298
651,16.963,5.930,11.033,2,1102,3298
652,16.568,5.853,10.715,2,1102,3298
653,17.094,6.204,10.889,2,1102,3298
654,16.050,5.682,10.368,2,1102,3298
655,17.008,5.999,11.009,2,1102,3298
656,16.613,5.961,10.652,2,1102,3298
657,16.473,5.795,10.678,2,1102,3298
658,16.976,6.094,10.883,2,1102,3298
659,16.366,5.806,10.560,2,1102,3298
660,17.158,6.227,10.931,2,1102,3298
661,16.323,5.789,10.535,2,1102,3298
662,16.590,5.692,10.899,2,1102,3298
663,16.768,5.935,10.832,2,1102,3298
664,16.587,5.758,10.829,2,1102,3298
665,16.831,6.188,10.643,2,1102,3298
666,16.441,5.807,10.635,2,1102,3298
667,16.758,5.783,10.975,2,1102,3298
668,16.505,5.762,10.742,2,1102,3298
669,17.014,6.094,10.920,2,1102,3298
670,10.607,3.750,6.857,1,2,480
671,18.927,5.988,12.939,2,4,1120
672,16.744,6.042,10.701,2,4,1120
673,16.574,5.979,10.595,2,4,1120
674,16.676,5.988,10.689,2,4,1120
675,16.702,6.019,10.683,2,4,1120
676,16.793,6.135,10.658,2,4,1120
677,16.820,6.299,10.521,2,4,1120
678,16.729,6.356,10.373,2,4,1120
679,16.407,6.102,10.305,2,4,1120
680,16.714,6.148,10.566,2,4,1120
681,16.486,5.968,10.518,2,4,1120
682,16.702,6.012,10.690,2,4,1120
683,16.656,5.990,10.667,2,4,1120
684,16.670,5.999,10.672,2,4,1120
685,16.690,6.021,10.668,2,4,1120
686,16.874,6.231,10.643,2,4,1120
687,16.456,6.020,10.436,2,4,1120
688,16.611,5.962,10.649,2,4,1120
689,16.811,6.107,10.704,2,4,1120
690,16.622,6.061,10.561,2,4,1120
691,16.695,6.087,10.608,2,4,1120
692,16.600,6.024,10.576,2,4,1120
693,16.675,6.034,10.642,2,4,1120
694,16.573,5.942,10.632,2,4,1120
695,16.823,6.097,10.726,2,4,1120
696,16.552,5.980,10.571,2,4,1120
697,16.778,6.099,10.679,2,4,1120
698,16.611,6.036,10.575,2,4,1120
699,16.578,5.953,10.625,2,4,1120
700,16.781,6.064,10.717,2,4,1120
701,16.632,6.026,10.606,2,4,1120
702,16.742,6.108,10.635,2,4,1120
703,16.835,6.279,10.557,2,4,1120
704,16.643,6.247,10.396,2,4,1120
705,16.537,6.117,10.420,2,4,1120
706,16.929,6.380,10.548,2,4,1120
707,16.672,6.382,10.290,2,4,1120
708,16.386,6.095,10.291,2,4,1120
709,16.882,6.315,10.566,2,4,1120
710,16.419,6.072,10.347,2,4,1120
711,16.654,6.061,10.593,2,4,1120
712,16.637,6.035,10.602,2,4,1120
713,16.703,6.062,10.641,2,4,1120
714,16.670,6.072,10.599,2,4,1120
715,16.632,6.042,10.590,2,4,1120
716,16.861,6.221,10.640,2,4,1120
717,16.531,6.092,10.439,2,4,1120
718,16.845,6.272,10.574,2,4,1120
719,16.402,6.008,10.394,2,4,1120
720,16.714,6.058,10.656,2,4,1120
721,16.593,5.974,10.619,2,4,1120
722,16.653,5.969,10.684,2,4,1120
723,16.670,5.973,10.698,2,4,1120
724,16.706,6.012,10.693,2,4,1120
725,14.517,3.801,10.716,2,22,540
726,20.175,7.176,12.999,2,24,1180
727,16.602,7.048,9.554,2,24,1180
728,15.798,6.341,9.457,2,24,1180
729,16.660,6.357,10.303,2,24,1180
730,16.349,6.033,10.316,2,24,1180
731,16.973,6.264,10.709,2,24,1154
732,17.107,6.776,10.330,2,24,1154
733,15.979,6.095,9.884,2,24,1154
734,16.880,6.287,10.593,2,24,1150
735,17.039,6.683,10.356,2,24,1150
736,16.537,6.547,9.990,2,24,1150
737,16.370,6.258,10.112,2,24,1150
738,16.634,6.222,10.411,2,24,1150
739,17.018,6.568,10.450,2,24,1150
740,16.428,6.334,10.095,2,24,1150
741,16.690,6.365,10.326,2,24,1150
742,16.606,6.297,10.308,2,24,1150
743,16.742,6.375,10.368,2,24,1150
744,16.659,6.350,10.309,2,24,1150
745,16.641,6.339,10.302,2,24,1150
746,17.016,6.649,10.368,2,24,1150
747,16.208,6.237,9.970,2,24,1150
748,16.759,6.327,10.431,2,24,1150
749,16.682,6.342,10.340,2,24,1150
750,16.683,6.360,10.323,2,24,1150
751,16.591,6.285,10.306,2,24,1150
752,16.474,6.076,10.398,2,24,1150
753,16.860,6.281,10.579,2,24,1150
754,16.618,6.225,10.392,2,24,1150
755,16.787,6.347,10.440,2,24,1150
756,16.354,6.042,10.312,2,24,1150
757,16.869,6.245,10.624,2,24,1150
758,16.782,6.356,10.426,2,24,1150
759,16.590,6.281,10.309,2,24,1150
760,16.929,6.541,10.388,2,24,1150
761,16.597,6.437,10.160,2,24,1150
762,16.688,6.494,10.193,2,24,1150
763,16.473,6.302,10.171,2,24,1150
764,16.387,6.023,10.364,2,24,1150
765,16.849,6.209,10.640,2,24,1150
766,16.625,6.152,10.473,2,24,1150
767,16.733,6.231,10.502,2,24,1150
768,16.743,6.289,10.455,2,24,1150
769,16.906,6.548,10.359,2,24,1154
770,16.374,6.259,10.115,2,24,1154
771,16.680,6.264,10.415,2,24,1154
772,16.491,6.090,10.401,2,24,1180
773,16.972,6.396,10.575,2,24,1180
774,16.326,6.059,10.268,2,24,1180
775,16.861,6.252,10.609,2,24,1180
776,16.702,6.287,10.415,2,24,1180
777,16.383,5.996,10.387,2,24,1180
778,17.002,6.324,10.678,2,24,1180
779,16.528,6.203,10.325,2,24,1180
780,16.760,6.291,10.469,2,24,1180
781,16.642,6.270,10.373,2,24,1180
782,16.581,6.166,10.415,2,24,1180
783,16.471,5.994,10.477,2,24,1180
784,16.669,5.987,10.682,2,24,1180
785,16.754,6.063,10.691,2,24,1180
786,16.795,6.203,10.592,2,24,1154
787,16.546,6.064,10.482,2,24,1154
788,16.740,6.162,10.578,2,24,1154
789,16.518,5.999,10.519,2,24,1150
790,16.657,5.992,10.665,2,24,1150
791,16.673,5.997,10.676,2,24,1150
792,16.721,6.059,10.662,2,24,1150
793,16.700,6.094,10.606,2,24,1150
794,16.894,6.276,10.617,2,24,1150
795,16.787,6.434,10.352,2,24,1150
796,16.892,6.664,10.228,2,24,1150
797,16.529,6.522,10.007,2,24,1150
798,16.498,6.353,10.145,2,24,1150
799,16.826,6.500,10.326,2,24,1150
800,16.177,6.021,10.156,2,24,1150
801,16.694,6.057,10.637,2,24,1150
802,16.572,5.963,10.610,2,24,1150
803,16.669,5.959,10.710,2,24,1150
804,16.727,6.032,10.695,2,24,1150
805,16.667,6.034,10.633,2,24,1150
806,17.038,6.391,10.646,2,24,1150
807,16.275,6.013,10.263,2,24,1150
808,16.840,6.186,10.655,2,24,1150
809,16.602,6.119,10.482,2,24,1150
810,16.663,6.116,10.547,2,24,1150
811,16.576,6.009,10.568,2,24,1150
812,16.969,6.317,10.652,2,24,1150
813,16.315,5.978,10.337,2,24,1150
814,16.828,6.125,10.702,2,24,1150
815,16.671,6.140,10.531,2,24,1150
816,16.551,6.020,10.531,2,24,1150
817,16.698,6.053,10.645,2,24,1150
818,16.667,6.037,10.630,2,24,1150
819,16.591,5.978,10.612,2,24,1150
820,16.696,6.011,10.685,2,24,1150
821,16.771,6.100,10.671,2,24,1150
822,16.596,6.032,10.564,2,24,1150
823,16.712,6.088,10.623,2,24,1150
824,16.694,6.111,10.583,2,24,1154
825,16.639,6.089,10.550,2,24,1154
826,16.616,6.030,10.586,2,24,1154
827,16.732,6.100,10.632,2,24,1180
828,16.755,6.184,10.572,2,24,1180
829,16.540,6.043,10.497,2,24,1180
830,16.790,6.181,10.608,2,24,1180
831,16.548,6.061,10.487,2,24,1180
832,16.663,6.062,10.601,2,24,1180
833,16.695,6.096,10.599,2,24,1180
834,18.101,6.033,12.068,2,24,1180
835,16.863,6.230,10.633,2,24,1180
836,16.646,6.078,10.568,2,24,1180
837,17.374,6.098,11.276,2,24,1180
838,16.783,6.078,10.705,2,24,1180
839,16.656,6.067,10.589,2,24,1180
840,16.690,6.085,10.605,2,24,1180
841,16.660,6.090,10.570,2,24,1154
842,16.715,6.117,10.597,2,24,1154
843,16.692,6.161,10.531,2,24,1154
844,16.540,6.031,10.509,2,24,1150
845,16.785,6.148,10.637,2,24,1150
846,16.648,6.117,10.531,2,24,1150
847,16.648,6.112,10.535,2,24,1150
848,16.688,6.133,10.555,2,24,1150
849,16.617,6.085,10.532,2,24,1150
850,16.741,6.155,10.586,2,24,1150
851,16.703,6.190,10.512,2,24,1150
852,16.618,6.142,10.476,2,24,1150
853,16.546,6.028,10.518,2,24,1150
854,17.195,6.557,10.638,2,24,1150
855,16.576,6.459,10.117,2,24,1150
856,16.279,6.078,10.201,2,24,1150
857,16.801,6.188,10.612,2,24,1150
858,16.490,6.029,10.461,2,24,1150
859,16.682,6.051,10.631,2,24,1150
860,16.758,6.149,10.609,2,24,1150
861,16.725,6.193,10.531,2,24,1150
862,16.480,6.020,10.460,2,24,1150
863,16.818,6.165,10.653,2,24,1150
864,16.717,6.211,10.506,2,24,1150
865,16.560,6.104,10.455,2,24,1150
866,16.747,6.191,10.556,2,24,1150
867,16.487,6.010,10.477,2,24,1150
868,16.680,6.024,10.656,2,24,1150
869,16.726,6.081,10.644,2,24,1150
870,16.861,6.271,10.590,2,24,1150
871,16.387,5.997,10.390,2,24,1150
872,16.724,6.052,10.672,2,24,1150
873,16.858,6.246,10.612,2,24,1150
874,16.541,6.118,10.423,2,24,1150
875,16.666,6.119,10.547,2,24,1150
876,16.707,6.156,10.551,2,24,1150
877,16.569,6.067,10.501,2,24,1150
878,16.966,6.354,10.612,2,24,1150
879,16.545,6.234,10.312,2,24,1154
880,16.666,6.035,10.631,2,24,1154
881,16.782,6.143,10.639,2,24,1154
882,42.189,12.687,29.502,3,200,3494
883,13.867,12.074,1.793,3,198,2982
884,19.660,14.959,4.700,3,206,3506
885,16.008,13.804,2.204,3,206,3506
886,15.948,13.374,2.574,3,206,3506
887,17.641,14.358,3.284,3,206,3506
888,16.558,14.247,2.312,3,206,3506
889,16.566,14.116,2.450,3,206,3506
890,16.009,13.473,2.537,3,206,3506
891,17.299,14.104,3.194,3,206,3506
892,16.983,14.444,2.538,3,206,3506
893,15.619,13.309,2.310,3,206,3506
894,16.399,13.133,3.266,3,206,3506
895,17.428,13.798,3.630,3,206,3506
896,16.291,13.438,2.853,3,206,3480
897,16.693,13.519,3.174,3,206,3480
898,17.080,13.939,3.141,3,206,3480
899,16.398,13.675,2.723,3,206,3476
900,16.438,13.453,2.985,3,206,3476
901,17.076,13.861,3.215,3,206,3476
902,16.418,13.592,2.825,3,206,3476
903,16.729,13.680,3.049,3,206,3476
904,16.804,13.817,2.987,3,206,3476
905,16.397,13.531,2.866,3,206,3476
906,16.698,13.570,3.128,3,206,3476
907,16.512,13.429,3.082,3,206,3476
908,16.637,13.397,3.239,3,206,3476
909,16.937,13.667,3.270,3,206,3476
910,16.933,13.939,2.994,3,206,3476
911,16.845,14.100,2.745,3,206,3476
912,15.985,13.441,2.544,3,206,3476
913,17.006,13.764,3.242,3,206,3476
914,16.817,13.920,2.897,3,206,3476
915,16.531,13.790,2.741,3,206,3476
916,17.542,14.658,2.884,3,206,3476
917,15.697,13.598,2.099,3,206,3476
918,16.986,13.926,3.061,3,206,3476
919,16.422,13.736,2.686,3,206,3476
920,16.503,13.603,2.900,3,206,3476
921,16.945,13.863,3.082,3,206,3476
922,17.362,14.566,2.796,3,206,3476
923,15.589,13.471,2.118,3,206,3476
924,15.733,12.562,3.170,3,206,3476
925,17.955,13.310,4.645,3,366,4046
926,16.727,13.359,3.368,3,366,4046
927,16.594,13.293,3.300,3,366,4046
928,16.677,13.320,3.357,3,366,4046
929,16.761,13.343,3.418,3,366,4046
930,16.982,13.697,3.285,3,366,4046
931,16.213,13.256,2.958,3,366,4046
932,16.863,13.471,3.392,3,366,4046
933,16.264,13.027,3.237,3,366,4046
934,16.973,13.367,3.606,3,366,4050
935,16.630,13.333,3.298,3,366,4050
936,16.571,13.193,3.378,3,366,4050
937,14.448,11.030,3.418,3,364,3436
938,16.834,11.206,5.628,3,364,3436
939,16.336,10.886,5.449,3,364,3436
940,17.545,11.378,6.167,3,364,3436
941,16.670,11.085,5.585,3,364,3436
942,17.111,11.158,5.954,3,364,3436
943,17.407,11.499,5.908,3,364,3436
944,17.009,11.061,5.947,3,364,3436
945,17.356,11.289,6.067,3,364,3436
946,16.638,11.275,5.363,3,364,3436
947,17.040,11.033,6.007,3,364,3436
948,17.593,11.559,6.034,3,364,3436
949,16.463,11.165,5.298,3,364,3436
950,17.444,11.326,6.117,3,364,3436
951,17.221,11.332,5.889,3,364,3410
952,17.626,11.805,5.822,3,364,3410
953,16.055,11.205,4.850,3,364,3410
954,16.911,11.438,5.473,3,364,3406
955,17.108,11.515,5.593,3,364,3406
956,16.418,11.265,5.153,3,364,3406
957,17.101,11.381,5.720,3,364,3406
958,17.151,11.444,5.707,3,364,3406
959,16.442,11.242,5.200,3,364,3406
960,17.218,11.751,5.467,3,364,3406
961,16.116,11.215,4.901,3,364,3406
962,17.364,11.327,6.038,3,364,3406
963,16.976,11.644,5.332,3,364,3406
964,15.975,10.972,5.003,3,364,3406
965,16.950,11.241,5.708,3,364,3406
966,16.631,11.189,5.442,3,364,3406
967,16.561,11.098,5.463,3,364,3406
968,16.797,11.231,5.565,3,364,3406
969,16.817,11.392,5.425,3,364,3406
970,16.674,11.387,5.287,3,364,3406
971,16.894,11.626,5.268,3,364,3406
972,16.352,11.301,5.051,3,364,3406
973,17.155,11.789,5.365,3,364,3406
974,16.622,11.731,4.891,3,364,3406
975,17.536,12.592,4.945,3,364,3406
976,16.420,12.352,4.068,3,364,3406
977,16.449,12.133,4.316,3,364,3406
978,16.802,12.258,4.544,3,364,3406
979,16.300,11.908,4.392,3,364,3406
980,16.145,11.372,4.773,3,364,3406
981,16.574,11.298,5.277,3,364,3406
982,16.503,11.162,5.341,3,364,3406
983,16.788,11.260,5.528,3,364,3406
984,16.627,11.215,5.412,3,364,3406
985,16.612,11.177,5.434,3,364,3406
986,16.665,11.153,5.512,3,364,3406
987,16.798,11.296,5.502,3,364,3406
988,16.348,11.063,5.284,3,344,3376
989,16.691,11.094,5.597,3,344,3376
990,21.859,11.474,10.384,3,1692,5802
991,17.940,11.325,6.615,3,1692,5804
992,18.427,11.472,6.955,3,1692,5804
993,18.357,11.343,7.014,3,1692,5804
994,18.712,11.685,7.027,3,1692,5808
995,18.605,11.459,7.146,3,1692,5808
996,18.885,11.817,7.068,3,1692,5808
997,18.308,11.611,6.697,3,1692,5808
998,18.238,11.582,6.656,3,1692,5806
999,18.414,11.614,6.800,3,1692,5802
1000,18.387,11.363,7.024,3,1692,5794
1001,18.226,11.572,6.655,3,1692,5794
1002,18.305,11.585,6.720,3,1692,5794
1003,18.616,11.608,7.008,3,1692,5790
1004,18.357,11.363,6.994,3,1692,5794
1005,18.811,11.715,7.096,3,1692,5810
1006,18.769,11.665,7.104,3,1692,5810
1007,18.339,11.634,6.705,3,1692,5808
1008,18.188,11.569,6.618,3,1692,5806
1009,18.528,11.495,7.033,3,1692,5800
1010,18.857,11.793,7.064,3,1692,5800
1011,18.526,11.746,6.780,3,1692,5790
1012,18.871,11.783,7.088,3,1692,5784
1013,18.116,11.453,6.663,3,1692,5782
1014,18.925,11.852,7.073,3,1692,5786
1015,18.808,11.649,7.159,3,1692,5802
1016,18.733,11.624,7.109,3,1692,5802
1017,18.888,11.788,7.100,3,1692,5802
1018,18.633,11.507,7.126,3,1692,5802
1019,18.602,11.975,6.627,3,1692,5802
1020,18.452,11.676,6.776,3,1692,5802
1021,18.533,11.419,7.114,3,1692,5802
1022,18.514,11.426,7.088,3,1692,5802
1023,18.232,11.618,6.614,3,1692,5802
1024,18.764,11.706,7.058,3,1692,5802
1025,18.988,11.871,7.116,3,1692,5802
1026,18.835,11.788,7.047,3,1692,5802
1027,18.108,11.419,6.689,3,1692,5802
1028,18.218,11.530,6.688,3,1692,5802
1029,19.064,11.684,7.380,3,1692,5802
1030,18.566,11.539,7.026,3,1692,5802
1031,19.621,12.552,7.069,3,1692,5802
1032,19.512,12.380,7.132,3,1692,5802
1033,18.742,11.747,6.994,3,1692,5802
1034,18.399,11.584,6.815,3,1692,5802
1035,18.298,11.369,6.929,3,1692,5802
1036,18.776,11.458,7.318,3,1692,5802
1037,18.689,11.571,7.118,3,1692,5802
1038,18.453,11.460,6.992,3,1692,5802
1039,18.958,12.008,6.950,3,1692,5802
1040,18.852,11.727,7.126,3,1692,5802
1041,18.576,11.516,7.060,3,1692,5802
1042,18.176,11.544,6.631,3,1692,5802
1043,18.085,11.402,6.683,3,1692,5802
1044,18.777,11.724,7.053,3,1692,5802
1045,18.564,11.416,7.148,3,1692,5802
1046,18.579,11.309,7.270,3,1692,5802
1047,19.646,11.895,7.751,3,1692,5802
1048,18.619,11.654,6.964,3,1692,5802
1049,18.567,11.528,7.038,3,1692,5802
1050,18.275,11.705,6.570,3,1692,5802
1051,18.394,11.757,6.637,3,1692,5802
1052,18.642,11.433,7.209,3,1692,5802
1053,18.666,11.576,7.090,3,1692,5802
1054,18.637,11.584,7.053,3,1692,5802
1055,18.383,11.401,6.981,3,1692,5802
1056,19.101,12.052,7.048,3,1692,5802
1057,19.226,12.306,6.920,3,1692,5802
1058,12.268,10.703,1.564,3,184,2806
1059,17.079,11.125,5.954,3,184,2806
1060,16.863,11.325,5.538,3,184,2806
1061,16.688,11.332,5.356,3,184,2806
1062,15.519,10.754,4.765,2,24,2236
1063,16.372,10.461,5.912,2,24,2236
1064,16.780,10.570,6.210,2,24,2236
1065,36.482,11.679,24.804,3,208,3148
1066,12.065,10.014,2.052,2,24,2236
1067,19.126,11.820,7.306,3,208,3148
1068,16.844,12.016,4.828,3,208,3148
1069,17.323,12.654,4.670,3,208,3148
1070,16.153,12.144,4.010,3,208,3148
1071,16.405,11.890,4.515,3,208,3148
1072,17.077,12.263,4.814,3,208,3148
1073,16.142,11.771,4.371,3,208,3148
1074,17.375,12.483,4.892,3,208,3148
1075,16.596,12.366,4.230,3,208,3148
1076,17.066,12.784,4.282,3,208,3148
1077,16.102,12.219,3.883,3,208,3148
1078,18.117,12.569,5.548,3,508,3518
1079,16.679,12.640,4.039,3,508,3518
1080,15.494,11.435,4.059,3,508,3518
1081,18.023,12.805,5.218,3,510,3522
1082,15.615,11.810,3.805,3,512,3526
1083,16.891,12.008,4.883,3,512,3526
1084,17.077,12.387,4.691,3,512,3526
1085,16.494,12.191,4.303,3,512,3530
1086,16.477,12.057,4.421,3,512,3534
1087,16.797,12.136,4.662,3,512,3534
1088,15.898,11.414,4.484,3,512,3534
1089,16.684,11.456,5.228,3,512,3538
1090,16.485,11.281,5.204,3,512,3542
1091,16.696,11.393,5.303,3,512,3542
1092,16.765,11.418,5.347,3,512,3542
1093,16.694,11.438,5.256,3,512,3546
1094,15.430,11.233,4.197,3,212,3180
1095,16.982,11.525,5.457,3,212,3180
1096,16.412,11.289,5.123,3,212,3180
1097,17.077,11.713,5.364,3,212,3180
1098,16.213,11.267,4.946,3,212,3180
1099,16.749,11.326,5.422,3,212,3180
1100,16.665,11.305,5.360,3,212,3180
1101,16.739,11.400,5.339,3,212,3180
1102,16.517,11.247,5.270,3,212,3180
1103,16.558,11.149,5.409,3,212,3180
1104,16.842,11.322,5.520,3,212,3180
1105,16.493,11.134,5.360,3,212,3180
1106,16.732,11.218,5.514,3,212,3180
1107,17.565,9.919,7.645,2,24,2236
1108,17.056,10.287,6.769,2,24,2236
1109,21.337,11.438,9.899,3,1066,4320
1110,16.590,11.317,5.273,3,1066,4320
1111,17.161,11.843,5.318,3,1066,4320
1112,16.299,11.619,4.680,3,1066,4320
1113,16.986,11.760,5.226,3,1066,4320
1114,16.175,11.479,4.696,3,1066,4320
1115,16.824,11.398,5.427,3,1068,4328
1116,16.468,11.397,5.071,3,1068,4328
1117,16.839,11.343,5.496,3,1068,4328
1118,17.218,11.863,5.355,3,1068,4328
1119,16.518,11.568,4.949,3,1070,4340
1120,16.146,11.431,4.716,3,1070,4336
1121,17.027,11.811,5.216,3,1070,4336
1122,16.612,11.447,5.165,3,1070,4336
1123,16.500,11.303,5.197,3,1070,4340
1124,17.088,11.861,5.227,3,1070,4336
1125,17.247,12.326,4.921,3,1070,4374
1126,15.753,11.278,4.475,3,1072,4386
1127,17.718,12.164,5.553,3,1072,4386
1128,16.652,11.648,5.003,3,1072,4382
1129,16.372,11.652,4.720,3,1072,4382
1130,16.203,11.370,4.833,3,1074,4456
1131,17.188,11.658,5.530,3,1074,4456
1132,16.677,11.730,4.947,3,1074,4448
1133,16.317,11.536,4.781,3,1074,4448
1134,17.276,11.961,5.315,3,1074,4450
1135,16.473,11.625,4.848,3,1074,4454
1136,16.555,11.780,4.775,3,1074,4452
1137,16.557,11.500,5.057,3,1076,4460
1138,16.398,11.421,4.977,3,1076,4460
1139,16.794,11.354,5.441,3,1076,4464
1140,16.751,11.448,5.303,3,1076,4460
1141,17.599,12.213,5.386,3,1080,4470
1142,17.528,11.673,5.856,3,1080,4472
1143,14.995,12.167,2.827,3,184,2806
1144,38.667,14.303,24.364,3,366,4300
1145,17.596,15.067,2.530,3,366,4252
1146,18.117,15.532,2.585,3,368,4272
1147,18.414,15.911,2.503,3,368,4332
1148,17.994,15.205,2.789,3,368,4326
1149,18.390,15.832,2.558,3,368,4314
1150,18.324,15.849,2.476,3,368,4314
1151,17.242,14.780,2.463,3,368,4314
1152,16.758,14.230,2.527,3,368,4314
1153,16.648,14.159,2.489,3,368,4314
1154,16.290,13.750,2.540,3,370,4358
1155,17.012,14.059,2.953,3,370,4358
1156,16.339,13.756,2.583,3,370,4358
1157,17.079,14.159,2.920,3,370,4364
1158,16.054,13.556,2.497,3,370,4352
1159,16.872,13.756,3.117,3,370,4352
1160,16.763,13.849,2.913,3,370,4352
1161,16.426,13.629,2.797,3,370,4352
1162,17.510,13.741,3.769,3,370,4352
1163,16.606,13.684,2.922,3,370,4352
1164,16.931,13.933,2.998,3,368,4320
1165,16.312,13.585,2.728,3,368,4320
1166,16.837,13.755,3.083,3,368,4320
1167,16.657,13.749,2.908,3,368,4320
1168,16.592,13.628,2.963,3,368,4320
1169,17.134,14.149,2.985,3,368,4320
1170,16.331,13.801,2.530,3,368,4320
1171,16.422,13.602,2.820,3,368,4320
1172,16.858,13.745,3.114,3,368,4320
1173,16.644,13.705,2.939,3,368,4320
1174,16.553,13.576,2.978,3,370,4352
1175,17.308,14.231,3.077,3,372,4384
1176,16.523,13.920,2.603,3,372,4384
1177,16.529,13.818,2.711,3,372,4384
1178,16.599,13.730,2.869,3,372,4384
1179,16.882,13.926,2.956,3,372,4384
1180,17.059,14.298,2.761,3,372,4384
1181,16.345,13.861,2.484,3,372,4384
1182,16.638,13.847,2.791,3,372,4384
1183,16.506,13.682,2.824,3,372,4384
1184,16.689,13.659,3.030,3,372,4384
1185,16.788,13.821,2.966,3,372,4384
1186,16.800,13.932,2.868,3,370,4352
1187,16.629,13.924,2.705,3,370,4352
1188,16.506,13.754,2.751,3,370,4352
1189,16.853,13.921,2.932,3,370,4352
1190,16.676,13.939,2.737,3,370,4352
1191,16.484,13.771,2.713,3,370,4352
1192,16.780,13.825,2.955,3,370,4352
1193,16.449,13.630,2.819,3,370,4352
1194,16.687,13.680,3.007,3,370,4352
1195,16.721,13.719,3.002,3,370,4352
1196,16.775,13.815,2.960,3,372,4384
1197,16.603,13.785,2.818,3,372,4384
1198,16.858,13.926,2.932,3,372,4384
1199,16.828,14.113,2.715,3,372,4384
1200,16.486,13.891,2.596,3,372,4384
1201,16.774,13.826,2.948,3,372,4384
1202,17.313,14.523,2.790,3,372,4384
1203,17.382,14.714,2.668,3,372,4384
1204,16.800,14.197,2.603,3,372,4384
1205,16.767,14.045,2.722,3,372,4384
1206,16.747,14.145,2.601,3,370,4352
1207,16.421,13.877,2.544,3,368,4320
1208,16.773,14.014,2.759,3,368,4320
1209,16.424,13.780,2.643,3,368,4320
1210,16.826,13.905,2.921,3,368,4320
1211,17.153,14.367,2.787,3,368,4320
1212,16.539,14.078,2.461,3,368,4320
1213,16.312,13.674,2.638,3,368,4320
1214,16.651,13.710,2.942,3,368,4320
1215,17.533,14.580,2.953,3,368,4320
1216,16.350,13.809,2.541,3,368,4320
1217,16.721,13.870,2.851,3,368,4320
1218,16.616,13.817,2.798,3,370,4352
1219,16.635,13.814,2.821,3,370,4352
1220,16.543,13.705,2.838,3,370,4352
1221,16.989,13.975,3.013,3,370,4352
1222,16.454,13.785,2.669,3,370,4352
1223,16.701,13.793,2.909,3,370,4352
1224,16.616,13.759,2.857,3,370,4352
1225,16.659,13.740,2.920,3,370,4352
1226,16.716,13.811,2.905,3,370,4352
1227,16.643,13.786,2.857,3,370,4352
1228,16.649,13.732,2.916,3,368,4320
1229,16.916,14.009,2.906,3,368,4320
1230,16.519,13.863,2.656,3,368,4320
1231,16.520,13.693,2.828,3,368,4320
1232,16.874,13.922,2.952,3,368,4320
1233,16.550,13.818,2.731,3,368,4320
1234,18.102,15.259,2.843,3,368,4320
1235,17.391,14.842,2.549,3,368,4320
1236,17.464,14.952,2.512,3,368,4320
1237,17.143,14.678,2.465,3,368,4320
1238,16.911,14.441,2.470,3,370,4352
1239,16.946,14.345,2.601,3,372,4384
1240,17.299,14.703,2.597,3,372,4384
1241,17.863,15.268,2.594,3,372,4384
1242,16.396,13.755,2.642,3,372,4384
1243,16.513,13.612,2.901,3,372,4384
1244,16.837,13.755,3.083,3,372,4384
1245,16.743,13.843,2.901,3,372,4384
1246,16.723,13.905,2.817,3,372,4384
1247,17.090,14.317,2.773,3,372,4384
1248,16.230,13.750,2.480,3,372,4384
1249,17.047,14.157,2.889,3,372,4384
1250,16.342,13.804,2.538,3,370,4352
1251,17.021,14.158,2.863,3,370,4352
1252,16.458,13.957,2.501,3,370,4352
1253,16.493,13.769,2.724,3,370,4352
1254,16.687,13.820,2.867,3,370,4352
1255,16.874,13.992,2.881,3,370,4352
1256,17.109,14.457,2.653,3,370,4352
1257,16.203,13.713,2.489,3,370,4352
1258,16.802,13.832,2.970,3,370,4352
1259,17.248,14.437,2.812,3,370,4352
1260,16.638,13.989,2.649,3,372,4384
1261,16.452,13.768,2.684,3,372,4384
1262,16.792,13.950,2.842,3,372,4384
1263,17.593,14.852,2.741,3,372,4384
1264,17.549,14.934,2.615,3,372,4384
1265,16.652,14.095,2.556,3,372,4384
1266,16.705,14.010,2.695,3,372,4384
1267,16.628,14.124,2.504,3,372,4384
1268,16.312,13.770,2.542,3,372,4384
1269,16.655,13.762,2.893,3,372,4384
1270,16.812,13.911,2.901,3,370,4352
1271,16.554,13.785,2.769,3,368,4320
1272,16.744,13.831,2.913,3,368,4320
1273,17.132,14.341,2.791,3,368,4320
1274,16.332,13.767,2.565,3,368,4320
1275,17.076,14.191,2.885,3,368,4320
1276,16.344,13.862,2.482,3,368,4320
1277,17.952,14.224,3.728,3,368,4320
1278,16.188,13.707,2.480,3,368,4320
1279,16.949,14.022,2.927,3,368,4320
1280,16.739,14.068,2.671,3,368,4320
1281,16.498,13.895,2.603,3,368,4320
1282,16.737,13.976,2.760,3,370,4352
1283,15.259,13.072,2.186,3,210,3782
1284,17.810,14.226,3.584,3,210,3782
1285,16.449,14.034,2.415,3,210,3782
1286,39.422,17.520,21.902,8,426,5224
1287,21.694,18.242,3.452,8,550,5482
1288,39.979,18.433,21.545,8,566,5626
1289,21.516,17.880,3.636,8,578,5650
1290,22.285,18.655,3.630,8,580,5754
1291,22.287,18.605,3.681,8,596,5794
1292,22.235,18.479,3.755,8,594,5830
1293,22.622,18.905,3.718,8,602,5850
1294,22.412,18.806,3.606,8,604,5904
1295,22.591,18.880,3.711,8,620,5950
1296,21.895,17.917,3.979,8,624,6006
1297,21.341,17.530,3.810,8,634,6056
1298,21.426,17.656,3.770,8,634,6150
1299,23.327,19.544,3.783,9,658,6548
1300,25.483,21.633,3.849,9,658,6554
1301,24.565,20.553,4.012,9,666,6610
1302,25.259,21.409,3.850,9,668,6638
1303,26.218,21.816,4.402,9,686,6736
1304,23.689,19.711,3.978,9,686,6732
1305,26.004,21.925,4.079,9,694,6760
1306,25.325,21.242,4.082,9,694,6750
1307,26.373,22.124,4.249,9,708,6808
1308,27.402,22.449,4.953,9,756,6980
1309,25.488,20.856,4.633,9,764,7022
1310,25.138,20.698,4.440,9,780,7090
1311,26.778,22.287,4.491,9,794,7152
1312,26.753,21.786,4.967,9,802,7216
1313,26.224,21.579,4.645,9,806,7196
1314,25.483,21.446,4.037,9,694,6954
1315,25.195,21.119,4.076,9,692,6930
1316,25.143,21.124,4.020,9,678,6894
1317,23.828,19.848,3.980,9,678,6924
1318,24.871,20.624,4.247,9,666,6866
1319,26.836,22.222,4.613,9,690,6934
1320,24.540,20.597,3.942,9,678,6900
1321,25.971,22.039,3.932,9,674,6902
1322,25.255,21.420,3.835,9,654,6904
1323,24.066,20.164,3.903,9,656,6880
1324,25.364,21.615,3.749,9,638,6866
1325,24.690,20.882,3.808,9,634,6884
1326,23.816,20.042,3.774,9,622,6840
1327,19.473,16.610,2.863,3,446,5420
1328,16.696,14.052,2.644,3,372,4630
1329,16.669,14.022,2.647,3,370,4656
1330,16.818,14.205,2.613,3,362,4608
1331,17.895,14.961,2.934,6,408,4890
1332,17.631,14.633,2.998,6,396,4830
1333,17.875,14.984,2.891,6,406,4908
1334,17.775,14.931,2.844,6,388,4838
1335,18.029,15.053,2.976,6,400,4924
1336,18.458,15.558,2.900,6,394,4890
1337,18.329,15.314,3.014,6,402,4964
1338,18.077,15.074,3.003,6,404,4976
1339,18.390,15.419,2.971,6,420,5086
1340,18.616,15.636,2.981,6,420,5070
1341,19.513,16.302,3.210,6,432,5158
1342,19.267,16.174,3.093,6,436,5184
1343,19.192,16.054,3.138,6,450,5284
1344,19.099,16.014,3.085,6,448,5246
1345,19.433,16.200,3.233,6,460,5348
1346,19.772,16.449,3.323,6,466,5354
1347,19.780,16.497,3.283,6,476,5434
1348,19.606,16.499,3.107,7,464,5444
1349,19.697,16.523,3.173,7,476,5504
1350,20.181,16.980,3.201,7,474,5496
1351,20.313,17.000,3.312,7,480,5546
1352,19.536,16.361,3.175,7,474,5492
1353,19.809,16.612,3.197,7,480,5520
1354,20.676,17.337,3.339,7,474,5456
1355,20.964,17.564,3.400,7,480,5478
1356,19.535,16.330,3.205,7,470,5440
1357,19.619,16.420,3.199,7,474,5478
1358,20.872,17.732,3.139,7,466,5412
1359,20.619,17.029,3.590,7,474,5454
1360,20.070,16.660,3.410,7,466,5394
1361,19.516,16.454,3.062,7,466,5392
1362,19.308,16.282,3.026,7,458,5332
1363,19.053,15.963,3.090,7,456,5316
1364,19.139,16.124,3.015,7,446,5242
1365,19.286,16.202,3.084,7,446,5242
1366,19.230,16.271,2.960,7,438,5202
1367,19.168,16.108,3.059,7,438,5202
1368,19.141,16.042,3.099,7,428,5130
1369,18.768,15.757,3.012,7,428,5130
1370,18.553,15.619,2.934,7,418,5058
1371,19.032,16.033,2.999,7,418,5058
1372,18.676,15.709,2.968,7,406,4988
1373,18.303,15.456,2.848,7,406,4988
1374,19.043,15.984,3.059,7,396,4932
1375,18.632,15.711,2.921,7,404,4996
1376,18.537,15.769,2.768,7,398,4970
1377,18.934,16.011,2.923,7,400,4962
1378,18.615,15.812,2.803,7,394,4954
1379,18.774,15.941,2.833,7,396,4958
1380,18.566,15.726,2.840,7,390,4910
1381,18.669,15.851,2.818,7,392,4922
1382,18.490,15.576,2.914,7,386,4886
1383,18.695,15.856,2.839,7,388,4894
1384,18.193,15.349,2.844,7,382,4864
1385,18.465,15.518,2.947,7,384,4878
1386,19.015,16.284,2.731,7,382,4868
1387,19.292,16.519,2.774,7,384,4876
1388,20.232,17.458,2.774,7,384,4876
1389,19.746,16.959,2.787,7,386,4890
1390,19.342,16.464,2.878,7,386,4886
1391,19.416,16.318,3.099,7,386,4886
1392,18.700,15.811,2.889,7,386,4886
1393,18.781,15.784,2.997,7,418,5008
1394,18.430,15.521,2.910,7,418,4996
1395,18.680,15.694,2.986,7,422,5010
1396,20.645,16.874,3.771,11,622,5818
1397,20.713,16.963,3.750,11,620,5748
1398,20.911,16.983,3.929,11,620,5750
1399,21.034,17.134,3.899,11,634,5802
1400,20.787,16.934,3.853,11,632,5750
1401,20.586,16.763,3.823,11,638,5698
1402,20.503,16.681,3.823,11,642,5702
1403,20.559,16.538,4.021,11,642,5700
1404,20.346,16.433,3.914,11,638,5624
1405,20.713,16.727,3.986,11,634,5638
1406,20.451,16.605,3.846,11,620,5528
1407,20.360,16.424,3.936,11,626,5590
1408,20.624,16.737,3.887,11,622,5572
1409,21.442,17.503,3.939,11,624,5586
1410,21.175,17.260,3.916,11,620,5548
1411,20.229,16.362,3.868,11,628,5574
1412,20.433,16.377,4.056,11,650,5578
1413,20.519,16.397,4.122,10,646,5636
1414,19.800,15.934,3.867,10,618,5556
1415,19.959,16.059,3.900,10,622,5540
1416,19.727,15.927,3.800,10,622,5502
1417,20.011,16.160,3.850,10,622,5432
1418,19.897,16.075,3.822,10,606,5320
1419,19.709,15.718,3.990,10,614,5300
1420,19.545,15.707,3.838,10,604,5292
1421,19.459,15.668,3.791,10,598,5248
1422,19.090,15.303,3.787,10,588,5156
1423,19.512,15.472,4.040,10,560,5104
1424,19.051,15.275,3.776,10,536,5018
1425,18.886,15.317,3.569,10,540,5032
1426,18.672,15.162,3.510,10,526,4906
1427,18.032,14.587,3.445,10,524,4886
1428,19.364,15.880,3.484,10,540,5274
1429,19.968,16.343,3.625,10,566,5258
1430,19.519,15.980,3.539,10,556,5182
1431,19.892,16.185,3.707,10,560,5128
1432,19.487,16.096,3.391,10,550,5058
1433,19.164,15.632,3.532,10,548,5026
1434,19.928,16.293,3.636,10,540,4994
1435,19.528,15.896,3.632,10,542,5026
1436,18.772,15.506,3.267,10,534,4988
1437,18.767,15.365,3.402,10,534,4988
1438,18.756,15.285,3.471,10,532,5010
1439,18.821,15.552,3.269,10,530,4978
1440,19.087,15.705,3.382,10,522,4950
1441,19.142,15.870,3.271,10,522,4950
1442,18.768,15.406,3.362,10,516,4954
1443,18.701,15.395,3.306,10,514,4922
1444,18.844,15.651,3.193,10,508,4912
1445,18.493,15.138,3.355,10,510,4898
1446,18.558,15.195,3.362,10,540,5006
1447,18.345,15.004,3.341,10,542,5038
1448,18.692,15.378,3.314,10,542,5064
1449,19.135,15.739,3.395,10,538,5048
1450,18.861,15.469,3.392,10,536,5016
1451,18.677,15.337,3.339,10,538,5000
1452,19.041,15.748,3.293,10,538,5022
1453,17.807,14.558,3.249,7,486,4756
1454,18.424,14.608,3.816,7,486,4756
1455,17.419,14.385,3.034,7,478,4724
1456,17.480,14.394,3.087,7,478,4716
1457,17.283,14.294,2.989,7,482,4732
1458,18.046,14.940,3.107,7,482,4732
1459,17.733,14.720,3.013,7,482,4750
1460,17.410,14.299,3.111,7,480,4718
1461,17.470,14.509,2.961,7,476,4702
1462,18.058,15.106,2.952,7,476,4702
1463,18.300,15.058,3.242,7,544,4988
1464,19.227,15.894,3.333,7,544,4988
1465,21.950,18.660,3.289,9,546,5428
1466,21.820,18.434,3.386,9,546,5428
1467,22.257,18.785,3.472,9,548,5436
1468,22.492,19.026,3.466,9,548,5458
1469,21.593,18.316,3.277,9,552,5506
1470,21.246,17.980,3.266,9,552,5506
1471,21.033,17.718,3.315,9,552,5506
1472,21.520,18.172,3.348,9,554,5530
1473,20.799,17.345,3.454,9,552,5498
1474,20.625,17.331,3.294,9,552,5498
1475,20.846,17.592,3.255,9,550,5466
1476,20.997,17.451,3.546,9,552,5516
1477,20.721,17.545,3.176,9,550,5532
1478,21.012,17.736,3.276,9,550,5532
1479,21.028,17.737,3.290,9,548,5500
1480,20.992,17.709,3.284,9,558,5528
1481,21.069,17.767,3.302,9,562,5540
1482,21.141,17.796,3.345,9,564,5572
1483,21.024,17.656,3.368,9,572,5624
1484,20.897,17.528,3.369,9,570,5592
1485,20.887,17.475,3.412,9,566,5580
1486,21.010,17.662,3.349,9,568,5634
1487,21.080,17.729,3.351,9,560,5574
1488,21.009,17.785,3.225,9,560,5582
1489,21.032,17.810,3.223,9,564,5566
1490,20.887,17.575,3.312,9,566,5602
1491,21.311,18.039,3.272,9,568,5626
1492,20.791,17.485,3.306,9,568,5626
1493,21.146,17.834,3.312,9,562,5582
1494,21.300,17.949,3.351,9,560,5550
1495,21.299,17.920,3.379,9,566,5574
1496,20.972,17.614,3.357,9,568,5616
1497,21.698,18.079,3.619,9,624,5828
1498,21.463,17.865,3.598,9,640,5888
1499,21.736,17.932,3.804,9,642,5896
1500,21.824,18.008,3.816,9,642,5896
1501,22.194,18.318,3.877,9,644,5916
1502,21.787,18.157,3.630,9,644,5912
1503,21.534,17.916,3.618,9,642,5880
1504,22.130,18.188,3.942,9,642,5880
1505,22.012,18.305,3.707,9,646,5944
1506,22.326,18.613,3.713,9,646,5944
1507,21.482,17.788,3.693,9,648,5952
1508,22.914,19.058,3.856,9,644,5910
1509,22.488,18.851,3.638,9,636,5878
1510,22.160,18.555,3.605,9,638,5918
1511,21.591,18.041,3.550,9,638,5922
1512,21.445,17.901,3.544,9,638,5922
1513,21.584,17.887,3.697,9,638,5922
1514,21.490,17.921,3.569,9,638,5914
1515,21.386,17.764,3.622,9,642,5902
1516,21.742,18.047,3.695,9,642,5902
1517,21.438,17.922,3.516,9,640,5898
1518,22.005,18.201,3.803,9,640,5898
1519,22.315,18.793,3.522,9,634,5894
1520,21.518,17.873,3.644,9,636,5926
1521,22.003,18.432,3.571,9,644,5950
1522,21.714,18.134,3.580,9,640,5890
1523,21.645,17.955,3.690,9,642,5898
1524,21.766,18.134,3.632,9,644,5930
1525,21.604,18.042,3.561,9,638,5914
1526,21.513,17.987,3.526,9,640,5946
1527,22.158,18.422,3.736,9,658,6034
1528,22.346,18.650,3.696,9,658,6046
1529,22.420,18.401,4.018,9,674,6170
1530,22.374,18.626,3.748,9,672,6138
1531,22.626,18.729,3.897,9,712,6310
1532,23.139,19.115,4.023,9,728,6370
1533,23.219,19.174,4.045,9,748,6490
1534,23.834,19.872,3.963,9,750,6522
1535,24.736,20.626,4.109,9,766,6620
1536,24.525,20.456,4.069,9,764,6582
1537,24.927,20.824,4.103,9,780,6694
1538,24.631,20.350,4.281,9,780,6694
1539,24.382,20.195,4.187,9,800,6798
1540,23.926,19.753,4.174,9,802,6820
1541,23.804,19.625,4.179,9,806,6816
1542,24.134,19.839,4.296,9,806,6800
1543,23.998,19.712,4.287,9,824,6906
1544,24.289,20.068,4.221,9,822,6862
1545,25.112,20.703,4.409,9,840,6930
1546,24.275,19.910,4.365,9,838,6890
1547,24.896,20.343,4.553,9,862,7002
1548,24.386,19.930,4.456,9,860,7006
1549,24.594,20.121,4.473,9,874,7062
1550,24.960,20.385,4.575,9,872,7010
1551,24.779,20.203,4.577,9,878,7012
1552,24.431,19.933,4.498,9,878,6988
1553,25.889,21.293,4.595,9,900,7096
1554,25.206,20.628,4.579,9,902,7106
1555,24.856,20.221,4.634,9,918,7132
1556,25.177,20.446,4.730,9,918,7108
1557,24.750,20.010,4.740,9,932,7188
1558,25.054,20.338,4.716,9,930,7150
1559,24.761,20.033,4.728,9,948,7210
1560,25.155,20.337,4.818,9,946,7174
1561,24.605,19.945,4.660,9,946,7170
1562,24.399,19.846,4.553,9,944,7174
1563,24.745,19.961,4.784,9,962,7228
1564,24.954,20.035,4.919,9,950,7184
1565,24.635,19.919,4.716,9,956,7196
1566,24.897,19.988,4.910,9,968,7230
1567,25.139,20.381,4.758,9,970,7282
1568,24.959,20.279,4.680,9,962,7250
1569,25.074,20.288,4.786,9,970,7280
1570,24.971,20.168,4.803,9,962,7242
1571,25.004,20.233,4.771,9,980,7300
1572,24.885,20.151,4.734,9,964,7262
1573,24.991,20.285,4.706,9,962,7252
1574,24.377,19.773,4.604,9,948,7198
1575,24.773,20.024,4.749,9,960,7244
1576,24.932,20.232,4.699,9,960,7286
1577,25.268,20.405,4.862,9,974,7322
1578,24.585,19.780,4.805,9,958,7292
1579,25.172,20.113,5.059,9,972,7292
1580,24.753,19.986,4.768,9,960,7252
1581,25.568,20.766,4.803,9,972,7326
1582,25.396,20.348,5.049,9,968,7308
1583,24.756,20.001,4.755,9,966,7336
1584,25.059,20.315,4.744,9,956,7266
1585,24.984,20.049,4.936,9,968,7314
1586,24.842,19.976,4.866,9,960,7280
1587,24.832,20.061,4.771,9,974,7338
1588,24.670,20.020,4.650,9,956,7248
1589,25.596,20.664,4.932,9,968,7300
1590,24.990,20.139,4.851,9,958,7278
1591,24.987,20.093,4.895,9,978,7374
1592,26.123,21.362,4.762,9,970,7348
1593,26.071,21.133,4.939,9,968,7324
1594,25.213,20.487,4.726,9,962,7262
1595,25.690,20.795,4.895,9,970,7320
1596,26.508,21.725,4.782,9,966,7296
1597,25.898,21.022,4.875,9,980,7378
1598,26.053,21.266,4.788,9,966,7314
1599,25.784,21.012,4.771,9,978,7358
1600,25.084,20.232,4.851,9,984,7400
1601,24.944,19.893,5.051,9,974,7278
1602,24.558,19.691,4.866,9,974,7248
1603,24.278,19.531,4.747,9,958,7134
1604,24.374,19.661,4.713,9,954,7112
1605,24.051,19.418,4.633,9,938,7028
1606,24.017,19.356,4.661,9,926,7008
1607,23.830,19.207,4.623,9,920,6918
1608,24.002,19.378,4.624,9,916,6908
1609,23.703,19.025,4.678,9,912,6836
1610,23.882,19.349,4.532,9,896,6788
1611,23.347,18.948,4.399,9,892,6772
1612,23.175,18.654,4.521,9,888,6756
1613,23.381,18.814,4.567,9,878,6724
1614,23.138,18.661,4.476,9,864,6728
1615,23.076,18.571,4.505,9,846,6640
1616,23.136,18.881,4.256,9,834,6590
1617,22.916,18.565,4.352,9,832,6536
1618,23.145,18.854,4.292,9,826,6546
1619,22.698,18.515,4.183,9,814,6528
1620,22.765,18.578,4.187,9,814,6528
1621,23.035,18.819,4.216,9,808,6476
1622,22.413,18.289,4.124,9,794,6416
1623,22.606,18.562,4.043,9,792,6420
1624,22.558,18.504,4.054,9,786,6444
1625,22.486,18.346,4.140,9,794,6460
1626,22.446,18.231,4.216,9,782,6428
1627,22.781,18.786,3.995,9,772,6408
1628,22.844,18.766,4.078,9,764,6376
1629,22.524,18.520,4.005,9,768,6392
1630,22.792,18.696,4.096,9,760,6376
1631,22.804,18.772,4.032,9,754,6336
1632,22.657,18.704,3.952,9,742,6310
1633,22.267,18.192,4.075,9,742,6366
1634,22.535,18.405,4.131,9,734,6336
1635,23.883,19.972,3.910,9,736,6354
1636,22.772,18.776,3.997,9,732,6294
1637,22.832,18.862,3.970,9,722,6254
1638,22.880,18.968,3.912,9,724,6286
1639,22.119,18.105,4.013,9,724,6290
1640,22.804,18.633,4.171,9,724,6290
1641,22.199,18.236,3.963,9,742,6350
1642,22.708,18.565,4.144,9,742,6350
1643,22.369,18.303,4.067,9,748,6370
1644,22.439,18.401,4.037,9,748,6366
1645,24.101,20.106,3.995,9,744,6330
1646,22.407,18.463,3.945,9,744,6330
1647,22.286,18.270,4.016,9,738,6326
1648,22.198,18.284,3.915,9,740,6364
1649,22.408,18.508,3.900,9,744,6368
1650,22.459,18.352,4.106,9,740,6298
1651,22.743,18.649,4.094,9,742,6312
1652,22.889,18.731,4.158,9,744,6344
1653,22.398,18.412,3.986,9,740,6336
1654,22.582,18.499,4.084,9,758,6428
1655,22.404,18.416,3.988,9,762,6420
1656,22.821,18.590,4.231,9,762,6424
1657,22.445,18.483,3.962,9,758,6400
1658,22.213,18.187,4.027,9,756,6364
1659,22.190,18.125,4.065,9,756,6344
1660,23.614,19.582,4.032,9,758,6376
1661,23.444,19.420,4.023,9,764,6424
1662,23.730,19.701,4.030,9,766,6456
1663,23.336,19.371,3.966,9,766,6456
1664,21.707,16.149,5.558,5,1214,6470
1665,21.227,15.635,5.593,5,1212,6408
1666,21.143,15.541,5.601,5,1212,6406
1667,21.875,16.068,5.807,6,1214,6442
1668,21.828,15.788,6.040,6,1216,6478
1669,21.207,15.471,5.736,6,1198,6394
1670,20.815,15.159,5.657,6,1198,6406
1671,20.779,15.325,5.454,6,1196,6394
1672,21.034,15.380,5.653,6,1190,6364
1673,20.751,15.196,5.555,6,1190,6340
1674,20.667,15.207,5.460,6,1188,6318
1675,20.984,15.426,5.558,6,1192,6306
1676,20.062,14.674,5.388,6,1148,5898
1677,19.914,14.365,5.549,6,1142,5874
1678,19.628,14.175,5.453,6,1134,5856
1679,20.621,15.259,5.361,6,1118,5828
1680,20.013,14.686,5.326,6,1112,5836
1681,20.193,14.681,5.512,6,1110,5802
1682,20.017,14.794,5.224,6,1078,5700
1683,19.501,14.226,5.275,6,1068,5694
1684,19.649,14.366,5.283,6,1058,5644
1685,19.572,14.455,5.117,6,1050,5632
1686,19.349,14.153,5.196,6,1030,5572
1687,19.400,14.259,5.142,6,982,5404
1688,18.900,13.860,5.040,6,964,5394
1689,18.866,14.056,4.810,6,930,5344
1690,18.966,14.158,4.808,6,924,5290
1691,18.895,14.229,4.666,6,900,5274
1692,18.398,13.705,4.693,6,890,5242
1693,19.049,14.516,4.532,6,820,4960
1694,18.212,13.557,4.655,6,796,4888
1695,18.130,13.706,4.424,6,784,4852
1696,17.914,13.476,4.437,6,768,4822
1697,17.655,13.411,4.244,6,760,4844
1698,17.597,13.324,4.273,6,708,4714
1699,18.542,13.960,4.582,6,848,5272
1700,18.409,13.845,4.564,6,826,5170
1701,18.173,13.729,4.445,6,796,5090
1702,18.165,13.739,4.426,6,778,5062
1703,17.848,13.528,4.320,6,764,5048
1704,17.697,13.712,3.984,6,694,4806
1705,17.447,13.395,4.052,6,672,4782
1706,17.270,13.392,3.879,6,652,4734
1707,17.415,13.343,4.072,6,634,4664
1708,16.403,13.100,3.303,6,526,4414
1709,17.740,11.798,5.942,6,546,3828
1710,16.839,11.960,4.879,6,566,3838
1711,17.279,12.463,4.816,6,628,4022
1712,16.546,12.359,4.187,6,620,4012
1713,21.844,16.764,5.080,6,818,5520
1714,20.598,16.418,4.180,6,806,5498
1715,21.534,17.064,4.470,6,860,5816
1716,21.619,16.947,4.672,6,844,5796
1717,21.326,17.091,4.234,6,836,5782
1718,21.612,17.177,4.435,6,834,5812
1719,21.401,16.988,4.412,6,828,5840
1720,21.786,17.334,4.451,6,822,5834
1721,20.726,16.317,4.408,3,814,5660
1722,20.882,16.673,4.209,3,808,5654
1723,20.474,16.372,4.102,3,808,5654
1724,20.681,16.295,4.386,3,812,5666
1725,20.443,16.343,4.100,3,806,5650
1726,20.863,16.509,4.354,3,802,5612
1727,20.597,16.364,4.233,3,794,5596
1728,20.622,16.721,3.901,3,794,5596
1729,20.773,16.466,4.307,3,792,5580
1730,20.526,16.344,4.182,3,804,5620
1731,21.318,16.996,4.322,3,804,5620
1732,21.361,17.050,4.311,3,804,5620
1733,20.812,16.715,4.098,3,806,5622
1734,21.202,16.872,4.329,3,798,5590
1735,20.759,16.524,4.235,3,800,5598
1736,22.063,18.034,4.030,3,806,5610
1737,21.526,17.192,4.334,3,808,5616
1738,21.484,17.210,4.274,3,804,5592
1739,21.900,17.620,4.279,3,810,5612
1740,21.842,17.558,4.284,3,814,5622
1741,21.359,17.006,4.354,3,816,5624
1742,19.115,15.592,3.523,3,660,5062
1743,19.566,15.839,3.726,3,670,5086
1744,18.332,15.237,3.095,3,512,4510
1745,17.890,14.738,3.152,3,514,4536
1746,17.836,14.718,3.118,3,516,4550
1747,18.825,15.639,3.186,3,516,4544
1748,18.181,14.974,3.207,3,524,4578
1749,18.057,14.999,3.057,3,526,4562
1750,18.065,14.844,3.221,3,530,4566
1751,18.422,15.144,3.277,3,540,4618
1752,18.157,14.846,3.311,3,552,4654
1753,18.359,14.971,3.388,3,558,4672
1754,18.182,14.825,3.357,3,560,4684
1755,18.511,15.109,3.402,3,566,4722
1756,18.206,14.862,3.344,3,570,4746
1757,18.807,15.382,3.424,3,582,4792
1758,18.440,15.029,3.411,3,586,4812
1759,18.567,15.125,3.442,3,588,4824
1760,18.607,15.257,3.350,3,598,4864
1761,18.436,15.074,3.361,3,598,4840
1762,19.173,15.656,3.517,3,616,5020
1763,18.956,15.621,3.336,3,620,5036
1764,19.358,15.511,3.848,3,626,5042
1765,19.086,15.612,3.474,3,628,5060
1766,19.307,15.623,3.684,3,632,5080
1767,19.008,15.490,3.517,3,634,5092
1768,19.154,15.482,3.672,3,638,5082
1769,19.927,15.754,4.173,3,640,5090
1770,24.402,19.788,4.615,7,892,6582
1771,24.748,20.012,4.735,9,900,6602
1772,24.919,20.025,4.894,9,908,6650
1773,24.579,20.058,4.521,9,908,6632
1774,24.550,19.867,4.683,9,900,6604
1775,24.589,19.849,4.740,9,908,6634
1776,24.663,20.087,4.575,9,908,6634
1777,25.064,20.384,4.681,9,890,6580
1778,25.244,20.444,4.800,9,902,6620
1779,26.044,21.132,4.912,9,904,6624
1780,25.380,20.659,4.721,9,906,6624
1781,24.962,20.354,4.608,9,906,6626
1782,25.459,20.699,4.760,9,906,6626
1783,25.329,20.062,5.266,9,908,6632
1784,25.324,20.460,4.864,9,932,6788
1785,25.471,20.429,5.043,9,914,6702
1786,26.236,21.529,4.706,9,938,6858
1787,26.098,21.201,4.896,9,934,6838
1788,26.959,21.895,5.064,9,962,7010
1789,27.086,21.891,5.195,9,962,6962
1790,27.365,22.356,5.009,9,980,7104
1791,26.904,22.054,4.850,9,984,7106
1792,28.267,23.062,5.204,9,1008,7264
1793,27.668,22.452,5.215,9,988,7196
1794,27.551,22.312,5.239,9,1008,7322
1795,28.350,23.034,5.317,9,1012,7330
1796,28.164,22.588,5.576,9,1028,7370
1797,27.363,22.263,5.100,9,1004,7220
1798,27.571,22.344,5.227,9,1020,7278
1799,27.302,22.021,5.281,9,1018,7222
1800,27.955,22.584,5.371,9,1034,7268
1801,27.666,22.212,5.455,9,1018,7198
1802,27.139,21.929,5.209,9,1034,7226
1803,27.347,22.305,5.042,9,1026,7200
1804,28.708,23.462,5.246,9,1044,7266
1805,28.971,23.658,5.314,9,1012,7126
1806,27.771,22.525,5.246,9,1028,7170
1807,28.815,23.505,5.310,9,1028,7152
1808,28.360,22.584,5.776,9,1044,7178
1809,24.782,19.426,5.356,7,1018,6656
1810,23.973,18.954,5.019,7,1022,6640
1811,23.999,18.906,5.093,7,1022,6636
1812,23.798,18.541,5.257,7,1022,6582
1813,23.425,18.454,4.971,7,990,6450
1814,23.580,18.304,5.276,7,996,6512
1815,23.885,18.645,5.240,7,996,6494
1816,23.384,18.158,5.226,7,996,6444
1817,24.349,19.182,5.167,7,992,6412
1818,23.431,18.626,4.805,7,980,6346
1819,22.408,17.705,4.703,7,960,6284
1820,22.952,18.197,4.755,7,952,6218
1821,22.084,17.425,4.659,7,912,6116
1822,22.393,17.771,4.622,7,900,6084
1823,22.970,18.154,4.816,7,892,6060
1824,21.959,17.296,4.664,7,884,6032
1825,22.175,17.402,4.773,7,876,6012
1826,19.638,15.826,3.811,3,698,5236
1827,18.871,15.259,3.612,3,686,5196
1828,19.032,15.360,3.672,3,686,5176
1829,18.993,15.416,3.577,3,674,5144
1830,19.192,15.521,3.671,3,670,5094
1831,18.867,15.346,3.521,3,658,5070
1832,18.918,15.383,3.536,3,650,5040
1833,18.687,15.193,3.494,3,650,5040
1834,18.667,15.222,3.445,3,634,5006
1835,18.896,15.466,3.430,3,630,5006
1836,18.734,15.097,3.638,3,616,4926
1837,18.702,15.114,3.588,3,612,4926
1838,18.822,15.416,3.406,3,604,4902
1839,18.523,15.100,3.423,3,600,4902
1840,18.384,15.159,3.226,3,584,4866
1841,18.164,14.953,3.211,3,576,4826
1842,18.574,15.215,3.359,3,572,4822
1843,18.191,14.842,3.349,3,568,4814
1844,18.207,14.970,3.237,3,568,4814
1845,18.359,15.080,3.279,3,568,4822
1846,18.370,15.060,3.311,3,568,4802
1847,18.064,14.883,3.180,3,568,4798
1848,17.952,14.793,3.159,3,568,4802
1849,18.545,15.286,3.259,3,562,4746
1850,18.292,14.823,3.469,3,560,4742
1851,18.096,14.905,3.190,3,560,4722
1852,17.942,14.704,3.238,3,560,4722
1853,18.092,14.830,3.262,3,560,4722
1854,17.707,14.442,3.265,3,560,4722
1855,17.834,14.469,3.365,3,560,4722
1856,18.340,14.999,3.341,3,560,4722
1857,17.722,14.529,3.193,3,560,4706
1858,17.955,14.751,3.205,3,560,4706
1859,18.041,14.843,3.198,3,560,4690
1860,18.298,15.092,3.205,3,560,4690
1861,17.775,14.585,3.190,3,560,4694
1862,17.822,14.550,3.272,3,560,4682
1863,18.038,14.830,3.208,3,560,4678
1864,17.580,14.360,3.220,3,566,4738
1865,17.987,14.400,3.587,3,566,4738
1866,17.965,14.555,3.410,3,566,4738
1867,17.758,14.533,3.226,3,570,4708
1868,17.649,14.227,3.423,3,570,4692
1869,18.058,14.741,3.317,3,570,4692
1870,18.885,15.345,3.540,3,570,4688
1871,18.261,14.756,3.505,3,570,4688
1872,18.366,14.867,3.499,3,570,4692
1873,17.789,14.516,3.273,3,570,4676
1874,17.535,14.112,3.423,3,570,4676
1875,17.306,14.044,3.262,3,570,4676
1876,17.518,14.153,3.365,3,570,4676
1877,17.501,14.091,3.409,3,570,4656
1878,17.445,14.106,3.339,3,568,4636
1879,18.204,15.001,3.203,3,568,4632
1880,18.612,15.210,3.403,3,568,4636
1881,18.486,15.278,3.209,3,568,4636
1882,18.261,14.851,3.410,3,568,4636
1883,18.451,15.207,3.244,3,568,4636
1884,18.147,14.902,3.245,3,568,4636
1885,17.884,14.383,3.500,3,568,4636
1886,17.880,14.544,3.336,3,576,4764
1887,17.705,14.320,3.385,3,576,4748
1888,17.608,14.347,3.261,3,576,4748
1889,17.872,14.650,3.222,3,576,4744
1890,17.700,14.326,3.374,3,576,4744
1891,17.799,14.244,3.555,3,576,4744
1892,17.617,14.327,3.291,3,576,4744
1893,17.834,14.453,3.381,3,576,4748
1894,18.085,14.856,3.229,3,576,4744
1895,18.136,14.657,3.479,3,576,4744
1896,17.528,14.313,3.215,3,576,4748
1897,17.460,14.243,3.217,3,576,4742
1898,17.679,14.441,3.239,3,576,4726
1899,17.644,14.264,3.380,3,576,4726
1900,17.546,14.324,3.222,3,576,4726
1901,17.811,14.511,3.300,3,576,4726
1902,17.333,14.175,3.158,3,576,4726
1903,17.589,14.238,3.351,3,576,4726
1904,17.432,14.087,3.345,3,576,4726
1905,17.509,14.302,3.206,3,576,4694
1906,17.562,14.309,3.253,3,576,4694
1907,17.198,13.981,3.217,3,576,4694
1908,17.419,14.013,3.406,3,576,4678
1909,17.286,14.076,3.210,3,576,4682
1910,17.536,14.147,3.389,3,576,4678
1911,17.486,14.235,3.251,3,576,4666
1912,17.214,13.989,3.225,3,576,4670
1913,17.392,13.897,3.495,3,576,4670
1914,17.537,14.119,3.418,3,576,4670
1915,17.912,14.483,3.428,3,576,4670
1916,17.426,14.082,3.343,3,576,4670
1917,17.350,13.951,3.399,3,576,4670
1918,17.191,13.896,3.295,3,576,4670
1919,17.411,14.050,3.362,3,576,4654
1920,17.342,14.006,3.335,3,576,4654
1921,17.105,13.745,3.360,3,576,4658
1922,17.416,14.148,3.268,3,576,4658
1923,17.696,14.371,3.325,3,568,4594
1924,17.572,14.332,3.239,3,568,4594
1925,17.586,13.923,3.662,3,568,4594
1926,17.416,14.041,3.375,3,568,4594
1927,18.560,14.867,3.694,3,568,4602
1928,18.111,14.732,3.380,3,568,4602
1929,18.019,14.458,3.561,3,568,4598
1930,17.390,14.066,3.323,3,566,4566
1931,17.220,13.799,3.421,3,566,4566
1932,17.264,13.874,3.390,3,566,4568
1933,17.279,13.924,3.355,3,566,4568
1934,17.970,14.512,3.458,3,566,4564
1935,17.344,14.079,3.264,3,566,4564
1936,17.542,14.208,3.334,3,566,4568
1937,16.867,13.559,3.307,3,566,4564
1938,17.183,13.737,3.446,3,566,4564
1939,17.002,13.633,3.369,3,566,4564
1940,17.091,13.662,3.429,3,566,4548
1941,17.073,13.721,3.352,3,566,4548
1942,17.165,13.731,3.434,3,566,4516
1943,17.640,14.355,3.285,3,566,4508
1944,17.323,13.957,3.366,3,566,4508
1945,17.013,13.684,3.330,3,566,4508
1946,17.086,13.743,3.343,3,566,4508
1947,16.937,13.552,3.384,3,566,4508
1948,16.968,13.527,3.441,3,566,4508
1949,16.971,13.568,3.403,3,566,4508
1950,16.841,13.574,3.267,3,566,4508
1951,17.169,13.693,3.475,3,566,4492
1952,16.963,13.681,3.281,3,566,4492
1953,17.217,13.825,3.392,3,566,4488
1954,17.108,13.835,3.273,3,566,4488
1955,17.042,13.451,3.591,3,566,4488
1956,16.790,13.357,3.434,3,566,4488
1957,16.924,13.305,3.619,3,566,4488
1958,16.536,13.250,3.286,3,566,4492
1959,17.171,13.560,3.611,3,566,4492
1960,16.883,13.467,3.416,3,566,4454
1961,17.156,13.755,3.401,3,574,4614
1962,16.988,13.676,3.312,3,574,4598
1963,17.381,13.784,3.597,3,574,4598
1964,17.417,14.068,3.349,3,574,4598
1965,18.176,14.741,3.435,3,574,4598
1966,18.073,14.810,3.264,3,574,4598
1967,18.333,14.978,3.355,3,574,4598
1968,18.130,14.874,3.256,3,574,4594
1969,18.133,14.715,3.418,3,574,4594
1970,17.940,14.592,3.349,3,574,4594
1971,17.332,13.942,3.390,3,574,4594
1972,17.376,13.838,3.538,3,574,4578
1973,16.929,13.746,3.183,3,574,4582
1974,17.658,14.208,3.450,3,574,4584
1975,17.148,13.846,3.302,3,574,4584
1976,17.655,13.859,3.797,3,574,4584
1977,16.876,13.593,3.283,3,574,4576
1978,16.981,13.614,3.366,3,574,4554
1979,16.931,13.459,3.472,3,574,4522
1980,16.961,13.562,3.399,3,574,4522
1981,17.046,13.761,3.285,3,574,4522
1982,17.050,13.413,3.637,3,574,4526
1983,16.662,13.414,3.248,3,574,4500
1984,16.967,13.551,3.416,3,574,4500
1985,17.982,14.679,3.303,3,574,4500
1986,17.427,13.813,3.614,3,574,4490
1987,17.089,13.778,3.310,3,578,4490
1988,17.780,14.025,3.755,3,608,4658
1989,17.269,13.755,3.514,3,640,4772
1990,17.691,14.049,3.642,3,646,4772
1991,17.505,13.860,3.645,3,660,4802
1992,17.345,13.762,3.583,3,666,4796
1993,17.935,14.317,3.617,3,688,4850
1994,17.316,13.665,3.651,3,696,4872
1995,17.606,13.815,3.791,3,708,4904
1996,17.749,13.910,3.838,3,706,4852
1997,17.635,13.829,3.807,3,722,4896
1998,17.650,13.908,3.742,3,732,4904
1999,17.995,13.918,4.078,3,746,4954
2000,17.491,13.609,3.882,3,758,4990
2001,17.835,13.859,3.976,3,772,5044
2002,17.707,13.759,3.948,3,772,5032
2003,17.804,13.816,3.987,3,780,5038
2004,17.877,13.838,4.039,3,780,5020
2005,17.916,13.850,4.066,3,788,5050
2006,17.850,13.886,3.964,3,784,5024
2007,17.790,13.814,3.975,3,792,5040
2008,17.593,13.532,4.060,3,792,5022
2009,18.171,14.063,4.108,3,800,5052
2010,17.758,13.620,4.137,3,800,5022
2011,17.833,13.777,4.056,3,808,5070
2012,17.482,13.678,3.804,3,740,4906
2013,17.503,13.730,3.773,3,744,4924
2014,17.680,13.651,4.029,3,760,5026
2015,18.089,13.963,4.127,3,820,5258
2016,18.188,13.906,4.282,3,814,5244
2017,18.011,13.787,4.224,3,828,5262
2018,18.161,13.960,4.201,3,830,5250
2019,18.009,13.738,4.271,3,840,5244
2020,18.300,13.847,4.453,3,858,5344
2021,18.431,14.005,4.426,3,872,5374
2022,18.107,13.786,4.322,3,862,5310
2023,18.401,13.989,4.412,3,874,5332
2024,18.095,13.668,4.427,3,856,5238
2025,17.975,13.642,4.333,3,864,5224
2026,18.062,13.755,4.307,3,846,5162
2027,17.718,13.448,4.270,3,850,5172
2028,17.640,13.433,4.206,3,838,5134
2029,17.811,13.557,4.254,3,852,5160
2030,17.719,13.503,4.217,3,838,5118
2031,18.337,14.003,4.334,3,846,5112
2032,18.556,14.347,4.209,3,838,5236
2033,18.444,14.151,4.293,3,850,5266
2034,18.585,14.396,4.189,3,836,5216
2035,18.878,14.428,4.449,3,848,5228
2036,18.122,13.973,4.149,3,832,5186
2037,18.638,14.324,4.314,3,830,5198
2038,18.185,13.857,4.328,3,812,5152
2039,18.179,13.988,4.190,3,820,5202
2040,19.008,14.901,4.107,3,804,5150
2041,18.850,14.749,4.101,3,810,5184
2042,18.811,14.745,4.066,3,796,5148
2043,18.086,13.807,4.279,3,808,5196
2044,18.476,14.241,4.235,3,796,5146
2045,18.131,13.983,4.148,3,810,5174
2046,17.829,13.719,4.110,3,780,5088
2047,17.900,13.887,4.013,3,792,5162
2048,18.140,13.989,4.151,3,780,5130
2049,18.690,14.627,4.063,3,794,5162
2050,18.532,14.492,4.040,3,784,5148
2051,18.553,14.490,4.064,3,778,5082
2052,19.268,15.222,4.046,3,762,5054
2053,18.907,14.779,4.128,3,794,5158
2054,19.454,15.270,4.184,3,784,5122
2055,18.914,14.762,4.152,3,796,5134
2056,18.076,14.110,3.966,3,780,5078
2057,17.947,13.783,4.164,3,786,5054
2058,17.934,13.965,3.969,3,772,5008
2059,17.721,13.749,3.972,3,784,5030
2060,18.182,14.130,4.052,3,768,4966
2061,17.880,13.821,4.059,3,782,5012
2062,17.831,13.905,3.925,3,766,4968
2063,17.755,13.696,4.059,3,778,5014
2064,17.830,13.865,3.965,3,770,4980
2065,17.714,13.682,4.032,3,784,5006
2066,17.893,13.653,4.240,3,770,4982
2067,18.117,13.977,4.140,3,782,5020
2068,18.174,14.027,4.146,3,766,5028
2069,17.741,13.622,4.118,3,780,5074
2070,17.662,13.667,3.994,3,766,5038
2071,17.687,13.604,4.083,3,778,5058
2072,17.682,13.635,4.048,3,766,5028
2073,17.907,13.646,4.261,3,780,5066
2074,17.786,13.822,3.964,3,766,5020
2075,18.192,14.151,4.041,3,778,5052
2076,17.752,13.780,3.972,3,770,5030
2077,17.964,13.511,4.452,3,784,5054
2078,18.706,14.625,4.081,3,774,5022
2079,17.769,13.810,3.960,3,786,5010
2080,18.202,14.083,4.119,3,770,4968
2081,18.419,14.085,4.333,3,784,5022
2082,17.688,13.639,4.049,3,744,4880
2083,17.446,13.539,3.907,3,756,4914
2084,17.759,13.598,4.161,3,748,4904
2085,17.462,13.574,3.888,3,762,4946
2086,17.672,13.699,3.973,3,744,4900
2087,17.715,13.838,3.876,3,756,4928
2088,17.721,13.752,3.969,3,748,4902
2089,17.663,13.675,3.988,3,762,4984
2090,17.864,13.907,3.956,3,748,4952
2091,17.613,13.629,3.983,3,752,4926
2092,17.746,13.897,3.850,3,736,4878
2093,17.829,13.775,4.054,3,750,4916
2094,17.751,13.865,3.887,3,744,4886
2095,17.762,13.725,4.037,3,756,4908
2096,18.566,14.653,3.913,3,744,4878
2097,17.923,13.927,3.996,3,758,4926
2098,17.592,13.765,3.827,3,736,4868
2099,17.670,13.721,3.949,3,748,4908
2100,17.641,13.549,4.092,3,744,4830
2101,18.043,13.717,4.326,3,758,4862
2102,17.662,13.806,3.856,3,744,4832
2103,18.254,14.207,4.046,3,756,4880
2104,17.917,13.928,3.990,3,740,4838
2105,17.571,13.684,3.886,3,754,4884
2106,17.652,13.524,4.128,3,736,4844
2107,17.642,13.546,4.096,3,748,4870
2108,17.360,13.443,3.917,3,744,4854
2109,17.582,13.685,3.898,3,758,4896
2110,17.310,13.362,3.948,3,736,4846
2111,17.688,13.788,3.900,3,748,4936
2112,18.183,14.076,4.107,3,744,4916
2113,17.843,13.736,4.107,3,758,4954
2114,17.067,13.250,3.818,3,734,4798
2115,17.018,13.245,3.774,3,730,4770
2116,17.325,13.542,3.783,3,716,4736
2117,17.502,13.605,3.897,3,744,4824
2118,17.604,13.599,4.004,3,738,4794
2119,17.869,14.035,3.834,3,748,4830
2120,17.886,14.110,3.776,3,732,4772
2121,17.764,13.906,3.858,3,740,4822
2122,17.587,13.829,3.758,3,736,4786
2123,18.752,14.653,4.099,3,744,4800
2124,17.736,13.928,3.808,3,736,4756
2125,17.715,13.924,3.792,3,750,4788
2126,17.906,13.751,4.155,3,740,4740
2127,18.148,14.334,3.814,3,752,4778
2128,17.978,14.203,3.775,3,738,4732
2129,17.890,14.104,3.787,3,750,4766
2130,17.947,14.192,3.755,3,732,4722
2131,18.232,14.256,3.976,3,744,4752
2132,18.010,14.000,4.010,3,742,4766
2133,18.407,14.490,3.917,3,754,4814
2134,18.943,15.043,3.900,3,740,4764
2135,19.243,15.415,3.828,3,752,4762
2136,19.010,14.812,4.198,3,746,4684
2137,19.266,15.300,3.966,3,758,4724
2138,19.102,15.127,3.975,3,740,4694
2139,18.250,14.342,3.909,3,752,4732
2140,18.139,14.220,3.919,3,742,4718
2141,18.062,14.185,3.877,3,754,4784
2142,17.879,13.938,3.941,3,748,4778
2143,17.815,13.945,3.869,3,762,4816
2144,17.569,13.554,4.015,3,744,4788
2145,17.596,13.694,3.902,3,756,4826
2146,17.281,13.486,3.795,3,746,4862
2147,17.308,13.317,3.991,3,760,4896
2148,17.917,14.016,3.901,3,764,4908
2149,17.776,13.630,4.145,3,776,4942
2150,17.268,13.260,4.008,3,762,4902
2151,17.830,13.817,4.013,3,774,4934
2152,17.994,14.039,3.955,3,786,4990
2153,18.442,14.268,4.174,3,798,5030
2154,17.688,13.703,3.985,3,788,5016
2155,17.756,13.750,4.006,3,800,5046
2156,17.872,13.825,4.047,3,786,4996
2157,18.140,13.996,4.144,3,798,4982
2158,17.799,13.871,3.928,3,784,4946
2159,18.168,14.001,4.167,3,796,4984
2160,17.804,13.522,4.282,3,786,4966
2161,17.692,13.541,4.151,3,798,5004
2162,17.627,13.395,4.232,3,784,4954
2163,18.014,13.571,4.443,3,796,4994
2164,18.067,13.766,4.301,3,806,5064
2165,18.062,13.763,4.299,3,818,5098
2166,17.934,13.608,4.325,3,796,5052
2167,17.592,13.474,4.118,3,810,5082
2168,18.262,14.060,4.202,3,804,5128
2169,17.905,13.752,4.154,3,816,5166
2170,18.481,13.783,4.698,3,806,5130
2171,17.828,13.626,4.201,3,818,5160
2172,17.881,13.660,4.221,3,804,5142
2173,17.773,13.634,4.140,3,816,5174
2174,17.875,13.628,4.248,3,802,5130
2175,17.748,13.576,4.173,3,814,5152
2176,18.094,13.765,4.329,3,800,5122
2177,18.031,13.560,4.470,3,812,5158
2178,18.103,13.764,4.339,3,804,5078
2179,18.477,14.069,4.408,3,798,5038
2180,18.048,13.799,4.250,3,824,5154
2181,18.755,14.416,4.339,3,862,5354
2182,18.826,14.477,4.349,3,844,5334
2183,18.750,14.387,4.362,3,862,5380
2184,18.543,14.118,4.425,3,852,5360
2185,18.814,14.333,4.482,3,866,5400
2186,18.751,14.211,4.540,3,856,5364
2187,18.693,14.400,4.293,3,872,5416
2188,18.881,14.235,4.645,3,858,5380
2189,18.870,14.530,4.340,3,870,5468
2190,18.657,14.213,4.444,3,860,5444
2191,18.692,14.396,4.297,3,870,5472
2192,18.560,14.282,4.278,3,864,5456
2193,18.733,14.241,4.492,3,872,5452
2194,18.516,14.193,4.323,3,866,5448
2195,19.100,14.553,4.547,3,874,5466
2196,18.740,14.423,4.317,3,874,5492
2197,18.865,14.487,4.378,3,884,5538
2198,18.887,14.544,4.343,3,884,5526
2199,19.179,14.771,4.408,3,900,5578
2200,18.896,14.340,4.556,3,888,5548
2201,19.036,14.562,4.474,3,904,5602
2202,18.791,14.371,4.420,3,894,5570
2203,19.587,14.735,4.852,3,906,5596
2204,19.238,14.628,4.610,3,892,5536
2205,19.091,14.592,4.499,3,902,5576
2206,19.604,15.036,4.568,3,904,5568
2207,18.979,14.515,4.464,3,914,5620
2208,19.517,14.748,4.768,3,908,5602
2209,19.251,14.544,4.707,3,916,5640
2210,19.493,14.524,4.969,3,914,5592
2211,19.027,14.427,4.600,3,926,5636
2212,19.252,14.568,4.684,3,914,5574
2213,19.064,14.439,4.624,3,930,5630
2214,19.372,14.418,4.954,3,912,5572
2215,19.695,15.043,4.652,3,932,5622
2216,20.000,15.492,4.508,3,918,5578
2217,19.778,14.994,4.784,3,934,5602
2218,19.488,14.906,4.582,3,928,5566
2219,19.970,15.301,4.669,3,940,5586
2220,19.919,15.334,4.584,3,922,5564
2221,19.865,15.101,4.764,3,932,5606
2222,19.712,15.052,4.660,3,926,5584
2223,19.094,14.444,4.650,3,954,5590
2224,19.259,14.568,4.691,3,946,5556
2225,19.590,14.918,4.672,3,954,5564
2226,18.898,14.290,4.609,3,938,5522
2227,18.972,14.275,4.697,3,952,5634
2228,19.845,15.025,4.820,3,960,5730
2229,19.483,14.743,4.740,3,974,5768
2230,19.220,14.504,4.716,3,964,5754
2231,19.813,14.768,5.046,3,974,5788
2232,19.301,14.518,4.783,3,964,5754
2233,19.429,14.652,4.777,3,976,5800
2234,19.316,14.569,4.747,3,964,5848
2235,19.628,14.822,4.806,3,980,5886
2236,19.515,14.633,4.882,3,976,5884
2237,19.686,14.811,4.875,3,996,5948
2238,19.422,14.530,4.893,3,992,5930
2239,19.572,14.733,4.838,3,984,5876
2240,19.464,14.667,4.798,3,978,5882
2241,19.939,15.001,4.938,3,1006,5992
2242,20.950,15.805,5.145,3,1000,5976
2243,21.437,16.107,5.331,3,1006,5980
2244,20.403,15.165,5.237,3,1028,6046
2245,20.447,15.291,5.155,3,1060,6166
2246,20.296,15.217,5.078,3,1048,6052
2247,20.154,14.978,5.176,3,1054,6040
2248,20.556,15.521,5.035,3,1036,5970
2249,20.991,15.863,5.128,3,1046,6040
2250,20.148,14.968,5.179,3,1040,6048
2251,20.768,15.302,5.467,3,1056,6134
2252,21.304,16.176,5.127,3,1046,6136
2253,20.574,15.419,5.155,3,1058,6202
2254,20.582,15.357,5.225,3,1068,6224
2255,20.818,15.539,5.278,3,1078,6270
2256,20.501,15.229,5.271,3,1078,6240
2257,20.602,15.304,5.298,3,1092,6340
2258,21.649,16.179,5.470,3,1078,6314
2259,20.750,15.534,5.216,3,1086,6364
2260,20.637,15.370,5.267,3,1088,6408
2261,20.951,15.629,5.322,3,1100,6522
2262,20.708,15.435,5.273,3,1082,6452
2263,20.396,15.137,5.259,3,1092,6498
2264,20.782,15.418,5.363,3,1090,6454
2265,21.060,15.845,5.215,3,1100,6494
2266,20.318,15.091,5.226,3,1088,6414
2267,20.727,15.112,5.614,3,1092,6384
2268,20.713,15.248,5.465,3,1084,6318
2269,20.914,15.649,5.266,3,1084,6256
2270,21.025,15.453,5.573,3,1074,6224
2271,21.265,15.906,5.359,3,1086,6266
2272,20.692,15.072,5.620,3,1072,6238
2273,20.441,15.011,5.431,3,1058,6172
2274,20.386,15.170,5.216,3,1048,6132
2275,20.319,14.933,5.386,3,1054,6128
2276,20.666,15.246,5.420,3,1058,6060
2277,20.541,15.422,5.119,3,1066,6042
2278,20.530,15.253,5.276,3,1058,6018
2279,20.258,15.036,5.222,3,1068,6044
2280,20.418,14.886,5.533,3,1062,6040
2281,21.051,15.482,5.569,3,1082,6098
2282,20.262,15.101,5.162,3,1064,6126
2283,20.449,15.082,5.367,3,1076,6172
2284,20.491,14.980,5.511,3,1068,6132
2285,20.591,14.933,5.658,3,1084,6186
2286,20.363,15.026,5.338,3,1068,6154
2287,20.614,15.239,5.375,3,1076,6152
2288,20.659,15.401,5.258,3,1072,6150
2289,20.569,14.974,5.595,3,1074,6134
2290,21.331,16.152,5.180,3,1064,6082
2291,21.482,16.092,5.390,3,1078,6166
2292,20.743,15.248,5.495,3,1080,6208
2293,21.467,16.071,5.396,3,1094,6278
2294,20.862,15.434,5.428,3,1084,6230
2295,20.865,15.481,5.384,3,1098,6250
2296,20.509,15.076,5.433,3,1098,6238
2297,20.614,15.062,5.552,3,1112,6270
2298,20.499,15.133,5.366,3,1114,6266
2299,21.014,15.163,5.851,3,1120,6328
2300,20.859,15.085,5.773,3,1108,6260
2301,21.020,15.593,5.427,3,1122,6322
2302,21.192,15.303,5.889,3,1104,6278
2303,21.244,15.381,5.862,3,1110,6264
2304,21.568,15.973,5.595,3,1110,6214
2305,20.940,15.431,5.509,3,1112,6216
2306,21.131,15.730,5.401,3,1106,6218
2307,22.240,16.855,5.385,3,1100,6206
2308,20.976,15.328,5.648,3,1082,6146
2309,20.733,15.363,5.371,3,1110,6278
2310,20.426,15.122,5.304,3,1110,6276
2311,20.478,15.138,5.340,3,1124,6212
2312,20.943,15.417,5.526,3,1122,6224
2313,20.794,15.270,5.524,3,1132,6228
2314,20.931,15.551,5.380,3,1116,6238
2315,20.639,15.013,5.626,3,1122,6190
2316,20.469,15.010,5.459,3,1106,6166
2317,20.431,14.948,5.483,3,1114,6188
2318,20.286,14.774,5.512,3,1102,6160
2319,20.508,15.174,5.335,3,1108,6158
2320,20.558,15.185,5.373,3,1106,6178
2321,20.588,15.149,5.439,3,1090,6200
2322,20.479,15.055,5.425,3,1080,6210
2323,20.354,14.950,5.403,3,1104,6258
2324,20.335,14.939,5.396,3,1112,6306
2325,21.198,15.623,5.575,3,1130,6370
2326,21.054,15.511,5.543,3,1140,6386
2327,21.364,15.572,5.792,3,1186,6516
2328,21.183,15.319,5.864,3,1164,6458
2329,21.951,15.739,6.212,3,1184,6518
2330,21.582,15.929,5.654,3,1186,6558
2331,22.067,16.395,5.672,3,1196,6612
2332,21.533,15.829,5.704,3,1184,6590
2333,21.655,16.029,5.626,3,1184,6580
2334,21.584,15.828,5.756,3,1186,6576
2335,21.826,15.912,5.914,3,1196,6504
2336,22.032,16.172,5.860,3,1182,6468
2337,21.474,15.581,5.893,3,1184,6486
2338,21.422,15.654,5.768,3,1178,6430
2339,21.638,15.845,5.793,3,1180,6464
2340,21.301,15.692,5.609,3,1172,6432
2341,21.345,15.641,5.704,3,1182,6498
2342,21.309,15.693,5.616,3,1164,6490
2343,21.223,15.641,5.582,3,1172,6510
2344,21.960,16.210,5.750,3,1174,6558
2345,21.291,15.607,5.684,3,1180,6564
2346,21.319,15.673,5.646,3,1166,6524
2347,21.738,16.002,5.736,3,1176,6590
2348,21.201,15.729,5.472,3,1136,6446
2349,21.256,15.607,5.649,3,1158,6514
2350,21.349,15.782,5.567,3,1158,6594
2351,22.163,15.907,6.255,3,1172,6668
2352,21.495,15.644,5.852,3,1166,6654
2353,22.915,16.908,6.007,3,1168,6548
2354,22.026,16.221,5.805,3,1160,6542
2355,21.328,15.682,5.646,3,1174,6546
2356,21.930,15.888,6.042,3,1174,6524
2357,21.756,15.762,5.994,3,1180,6492
2358,21.196,15.575,5.622,3,1170,6434
2359,21.425,15.555,5.870,3,1204,6536
2360,21.655,15.477,6.178,3,1206,6548
2361,22.734,16.677,6.056,3,1226,6614
2362,22.618,16.711,5.907,3,1212,6606
2363,21.630,15.579,6.051,3,1224,6590
2364,22.850,16.829,6.021,3,1222,6564
2365,24.278,16.642,7.636,3,1226,6534
2366,22.759,16.585,6.174,3,1222,6510
2367,21.625,15.695,5.930,3,1230,6566
2368,21.387,15.288,6.099,3,1228,6586
2369,21.873,15.630,6.243,3,1246,6650
2370,21.764,15.719,6.045,3,1244,6722
2371,22.634,16.513,6.121,3,1238,6700
2372,22.296,16.052,6.244,3,1246,6768
2373,22.030,15.838,6.192,3,1274,6832
2374,22.387,16.310,6.076,3,1272,6844
2375,22.423,16.358,6.065,3,1282,6880
2376,22.242,16.198,6.043,3,1262,6850
2377,22.273,15.980,6.294,3,1270,6870
2378,22.357,16.212,6.145,3,1258,6982
2379,22.387,16.358,6.030,3,1266,7004
2380,22.303,16.278,6.025,3,1264,7042
2381,22.471,16.280,6.191,3,1268,7034
2382,22.756,16.677,6.080,3,1270,7048
2383,22.444,16.135,6.309,3,1270,6964
2384,21.909,15.970,5.939,3,1258,6892
2385,22.087,16.123,5.964,3,1264,6906
2386,22.066,16.021,6.045,3,1252,6888
2387,22.007,15.977,6.030,3,1260,6938
2388,22.193,16.182,6.011,3,1254,6906
2389,22.332,16.316,6.016,3,1264,6934
2390,21.887,15.959,5.928,3,1250,6892
2391,22.186,16.203,5.983,3,1260,6822
2392,22.111,16.098,6.014,3,1260,6802
2393,22.145,16.084,6.061,3,1276,6850
2394,22.903,16.976,5.927,3,1256,6836
2395,22.516,16.181,6.335,3,1268,6902
2396,22.348,16.333,6.015,3,1262,6876
2397,23.424,17.335,6.090,3,1274,6918
2398,22.788,16.640,6.148,3,1270,6922
2399,22.311,16.263,6.048,3,1268,6860
2400,21.702,15.752,5.950,3,1240,6772
2401,22.039,15.864,6.175,3,1248,6770
2402,21.988,15.848,6.140,3,1298,6954
2403,21.722,15.689,6.033,3,1294,6986
2404,22.095,15.960,6.135,3,1302,7016
2405,21.904,15.637,6.267,3,1312,6980
2406,21.607,15.460,6.148,3,1314,6962
2407,21.962,15.780,6.181,3,1334,7036
2408,21.792,15.673,6.119,3,1322,7032
2409,21.832,15.597,6.235,3,1332,7034
2410,21.831,15.716,6.115,3,1312,6936
2411,22.068,15.922,6.146,3,1318,6956
2412,21.932,15.833,6.099,3,1302,6968
2413,22.273,16.048,6.225,3,1308,7040
2414,21.689,15.621,6.068,3,1288,6864
2415,21.876,15.835,6.041,3,1290,6820
2416,23.192,17.189,6.003,3,1284,6770
2417,23.794,17.437,6.357,3,1264,6746
2418,22.384,16.309,6.074,3,1256,6776
2419,22.954,16.822,6.133,3,1274,6822
2420,22.393,16.244,6.149,3,1278,6872
2421,22.543,16.294,6.249,3,1300,6970
2422,22.384,16.232,6.152,3,1296,6954
2423,22.915,16.433,6.482,3,1310,7038
2424,22.529,16.405,6.124,3,1290,6956
2425,22.604,16.384,6.220,3,1288,6946
2426,22.038,15.994,6.044,3,1272,6824
2427,22.019,15.943,6.076,3,1282,6834
2428,22.023,16.033,5.990,3,1256,6786
2429,23.277,17.258,6.019,3,1266,6818
2430,23.086,16.984,6.102,3,1252,6772
2431,23.346,17.011,6.335,3,1270,6826
2432,22.873,16.902,5.972,3,1262,6812
2433,22.968,16.983,5.984,3,1268,6848
2434,21.772,15.771,6.001,3,1272,6876
2435,22.251,16.197,6.054,3,1268,6798
2436,22.188,16.058,6.130,3,1258,6796
2437,21.921,15.813,6.108,3,1302,6954
2438,22.028,15.972,6.056,3,1288,6930
2439,22.307,16.291,6.016,3,1292,6940
2440,22.004,16.071,5.933,3,1266,6834
2441,23.293,17.283,6.010,3,1280,6876
2442,22.587,16.680,5.907,3,1246,6836
2443,21.830,15.840,5.990,3,1254,6834
2444,21.917,16.010,5.907,3,1254,6826
2445,22.184,15.960,6.224,3,1266,6800
2446,21.912,15.586,6.326,3,1258,6786
2447,21.915,15.946,5.969,3,1258,6732
2448,21.813,15.713,6.101,3,1248,6662
2449,21.811,15.890,5.921,3,1254,6704
2450,21.723,15.803,5.921,3,1240,6658
2451,21.350,15.390,5.960,3,1252,6686
2452,21.338,15.350,5.988,3,1236,6612
2453,21.122,15.258,5.863,3,1240,6594
2454,21.194,15.421,5.773,3,1226,6546
2455,21.253,15.390,5.864,3,1236,6626
2456,21.352,15.551,5.802,3,1222,6598
2457,21.962,16.106,5.856,3,1230,6620
2458,21.538,15.712,5.827,3,1206,6538
2459,21.520,15.480,6.040,3,1216,6564
2460,21.242,15.470,5.772,3,1212,6566
2461,21.353,15.566,5.787,3,1214,6584
2462,21.144,15.462,5.682,3,1202,6540
2463,21.598,15.897,5.701,3,1210,6588
2464,21.189,15.332,5.857,3,1194,6536
2465,21.154,15.407,5.747,3,1198,6580
2466,21.005,15.442,5.563,3,1188,6528
2467,20.997,15.407,5.590,3,1196,6498
2468,21.464,15.658,5.806,3,1192,6428
2469,20.982,15.293,5.689,3,1196,6426
2470,20.853,15.149,5.704,3,1184,6372
2471,21.412,15.724,5.688,3,1192,6422
2472,20.662,15.073,5.589,3,1188,6382
2473,20.842,15.141,5.701,3,1162,6280
2474,20.639,15.010,5.629,3,1152,6258
2475,20.818,15.123,5.696,3,1182,6354
2476,20.634,15.100,5.534,3,1180,6330
2477,20.377,14.787,5.590,3,1184,6356
2478,20.782,14.953,5.829,3,1178,6316
2479,20.488,14.816,5.673,3,1180,6378
2480,20.416,14.866,5.550,3,1164,6344
2481,20.576,15.065,5.511,3,1176,6368
2482,20.455,14.897,5.558,3,1170,6352
2483,20.804,15.232,5.572,3,1190,6402
2484,20.736,15.149,5.587,3,1178,6390
2485,20.534,14.883,5.651,3,1190,6414
2486,21.191,15.258,5.933,3,1176,6334
2487,20.702,15.050,5.653,3,1186,6362
2488,21.034,15.466,5.568,3,1170,6332
2489,21.497,15.771,5.726,3,1172,6338
2490,21.840,15.860,5.980,3,1172,6342
2491,20.594,14.913,5.681,3,1172,6296
2492,20.764,15.127,5.637,3,1176,6300
2493,20.660,14.993,5.667,3,1182,6308
2494,20.417,14.763,5.654,3,1174,6240
2495,20.390,14.864,5.526,3,1148,6222
2496,20.493,14.963,5.530,3,1142,6220
2497,20.277,14.667,5.610,3,1162,6300
2498,20.360,14.797,5.562,3,1160,6336
2499,21.625,15.996,5.629,3,1156,6300
2500,21.398,15.740,5.659,3,1162,6304
2501,21.896,15.934,5.962,3,1198,6442
2502,22.073,16.008,6.066,3,1200,6444
2503,21.945,16.180,5.765,3,1208,6482
2504,21.176,15.070,6.106,3,1206,6468
2505,20.883,14.970,5.912,3,1216,6504
2506,20.765,15.037,5.728,3,1210,6484
2507,21.029,14.996,6.033,3,1222,6534
2508,21.551,15.739,5.813,3,1220,6602
2509,21.712,15.880,5.832,3,1230,6672
2510,20.860,15.093,5.767,3,1228,6644
2511,21.121,15.317,5.804,3,1242,6670
2512,21.548,15.724,5.824,3,1220,6572
2513,21.372,15.302,6.070,3,1232,6544
2514,21.178,15.386,5.792,3,1222,6512
2515,20.775,14.928,5.846,3,1236,6532
2516,21.168,15.239,5.929,3,1248,6532
2517,21.189,15.356,5.833,3,1258,6556
2518,20.987,15.131,5.856,3,1258,6556
2519,21.354,15.427,5.927,3,1256,6526
2520,20.984,15.057,5.927,3,1258,6508
2521,21.035,15.080,5.955,3,1268,6506
2522,21.105,15.255,5.850,3,1246,6464
2523,21.209,15.145,6.064,3,1258,6492
2524,20.730,14.860,5.870,3,1258,6478
2525,21.011,15.048,5.963,3,1292,6628
2526,21.007,15.107,5.899,3,1264,6596
2527,21.069,15.032,6.037,3,1282,6666
2528,20.941,14.962,5.979,3,1280,6590
2529,20.957,14.758,6.199,3,1308,6626
2530,21.222,15.198,6.025,3,1294,6702
2531,21.164,15.066,6.098,3,1318,6812
2532,21.546,15.365,6.182,3,1322,6802
2533,21.810,15.541,6.268,3,1330,6834
2534,21.773,15.513,6.261,3,1326,6822
2535,21.724,15.476,6.248,3,1304,6792
2536,22.209,15.942,6.267,3,1312,6838
2537,23.150,16.662,6.488,3,1328,6982
2538,22.385,16.129,6.255,3,1322,6974
2539,22.293,16.089,6.204,3,1276,6854
2540,22.470,16.282,6.187,3,1270,6796
2541,22.160,16.072,6.088,3,1292,6810
2542,22.389,16.206,6.182,3,1300,6856
2543,22.469,16.334,6.135,3,1306,6894
2544,22.464,16.325,6.138,3,1302,6870
2545,22.561,16.319,6.242,3,1310,6898
2546,22.728,16.412,6.316,3,1314,6916
2547,22.529,16.351,6.178,3,1318,6940
2548,22.213,16.167,6.046,3,1284,6906
2549,22.744,16.521,6.223,3,1296,6978
2550,22.582,16.400,6.181,3,1300,7030
2551,23.253,17.115,6.138,3,1304,7068
2552,22.962,16.731,6.231,3,1310,7138
2553,23.404,17.127,6.277,3,1320,7202
2554,23.165,16.943,6.222,3,1320,7168
2555,23.892,17.241,6.651,3,1330,7220
2556,22.849,16.696,6.154,3,1288,7062
2557,23.406,16.952,6.454,3,1298,7142
2558,23.339,17.110,6.229,3,1300,7150
2559,23.491,17.197,6.294,3,1304,7160
2560,23.264,16.998,6.266,3,1300,7184
2561,23.272,16.977,6.294,3,1318,7262
2562,23.032,16.784,6.249,3,1294,7222
2563,23.274,17.059,6.214,3,1292,7188
2564,23.832,17.550,6.282,3,1280,7150
2565,23.572,17.159,6.413,3,1320,7300
2566,23.580,17.390,6.190,3,1318,7280
2567,24.047,17.749,6.298,3,1326,7358
2568,24.345,17.977,6.368,3,1328,7376
2569,25.234,18.868,6.366,3,1342,7434
2570,24.603,18.326,6.277,3,1324,7440
2571,24.826,18.497,6.329,3,1338,7542
2572,24.461,18.149,6.312,3,1334,7552
2573,23.929,17.312,6.617,3,1340,7550
2574,23.676,17.360,6.316,3,1324,7420
2575,23.474,17.250,6.224,3,1324,7406
2576,23.723,17.563,6.160,3,1300,7308
2577,23.938,17.721,6.217,3,1312,7378
2578,23.779,17.545,6.233,3,1298,7298
2579,23.588,17.382,6.206,3,1310,7306
2580,24.654,18.204,6.450,3,1298,7320
2581,24.870,18.596,6.274,3,1302,7326
2582,23.514,17.308,6.206,3,1300,7294
2583,22.940,16.691,6.248,3,1306,7334
2584,23.182,16.711,6.470,3,1284,7260
2585,22.913,16.656,6.256,3,1290,7282
2586,23.024,16.866,6.158,3,1286,7244
2587,22.760,16.548,6.212,3,1300,7210
2588,22.895,16.779,6.116,3,1278,7120
2589,22.501,16.428,6.073,3,1282,7126
2590,22.265,16.240,6.025,3,1266,7010
2591,22.160,16.127,6.033,3,1282,7046
2592,22.350,16.357,5.993,3,1272,7016
2593,22.237,16.184,6.053,3,1274,6956
2594,22.787,16.658,6.129,3,1254,6868
2595,22.320,16.159,6.161,3,1270,6836
2596,22.479,16.296,6.182,3,1282,6878
2597,22.530,16.014,6.516,3,1272,6802
2598,21.976,15.937,6.038,3,1254,6724
2599,21.974,15.797,6.177,3,1270,6706
2600,21.682,15.539,6.144,3,1268,6676
2601,21.874,15.743,6.131,3,1286,6696
2602,21.762,15.658,6.104,3,1270,6752
2603,22.278,15.861,6.418,3,1280,6786
2604,21.648,15.686,5.962,3,1266,6722
2605,21.841,15.614,6.227,3,1278,6758
2606,22.127,15.714,6.414,3,1256,6702
2607,21.757,15.659,6.098,3,1266,6740
2608,22.092,16.134,5.959,3,1246,6688
2609,21.614,15.544,6.070,3,1258,6694
2610,21.712,15.785,5.927,3,1242,6630
2611,21.700,15.425,6.275,3,1250,6632
2612,21.691,15.599,6.092,3,1252,6688
2613,21.721,15.660,6.061,3,1264,6726
2614,22.041,16.012,6.029,3,1250,6690
2615,21.782,15.655,6.127,3,1260,6726
2616,21.702,15.629,6.074,3,1240,6666
2617,21.633,15.616,6.017,3,1240,6606
2618,21.553,15.607,5.946,3,1234,6604
2619,21.146,15.222,5.924,3,1240,6610
2620,21.491,15.510,5.981,3,1214,6550
2621,21.704,15.757,5.947,3,1260,6702
2622,21.558,15.710,5.848,3,1244,6670
2623,21.492,15.492,6.000,3,1266,6682
2624,21.288,15.383,5.905,3,1236,6566
2625,23.672,17.687,5.986,3,1254,6580
2626,22.241,16.333,5.908,3,1236,6546
2627,22.244,16.313,5.931,3,1220,6492
2628,21.416,15.438,5.978,3,1228,6460
2629,21.626,15.607,6.019,3,1276,6576
2630,21.330,15.361,5.969,3,1268,6562
2631,21.484,15.265,6.219,3,1276,6538
2632,21.182,15.080,6.101,3,1268,6526
2633,21.267,15.244,6.024,3,1276,6528
2634,21.106,15.250,5.856,3,1248,6496
2635,24.917,16.531,8.386,3,1258,6524
2636,22.523,16.632,5.891,3,1248,6538
2637,21.802,15.734,6.068,3,1254,6530
2638,22.223,16.350,5.874,3,1232,6496
2639,22.172,16.169,6.003,3,1244,6624
2640,21.879,15.767,6.112,3,1234,6588
2641,21.939,15.977,5.963,3,1254,6690
2642,21.372,15.419,5.953,3,1240,6670
2643,22.358,16.265,6.094,3,1254,6640
2644,38.038,15.589,22.449,3,1254,6686
2645,21.741,15.646,6.095,3,1266,6724
2646,21.457,15.416,6.042,3,1262,6780
2647,21.800,15.601,6.200,3,1268,6790
2648,21.814,15.761,6.053,3,1254,6798
2649,21.751,15.716,6.035,3,1268,6716
2650,21.593,15.490,6.103,3,1254,6690
2651,21.486,15.422,6.064,3,1240,6632
2652,21.676,15.790,5.886,3,1228,6648
2653,22.151,16.090,6.061,3,1234,6652
2654,21.925,15.838,6.087,3,1240,6634
2655,21.584,15.546,6.039,3,1254,6628
2656,21.663,15.645,6.018,3,1248,6600
2657,21.951,15.734,6.217,3,1264,6702
2658,21.537,15.492,6.045,3,1268,6706
2659,21.468,15.388,6.080,3,1234,6620
2660,21.671,15.576,6.095,3,1230,6718
2661,21.578,15.426,6.152,3,1250,6780
2662,21.979,15.552,6.427,3,1256,6772
2663,21.760,15.519,6.241,3,1268,6800
2664,21.646,15.588,6.058,3,1262,6810
2665,21.808,15.505,6.302,3,1284,6850
2666,22.246,15.895,6.351,3,1284,6816
2667,21.831,15.679,6.152,3,1294,6824
2668,21.907,15.539,6.369,3,1292,6822
2669,23.222,16.764,6.458,3,1312,6844
2670,22.593,16.509,6.084,3,1278,6730
2671,22.099,15.727,6.372,3,1292,6704
2672,22.779,16.505,6.274,3,1296,6710
2673,22.170,15.851,6.319,3,1318,6856
2674,22.100,15.713,6.387,3,1308,6854
2675,22.192,15.593,6.600,3,1316,6842
2676,22.244,15.934,6.310,3,1336,6926
2677,22.574,16.089,6.485,3,1314,6836
2678,22.310,15.781,6.529,3,1306,6860
2679,22.133,15.859,6.273,3,1318,6968
2680,22.327,15.894,6.433,3,1306,6944
2681,22.350,15.874,6.476,3,1332,7072
2682,22.359,16.085,6.273,3,1328,7092
2683,22.864,16.332,6.533,3,1342,7152
2684,22.375,15.916,6.459,3,1338,7134
2685,24.419,17.848,6.571,3,1348,7132
2686,23.224,16.436,6.788,3,1342,7110
2687,23.025,16.147,6.878,3,1334,7080
2688,22.977,16.449,6.527,3,1330,7114
2689,22.851,16.083,6.768,3,1324,7080
2690,22.563,16.074,6.489,3,1330,7112
2691,23.112,16.180,6.931,3,1320,7074
2692,22.796,16.306,6.491,3,1312,7074
2693,22.997,16.392,6.605,3,1356,7222
2694,22.892,16.358,6.533,3,1348,7206
2695,22.877,16.370,6.507,3,1352,7178
2696,23.155,16.618,6.537,3,1338,7160
2697,23.015,16.237,6.778,3,1350,7226
2698,22.960,16.427,6.532,3,1338,7218
2699,23.078,16.598,6.480,3,1350,7208
2700,22.886,16.450,6.437,3,1350,7216
2701,23.197,16.392,6.805,3,1364,7244
2702,24.811,18.103,6.708,3,1352,7184
2703,23.833,17.204,6.629,3,1362,7180
2704,23.971,17.456,6.515,3,1360,7206
2705,23.338,16.881,6.457,3,1362,7194
2706,23.991,17.586,6.405,3,1350,7210
2707,23.756,17.020,6.736,3,1358,7216
2708,23.238,16.536,6.702,3,1362,7256
2709,23.197,16.621,6.576,3,1376,7284
2710,23.135,16.636,6.499,3,1368,7248
2711,23.080,16.473,6.606,3,1380,7266
2712,23.163,16.518,6.644,3,1372,7272
2713,23.518,16.366,7.152,3,1384,7208
2714,24.018,17.383,6.635,3,1384,7178
2715,23.159,16.585,6.574,3,1384,7278
2716,23.235,16.794,6.441,3,1366,7280
2717,23.100,16.654,6.446,3,1374,7412
2718,22.811,16.367,6.444,3,1376,7416
2719,23.520,16.866,6.654,3,1398,7422
2720,23.529,16.782,6.747,3,1398,7422
2721,23.166,16.523,6.643,3,1408,7452
2722,23.115,16.605,6.511,3,1392,7382
2723,23.032,16.451,6.581,3,1402,7384
2724,23.472,16.775,6.697,3,1398,7378
2725,23.280,16.712,6.569,3,1402,7376
2726,22.813,16.241,6.573,3,1394,7346
2727,22.877,16.296,6.581,3,1404,7408
2728,23.667,17.147,6.519,3,1390,7378
2729,23.208,16.340,6.867,3,1384,7372
2730,23.530,16.500,7.030,3,1392,7332
2731,23.383,16.720,6.663,3,1396,7328
2732,23.067,16.585,6.482,3,1378,7326
2733,23.088,16.237,6.851,3,1398,7364
2734,23.446,16.721,6.725,3,1392,7336
2735,23.396,16.677,6.719,3,1404,7368
2736,22.943,16.333,6.609,3,1356,7230
2737,23.338,16.615,6.723,3,1366,7276
2738,23.371,16.599,6.772,3,1384,7404
2739,23.228,16.579,6.649,3,1394,7418
2740,23.673,17.012,6.662,3,1394,7376
2741,23.269,16.473,6.796,3,1398,7414
2742,23.893,16.801,7.092,3,1390,7452
2743,23.451,16.838,6.613,3,1400,7458
2744,23.107,16.587,6.520,3,1382,7430
2745,23.645,16.912,6.733,3,1386,7434
2746,23.274,16.603,6.671,3,1376,7488
2747,23.323,16.539,6.784,3,1386,7472
2748,23.140,16.607,6.533,3,1370,7394
2749,23.120,16.576,6.545,3,1380,7388
2750,23.227,16.712,6.515,3,1368,7312
2751,23.207,16.738,6.469,3,1368,7284
2752,23.067,16.573,6.494,3,1360,7308
2753,23.278,16.683,6.596,3,1368,7328
2754,22.878,16.288,6.590,3,1358,7336
2755,23.018,16.450,6.568,3,1350,7276
2756,23.975,17.474,6.501,3,1344,7176
2757,23.711,17.192,6.519,3,1382,7252
2758,23.549,16.778,6.771,3,1374,7200
2759,22.980,16.374,6.606,3,1378,7230
2760,23.171,16.625,6.546,3,1374,7226
2761,23.181,16.536,6.645,3,1376,7224
2762,23.115,16.480,6.635,3,1362,7194
2763,22.994,16.526,6.469,3,1374,7230
2764,22.863,16.306,6.557,3,1366,7210
2765,22.927,16.410,6.516,3,1372,7236
2766,23.717,17.312,6.405,3,1356,7220
2767,23.577,17.181,6.395,3,1356,7218
2768,23.860,17.373,6.486,3,1350,7254
2769,23.810,17.423,6.387,3,1354,7262
2770,23.341,16.812,6.530,3,1352,7266
2771,24.014,17.548,6.466,3,1358,7288
2772,22.937,16.402,6.535,3,1368,7344
2773,22.587,16.209,6.378,3,1366,7152
2774,22.687,16.133,6.553,3,1374,7196
2775,22.634,16.192,6.442,3,1378,7156
2776,22.514,16.037,6.477,3,1364,7108
2777,23.183,16.340,6.843,3,1390,7216
2778,23.730,17.307,6.424,3,1378,7114
2779,22.870,16.371,6.499,3,1400,7196
2780,22.696,16.192,6.504,3,1398,7094
2781,23.099,16.242,6.858,3,1412,7184
2782,22.905,16.081,6.824,3,1400,7188
2783,23.056,16.429,6.627,3,1396,7200
2784,23.072,16.077,6.996,3,1378,7166
2785,22.742,16.224,6.518,3,1382,7190
2786,22.988,16.199,6.789,3,1372,7200
2787,23.026,16.547,6.479,3,1378,7248
2788,22.793,16.255,6.538,3,1368,7230
2789,22.396,15.902,6.493,3,1374,7318
2790,22.554,16.175,6.379,3,1356,7260
2791,22.925,16.427,6.498,3,1350,7222
2792,22.681,16.255,6.426,3,1344,7194
2793,22.631,16.260,6.371,3,1344,7154
2794,23.060,16.485,6.574,3,1338,7218
2795,22.872,16.238,6.634,3,1338,7258
2796,23.357,17.089,6.268,3,1312,7138
2797,22.385,16.099,6.286,3,1312,7106
2798,22.471,16.205,6.267,3,1302,7086
2799,23.504,17.120,6.384,3,1304,7098
2800,23.334,17.124,6.210,3,1286,7038
2801,22.315,16.061,6.254,3,1284,6998
2802,22.227,16.050,6.177,3,1238,6724
2803,22.254,16.049,6.205,3,1250,6756
2804,22.173,15.947,6.226,3,1258,6766
2805,22.514,16.021,6.493,3,1254,6734
2806,22.291,15.938,6.353,3,1242,6706
2807,21.994,15.721,6.273,3,1248,6700
2808,22.183,15.868,6.315,3,1248,6790
2809,21.745,15.585,6.160,3,1262,6822
2810,22.095,15.849,6.246,3,1250,6824
2811,21.814,15.668,6.147,3,1248,6750
2812,21.558,15.389,6.170,3,1270,6750
2813,22.081,15.770,6.311,3,1288,6796
2814,21.431,15.383,6.048,3,1266,6776
2815,21.488,15.407,6.081,3,1276,6766
2816,22.269,16.173,6.097,3,1274,6732
2817,21.400,15.291,6.109,3,1278,6732
2818,22.050,16.000,6.051,3,1260,6626
2819,21.545,15.407,6.139,3,1260,6546
2820,21.665,15.337,6.329,3,1282,6638
2821,21.948,15.665,6.284,3,1322,6778
2822,22.037,15.858,6.179,3,1308,6762
2823,22.107,15.733,6.374,3,1308,6748
2824,21.670,15.409,6.261,3,1300,6732
2825,21.599,15.278,6.321,3,1308,6710
2826,21.910,15.678,6.233,3,1288,6686
2827,21.870,15.639,6.232,3,1294,6726
2828,21.700,15.538,6.162,3,1286,6760
2829,21.675,15.450,6.225,3,1292,6772
2830,22.529,16.242,6.287,3,1280,6714
2831,22.743,16.372,6.370,3,1288,6742
2832,21.921,15.499,6.422,3,1278,6816
2833,22.835,16.470,6.366,3,1284,6858
2834,22.789,16.670,6.118,3,1266,6792
2835,22.925,16.687,6.239,3,1280,6872
2836,22.714,16.465,6.250,3,1292,6970
2837,22.684,16.545,6.139,3,1296,6994
2838,24.080,15.676,8.403,3,1288,6910
2839,21.998,15.589,6.409,3,1300,6936
2840,21.460,15.408,6.052,3,1254,6772
2841,22.001,15.933,6.068,3,1262,6818
2842,21.467,15.352,6.115,3,1260,6732
2843,21.639,15.560,6.079,3,1270,6730
2844,21.550,15.512,6.038,3,1266,6710
2845,22.363,16.161,6.202,3,1280,6802
2846,22.643,16.485,6.158,3,1286,6824
2847,22.107,15.880,6.227,3,1304,6880
2848,22.058,15.664,6.393,3,1308,6930
2849,22.250,15.900,6.350,3,1314,6938
2850,22.209,15.867,6.342,3,1310,6914
2851,22.649,15.888,6.761,3,1330,6980
2852,22.459,15.957,6.502,3,1332,6976
2853,22.370,16.046,6.324,3,1344,7106
2854,22.697,16.166,6.531,3,1332,7062
2855,22.391,15.949,6.443,3,1350,7116
2856,22.319,15.828,6.491,3,1360,7158
2857,22.780,16.113,6.667,3,1386,7246
2858,22.341,15.718,6.623,3,1388,7122
2859,22.303,15.793,6.510,3,1364,7028
2860,22.418,15.960,6.458,3,1360,7064
2861,23.137,16.354,6.784,3,1362,7098
2862,22.695,15.947,6.749,3,1366,7108
2863,23.211,16.521,6.689,3,1388,7170
2864,22.380,15.793,6.587,3,1390,6990
2865,22.181,15.701,6.480,3,1356,6848
2866,22.160,15.578,6.582,3,1356,6894
2867,22.274,15.725,6.549,3,1382,6878
2868,22.332,15.699,6.633,3,1390,6936
2869,22.558,15.958,6.600,3,1406,6996
2870,22.691,15.928,6.763,3,1386,6962
2871,22.666,16.020,6.646,3,1390,6950
2872,22.295,15.696,6.599,3,1386,6980
2873,22.716,15.887,6.830,3,1386,6980
2874,22.330,15.800,6.530,3,1366,6970
2875,22.635,15.809,6.826,3,1382,7040
2876,22.308,15.865,6.443,3,1370,7040
2877,22.870,16.123,6.747,3,1384,7052
2878,22.358,15.781,6.577,3,1388,7098
2879,22.765,16.057,6.708,3,1392,7088
2880,22.370,15.851,6.518,3,1380,6980
2881,23.240,16.127,7.113,3,1408,7100
2882,22.719,16.104,6.615,3,1396,7128
2883,22.636,15.948,6.688,3,1386,7102
2884,23.128,16.452,6.675,3,1392,7240
2885,23.122,16.434,6.689,3,1432,7350
2886,23.768,16.484,7.283,3,1422,7364
2887,23.468,16.608,6.860,3,1438,7394
2888,24.017,17.245,6.771,3,1408,7288
2889,23.634,16.796,6.838,3,1422,7334
2890,23.523,16.643,6.879,3,1448,7420
2891,25.119,18.129,6.991,3,1462,7546
2892,23.709,16.762,6.947,3,1448,7604
2893,23.671,16.729,6.942,3,1464,7630
2894,23.827,16.922,6.904,3,1438,7544
2895,23.620,16.797,6.823,3,1448,7576
2896,23.519,16.731,6.788,3,1450,7580
2897,23.367,16.553,6.814,3,1456,7608
2898,23.361,16.648,6.713,3,1432,7562
2899,24.758,18.030,6.729,3,1436,7542
2900,24.073,17.152,6.921,3,1424,7488
2901,24.453,17.456,6.997,3,1404,7334
2902,24.055,17.310,6.745,3,1402,7356
2903,24.250,17.340,6.910,3,1416,7336
2904,23.548,16.892,6.656,3,1408,7310
2905,23.118,16.372,6.746,3,1430,7446
2906,23.351,16.763,6.588,3,1412,7360
2907,22.781,16.134,6.647,3,1416,7360
2908,22.904,16.159,6.745,3,1412,7382
2909,23.177,16.359,6.819,3,1418,7394
2910,23.053,16.424,6.629,3,1386,7278
2911,22.997,16.391,6.606,3,1394,7210
2912,23.750,16.971,6.779,3,1386,7164
2913,24.434,17.463,6.971,3,1398,7186
2914,23.914,17.391,6.523,3,1358,7122
2915,24.430,17.942,6.488,3,1368,7186
2916,22.939,16.455,6.484,3,1352,7124
2917,23.710,17.250,6.460,3,1362,7196
2918,23.154,16.589,6.564,3,1356,7194
2919,22.554,16.075,6.479,3,1328,7078
2920,23.446,17.008,6.438,3,1320,7064
2921,23.605,17.011,6.594,3,1356,7162
2922,23.342,16.959,6.383,3,1354,7120
2923,22.912,16.419,6.493,3,1364,7160
2924,22.546,16.096,6.451,3,1358,7136
2925,22.781,16.123,6.658,3,1360,7210
2926,22.815,16.454,6.361,3,1352,7212
2927,22.860,16.304,6.557,3,1356,7194
2928,23.471,17.054,6.416,3,1346,7190
2929,23.591,16.556,7.035,3,1358,7220
2930,23.241,16.768,6.473,3,1348,7166
2931,22.997,16.353,6.644,3,1358,7226
2932,24.448,17.344,7.104,3,1370,7282
2933,23.985,17.512,6.472,3,1372,7196
2934,22.939,16.337,6.602,3,1362,7154
2935,23.424,16.764,6.659,3,1366,7090
2936,22.724,16.128,6.597,3,1366,7054
2937,23.074,16.361,6.713,3,1396,7124
2938,23.697,16.855,6.842,3,1402,7152
2939,23.738,17.070,6.668,3,1416,7284
2940,23.079,16.377,6.701,3,1414,7204
2941,23.128,16.431,6.697,3,1424,7286
2942,22.922,15.961,6.962,3,1408,7272
2943,23.541,16.836,6.705,3,1414,7312
2944,23.508,16.943,6.565,3,1392,7220
2945,23.513,16.767,6.746,3,1386,7202
2946,23.395,16.567,6.828,3,1366,7192
2947,23.683,17.167,6.516,3,1350,7128
2948,23.521,16.888,6.632,3,1360,7262
2949,23.455,16.852,6.603,3,1376,7258
2950,23.095,16.398,6.696,3,1366,7364
2951,23.040,16.407,6.633,3,1366,7372
2952,22.975,16.384,6.591,3,1366,7388
2953,22.740,16.191,6.549,3,1374,7408
2954,23.303,16.816,6.487,3,1374,7458
2955,23.016,16.264,6.752,3,1384,7406
2956,22.578,16.083,6.495,3,1372,7362
2957,22.796,16.289,6.507,3,1370,7354
2958,22.586,15.984,6.602,3,1348,7330
2959,22.693,16.199,6.494,3,1352,7320
2960,22.210,15.868,6.342,3,1342,7276
2961,22.351,16.007,6.345,3,1342,7208
2962,22.514,16.229,6.285,3,1326,7190
2963,22.940,16.644,6.297,3,1330,7172
2964,24.248,18.036,6.212,3,1320,7154
2965,24.617,18.280,6.337,3,1326,7230
2966,23.522,17.102,6.420,3,1318,7198
2967,23.351,17.080,6.271,3,1328,7260
2968,25.309,18.190,7.119,3,1294,7136
2969,22.343,16.062,6.281,3,1310,7166
2970,22.509,16.239,6.270,3,1304,7170
2971,22.512,16.266,6.246,3,1314,7162
2972,22.353,16.012,6.341,3,1302,7186
2973,22.163,15.882,6.281,3,1308,7216
2974,23.236,17.000,6.236,3,1296,7174
2975,23.176,16.926,6.250,3,1292,7136
2976,21.979,15.765,6.215,3,1286,7146
2977,22.241,16.023,6.218,3,1304,7170
2978,22.082,15.839,6.243,3,1298,7138
2979,22.016,15.795,6.221,3,1316,7114
2980,22.639,16.173,6.465,3,1332,7192
2981,23.268,16.772,6.496,3,1344,7216
2982,22.613,16.192,6.421,3,1300,6940
2983,22.585,16.202,6.383,3,1326,7046
2984,22.652,16.434,6.217,3,1324,7160
2985,22.966,16.384,6.581,3,1336,7218
2986,22.838,16.367,6.472,3,1340,7240
2987,22.938,16.411,6.527,3,1354,7210
2988,22.857,16.367,6.490,3,1336,7138
2989,22.573,16.200,6.374,3,1346,7174
2990,22.574,16.141,6.434,3,1342,7192
2991,23.492,16.756,6.737,3,1358,7234
2992,22.802,16.420,6.382,3,1364,7270
2993,23.049,16.421,6.628,3,1374,7268
2994,22.872,16.281,6.591,3,1368,7236
2995,22.710,16.095,6.615,3,1378,7242
2996,22.842,16.398,6.444,3,1380,7300
2997,22.812,16.283,6.530,3,1388,7330
2998,22.812,16.216,6.595,3,1390,7426
2999,22.750,16.186,6.564,3,1370,7296
3000,23.334,16.785,6.550,3,1366,7312
3001,24.015,16.487,7.528,3,1390,7398
3002,23.075,16.290,6.785,3,1382,7384
3003,23.296,16.400,6.896,3,1390,7410
3004,23.564,16.994,6.570,3,1382,7436
3005,23.140,16.637,6.503,3,1390,7364
3006,22.972,16.524,6.448,3,1396,7324
3007,23.604,16.997,6.607,3,1400,7380
3008,23.546,16.996,6.550,3,1396,7414
3009,23.935,17.457,6.478,3,1390,7436
3010,24.110,17.664,6.447,3,1382,7458
3011,24.559,18.014,6.546,3,1378,7418
3012,24.562,17.927,6.635,3,1390,7544
3013,24.428,17.709,6.719,3,1402,7648
3014,23.822,17.354,6.468,3,1386,7594
3015,23.734,17.243,6.491,3,1394,7568
3016,24.493,17.709,6.784,3,1386,7540
3017,24.455,17.778,6.678,3,1400,7614
3018,26.158,18.941,7.218,3,1398,7584
3019,24.591,17.849,6.742,3,1406,7618
3020,25.319,18.512,6.808,3,1400,7600
3021,24.553,17.924,6.629,3,1404,7636
3022,25.509,18.537,6.971,3,1394,7614
3023,24.850,18.130,6.719,3,1404,7632
3024,25.678,18.726,6.952,3,1400,7624
3025,24.734,18.094,6.640,3,1406,7602
3026,25.088,18.269,6.818,3,1400,7568
3027,24.809,18.101,6.709,3,1392,7514
3028,25.832,19.297,6.535,3,1382,7420
3029,25.118,18.477,6.642,3,1392,7448
3030,25.962,19.345,6.617,3,1382,7440
3031,24.689,18.242,6.447,3,1374,7314
3032,26.579,17.362,9.217,3,1364,7340
3033,23.717,17.275,6.442,3,1378,7404
3034,23.516,17.029,6.488,3,1380,7370
3035,23.033,16.566,6.467,3,1392,7410
3036,23.341,16.907,6.433,3,1370,7352
3037,22.960,16.619,6.341,3,1374,7402
3038,22.921,16.574,6.346,3,1366,7282
3039,23.125,16.658,6.468,3,1366,7272
3040,22.523,16.159,6.365,3,1352,7212
3041,22.870,16.369,6.501,3,1366,7238
3042,23.151,16.676,6.475,3,1360,7142
3043,22.883,16.368,6.515,3,1358,7096
3044,23.447,16.776,6.671,3,1382,7288
3045,23.128,16.462,6.666,3,1396,7314
3046,23.479,16.569,6.911,3,1386,7270
3047,23.482,16.529,6.953,3,1386,7318
3048,23.230,16.545,6.686,3,1406,7412
3049,23.573,16.433,7.140,3,1414,7430
3050,23.349,16.479,6.870,3,1390,7356
3051,23.359,16.431,6.928,3,1392,7344
3052,23.086,16.448,6.638,3,1390,7370
3053,23.338,16.650,6.688,3,1402,7502
3054,23.513,16.747,6.766,3,1392,7500
3055,23.119,16.548,6.571,3,1388,7454
3056,23.578,16.753,6.825,3,1376,7442
3057,24.128,16.706,7.422,3,1388,7428
3058,23.361,16.509,6.852,3,1378,7412
3059,24.149,17.080,7.069,3,1402,7526
3060,24.000,17.359,6.640,3,1402,7486
3061,23.568,16.801,6.767,3,1400,7456
3062,23.662,16.610,7.052,3,1392,7490
3063,23.341,16.837,6.504,3,1402,7562
3064,23.020,16.485,6.534,3,1394,7506
3065,23.039,16.433,6.606,3,1416,7524
3066,23.505,16.553,6.952,3,1414,7466
3067,22.865,16.291,6.574,3,1414,7466
3068,23.313,16.565,6.748,3,1422,7476
3069,23.825,16.831,6.994,3,1430,7640
3070,23.189,16.550,6.639,3,1424,7642
3071,23.349,16.649,6.700,3,1424,7712
3072,23.469,16.832,6.637,3,1424,7682
3073,23.316,16.617,6.699,3,1438,7770
3074,23.395,16.631,6.764,3,1428,7688
3075,23.245,16.588,6.657,3,1410,7540
3076,23.947,17.205,6.742,3,1402,7486
3077,23.658,16.783,6.875,3,1428,7526
3078,23.358,16.495,6.863,3,1412,7452
3079,23.101,16.455,6.646,3,1420,7490
3080,22.956,16.408,6.548,3,1404,7500
3081,23.110,16.548,6.561,3,1414,7530
3082,23.412,16.606,6.806,3,1402,7448
3083,23.144,16.326,6.818,3,1414,7518
3084,23.203,16.512,6.691,3,1394,7372
3085,22.685,16.241,6.444,3,1370,7334
3086,22.796,16.091,6.705,3,1360,7352
3087,21.312,14.813,6.499,3,1330,6722
3088,21.157,14.680,6.476,3,1326,6728
3089,21.331,15.037,6.294,3,1334,6778
3090,21.327,14.995,6.332,3,1346,6866
3091,21.109,14.613,6.495,3,1354,6754
3092,21.787,15.315,6.473,3,1348,6684
3093,23.025,16.562,6.463,3,1360,6704
3094,22.703,16.288,6.415,3,1354,6784
3095,21.868,15.517,6.350,3,1354,6776
3096,22.330,15.885,6.445,3,1348,6822
3097,22.381,15.772,6.610,3,1338,6838
3098,20.932,14.691,6.241,3,1322,6760
3099,21.014,14.766,6.248,3,1328,6736
3100,21.422,15.077,6.345,3,1334,6732
3101,20.901,14.612,6.289,3,1332,6670
3102,21.161,14.561,6.601,3,1320,6668
3103,21.082,14.808,6.275,3,1336,6688
3104,21.835,15.591,6.245,3,1330,6766
3105,21.868,15.542,6.326,3,1334,6772
3106,20.911,14.662,6.249,3,1340,6828
3107,21.459,15.050,6.409,3,1318,6730
3108,21.100,14.889,6.210,3,1304,6678
3109,21.032,14.854,6.178,3,1314,6716
3110,20.888,14.653,6.235,3,1306,6698
3111,21.088,14.934,6.154,3,1316,6706
3112,21.030,14.850,6.180,3,1280,6548
3113,21.209,15.020,6.189,3,1282,6590
3114,21.420,15.051,6.369,3,1318,6742
3115,21.004,14.726,6.278,3,1332,6766
3116,21.050,14.798,6.252,3,1294,6616
3117,21.113,14.984,6.129,3,1300,6676
3118,21.024,14.725,6.299,3,1292,6626
3119,21.081,14.948,6.133,3,1306,6668
3120,21.112,14.991,6.121,3,1298,6598
3121,20.852,14.663,6.189,3,1298,6646
3122,21.503,15.073,6.430,3,1290,6578
3123,21.280,15.119,6.161,3,1300,6584
3124,21.170,15.007,6.163,3,1302,6670
3125,21.012,14.835,6.178,3,1286,6664
3126,21.038,14.963,6.075,3,1272,6610
3127,21.147,14.740,6.407,3,1280,6672
3128,21.072,14.856,6.216,3,1284,6650
3129,20.906,14.747,6.160,3,1298,6738
3130,21.091,14.779,6.313,3,1282,6688
3131,21.287,15.068,6.219,3,1296,6730
3132,21.820,15.479,6.342,3,1290,6678
3133,22.513,15.237,7.277,3,1298,6734
3134,21.356,14.803,6.554,3,1290,6686
3135,21.209,14.863,6.347,3,1306,6796
3136,21.183,14.956,6.227,3,1294,6732
3137,20.835,14.697,6.138,3,1298,6740
3138,20.950,14.873,6.077,3,1292,6648
3139,21.086,14.666,6.421,3,1260,6492
3140,20.974,14.775,6.199,3,1264,6526
3141,21.265,14.965,6.301,3,1284,6648
3142,20.971,14.760,6.211,3,1280,6598
3143,21.346,14.748,6.598,3,1318,6704
3144,21.198,14.796,6.402,3,1294,6634
3145,20.871,14.710,6.161,3,1306,6714
3146,21.440,15.214,6.226,3,1306,6722
3147,22.193,15.953,6.241,3,1320,6702
3148,22.101,15.301,6.800,3,1324,6722
3149,22.093,15.617,6.476,3,1326,6786
3150,22.312,15.967,6.345,3,1322,6780
3151,21.835,15.458,6.377,3,1340,6878
3152,21.991,15.635,6.356,3,1338,6886
3153,22.214,15.790,6.424,3,1346,6910
3154,22.125,15.661,6.464,3,1340,6892
3155,21.868,15.529,6.339,3,1340,6924
3156,22.007,15.656,6.351,3,1348,6978
3157,22.435,15.983,6.451,3,1362,7110
3158,22.268,15.832,6.436,3,1364,7074
3159,22.528,16.074,6.454,3,1382,7158
3160,22.495,16.027,6.468,3,1370,7084
3161,22.277,15.798,6.480,3,1376,7118
3162,22.427,15.980,6.446,3,1388,7168
3163,23.870,17.147,6.723,3,1402,7262
3164,23.655,17.088,6.567,3,1386,7236
3165,23.723,17.062,6.661,3,1394,7234
3166,23.741,17.232,6.509,3,1384,7206
3167,23.610,17.003,6.608,3,1394,7220
3168,23.144,16.586,6.558,3,1382,7144
3169,22.693,16.125,6.568,3,1392,7186
3170,23.032,16.335,6.697,3,1380,7244
3171,22.737,16.052,6.685,3,1388,7304
3172,22.650,16.157,6.493,3,1382,7286
3173,23.270,16.529,6.741,3,1388,7344
3174,22.806,16.260,6.546,3,1380,7296
3175,23.276,16.569,6.707,3,1354,7246
3176,22.693,16.278,6.415,3,1338,7234
3177,23.005,16.470,6.535,3,1360,7272
3178,23.145,16.624,6.521,3,1380,7324
3179,22.992,16.410,6.582,3,1394,7370
3180,23.192,16.660,6.532,3,1378,7330
3181,23.326,16.567,6.759,3,1388,7354
3182,23.148,16.510,6.637,3,1388,7358
3183,23.318,16.760,6.558,3,1402,7344
3184,23.039,16.423,6.616,3,1388,7226
3185,22.968,16.476,6.492,3,1398,7218
3186,23.096,16.595,6.502,3,1394,7248
3187,23.158,16.625,6.533,3,1402,7252
3188,23.303,16.580,6.723,3,1388,7186
3189,22.895,16.382,6.512,3,1392,7208
3190,23.109,16.675,6.434,3,1376,7146
3191,22.748,16.292,6.455,3,1386,7152
3192,22.638,15.920,6.718,3,1370,7018
3193,22.565,16.134,6.431,3,1374,7016
3194,23.111,16.686,6.425,3,1364,6944
3195,22.948,16.548,6.400,3,1364,6932
3196,22.145,15.795,6.350,3,1344,6936
3197,22.709,16.310,6.399,3,1344,6978
3198,21.977,15.696,6.281,3,1336,6954
3199,22.000,15.641,6.359,3,1342,7028
3200,21.277,15.188,6.090,3,1286,6758
3201,21.528,15.348,6.181,3,1298,6722
3202,21.286,15.211,6.076,3,1284,6674
3203,21.744,15.383,6.362,3,1264,6504
3204,21.285,14.932,6.353,3,1272,6526
3205,21.410,15.203,6.207,3,1304,6636
3206,21.107,14.901,6.206,3,1288,6424
3207,21.168,14.725,6.443,3,1298,6466
3208,20.992,14.739,6.253,3,1288,6406
3209,20.774,14.675,6.099,3,1298,6446
3210,20.981,14.775,6.206,3,1262,6332
3211,20.843,14.581,6.262,3,1284,6412
3212,21.120,14.919,6.201,3,1262,6344
3213,20.783,14.692,6.092,3,1274,6350
3214,20.328,14.238,6.090,3,1276,6350
3215,20.534,14.506,6.027,3,1286,6388
3216,20.372,14.337,6.035,3,1282,6310
3217,20.495,14.371,6.124,3,1298,6376
3218,21.476,14.282,7.194,3,1286,6348
3219,20.710,14.224,6.486,3,1298,6388
3220,20.855,14.565,6.290,3,1300,6378
3221,20.360,14.159,6.200,3,1314,6392
3222,20.685,14.290,6.395,3,1304,6408
3223,20.380,14.136,6.244,3,1308,6412
3224,20.395,14.291,6.104,3,1298,6390
3225,20.768,14.701,6.067,3,1272,6304
3226,20.119,14.064,6.056,3,1256,6276
3227,20.264,14.227,6.037,3,1262,6316
3228,20.084,14.086,5.998,3,1262,6282
3229,19.967,13.911,6.056,3,1270,6324
3230,20.045,14.049,5.996,3,1264,6270
3231,20.300,14.237,6.063,3,1278,6276
3232,20.888,14.901,5.987,3,1274,6246
3233,21.493,15.453,6.041,3,1280,6306
3234,21.358,15.305,6.053,3,1264,6242
3235,21.594,15.284,6.310,3,1272,6266
3236,20.797,14.536,6.261,3,1242,6228
3237,21.436,15.196,6.240,3,1226,6202
3238,21.021,14.540,6.482,3,1230,6210
3239,20.480,14.435,6.045,3,1256,6290
3240,20.545,14.230,6.315,3,1244,6250
3241,20.251,14.299,5.952,3,1256,6240
3242,21.643,15.335,6.308,3,1260,6256
3243,20.648,14.539,6.109,3,1276,6296
3244,20.845,14.555,6.291,3,1272,6350
3245,21.140,14.749,6.391,3,1276,6370
3246,20.237,14.248,5.989,3,1260,6316
3247,20.429,14.315,6.113,3,1268,6352
3248,20.347,14.268,6.079,3,1264,6306
3249,21.071,14.578,6.493,3,1266,6354
3250,20.567,14.465,6.102,3,1254,6294
3251,20.707,14.439,6.269,3,1258,6316
3252,20.756,14.483,6.273,3,1238,6262
3253,20.299,14.254,6.046,3,1244,6258
3254,20.235,14.258,5.977,3,1262,6296
3255,20.246,14.064,6.182,3,1288,6362
3256,20.304,14.258,6.045,3,1278,6296
3257,20.226,14.166,6.059,3,1282,6334
3258,20.634,14.225,6.409,3,1274,6318
3259,20.533,14.447,6.086,3,1280,6380
3260,20.190,14.164,6.025,3,1274,6376
3261,21.018,14.713,6.306,3,1280,6334
3262,20.401,14.416,5.985,3,1260,6254
3263,20.335,14.375,5.960,3,1266,6258
3264,20.117,14.160,5.957,3,1262,6266
3265,20.055,14.036,6.019,3,1270,6294
3266,20.082,14.147,5.935,3,1262,6288
3267,20.297,14.273,6.024,3,1236,6188
3268,20.107,14.130,5.977,3,1226,6176
3269,20.534,14.572,5.962,3,1254,6278
3270,20.345,14.430,5.914,3,1246,6276
3271,20.502,14.427,6.075,3,1258,6308
3272,20.334,14.340,5.994,3,1252,6284
3273,19.988,14.092,5.896,3,1250,6312
3274,20.415,14.420,5.995,3,1244,6268
3275,21.197,14.819,6.378,3,1250,6318
3276,21.007,15.100,5.908,3,1254,6422
3277,21.105,14.935,6.170,3,1268,6512
3278,21.117,15.093,6.024,3,1270,6616
3279,21.399,15.265,6.134,3,1288,6684
3280,21.815,15.823,5.992,3,1290,6800
3281,22.429,16.206,6.222,3,1298,6888
3282,21.811,15.644,6.167,3,1292,6882
3283,22.164,16.066,6.098,3,1300,6960
3284,22.324,16.247,6.076,3,1300,7018
3285,22.777,16.552,6.226,3,1308,7160
3286,23.432,17.285,6.147,3,1300,7124
3287,22.654,16.498,6.156,3,1308,7286
3288,23.148,16.746,6.401,3,1302,7324
3289,24.262,18.117,6.145,3,1306,7424
3290,23.402,17.262,6.140,3,1302,7420
3291,23.444,17.322,6.122,3,1314,7420
3292,23.559,17.429,6.130,3,1308,7386
3293,23.264,17.168,6.095,3,1312,7458
3294,23.217,17.122,6.095,3,1308,7392
3295,23.162,17.096,6.066,3,1312,7426
3296,23.722,17.412,6.309,3,1298,7298
3297,23.853,17.618,6.234,3,1306,7374
3298,23.712,17.330,6.382,3,1312,7424
3299,23.818,17.470,6.348,3,1308,7438
3300,23.916,17.748,6.167,3,1304,7486
3301,24.535,18.105,6.430,3,1314,7516
3302,24.961,18.676,6.285,3,1296,7468
3303,25.073,18.830,6.244,3,1298,7510
3304,25.159,18.818,6.341,3,1286,7476
3305,24.911,18.725,6.186,3,1296,7498
3306,24.466,18.400,6.065,3,1300,7550
3307,24.088,17.840,6.248,3,1312,7566
3308,23.869,17.805,6.063,3,1294,7508
3309,23.782,17.722,6.060,3,1294,7502
3310,23.871,17.719,6.152,3,1290,7458
3311,23.786,17.730,6.055,3,1296,7410
3312,23.357,17.246,6.111,3,1286,7422
3313,23.269,17.200,6.070,3,1286,7302
3314,23.171,17.256,5.914,3,1268,7246
3315,23.724,17.713,6.010,3,1272,7246
3316,23.014,16.849,6.165,3,1270,7172
3317,23.262,17.256,6.007,3,1278,7100
3318,23.318,17.181,6.137,3,1270,7108
3319,23.378,17.297,6.082,3,1276,7178
3320,23.039,17.016,6.023,3,1270,7110
3321,23.137,17.147,5.990,3,1274,7104
3322,22.761,16.749,6.012,3,1264,7088
3323,23.109,16.864,6.244,3,1270,7034
3324,22.785,16.694,6.091,3,1254,6968
3325,22.612,16.471,6.141,3,1256,6886
3326,22.254,16.254,6.000,3,1242,6852
3327,22.630,16.578,6.051,3,1236,6886
3328,22.549,16.506,6.043,3,1228,6872
3329,22.752,16.546,6.206,3,1232,6830
3330,22.035,16.064,5.971,3,1226,6828
3331,21.727,15.727,6.000,3,1180,6578
3332,22.672,16.294,6.378,3,1190,6520
3333,22.536,16.704,5.832,3,1216,6544
3334,21.087,15.231,5.856,3,1218,6558
3335,21.018,15.250,5.768,3,1214,6416
3336,21.292,15.482,5.811,3,1204,6332
3337,20.948,14.975,5.973,3,1210,6382
3338,20.462,14.780,5.682,3,1192,6366
3339,21.194,15.457,5.737,3,1198,6384
3340,20.957,15.250,5.707,3,1190,6290
3341,20.953,15.217,5.736,3,1194,6312
3342,20.753,15.076,5.677,3,1188,6250
3343,20.872,15.074,5.798,3,1202,6312
3344,20.852,14.970,5.882,3,1222,6346
3345,20.934,14.997,5.937,3,1228,6398
3346,21.279,15.311,5.968,3,1218,6370
3347,20.967,14.960,6.007,3,1232,6334
3348,20.641,14.804,5.837,3,1228,6356
3349,20.727,14.814,5.913,3,1240,6368
3350,20.567,14.666,5.901,3,1236,6386
3351,20.959,14.858,6.100,3,1220,6334
3352,20.626,14.749,5.877,3,1214,6318
3353,20.855,14.726,6.129,3,1230,6392
3354,20.507,14.662,5.845,3,1216,6366
3355,21.021,14.851,6.170,3,1230,6358
3356,20.466,14.531,5.935,3,1224,6384
3357,20.297,14.568,5.729,3,1178,6254
3358,20.225,14.522,5.703,3,1180,6232
3359,20.352,14.586,5.766,3,1190,6262
3360,20.386,14.573,5.814,3,1192,6232
3361,20.506,14.668,5.838,3,1202,6298
3362,20.222,14.510,5.712,3,1184,6292
3363,20.884,14.655,6.229,3,1194,6268
3364,20.999,14.768,6.231,3,1196,6338
3365,20.984,15.122,5.862,3,1196,6320
3366,20.634,14.853,5.781,3,1192,6304
3367,20.714,14.936,5.777,3,1204,6368
3368,20.727,14.873,5.854,3,1196,6326
3369,21.573,15.777,5.796,3,1208,6404
3370,21.562,15.021,6.540,3,1198,6414
3371,21.887,15.865,6.022,3,1200,6370
3372,22.416,16.575,5.841,3,1192,6328
3373,22.374,16.483,5.892,3,1222,6444
3374,22.369,16.268,6.101,3,1202,6382
3375,22.054,16.128,5.926,3,1210,6340
3376,23.092,15.701,7.391,3,1204,6352
3377,21.617,15.312,6.305,3,1216,6468
3378,21.038,15.083,5.954,3,1214,6452
3379,21.368,15.189,6.179,3,1228,6438
3380,21.682,15.696,5.986,3,1226,6450
3381,21.566,15.602,5.964,3,1238,6522
3382,21.105,15.107,5.998,3,1228,6490
3383,21.303,15.264,6.038,3,1232,6490
3384,21.180,15.160,6.021,3,1232,6504
3385,21.566,15.403,6.163,3,1264,6610
3386,21.094,15.054,6.039,3,1256,6594
3387,21.867,15.833,6.034,3,1266,6604
3388,21.043,14.821,6.222,3,1260,6574
3389,20.977,14.947,6.030,3,1274,6614
3390,21.026,14.979,6.047,3,1274,6658
3391,20.837,14.746,6.091,3,1280,6704
3392,20.919,14.804,6.115,3,1274,6680
3393,21.328,15.035,6.292,3,1282,6666
3394,20.996,14.769,6.227,3,1288,6660
3395,20.918,14.800,6.118,3,1270,6552
3396,21.039,14.766,6.273,3,1254,6524
3397,21.113,14.787,6.327,3,1276,6550
3398,20.470,14.510,5.960,3,1264,6538
3399,21.673,15.308,6.365,3,1278,6616
3400,20.877,14.788,6.089,3,1268,6568
3401,20.899,14.713,6.186,3,1272,6416
3402,20.655,14.656,5.999,3,1262,6388
3403,20.666,14.531,6.135,3,1274,6418
3404,20.628,14.620,6.009,3,1266,6372
3405,20.383,14.433,5.950,3,1272,6396
3406,20.436,14.507,5.929,3,1262,6350
3407,20.570,14.448,6.122,3,1282,6454
3408,20.469,14.436,6.033,3,1258,6376
3409,20.418,14.491,5.927,3,1262,6402
3410,20.786,14.844,5.942,3,1256,6390
3411,20.579,14.571,6.009,3,1262,6372
3412,20.572,14.668,5.904,3,1250,6316
3413,20.677,14.137,6.539,3,1258,6328
3414,20.029,14.116,5.914,3,1266,6364
3415,20.454,14.513,5.941,3,1266,6346
3416,20.478,14.492,5.985,3,1266,6408
3417,20.526,14.471,6.055,3,1286,6378
3418,20.356,14.331,6.025,3,1280,6352
3419,20.727,14.450,6.277,3,1288,6388
3420,20.339,14.269,6.070,3,1276,6344
3421,20.338,14.370,5.968,3,1282,6444
3422,20.998,15.018,5.980,3,1272,6476
3423,20.711,14.501,6.211,3,1276,6432
3424,21.017,15.011,6.007,3,1278,6428
3425,21.209,14.305,6.904,3,1294,6474
3426,20.481,14.385,6.096,3,1284,6426
3427,21.740,15.259,6.482,3,1294,6458
3428,21.209,14.637,6.572,3,1294,6460
3429,20.520,14.341,6.179,3,1304,6484
3430,20.770,14.217,6.553,3,1300,6384
3431,20.412,14.282,6.130,3,1292,6294
3432,20.306,14.136,6.170,3,1288,6264
3433,20.606,14.274,6.331,3,1300,6370
3434,20.382,14.345,6.037,3,1290,6340
3435,20.836,14.414,6.422,3,1300,6386
3436,20.650,14.343,6.307,3,1286,6326
3437,20.497,14.415,6.082,3,1290,6294
3438,20.396,14.170,6.226,3,1280,6220
3439,20.226,14.205,6.021,3,1272,6186
3440,20.229,14.149,6.080,3,1262,6158
3441,21.034,14.344,6.690,3,1272,6180
3442,20.547,14.637,5.910,3,1250,6142
3443,21.630,15.173,6.457,3,1256,6186
3444,21.066,14.918,6.148,3,1256,6198
3445,21.722,15.476,6.247,3,1260,6212
3446,20.600,14.642,5.958,3,1244,6252
3447,21.860,15.989,5.871,3,1252,6256
3448,21.263,15.353,5.910,3,1240,6228
3449,20.248,14.275,5.973,3,1252,6172
3450,20.236,14.224,6.012,3,1238,6130
3451,20.156,14.129,6.027,3,1242,6154
3452,20.073,14.223,5.850,3,1228,6146
3453,19.883,14.070,5.812,3,1204,6046
3454,20.194,14.322,5.872,3,1240,6096
3455,20.206,14.218,5.987,3,1284,6282
3456,20.597,14.371,6.227,3,1282,6278
3457,20.770,14.256,6.514,3,1292,6168
3458,20.595,14.513,6.082,3,1278,6170
3459,20.594,14.422,6.173,3,1256,6134
3460,20.257,14.155,6.102,3,1242,6130
3461,20.105,14.101,6.005,3,1270,6204
3462,20.144,14.157,5.987,3,1256,6210
3463,20.159,14.150,6.008,3,1270,6246
3464,20.872,14.669,6.203,3,1270,6290
3465,20.863,14.498,6.365,3,1276,6328
3466,20.341,14.379,5.962,3,1260,6264
3467,20.509,14.436,6.073,3,1260,6290
3468,20.531,14.620,5.911,3,1242,6298
3469,20.588,14.577,6.011,3,1242,6254
3470,20.884,14.658,6.227,3,1232,6224
3471,20.506,14.493,6.013,3,1238,6262
3472,20.821,14.829,5.992,3,1236,6260
3473,20.899,14.545,6.354,3,1262,6336
3474,20.909,14.798,6.112,3,1256,6312
3475,20.880,14.837,6.043,3,1260,6346
3476,21.688,15.657,6.030,3,1238,6316
3477,21.266,15.234,6.032,3,1238,6380
3478,20.417,14.489,5.928,3,1238,6366
3479,21.242,14.798,6.444,3,1234,6358
3480,20.803,14.619,6.185,3,1216,6330
3481,21.107,14.771,6.335,3,1226,6396
3482,20.421,14.534,5.887,3,1206,6380
3483,20.731,14.703,6.027,3,1220,6420
3484,20.734,14.642,6.093,3,1216,6412
3485,21.507,15.401,6.106,3,1216,6368
3486,20.601,14.675,5.926,3,1200,6336
3487,20.724,14.556,6.168,3,1208,6344
3488,20.717,14.537,6.179,3,1202,6442
3489,20.594,14.633,5.961,3,1208,6442
3490,20.640,14.752,5.888,3,1198,6414
3491,21.027,15.064,5.963,3,1212,6518
3492,20.724,14.836,5.888,3,1200,6442
3493,21.337,15.347,5.990,3,1210,6454
3494,20.595,14.681,5.914,3,1204,6418
3495,35.629,27.722,7.906,3,1758,8034
3496,33.626,25.820,7.806,3,1740,8080
3497,33.008,25.182,7.825,3,1754,8216
3498,31.448,23.381,8.066,3,1738,8190
3499,30.493,22.048,8.445,3,1750,8278
3500,28.472,20.552,7.920,3,1732,8252
3501,27.039,19.081,7.958,3,1742,8306
3502,26.798,18.667,8.131,3,1728,8244
3503,25.066,17.180,7.886,3,1732,8202
3504,24.957,17.233,7.723,3,1724,8126
3505,24.084,16.431,7.652,3,1726,8122
3506,24.490,16.745,7.745,3,1712,8012
3507,24.247,16.593,7.654,3,1720,8048
3508,24.303,16.559,7.744,3,1710,8004
3509,24.178,16.592,7.587,3,1718,8016
3510,25.217,17.603,7.614,3,1712,7954
3511,28.877,20.945,7.933,3,1716,8876
3512,27.529,19.532,7.997,3,1700,8830
3513,28.913,21.275,7.639,3,1704,8816
3514,26.777,18.760,8.017,3,1696,8734
3515,27.320,19.456,7.863,3,1692,8694
3516,26.134,18.276,7.858,3,1670,8616
3517,26.661,19.129,7.532,3,1660,8544
3518,27.222,19.320,7.901,3,1648,8444
3519,25.772,18.078,7.694,3,1634,8416
3520,25.330,17.920,7.410,3,1610,8346
3521,25.646,17.852,7.794,3,1606,8272
3522,25.299,17.872,7.427,3,1590,8224
3523,25.101,17.664,7.437,3,1562,8060
3524,24.644,17.278,7.366,3,1542,7988
3525,24.365,17.017,7.347,3,1552,7912
3526,24.290,16.901,7.389,3,1532,7824
3527,23.834,16.555,7.280,3,1534,7798
3528,19.848,14.340,5.508,3,1116,5868
3529,19.674,14.093,5.581,3,1122,5898
3530,19.653,14.227,5.426,3,1118,5902
3531,19.898,14.211,5.687,3,1122,5914
3532,19.755,14.265,5.490,3,1120,5892
3533,19.856,14.207,5.649,3,1130,5938
3534,20.080,14.291,5.789,3,1126,5914
3535,20.156,14.501,5.655,3,1132,5924
3536,19.923,14.149,5.774,3,1120,5928
3537,19.944,14.245,5.699,3,1130,5920
3538,19.818,14.054,5.764,3,1126,5902
3539,19.943,13.985,5.958,3,1142,5948
3540,19.835,14.137,5.698,3,1134,6014
3541,19.480,13.863,5.617,3,1148,6064
3542,19.388,13.933,5.455,3,1140,6038
3543,19.572,13.923,5.649,3,1148,6026
3544,19.514,14.052,5.463,3,1134,5990
3545,19.517,13.979,5.538,3,1126,5950
3546,19.512,14.014,5.498,3,1110,5912
3547,19.649,14.063,5.586,3,1152,6020
3548,19.931,14.412,5.520,3,1140,6004
3549,19.962,14.271,5.691,3,1158,6108
3550,20.049,14.304,5.744,3,1154,6070
3551,20.461,14.650,5.811,3,1164,6006
3552,19.916,14.303,5.614,3,1112,5900
3553,20.147,14.692,5.455,3,1122,5900
3554,19.840,14.145,5.695,3,1124,5892
3555,20.276,14.725,5.551,3,1152,6050
3556,20.144,14.477,5.666,3,1142,6022
3557,19.848,14.245,5.603,3,1158,6086
3558,19.737,14.066,5.671,3,1158,6026
3559,19.826,14.255,5.571,3,1154,5984
3560,20.381,14.766,5.615,3,1148,6030
3561,19.935,14.237,5.698,3,1156,6120
3562,20.266,14.361,5.904,3,1160,6198
3563,20.924,15.299,5.624,3,1166,6170
3564,20.517,14.933,5.584,3,1158,6128
3565,20.285,13.961,6.324,3,1168,6130
3566,20.022,13.993,6.028,3,1160,6110
3567,20.224,14.247,5.977,3,1168,6144
3568,19.679,13.959,5.721,3,1162,6098
3569,19.937,14.280,5.657,3,1170,6102
3570,19.804,13.927,5.877,3,1168,6044
3571,20.134,14.343,5.791,3,1174,6026
3572,20.716,15.085,5.631,3,1172,6000
3573,20.178,14.277,5.901,3,1182,6014
3574,20.147,14.324,5.822,3,1176,6000
3575,20.121,14.282,5.839,3,1188,6086
3576,20.044,14.180,5.863,3,1186,6106
3577,19.962,14.260,5.701,3,1188,6110
3578,19.788,13.880,5.908,3,1180,6076
3579,19.764,13.916,5.848,3,1186,6084
3580,20.056,14.364,5.692,3,1184,6110
3581,20.752,14.958,5.794,3,1192,6134
3582,20.897,15.043,5.854,3,1178,6090
3583,21.108,15.355,5.753,3,1190,6106
3584,21.752,15.745,6.007,3,1190,6086
3585,21.419,15.430,5.989,3,1196,6104
3586,19.970,14.216,5.754,3,1184,6144
3587,19.801,14.089,5.712,3,1166,6086
3588,19.897,14.059,5.838,3,1170,6084
3589,19.978,14.166,5.812,3,1210,6218
3590,19.626,13.915,5.711,3,1206,6168
3591,20.052,14.293,5.759,3,1212,6118
3592,19.691,14.016,5.675,3,1194,6018
3593,19.863,14.052,5.811,3,1202,6052
3594,19.623,13.925,5.698,3,1198,6028
3595,19.902,13.982,5.920,3,1202,6054
3596,19.526,13.894,5.632,3,1186,6006
3597,19.881,14.147,5.733,3,1198,6084
3598,19.840,13.977,5.863,3,1188,6054
3599,19.954,14.247,5.708,3,1196,6072
3600,19.615,13.930,5.684,3,1188,6042
3601,20.784,14.364,6.420,3,1196,6042
3602,20.041,14.076,5.965,3,1196,5972
3603,21.665,15.700,5.965,3,1214,6040
3604,20.838,14.851,5.987,3,1208,5990
3605,20.838,14.966,5.872,3,1226,6056
3606,21.024,15.077,5.947,3,1210,6022
3607,20.550,14.313,6.237,3,1216,6060
3608,20.834,14.582,6.252,3,1216,6062
3609,20.588,14.724,5.864,3,1224,6080
3610,20.377,14.518,5.858,3,1212,6040
3611,20.699,14.578,6.121,3,1224,6030
3612,20.289,14.406,5.882,3,1228,6048
3613,21.543,15.656,5.888,3,1234,6110
3614,20.349,14.515,5.834,3,1218,6042
3615,20.401,14.518,5.883,3,1230,6070
3616,20.056,14.231,5.825,3,1224,6048
3617,20.356,14.338,6.018,3,1232,6056
3618,20.285,14.410,5.875,3,1256,6048
3619,20.458,14.378,6.080,3,1276,6134
3620,20.253,14.071,6.182,3,1282,6160
3621,20.436,14.287,6.149,3,1298,6174
3622,20.064,13.953,6.112,3,1284,6174
3623,20.186,14.068,6.119,3,1294,6192
3624,20.232,14.135,6.097,3,1300,6220
3625,19.932,13.870,6.063,3,1306,6320
3626,20.523,14.325,6.198,3,1294,6308
3627,20.413,14.357,6.056,3,1264,6272
3628,22.416,15.786,6.630,3,1410,6910
3629,23.980,17.088,6.893,3,1472,7220
3630,23.958,17.078,6.880,3,1462,7174
3631,26.070,18.830,7.240,3,1566,7586
3632,25.711,18.157,7.555,3,1546,7416
3633,26.794,19.060,7.734,3,1736,8296
3634,28.824,20.777,8.047,3,1858,9696
3635,29.216,20.943,8.273,3,1914,10060
3636,29.477,20.927,8.550,3,1922,10170
3637,30.213,21.672,8.542,3,1978,10462
3638,10.742,9.745,0.997,2,24,2236
3639,36.155,21.851,14.304,3,1970,10442
3640,32.149,23.516,8.633,3,2000,10534
3641,10.657,9.692,0.965,2,24,2236
3642,35.583,21.509,14.074,3,1888,9764
3643,29.888,21.732,8.157,3,1876,9456
3644,28.875,20.691,8.184,3,1808,9154
3645,29.066,20.675,8.391,3,1830,9214
3646,28.662,20.626,8.036,3,1818,9112
3647,30.382,22.192,8.190,3,1858,9274
3648,30.184,21.919,8.264,3,1882,9320
3649,30.400,21.750,8.650,3,1886,9336
3650,11.728,10.571,1.157,2,24,2236
3651,34.537,21.351,13.187,3,1890,9318
3652,31.184,22.463,8.720,3,1926,9500
3653,11.857,9.643,2.213,2,24,2236
3654,35.384,21.152,14.232,3,1924,9440
3655,28.947,20.036,8.911,3,1942,9530
3656,11.344,10.097,1.247,2,24,2236
3657,33.701,19.804,13.897,3,1952,9506
3658,10.918,9.772,1.146,2,24,2236
3659,34.894,20.407,14.487,3,1990,9650
3660,10.820,9.699,1.121,2,24,2236
3661,33.977,19.521,14.456,3,1984,9604
3662,10.714,9.631,1.083,2,24,2236
3663,34.040,19.538,14.503,3,2012,9718
3664,10.943,9.872,1.071,2,24,2236
3665,33.744,19.428,14.317,3,1988,9624
3666,10.845,9.788,1.057,2,24,2236
3667,33.527,19.046,14.481,3,2006,9754
3668,10.902,9.793,1.109,2,24,2236
3669,32.985,18.874,14.111,3,1942,9588
3670,11.198,10.015,1.182,2,24,2236
3671,33.851,19.610,14.241,3,1990,9814
3672,11.043,9.943,1.100,2,24,2236
3673,34.066,19.828,14.237,3,1964,9712
3674,10.704,9.763,0.941,2,24,2236
3675,34.620,19.525,15.096,3,1970,9714
3676,10.728,9.753,0.975,2,24,2236
3677,33.478,19.058,14.420,3,1942,9626
3678,10.961,9.624,1.338,2,24,2236
3679,33.813,19.590,14.223,3,1938,9696
3680,10.489,9.576,0.913,2,24,2236
3681,33.925,19.608,14.317,3,1890,9478
3682,27.899,19.454,8.445,3,1908,9502
3683,10.691,9.712,0.979,2,24,2236
3684,33.665,19.622,14.043,3,1876,9386
3685,28.019,19.659,8.360,3,1896,9528
3686,10.894,9.855,1.039,2,24,2236
3687,33.784,19.839,13.945,3,1868,9458
3688,28.847,19.955,8.892,3,1886,9576
3689,10.639,9.615,1.024,2,24,2236
3690,34.830,20.538,14.292,3,1880,9518
3691,28.609,20.104,8.505,3,1884,9554
3692,10.721,9.778,0.943,2,24,2236
3693,34.233,20.071,14.163,3,1868,9484
3694,29.071,20.539,8.532,3,1900,9566
3695,11.057,9.833,1.224,2,24,2236
3696,34.351,20.177,14.175,3,1892,9520
3697,30.812,22.196,8.616,3,1898,9568
3698,11.432,10.229,1.203,2,24,2236
3699,34.487,20.648,13.839,3,1876,9464
3700,32.135,23.453,8.681,3,1910,9620
3701,11.247,10.231,1.016,2,24,2236
3702,34.442,20.605,13.837,3,1888,9544
3703,29.832,21.051,8.782,3,1910,9714
3704,11.910,10.970,0.940,2,24,2236
3705,33.699,20.714,12.985,3,1898,9656
3706,29.154,20.663,8.490,3,1892,9628
3707,11.831,10.840,0.991,2,24,2236
3708,34.191,21.155,13.036,3,1884,9570
3709,29.093,20.520,8.573,3,1894,9680
3710,11.125,10.156,0.969,2,24,2236
3711,35.088,21.335,13.753,3,1876,9624
3712,29.757,21.230,8.527,3,1884,9742
3713,11.745,10.548,1.196,2,24,2236
3714,34.243,21.062,13.181,3,1868,9692
3715,29.348,21.001,8.347,3,1848,9532
3716,28.493,20.261,8.233,3,1818,9424
3717,28.369,20.049,8.321,3,1864,9576
3718,28.851,20.577,8.274,3,1850,9474
3719,28.407,20.046,8.362,3,1872,9584
3720,28.115,19.819,8.296,3,1856,9456
3721,28.498,19.996,8.502,3,1878,9582
3722,27.700,19.499,8.201,3,1840,9358
3723,28.296,19.801,8.495,3,1864,9438
3724,27.637,19.495,8.142,3,1840,9270
3725,27.934,19.503,8.431,3,1858,9432
3726,27.959,19.759,8.200,3,1824,9266
3727,28.202,19.849,8.352,3,1826,9340
3728,27.713,19.581,8.133,3,1822,9248
3729,28.510,20.266,8.243,3,1836,9348
3730,27.743,19.621,8.122,3,1806,9192
3731,28.866,20.153,8.713,3,1822,9260
3732,27.684,19.441,8.243,3,1806,9150
3733,28.871,20.398,8.473,3,1806,9214
3734,28.027,19.603,8.423,3,1778,9052
3735,28.761,19.436,9.326,3,1820,9252
3736,27.571,19.325,8.246,3,1806,9156
3737,27.353,19.042,8.311,3,1820,9282
3738,27.070,18.984,8.087,3,1790,9104
3739,27.158,18.999,8.159,3,1810,9172
3740,27.106,19.046,8.060,3,1784,9022
3741,27.381,18.843,8.539,3,1806,9094
3742,26.892,18.982,7.911,3,1778,8980
3743,26.692,18.483,8.209,3,1782,9004
3744,26.420,18.441,7.979,3,1772,8922
3745,26.101,18.145,7.956,3,1784,8928
3746,26.025,18.137,7.889,3,1770,8808
3747,26.627,18.786,7.841,3,1746,8698
3748,25.890,18.034,7.856,3,1740,8622
3749,26.851,18.745,8.105,3,1804,9010
3750,25.986,17.988,7.998,3,1786,8910
3751,26.548,18.484,8.065,3,1748,8698
3752,26.108,18.070,8.038,3,1790,9004
3753,25.979,17.941,8.038,3,1786,8924
3754,25.934,18.018,7.916,3,1774,8842
3755,26.497,18.392,8.105,3,1810,9066
3756,26.288,18.280,8.008,3,1788,8976
3757,25.699,17.726,7.973,3,1762,8770
3758,27.219,18.955,8.263,3,1810,9148
3759,26.357,18.343,8.015,3,1794,9074
3760,26.516,18.430,8.086,3,1792,9050
3761,27.369,19.034,8.335,3,1838,9212
3762,26.565,18.373,8.192,3,1816,9058
3763,26.713,18.633,8.080,3,1780,8920
3764,26.721,18.590,8.131,3,1828,9024
3765,26.565,18.230,8.335,3,1804,8930
3766,27.081,18.975,8.106,3,1790,8880
3767,27.813,19.607,8.206,3,1854,9204
3768,28.461,20.135,8.326,3,1842,9028
3769,27.399,19.082,8.317,3,1810,8950
3770,27.627,19.251,8.377,3,1842,8984
3771,27.118,18.836,8.282,3,1830,8936
3772,26.868,18.490,8.378,3,1858,9178
3773,27.410,19.066,8.344,3,1846,8926
3774,27.771,18.975,8.796,3,1898,9202
3775,26.976,18.348,8.628,3,1904,9192
3776,10.712,9.719,0.993,2,24,2236
3777,33.263,18.676,14.587,3,1952,9404
3778,10.772,9.797,0.975,2,24,2236
3779,34.019,19.441,14.578,3,1920,9292
3780,10.824,9.902,0.922,2,24,2236
3781,34.239,19.829,14.410,3,1944,9532
3782,11.560,10.632,0.928,2,24,2236
3783,32.700,19.003,13.697,3,1916,9358
3784,10.779,9.784,0.996,2,24,2236
3785,33.852,19.435,14.417,3,1876,9302
3786,10.658,9.722,0.936,2,24,2236
3787,33.942,19.308,14.634,3,1934,9526
3788,10.543,9.586,0.957,2,24,2236
3789,34.512,19.434,15.077,3,1968,9638
3790,10.580,9.650,0.930,2,24,2236
3791,34.270,19.398,14.872,3,1918,9484
3792,11.472,10.505,0.967,2,24,2236
3793,33.645,19.623,14.022,3,1954,9630
3794,10.662,9.653,1.009,2,24,2236
3795,34.875,19.357,15.519,3,1964,9580
3796,10.810,9.846,0.964,2,24,2236
3797,33.897,19.139,14.758,3,1952,9514
3798,10.638,9.681,0.958,2,24,2236
3799,35.986,19.175,16.810,3,1980,9628
3800,10.774,9.787,0.987,2,24,2236
3801,34.351,19.365,14.986,3,2024,9808
3802,10.602,9.576,1.026,2,24,2236
3803,33.769,18.937,14.832,3,1964,9578
3804,10.601,9.644,0.958,2,24,2236
3805,34.429,19.320,15.109,3,2012,9760
3806,10.661,9.709,0.952,2,24,2236
3807,34.529,19.542,14.987,3,2058,9920
3808,10.646,9.609,1.037,2,24,2236
3809,35.495,20.177,15.318,3,2126,10414
3810,10.905,9.947,0.958,2,24,2236
3811,35.920,20.676,15.244,3,2144,10464
3812,10.883,9.950,0.933,2,24,2236
3813,36.439,21.039,15.399,3,2248,11074
3814,10.713,9.767,0.946,2,24,2236
3815,38.630,23.222,15.409,3,2182,11154
3816,11.139,10.100,1.039,2,24,2236
3817,38.270,23.001,15.269,3,2292,11802
3818,10.653,9.727,0.926,2,24,2236
3819,41.012,24.634,16.378,3,2470,12842
3820,10.670,9.750,0.920,2,24,2236
3821,44.207,27.843,16.364,3,2534,13260
3822,10.799,9.831,0.968,2,24,2236
3823,48.449,31.532,16.917,3,2676,14130
3824,10.662,9.670,0.993,2,24,2236
3825,50.768,33.781,16.986,3,2718,14580
3826,10.659,9.733,0.925,2,24,2236
3827,55.224,37.543,17.681,3,2870,15456
3828,11.262,10.305,0.957,2,24,2236
3829,56.972,39.639,17.333,3,2934,15972
3830,11.290,10.309,0.980,2,24,2236
3831,57.036,39.220,17.816,3,3092,16826
3832,10.741,9.793,0.949,2,24,2236
3833,56.078,37.303,18.775,3,3144,17160
3834,10.658,9.700,0.958,2,24,2236
3835,56.391,36.504,19.887,3,3176,17146
3836,10.600,9.659,0.941,2,24,2236
3837,53.773,35.319,18.455,3,3100,16664
3838,10.794,9.657,1.136,2,24,2236
3839,52.840,34.594,18.246,3,3068,15998
3840,10.751,9.623,1.128,2,24,2236
3841,50.370,32.295,18.074,3,3008,15414
3842,10.782,9.721,1.061,2,24,2236
3843,48.360,30.258,18.102,3,3046,15116
3844,10.826,9.779,1.047,2,24,2236
3845,46.045,28.319,17.727,3,2960,14386
3846,10.917,9.755,1.162,2,24,2236
3847,44.367,26.608,17.759,3,2972,14030
3848,11.367,10.213,1.154,2,24,2236
3849,41.090,24.049,17.041,3,2898,13326
3850,11.200,9.971,1.229,2,24,2236
3851,40.566,23.122,17.444,3,2922,13042
3852,10.904,9.732,1.172,2,24,2236
3853,39.406,21.969,17.437,3,2840,12302
3854,10.974,9.703,1.271,2,24,2236
3855,38.312,20.918,17.393,3,2832,11894
3856,10.948,9.627,1.321,2,24,2236
3857,36.735,19.650,17.085,3,2738,11086
3858,10.880,9.696,1.184,2,24,2236
3859,36.316,19.305,17.012,3,2766,11034
3860,10.909,9.699,1.210,2,24,2236
3861,36.114,19.241,16.873,3,2696,10780
3862,11.223,10.126,1.097,2,24,2236
3863,35.601,19.132,16.469,3,2712,10796
3864,10.732,9.661,1.072,2,24,2236
3865,35.092,18.692,16.400,3,2566,10402
3866,10.709,9.620,1.089,2,24,2236
3867,34.649,18.181,16.468,3,2560,10320
3868,10.791,9.639,1.152,2,24,2236
3869,34.256,18.327,15.928,3,2410,9894
3870,10.773,9.732,1.041,2,24,2236
3871,34.804,18.025,16.779,3,2314,9574
3872,10.811,9.729,1.082,2,24,2236
3873,32.746,17.309,15.437,3,2178,9140
3874,11.218,9.887,1.331,2,24,2236
3875,32.138,17.599,14.539,3,2038,8696
3876,12.067,10.894,1.173,2,24,2236
3877,29.939,15.891,14.049,3,1888,8186
3878,24.238,16.221,8.017,3,1792,8000
3879,23.279,15.497,7.782,3,1646,7480
3880,24.104,16.896,7.208,3,1526,7204
3881,21.762,15.113,6.649,3,1382,6710
3882,20.250,13.958,6.292,3,1266,6376
3883,20.530,14.593,5.938,3,1122,5868
3884,21.134,15.085,6.050,3,1140,5932
3885,20.019,14.397,5.622,3,1106,5770
3886,20.297,14.261,6.036,3,1130,5814
3887,19.845,14.329,5.516,3,1106,5712
3888,21.467,15.257,6.210,3,1124,5786
3889,20.102,14.454,5.647,3,1108,5746
3890,19.519,14.014,5.505,3,1094,5662
3891,19.670,14.010,5.659,3,1068,5556
3892,20.697,14.580,6.116,3,1104,5696
3893,18.988,13.400,5.588,3,1080,5576
3894,19.134,13.585,5.548,3,1096,5654
3895,19.048,13.550,5.498,3,1062,5498
3896,19.741,13.969,5.772,3,1096,5718
3897,18.913,13.590,5.324,3,1074,5622
3898,18.739,13.205,5.534,3,1086,5722
3899,19.745,14.303,5.442,3,1064,5600
3900,19.360,13.729,5.631,3,1078,5640
3901,19.213,13.582,5.631,3,1050,5494
3902,19.704,14.318,5.387,3,1074,5548
3903,19.192,13.836,5.356,3,1050,5462
3904,20.094,14.302,5.792,3,1078,5548
3905,18.818,13.416,5.402,3,1050,5442
3906,18.996,13.628,5.368,3,1068,5554
3907,20.305,14.866,5.439,3,1050,5554
3908,19.459,13.868,5.591,3,1078,5762
3909,19.616,14.251,5.365,3,1078,5772
3910,20.073,14.515,5.557,3,1082,5816
3911,19.352,13.775,5.577,3,1078,5808
3912,19.992,14.260,5.732,3,1114,5964
3913,20.876,15.112,5.763,3,1122,6002
3914,21.213,15.389,5.824,3,1130,6086
3915,20.101,14.472,5.629,3,1058,5792
3916,19.343,13.807,5.536,3,1080,5816
3917,18.883,13.500,5.383,3,1042,5592
3918,19.229,13.547,5.681,3,1068,5684
3919,19.511,14.175,5.336,3,1032,5478
3920,18.559,13.068,5.491,3,1050,5492
3921,17.948,12.886,5.063,3,1010,5296
3922,18.351,13.193,5.158,3,1014,5254
3923,18.411,13.122,5.289,3,1022,5276
3924,19.273,13.421,5.853,3,1072,5494
3925,18.858,13.501,5.357,3,1058,5476
3926,18.812,13.483,5.329,3,1078,5560
3927,18.284,13.043,5.241,3,1044,5444
3928,18.750,13.441,5.309,3,1066,5524
3929,18.170,13.008,5.162,3,1032,5432
3930,18.934,13.528,5.406,3,1060,5552
3931,18.482,13.269,5.213,3,1042,5478
3932,19.002,13.662,5.340,3,1078,5664
3933,18.875,13.403,5.472,3,1068,5634
3934,19.412,13.764,5.648,3,1112,5812
3935,19.660,14.148,5.512,3,1100,5804
3936,19.733,14.046,5.688,3,1134,5990
3937,19.084,13.597,5.487,3,1100,5822
3938,20.154,14.347,5.808,3,1140,6008
3939,20.227,14.566,5.661,3,1144,6052
3940,20.346,14.589,5.756,3,1154,6088
3941,20.557,14.754,5.803,3,1124,5950
3942,20.845,15.037,5.808,3,1146,6052
3943,19.511,13.875,5.636,3,1120,5920
3944,20.000,14.283,5.717,3,1148,6066
3945,19.643,13.941,5.702,3,1128,5956
3946,19.835,14.035,5.800,3,1164,6134
3947,19.677,13.896,5.780,3,1134,6028
3948,20.333,14.220,6.113,3,1164,6138
3949,19.620,13.947,5.673,3,1138,6040
3950,20.343,14.457,5.886,3,1176,6208
3951,20.507,14.746,5.761,3,1154,6092
3952,20.462,14.518,5.944,3,1182,6268
3953,20.119,14.431,5.688,3,1152,6190
3954,20.487,14.685,5.802,3,1178,6282
3955,21.000,15.137,5.863,3,1182,6274
3956,20.643,14.540,6.103,3,1196,6262
3957,20.262,14.409,5.853,3,1168,6152
3958,20.395,14.503,5.892,3,1182,6166
3959,19.845,14.064,5.781,3,1168,6080
3960,19.932,14.103,5.830,3,1188,6174
3961,20.556,14.869,5.688,3,1152,6030
3962,21.120,15.274,5.845,3,1174,6136
3963,21.150,15.402,5.748,3,1164,6054
3964,20.859,14.832,6.027,3,1184,6146
3965,20.721,14.825,5.896,3,1162,6032
3966,20.928,15.028,5.900,3,1178,6108
3967,20.896,14.630,6.266,3,1160,5980
3968,19.628,13.568,6.061,3,1178,6072
3969,19.655,14.054,5.601,3,1152,5988
3970,19.849,13.991,5.858,3,1170,6112
3971,19.769,13.965,5.803,3,1158,6062
3972,20.056,13.975,6.081,3,1164,6052
3973,19.917,13.785,6.133,3,1148,6054
3974,19.741,14.029,5.712,3,1158,6042
3975,19.974,14.050,5.924,3,1146,6008
3976,19.977,14.204,5.773,3,1166,6094
3977,20.021,14.095,5.926,3,1150,6016
3978,20.243,13.904,6.339,3,1176,6148
3979,19.693,13.884,5.809,3,1160,6048
3980,20.249,14.176,6.073,3,1200,6220
3981,19.943,14.089,5.854,3,1188,6146
3982,20.304,14.102,6.202,3,1204,6226
3983,20.052,13.943,6.108,3,1182,6124
3984,19.634,13.883,5.752,3,1172,6064
3985,19.639,13.746,5.892,3,1146,5912
3986,20.323,14.088,6.235,3,1174,6020
3987,19.855,13.857,5.998,3,1162,5998
3988,19.999,13.991,6.008,3,1196,6116
3989,20.036,14.100,5.937,3,1196,6138
3990,20.257,14.079,6.178,3,1230,6244
3991,20.030,14.062,5.968,3,1210,6158
3992,21.981,15.493,6.488,3,1248,6364
3993,20.962,14.802,6.160,3,1230,6274
3994,20.836,14.235,6.601,3,1256,6354
3995,20.367,14.292,6.075,3,1212,6138
3996,20.762,14.595,6.167,3,1240,6222
3997,19.867,13.836,6.031,3,1218,6116
3998,20.771,14.640,6.132,3,1248,6270
3999,21.544,14.738,6.806,3,1266,6286
4000,20.742,14.425,6.317,3,1302,6372
4001,20.972,14.549,6.423,3,1282,6310
4002,21.854,15.481,6.372,3,1314,6434
4003,21.104,14.825,6.279,3,1302,6394
4004,21.380,14.860,6.519,3,1344,6568
4005,21.278,14.767,6.512,3,1328,6530
4006,21.311,14.837,6.474,3,1330,6592
4007,21.564,14.920,6.644,3,1306,6498
4008,21.990,15.319,6.671,3,1348,6622
4009,21.742,15.201,6.542,3,1324,6474
4010,21.384,14.954,6.430,3,1328,6460
4011,21.236,14.833,6.403,3,1310,6402
4012,21.252,14.857,6.396,3,1314,6386
4013,20.506,14.249,6.258,3,1286,6268
4014,20.775,14.508,6.267,3,1292,6292
4015,21.126,14.894,6.232,3,1276,6230
4016,21.251,14.999,6.252,3,1294,6364
4017,21.311,14.906,6.404,3,1284,6320
4018,21.928,15.595,6.333,3,1296,6394
4019,21.210,14.777,6.433,3,1274,6334
4020,21.707,15.391,6.317,3,1296,6416
4021,21.727,15.462,6.265,3,1282,6352
4022,21.631,15.320,6.311,3,1306,6438
4023,22.333,16.018,6.315,3,1292,6390
4024,21.855,15.305,6.550,3,1284,6346
4025,22.212,15.931,6.281,3,1272,6316
4026,22.323,15.796,6.527,3,1298,6478
4027,21.956,15.649,6.307,3,1282,6416
4028,22.947,16.308,6.639,3,1292,6454
4029,21.876,15.460,6.416,3,1276,6340
4030,21.518,15.159,6.359,3,1290,6480
4031,21.405,15.069,6.337,3,1270,6362
4032,20.975,14.689,6.286,3,1286,6490
4033,21.115,14.676,6.439,3,1278,6330
4034,22.882,16.079,6.803,3,1294,6400
4035,22.041,15.671,6.370,3,1278,6350
4036,21.936,15.695,6.241,3,1280,6312
4037,22.193,15.916,6.277,3,1272,6338
4038,23.057,16.158,6.899,3,1306,6492
4039,24.742,15.948,8.793,3,1290,6468
4040,21.936,15.354,6.582,3,1304,6522
4041,21.207,14.818,6.390,3,1282,6438
4042,21.175,14.877,6.298,3,1302,6574
4043,21.948,15.518,6.429,3,1300,6534
4044,22.250,15.680,6.570,3,1304,6558
4045,22.438,16.072,6.366,3,1268,6390
4046,22.368,16.004,6.364,3,1294,6500
4047,22.455,15.839,6.617,3,1276,6390
4048,21.549,15.237,6.312,3,1284,6448
4049,22.930,16.427,6.503,3,1270,6378
4050,21.646,15.037,6.609,3,1272,6394
4051,21.440,14.962,6.478,3,1246,6252
4052,20.895,14.523,6.372,3,1278,6394
4053,21.356,15.008,6.348,3,1270,6328
4054,21.283,14.831,6.453,3,1290,6374
4055,20.992,14.693,6.299,3,1254,6232
4056,21.409,15.043,6.366,3,1288,6346
4057,20.747,14.600,6.147,3,1268,6300
4058,21.023,14.780,6.243,3,1280,6364
4059,21.194,14.839,6.355,3,1266,6296
4060,20.847,14.623,6.224,3,1282,6366
4061,21.851,15.361,6.490,3,1270,6378
4062,21.147,14.896,6.250,3,1280,6390
4063,21.204,14.857,6.347,3,1268,6330
4064,21.175,14.885,6.291,3,1276,6366
4065,21.013,14.816,6.197,3,1260,6310
4066,21.100,14.804,6.296,3,1266,6352
4067,21.590,15.258,6.332,3,1254,6332
4068,20.590,14.468,6.122,3,1246,6280
4069,20.389,14.363,6.026,3,1210,6120
4070,20.469,14.368,6.100,3,1242,6264
4071,20.129,14.205,5.924,3,1208,6102
4072,20.532,14.423,6.109,3,1238,6226
4073,20.348,14.392,5.955,3,1210,6102
4074,20.497,14.216,6.281,3,1238,6256
4075,20.356,13.940,6.416,3,1218,6136
4076,20.214,13.863,6.351,3,1226,6142
4077,19.889,13.825,6.064,3,1202,6068
4078,20.135,13.762,6.373,3,1218,6074
4079,19.900,13.996,5.904,3,1198,5992
4080,20.064,13.847,6.217,3,1218,6076
4081,19.792,13.854,5.938,3,1188,5980
4082,19.893,13.793,6.100,3,1202,5988
4083,20.385,14.320,6.066,3,1184,5928
4084,20.002,13.825,6.177,3,1218,6048
4085,20.473,14.274,6.199,3,1194,5990
4086,20.537,14.538,5.998,3,1196,6002
4087,19.557,13.809,5.748,3,1164,5896
4088,20.398,14.380,6.018,3,1206,6052
4089,19.609,13.620,5.989,3,1174,5964
4090,19.589,13.730,5.859,3,1198,6056
4091,19.535,13.612,5.923,3,1168,5890
4092,20.046,13.920,6.126,3,1190,5974
4093,19.675,13.731,5.944,3,1170,5878
4094,19.848,13.637,6.211,3,1188,5946
4095,19.269,13.604,5.665,3,1156,5824
4096,19.963,13.763,6.200,3,1180,5934
4097,19.422,13.614,5.808,3,1152,5864
4098,19.437,13.437,6.000,3,1174,5934
4099,19.277,13.576,5.701,3,1148,5834
4100,19.590,13.730,5.860,3,1172,5888
4101,19.435,13.603,5.832,3,1150,5810
4102,19.563,13.846,5.717,3,1176,5924
4103,19.457,13.567,5.890,3,1152,5824
4104,19.236,13.538,5.698,3,1144,5744
4105,19.218,13.433,5.785,3,1114,5642
4106,21.460,15.018,6.442,3,1174,5846
4107,20.339,14.476,5.863,3,1144,5694
4108,20.528,14.532,5.996,3,1178,5848
4109,20.132,14.364,5.767,3,1158,5782
4110,21.009,14.629,6.380,3,1182,5876
4111,20.015,14.017,5.999,3,1158,5754
4112,19.465,13.573,5.892,3,1178,5864
4113,19.261,13.406,5.855,3,1150,5752
4114,20.569,14.629,5.940,3,1160,5744
4115,20.653,14.433,6.220,3,1162,5736
4116,20.960,14.595,6.365,3,1214,5910
4117,21.337,15.104,6.233,3,1182,5814
4118,22.067,15.590,6.477,3,1226,5952
4119,20.992,14.769,6.223,3,1216,5924
4120,21.651,15.403,6.248,3,1240,5994
4121,21.133,15.017,6.116,3,1202,5842
4122,19.669,13.423,6.246,3,1196,5792
4123,19.549,13.809,5.740,3,1172,5682
4124,19.796,13.749,6.047,3,1210,5826
4125,19.430,13.522,5.908,3,1190,5774
4126,19.589,13.392,6.196,3,1220,5850
4127,19.815,13.880,5.935,3,1194,5782
4128,19.708,13.555,6.153,3,1220,5844
4129,19.471,13.516,5.955,3,1184,5734
4130,19.451,13.466,5.986,3,1198,5760
4131,19.456,13.552,5.904,3,1176,5722
4132,19.317,13.383,5.934,3,1178,5692
4133,19.704,13.777,5.928,3,1154,5654
4134,19.568,13.550,6.018,3,1178,5694
4135,19.199,13.308,5.891,3,1152,5604
4136,19.526,13.510,6.016,3,1166,5612
4137,19.808,13.757,6.051,3,1152,5596
4138,20.183,14.086,6.097,3,1172,5670
4139,19.743,13.641,6.102,3,1154,5604
4140,20.205,14.027,6.179,3,1172,5628
4141,19.626,13.498,6.128,3,1146,5584
4142,19.630,13.580,6.050,3,1142,5560
4143,19.301,13.349,5.952,3,1130,5522
4144,19.934,13.856,6.078,3,1160,5596
4145,20.900,14.291,6.608,3,1156,5580
4146,20.508,14.214,6.294,3,1170,5628
4147,20.228,13.980,6.248,3,1166,5620
4148,19.588,13.499,6.089,3,1168,5620
4149,20.579,14.561,6.018,3,1150,5594
4150,21.464,14.332,7.133,3,1196,5724
4151,19.797,13.649,6.148,3,1178,5648
4152,19.842,13.556,6.286,3,1216,5798
4153,19.701,13.573,6.127,3,1204,5746
4154,19.848,13.660,6.188,3,1232,5864
4155,19.650,13.589,6.060,3,1214,5804
4156,19.793,13.664,6.128,3,1236,5872
4157,19.889,13.658,6.231,3,1220,5842
4158,19.996,13.790,6.205,3,1246,5946
4159,19.894,13.826,6.067,3,1234,5948
4160,20.134,14.050,6.084,3,1226,5938
4161,21.319,13.668,7.651,3,1210,5914
4162,21.418,15.142,6.276,3,1266,6578
4163,21.419,15.266,6.153,3,1262,6546
4164,21.452,15.410,6.041,3,1252,6514
4165,21.637,15.597,6.040,3,1232,6452
4166,21.701,15.315,6.386,3,1266,6594
4167,20.957,14.833,6.124,3,1248,6552
4168,21.691,15.390,6.301,3,1268,6648
4169,21.446,15.316,6.130,3,1254,6616
4170,21.423,15.317,6.106,3,1256,6614
4171,21.128,15.018,6.110,3,1228,6532
4172,21.271,15.104,6.167,3,1246,6586
4173,21.057,15.034,6.024,3,1216,6448
4174,21.598,15.233,6.365,3,1256,6618
4175,21.242,14.957,6.285,3,1242,6540
4176,21.289,14.963,6.326,3,1266,6622
4177,21.473,15.084,6.389,3,1244,6524
4178,21.318,15.000,6.319,3,1246,6512
4179,21.168,14.917,6.251,3,1228,6418
4180,21.804,15.550,6.253,3,1272,6586
4181,22.777,16.477,6.301,3,1252,6500
4182,22.741,16.403,6.338,3,1240,6442
4183,22.753,16.377,6.376,3,1262,6568
4184,23.509,17.272,6.237,3,1268,6582
4185,22.662,16.453,6.208,3,1256,6536
4186,22.802,16.536,6.266,3,1272,6680
4187,22.197,16.052,6.145,3,1260,6678
4188,22.246,15.879,6.367,3,1298,6826
4189,22.179,15.991,6.188,3,1276,6764
4190,21.878,15.620,6.257,3,1276,6746
4191,21.811,15.632,6.179,3,1278,6772
4192,22.602,16.258,6.344,3,1312,6874
4193,22.377,16.128,6.249,3,1284,6780
4194,21.763,15.583,6.180,3,1288,6742
4195,22.130,15.954,6.175,3,1270,6638
4196,22.510,15.871,6.639,3,1338,6924
4197,22.226,15.895,6.331,3,1318,6884
4198,22.308,16.009,6.299,3,1312,6838
4199,22.046,15.581,6.465,3,1276,6714
4200,22.224,15.940,6.283,3,1320,6808
4201,22.975,16.324,6.651,3,1306,6786
4202,22.058,15.555,6.503,3,1326,6834
4203,22.120,15.880,6.240,3,1306,6760
4204,21.960,15.558,6.402,3,1340,6816
4205,22.350,15.833,6.516,3,1336,6832
4206,23.020,16.523,6.497,3,1356,6912
4207,22.224,15.739,6.486,3,1334,6858
4208,22.660,16.039,6.621,3,1370,7038
4209,22.692,16.132,6.560,3,1356,7024
4210,22.439,15.866,6.573,3,1362,7024
4211,22.660,15.963,6.697,3,1370,7070
4212,22.563,15.903,6.660,3,1406,7160
4213,22.909,16.331,6.579,3,1378,7068
4214,23.108,16.168,6.940,3,1400,7176
4215,22.930,16.249,6.681,3,1388,7154
4216,22.494,15.810,6.685,3,1400,7214
4217,22.825,16.158,6.667,3,1374,7130
4218,22.724,15.853,6.871,3,1372,7110
4219,22.310,15.859,6.451,3,1348,7016
4220,22.754,16.060,6.695,3,1386,7114
4221,22.277,15.692,6.585,3,1368,7064
4222,22.434,15.908,6.526,3,1366,7100
4223,22.881,16.297,6.584,3,1346,7018
4224,22.233,15.474,6.759,3,1368,6974
4225,22.059,15.543,6.516,3,1342,6892
4226,22.640,16.087,6.553,3,1356,6938
4227,22.194,15.575,6.619,3,1364,7006
4228,21.972,15.467,6.505,3,1352,6926
4229,23.571,16.560,7.011,3,1338,6902
4230,23.302,16.818,6.483,3,1350,6934
4231,23.008,16.065,6.943,3,1328,6920
4232,22.307,15.777,6.530,3,1352,6986
4233,22.074,15.573,6.501,3,1344,6948
4234,21.944,15.577,6.366,3,1340,6900
4235,21.864,15.621,6.243,3,1320,6808
4236,22.574,15.915,6.658,3,1362,6974
4237,22.331,15.488,6.843,3,1356,6926
4238,22.597,15.794,6.803,3,1380,7038
4239,22.209,15.637,6.571,3,1364,7024
4240,22.416,15.695,6.721,3,1376,7126
4241,22.172,15.625,6.548,3,1356,7038
4242,22.388,15.801,6.587,3,1350,7068
4243,22.672,15.951,6.721,3,1330,6996
4244,22.415,15.880,6.535,3,1364,7150
4245,22.344,15.842,6.501,3,1352,7074
4246,22.800,16.335,6.465,3,1364,7052
4247,23.882,17.255,6.627,3,1374,7130
4248,23.636,17.028,6.608,3,1366,7010
4249,24.052,17.225,6.827,3,1360,6996
4250,24.207,17.488,6.720,3,1394,7110
4251,23.770,17.116,6.654,3,1364,7012
4252,22.554,15.998,6.556,3,1374,7066
4253,22.549,16.096,6.453,3,1362,6992
4254,23.084,16.302,6.782,3,1402,7184
4255,22.705,16.097,6.608,3,1380,7086
4256,22.690,16.040,6.650,3,1394,7140
4257,22.795,16.094,6.701,3,1384,7088
4258,23.302,16.597,6.705,3,1394,7110
4259,22.428,15.813,6.615,3,1378,7006
4260,22.404,15.779,6.625,3,1392,7024
4261,22.113,15.647,6.466,3,1364,6902
4262,22.961,16.058,6.903,3,1410,7044
4263,22.488,15.678,6.810,3,1386,6910
4264,22.890,16.173,6.717,3,1394,6984
4265,22.880,16.044,6.835,3,1392,6982
4266,22.950,15.995,6.956,3,1440,7210
4267,22.694,15.979,6.715,3,1420,7106
4268,23.695,16.777,6.918,3,1436,7248
4269,22.752,15.792,6.959,3,1402,7010
4270,22.818,15.965,6.853,3,1414,7068
4271,22.532,15.706,6.826,3,1400,6996
4272,23.926,16.932,6.995,3,1416,7110
4273,23.341,16.451,6.890,3,1414,7108
4274,23.221,16.110,7.111,3,1434,7166
4275,23.413,16.440,6.973,3,1414,7128
4276,23.555,16.468,7.088,3,1444,7220
4277,24.616,17.755,6.860,3,1440,7222
4278,23.723,16.620,7.103,3,1452,7278
4279,23.469,16.645,6.824,3,1424,7104
4280,25.097,17.694,7.403,3,1484,7316
4281,23.618,16.577,7.041,3,1468,7206
4282,24.102,16.949,7.153,3,1476,7214
4283,23.300,16.295,7.005,3,1458,7172
4284,22.746,15.774,6.972,3,1460,7190
4285,22.373,15.488,6.885,3,1410,7008
4286,22.586,15.724,6.862,3,1430,7142
4287,21.888,15.192,6.695,3,1390,6924
4288,22.278,15.370,6.907,3,1398,6896
4289,22.151,15.261,6.890,3,1382,6806
4290,21.956,15.301,6.655,3,1410,6924
4291,22.554,15.947,6.608,3,1390,6910
4292,22.599,15.750,6.849,3,1422,7046
4293,22.902,16.184,6.718,3,1398,7072
4294,22.671,16.025,6.647,3,1366,7012
4295,22.986,16.155,6.832,3,1388,7170
4296,23.669,17.010,6.659,3,1368,7144
4297,23.495,16.870,6.625,3,1350,7118
4298,23.889,17.324,6.565,3,1358,7164
4299,23.053,16.234,6.819,3,1340,7068
4300,23.375,16.711,6.664,3,1342,7136
4301,23.466,16.942,6.525,3,1324,7062
4302,23.194,16.537,6.657,3,1344,7178
4303,22.965,16.544,6.421,3,1298,6950
4304,22.413,15.994,6.420,3,1312,6992
4305,22.952,16.583,6.370,3,1280,6818
4306,23.012,16.748,6.264,3,1264,6682
4307,21.872,15.710,6.162,3,1250,6662
4308,22.894,16.435,6.459,3,1300,6860
4309,22.538,16.278,6.260,3,1272,6694
4310,22.408,16.048,6.360,3,1314,6842
4311,22.683,16.386,6.297,3,1282,6734
4312,22.836,16.551,6.285,3,1284,6758
4313,22.936,16.560,6.377,3,1268,6738
4314,23.354,16.581,6.773,3,1322,7012
4315,24.888,16.471,8.417,3,1304,6932
4316,22.781,16.383,6.398,3,1316,7010
4317,23.611,17.006,6.605,3,1288,6860
4318,22.489,15.963,6.526,3,1320,6952
4319,21.970,15.409,6.562,3,1292,6828
4320,21.987,15.622,6.365,3,1312,6968
4321,21.864,15.556,6.308,3,1300,6886
4322,22.321,15.599,6.721,3,1310,6934
4323,21.957,15.640,6.317,3,1298,6836
4324,21.626,15.276,6.351,3,1312,6950
4325,21.521,15.240,6.282,3,1290,6792
4326,22.430,15.955,6.475,3,1306,6880
4327,21.864,15.365,6.499,3,1286,6826
4328,21.734,15.420,6.314,3,1300,6844
4329,21.939,15.475,6.464,3,1280,6708
4330,21.862,15.583,6.279,3,1296,6742
4331,21.611,15.429,6.182,3,1268,6656
4332,21.637,15.275,6.362,3,1274,6648
4333,21.786,15.300,6.486,3,1260,6570
4334,21.692,15.399,6.293,3,1272,6648
4335,21.926,15.363,6.563,3,1266,6588
4336,21.590,15.332,6.258,3,1280,6684
4337,21.110,15.035,6.076,3,1248,6530
4338,22.112,15.688,6.425,3,1244,6738
4339,22.223,16.174,6.049,3,1238,6724
4340,22.019,15.795,6.224,3,1296,7014
4341,22.041,15.970,6.070,3,1266,6918
4342,22.350,16.142,6.208,3,1286,6986
4343,22.061,15.966,6.096,3,1278,6926
4344,21.955,15.861,6.094,3,1278,6920
4345,22.106,15.820,6.286,3,1260,6896
4346,22.227,15.924,6.303,3,1288,7018
4347,22.825,16.485,6.339,3,1266,6940
4348,23.782,16.889,6.893,3,1310,7110
4349,22.191,15.766,6.425,3,1282,7020
4350,22.778,16.062,6.715,3,1310,7152
4351,22.436,16.020,6.416,3,1294,6990
4352,22.602,16.144,6.458,3,1322,7080
4353,22.807,16.192,6.615,3,1286,6862
4354,22.658,16.205,6.453,3,1306,6936
4355,22.271,15.816,6.454,3,1276,6804
4356,22.048,15.785,6.263,3,1294,6840
4357,21.875,15.674,6.201,3,1282,6778
4358,22.546,16.258,6.288,3,1298,6878
4359,21.723,15.505,6.218,3,1280,6800
4360,21.918,15.485,6.433,3,1300,6836
4361,22.672,16.420,6.251,3,1284,6768
4362,22.446,16.169,6.277,3,1304,6896
4363,22.053,15.776,6.277,3,1284,6814
4364,22.122,15.884,6.238,3,1286,6834
4365,21.911,15.521,6.391,3,1278,6802
4366,21.609,15.374,6.235,3,1300,6910
4367,21.988,15.697,6.291,3,1264,6702
4368,21.990,15.588,6.403,3,1330,7000
4369,22.063,15.803,6.260,3,1310,6878
4370,22.040,15.565,6.475,3,1310,6916
4371,21.893,15.324,6.569,3,1298,6816
4372,22.149,15.780,6.369,3,1336,6996
4373,22.150,15.657,6.493,3,1298,6826
4374,21.951,15.476,6.475,3,1316,6890
4375,21.993,15.570,6.423,3,1298,6794
4376,22.396,15.530,6.866,3,1312,6830
4377,21.729,15.237,6.492,3,1286,6656
4378,22.220,15.572,6.648,3,1302,6760
4379,21.518,15.356,6.162,3,1288,6680
4380,23.740,17.188,6.552,3,1310,6808
4381,23.204,16.348,6.856,3,1296,6704
4382,22.845,16.399,6.445,3,1318,6770
4383,23.163,16.105,7.057,3,1308,6706
4384,24.649,18.184,6.465,3,1318,6722
4385,21.894,15.453,6.442,3,1280,6612
4386,21.841,15.460,6.381,3,1320,6794
4387,21.985,15.405,6.580,3,1308,6734
4388,22.495,15.647,6.848,3,1338,6914
4389,21.949,15.296,6.653,3,1316,6826
4390,22.363,15.679,6.684,3,1328,6920
4391,22.175,15.640,6.535,3,1312,6818
4392,21.872,15.483,6.390,3,1332,6938
4393,22.240,15.775,6.465,3,1320,6856
4394,23.148,16.243,6.905,3,1342,6968
4395,21.612,15.328,6.284,3,1308,6760
4396,21.926,15.316,6.610,3,1334,6900
4397,21.718,15.283,6.435,3,1320,6812
4398,21.970,15.564,6.406,3,1346,6926
4399,21.742,15.274,6.467,3,1286,6662
4400,22.692,15.971,6.721,3,1352,6942
4401,22.259,15.892,6.367,3,1342,6816
4402,23.212,16.373,6.839,3,1384,7006
4403,23.294,16.719,6.576,3,1354,7012
4404,23.307,16.557,6.750,3,1358,6972
4405,22.478,15.902,6.576,3,1342,6896
4406,23.812,16.503,7.309,3,1372,6976
4407,23.020,16.101,6.918,3,1340,6820
4408,22.443,15.765,6.678,3,1360,6904
4409,21.934,15.414,6.521,3,1340,6768
4410,22.233,15.540,6.693,3,1360,6830
4411,22.070,15.704,6.367,3,1338,6754
4412,22.452,15.849,6.603,3,1360,6872
4413,22.645,15.983,6.661,3,1356,6866
4414,22.918,16.210,6.708,3,1382,7064
4415,23.539,16.725,6.813,3,1354,7000
4416,22.467,15.971,6.496,3,1368,7094
4417,22.732,15.976,6.756,3,1346,6948
4418,22.516,16.043,6.473,3,1368,7058
4419,22.544,15.938,6.606,3,1348,6994
4420,23.385,16.399,6.987,3,1370,7044
4421,22.838,16.351,6.487,3,1356,7032
4422,22.629,16.203,6.425,3,1346,6976
4423,22.709,16.350,6.360,3,1328,6968
4424,23.099,16.387,6.711,3,1360,7088
4425,23.267,16.832,6.435,3,1336,6978
4426,22.652,15.944,6.708,3,1336,6896
4427,22.714,16.388,6.326,3,1312,6832
4428,23.690,17.066,6.624,3,1324,6950
4429,22.167,15.580,6.586,3,1308,6850
4430,22.715,15.945,6.769,3,1320,6944
4431,22.225,15.648,6.576,3,1306,6846
4432,21.901,15.278,6.623,3,1314,6838
4433,21.774,15.312,6.462,3,1312,6802
4434,22.124,15.605,6.519,3,1300,6780
4435,21.743,15.401,6.342,3,1284,6674
4436,21.947,15.473,6.474,3,1326,6908
4437,21.538,15.183,6.355,3,1306,6850
4438,21.994,15.461,6.533,3,1326,6936
4439,22.389,16.208,6.181,3,1298,6784
4440,21.364,15.039,6.325,3,1314,6874
4441,21.582,15.321,6.260,3,1300,6802
4442,21.517,15.228,6.289,3,1308,6840
4443,21.509,15.244,6.265,3,1280,6690
4444,21.386,15.212,6.175,3,1286,6638
4445,21.209,15.120,6.088,3,1268,6562
4446,21.841,15.483,6.358,3,1292,6710
4447,22.511,16.217,6.294,3,1284,6676
4448,22.698,16.285,6.413,3,1322,6808
4449,23.108,16.757,6.351,3,1308,6756
4450,23.890,17.012,6.878,3,1308,6746
4451,24.250,17.837,6.413,3,1266,6602
4452,23.205,16.664,6.541,3,1340,6862
4453,22.831,16.310,6.521,3,1322,6778
4454,22.508,15.787,6.721,3,1332,6814
4455,22.227,15.858,6.369,3,1312,6800
4456,22.090,15.735,6.355,3,1318,6818
4457,22.096,15.723,6.373,3,1292,6710
4458,22.564,16.118,6.446,3,1310,6780
4459,21.743,15.540,6.203,3,1290,6618
4460,22.177,15.856,6.321,3,1302,6688
4461,21.750,15.562,6.188,3,1276,6588
4462,22.015,15.521,6.495,3,1292,6686
4463,21.366,15.238,6.128,3,1270,6636
4464,21.772,15.310,6.462,3,1290,6762
4465,21.121,15.014,6.107,3,1274,6702
4466,21.371,15.223,6.148,3,1278,6710
4467,20.918,14.837,6.081,3,1260,6594
4468,21.475,15.193,6.283,3,1276,6624
4469,21.429,15.032,6.397,3,1254,6598
4470,21.960,15.693,6.267,3,1280,6642
4471,21.096,15.017,6.079,3,1248,6528
4472,21.300,15.072,6.229,3,1254,6598
4473,21.165,15.191,5.974,3,1238,6512
4474,21.452,15.315,6.137,3,1286,6686
4475,21.387,15.103,6.284,3,1244,6540
4476,21.512,15.337,6.175,3,1278,6666
4477,21.296,15.204,6.092,3,1226,6440
4478,21.165,15.046,6.119,3,1254,6560
4479,21.153,15.052,6.101,3,1246,6596
4480,21.411,15.174,6.237,3,1268,6712
4481,21.499,15.171,6.329,3,1240,6620
4482,21.566,15.437,6.129,3,1256,6696
4483,21.644,15.369,6.275,3,1258,6698
4484,20.959,14.928,6.032,3,1240,6608
4485,20.986,15.110,5.876,3,1162,6446
4486,20.833,15.168,5.665,3,1158,6354
4487,21.035,15.291,5.744,3,1180,6462
4488,21.919,15.922,5.997,3,1226,6710
4489,21.745,15.765,5.980,3,1230,6744
4490,20.955,15.076,5.879,3,1232,6652
4491,20.940,14.869,6.072,3,1216,6514
4492,20.524,14.594,5.930,3,1206,6376
4493,20.486,14.808,5.678,3,1176,6302
4494,20.593,14.947,5.646,3,1178,6264
4495,20.733,14.668,6.065,3,1166,6286
4496,20.669,14.906,5.763,3,1178,6342
4497,21.494,15.807,5.687,3,1174,6290
4498,21.741,16.050,5.690,3,1160,6232
4499,20.926,15.195,5.731,3,1150,6262
4500,21.761,16.012,5.749,3,1186,6438
4501,22.375,16.034,6.341,3,1176,6426
4502,20.655,14.733,5.922,3,1184,6372
4503,21.551,15.746,5.805,3,1186,6322
4504,21.808,15.914,5.893,3,1188,6270
4505,20.340,14.545,5.795,3,1178,6238
4506,20.971,15.227,5.744,3,1184,6230
4507,22.435,16.817,5.618,3,1180,6190
4508,20.879,14.784,6.095,3,1180,6202
4509,20.604,14.988,5.616,3,1172,6132
4510,21.301,15.569,5.732,3,1174,6144
4511,21.282,15.258,6.024,3,1174,6138
4512,20.475,14.622,5.853,3,1166,6084
4513,20.266,14.572,5.694,3,1156,6090
4514,20.128,14.637,5.491,3,1148,6088
4515,20.441,14.447,5.994,3,1156,6134
4516,20.885,15.096,5.789,3,1166,6328
4517,22.094,16.167,5.928,3,1158,6282
4518,21.867,16.020,5.847,3,1168,6302
4519,22.574,16.571,6.003,3,1150,6262
4520,21.768,15.972,5.796,3,1160,6290
4521,21.375,15.799,5.576,3,1160,6310
4522,21.840,15.854,5.986,3,1172,6398
4523,20.849,15.198,5.651,3,1160,6336
4524,20.616,15.016,5.600,3,1156,6350
4525,20.342,14.774,5.568,3,1156,6352
4526,20.697,15.068,5.628,3,1164,6352
4527,20.583,14.767,5.816,3,1130,6194
4528,20.337,14.824,5.513,3,1142,6240
4529,20.425,14.899,5.526,3,1138,6238
4530,20.518,14.972,5.546,3,1144,6248
4531,20.297,14.808,5.489,3,1150,6256
4532,20.623,15.098,5.525,3,1162,6322
4533,20.556,15.057,5.499,3,1146,6274
4534,20.793,15.226,5.567,3,1154,6302
4535,20.550,14.946,5.604,3,1152,6228
4536,20.519,14.972,5.547,3,1158,6274
4537,20.620,15.099,5.521,3,1146,6246
4538,20.174,14.568,5.605,3,1166,6304
4539,20.309,14.802,5.507,3,1162,6272
4540,20.699,14.930,5.769,3,1180,6336
4541,20.624,15.063,5.561,3,1168,6266
4542,20.846,15.191,5.655,3,1164,6272
4543,20.805,14.825,5.979,3,1162,6256
4544,20.873,14.915,5.958,3,1168,6302
4545,21.705,16.178,5.527,3,1162,6266
4546,21.004,15.386,5.618,3,1178,6320
4547,20.609,14.950,5.659,3,1182,6342
4548,20.915,15.134,5.781,3,1182,6352
4549,20.466,14.829,5.637,3,1168,6330
4550,20.541,14.904,5.638,3,1178,6350
4551,20.670,14.879,5.791,3,1172,6324
4552,20.680,14.976,5.704,3,1182,6364
4553,20.498,14.792,5.707,3,1188,6312
4554,20.734,14.984,5.750,3,1196,6356
4555,20.646,14.954,5.692,3,1180,6322
4556,20.405,14.776,5.628,3,1182,6364
4557,20.404,14.804,5.600,3,1176,6332
4558,20.792,15.135,5.657,3,1184,6350
4559,21.039,15.446,5.594,3,1172,6300
4560,20.672,14.772,5.900,3,1178,6338
4561,20.358,14.724,5.634,3,1174,6292
4562,20.498,14.931,5.567,3,1158,6220
4563,20.249,14.675,5.574,3,1138,6154
4564,20.580,14.750,5.830,3,1192,6380
4565,21.547,15.763,5.784,3,1198,6384
4566,22.460,16.725,5.735,3,1208,6446
4567,20.758,14.979,5.779,3,1192,6382
4568,20.996,14.979,6.017,3,1202,6412
4569,21.102,15.344,5.758,3,1202,6394
4570,21.049,15.184,5.865,3,1202,6414
4571,20.839,15.161,5.678,3,1194,6368
4572,20.618,14.914,5.704,3,1206,6418
4573,20.580,14.884,5.696,3,1200,6364
4574,20.735,14.949,5.786,3,1208,6392
4575,20.912,15.089,5.823,3,1196,6350
4576,20.482,14.811,5.671,3,1202,6362
4577,20.593,14.912,5.681,3,1190,6350
4578,20.773,15.109,5.664,3,1206,6436
4579,20.619,14.845,5.774,3,1198,6388
4580,20.492,14.765,5.728,3,1204,6446
4581,21.007,15.324,5.684,3,1216,6440
4582,20.860,14.944,5.916,3,1224,6492
4583,20.962,15.185,5.776,3,1216,6450
4584,20.603,14.770,5.833,3,1218,6432
4585,20.942,15.123,5.819,3,1214,6376
4586,20.592,14.649,5.942,3,1222,6396
4587,20.819,15.020,5.799,3,1220,6380
4588,20.497,14.668,5.829,3,1236,6462
4589,22.038,16.255,5.783,3,1232,6412
4590,21.804,15.944,5.860,3,1236,6478
4591,21.521,15.311,6.210,3,1232,6444
4592,22.235,16.154,6.081,3,1238,6480
4593,22.108,16.256,5.852,3,1216,6482
4594,22.276,16.377,5.899,3,1230,6556
4595,21.616,15.625,5.991,3,1226,6480
4596,21.471,15.000,6.471,3,1232,6524
4597,20.575,14.877,5.698,3,1212,6444
4598,20.645,14.920,5.725,3,1218,6446
4599,21.200,15.024,6.176,3,1214,6420
4600,21.027,15.013,6.014,3,1226,6456
4601,21.122,15.005,6.117,3,1234,6484
4602,20.598,14.679,5.920,3,1244,6516
4603,20.917,14.922,5.995,3,1234,6490
4604,20.896,15.013,5.883,3,1236,6434
4605,20.572,14.793,5.779,3,1226,6368
4606,20.878,15.050,5.828,3,1236,6402
4607,21.081,15.108,5.973,3,1216,6342
4608,21.217,14.840,6.377,3,1220,6382
4609,20.884,15.104,5.780,3,1224,6368
4610,20.628,14.843,5.784,3,1226,6386
4611,20.428,14.590,5.838,3,1212,6362
4612,20.816,15.021,5.795,3,1222,6384
4613,20.945,15.178,5.767,3,1224,6382
4614,20.720,14.813,5.907,3,1234,6404
4615,20.875,14.841,6.034,3,1228,6418
4616,21.041,15.139,5.902,3,1242,6458
4617,21.367,15.411,5.957,3,1224,6386
4618,20.831,14.857,5.974,3,1232,6356
4619,20.713,14.908,5.804,3,1238,6428
4620,21.438,15.350,6.088,3,1244,6414
4621,20.623,14.909,5.714,3,1226,6344
4622,20.381,14.666,5.715,3,1224,6286
4623,20.284,14.556,5.728,3,1220,6244
4624,20.478,14.739,5.739,3,1232,6270
4625,20.317,14.547,5.771,3,1234,6278
4626,20.450,14.487,5.963,3,1224,6240
4627,20.496,14.559,5.938,3,1212,6226
4628,20.822,14.902,5.920,3,1268,6432
4629,20.742,14.849,5.893,3,1260,6422
4630,20.739,14.756,5.982,3,1276,6466
4631,21.140,14.739,6.401,3,1270,6468
4632,21.331,15.393,5.939,3,1268,6552
4633,20.542,14.642,5.901,3,1252,6466
4634,20.711,14.577,6.134,3,1256,6486
4635,20.597,14.748,5.850,3,1254,6488
4636,21.183,14.991,6.192,3,1268,6538
4637,21.056,15.124,5.932,3,1278,6562
4638,20.777,14.777,6.000,3,1286,6584
4639,21.561,15.579,5.983,3,1272,6548
4640,21.818,15.883,5.936,3,1272,6544
4641,21.981,15.923,6.058,3,1264,6516
4642,20.681,14.724,5.957,3,1272,6506
4643,20.799,14.700,6.099,3,1264,6460
4644,20.941,14.988,5.953,3,1276,6530
4645,20.873,14.754,6.120,3,1264,6482
4646,20.708,14.675,6.033,3,1274,6540
4647,20.607,14.721,5.886,3,1264,6528
4648,20.728,14.787,5.942,3,1268,6506
4649,20.897,15.027,5.870,3,1264,6446
4650,20.731,14.760,5.971,3,1272,6496
4651,20.788,14.739,6.049,3,1266,6480
4652,20.678,14.805,5.873,3,1268,6470
4653,20.643,14.775,5.868,3,1258,6442
4654,20.747,14.825,5.922,3,1270,6474
4655,20.872,14.937,5.935,3,1268,6498
4656,20.592,14.664,5.928,3,1274,6540
4657,20.696,14.809,5.887,3,1270,6504
4658,20.846,14.855,5.991,3,1280,6568
4659,20.531,14.651,5.880,3,1256,6470
4660,20.843,14.966,5.877,3,1266,6508
4661,22.401,16.453,5.948,3,1270,6478
4662,21.727,15.658,6.069,3,1276,6470
4663,21.373,15.409,5.965,3,1248,6354
4664,20.959,14.915,6.043,3,1256,6438
4665,21.833,15.930,5.903,3,1258,6450
4666,22.282,16.367,5.915,3,1264,6464
4667,20.409,14.497,5.912,3,1250,6418
4668,20.546,14.718,5.828,3,1254,6438
4669,20.286,14.403,5.883,3,1250,6394
4670,20.747,14.866,5.881,3,1258,6428
4671,20.469,14.630,5.839,3,1246,6402
4672,20.438,14.561,5.877,3,1260,6468
4673,20.325,14.451,5.874,3,1256,6414
4674,21.535,14.775,6.760,3,1254,6432
4675,21.110,14.326,6.784,3,1252,6440
4676,20.385,14.463,5.922,3,1256,6466
4677,20.690,14.507,6.184,3,1246,6424
4678,21.138,14.527,6.611,3,1256,6466
4679,20.385,14.493,5.892,3,1250,6464
4680,20.768,14.726,6.043,3,1264,6502
4681,20.579,14.703,5.875,3,1252,6476
4682,20.291,14.392,5.899,3,1264,6520
4683,20.257,14.399,5.858,3,1244,6434
4684,20.302,14.500,5.802,3,1240,6422
4685,20.820,14.854,5.966,3,1242,6402
4686,20.617,14.520,6.098,3,1256,6460
4687,20.187,14.279,5.908,3,1244,6434
4688,21.254,15.470,5.784,3,1248,6496
4689,21.186,15.333,5.853,3,1246,6478
4690,20.409,14.479,5.930,3,1230,6432
4691,20.552,14.747,5.804,3,1232,6412
4692,20.584,14.725,5.858,3,1272,6542
4693,20.751,14.715,6.036,3,1262,6512
4694,21.268,15.007,6.261,3,1278,6696
4695,20.951,15.061,5.890,3,1262,6660
4696,20.897,14.965,5.933,3,1268,6678
4697,20.743,14.844,5.899,3,1252,6648
4698,20.722,14.842,5.880,3,1262,6714
4699,20.905,14.989,5.916,3,1260,6690
4700,20.937,15.034,5.902,3,1270,6740
4701,21.104,15.159,5.946,3,1270,6712
4702,20.795,14.866,5.930,3,1270,6716
4703,20.884,15.050,5.834,3,1250,6658
4704,20.835,14.979,5.856,3,1254,6666
4705,20.907,15.112,5.796,3,1248,6640
4706,20.903,14.921,5.982,3,1256,6646
4707,20.802,14.854,5.948,3,1242,6586
4708,20.870,15.030,5.840,3,1254,6628
4709,20.963,14.868,6.096,3,1264,6642
4710,20.847,14.943,5.904,3,1278,6678
4711,20.923,15.007,5.916,3,1268,6630
4712,20.986,15.089,5.897,3,1278,6652
4713,20.853,14.919,5.934,3,1272,6650
4714,21.058,15.099,5.960,3,1274,6682
4715,20.904,14.978,5.927,3,1264,6664
4716,20.772,14.848,5.924,3,1268,6662
4717,20.692,14.897,5.796,3,1250,6586
4718,20.621,14.769,5.852,3,1252,6590
4719,20.879,14.873,6.007,3,1252,6586
4720,20.662,14.786,5.876,3,1264,6616
4721,20.681,14.695,5.987,3,1256,6594
4722,20.860,14.701,6.159,3,1266,6614
4723,20.669,14.684,5.985,3,1258,6554
4724,20.650,14.785,5.865,3,1262,6618
4725,20.877,14.810,6.067,3,1264,6626
4726,20.727,14.801,5.926,3,1268,6630
4727,20.870,14.900,5.970,3,1280,6668
4728,20.707,14.732,5.976,3,1288,6628
4729,20.733,14.726,6.008,3,1270,6592
4730,21.644,15.525,6.118,3,1276,6644
4731,20.541,14.646,5.895,3,1264,6612
4732,20.905,14.742,6.163,3,1270,6618
4733,21.387,15.538,5.850,3,1256,6536
4734,21.829,15.707,6.123,3,1264,6556
4735,21.615,15.532,6.083,3,1254,6478
4736,21.140,15.124,6.016,3,1260,6468
4737,22.215,16.355,5.860,3,1256,6462
4738,21.916,15.619,6.297,3,1256,6512
4739,22.059,15.643,6.416,3,1244,6510
4740,20.614,14.664,5.950,3,1252,6576
4741,20.674,14.653,6.021,3,1236,6486
4742,20.702,14.727,5.975,3,1244,6502
4743,20.697,14.786,5.911,3,1244,6432
4744,20.676,14.740,5.937,3,1256,6474
4745,20.523,14.666,5.857,3,1262,6484
4746,20.660,14.809,5.852,3,1266,6486
4747,20.546,14.696,5.850,3,1254,6462
4748,20.914,14.791,6.123,3,1262,6504
4749,20.765,14.731,6.034,3,1258,6436
4750,20.735,14.752,5.983,3,1258,6430
4751,20.584,14.739,5.845,3,1250,6424
4752,20.898,14.973,5.925,3,1264,6458
4753,20.906,14.925,5.981,3,1260,6446
4754,21.645,14.859,6.787,3,1242,6354
4755,20.595,14.696,5.899,3,1228,6292
4756,20.716,14.942,5.774,3,1256,6418
4757,20.652,14.753,5.899,3,1254,6434
4758,20.535,14.628,5.907,3,1262,6476
4759,20.689,14.697,5.992,3,1244,6416
4760,20.720,14.877,5.842,3,1256,6426
4761,20.698,14.826,5.872,3,1254,6460
4762,21.209,15.338,5.871,3,1256,6454
4763,21.343,15.153,6.190,3,1276,6526
4764,20.908,14.957,5.951,3,1282,6546
4765,20.748,14.817,5.932,3,1262,6486
4766,20.760,14.681,6.080,3,1270,6520
4767,21.277,15.206,6.072,3,1278,6578
4768,20.803,14.690,6.113,3,1284,6578
4769,20.433,14.559,5.873,3,1270,6532
4770,20.724,14.829,5.894,3,1274,6552
4771,20.591,14.696,5.895,3,1270,6536
4772,20.579,14.643,5.936,3,1282,6568
4773,20.581,14.696,5.885,3,1272,6536
4774,20.809,14.655,6.154,3,1284,6584
4775,20.729,14.810,5.919,3,1278,6590
4776,20.685,14.726,5.960,3,1276,6574
4777,20.647,14.589,6.059,3,1268,6564
4778,20.706,14.792,5.915,3,1276,6590
4779,21.065,14.733,6.333,3,1272,6520
4780,20.755,14.818,5.938,3,1278,6506
4781,21.555,14.888,6.667,3,1262,6464
4782,20.520,14.589,5.931,3,1268,6490
4783,20.720,14.770,5.950,3,1264,6456
4784,20.456,14.528,5.928,3,1272,6462
4785,21.534,15.633,5.901,3,1264,6434
4786,20.723,14.786,5.937,3,1270,6424
4787,20.634,14.704,5.929,3,1260,6420
4788,20.904,15.020,5.884,3,1264,6402
4789,20.423,14.542,5.880,3,1256,6404
4790,20.662,14.519,6.143,3,1262,6452
4791,20.850,14.896,5.955,3,1262,6424
4792,20.507,14.606,5.901,3,1270,6410
4793,20.816,14.619,6.197,3,1260,6418
4794,20.300,14.455,5.846,3,1264,6450
4795,20.445,14.611,5.834,3,1260,6416
4796,20.575,14.526,6.049,3,1268,6496
4797,20.403,14.508,5.895,3,1264,6418
4798,20.487,14.527,5.961,3,1272,6418
4799,20.734,14.700,6.035,3,1282,6456
4800,21.771,15.415,6.356,3,1288,6466
4801,20.931,14.476,6.455,3,1270,6396
4802,20.831,14.879,5.952,3,1274,6440
4803,20.190,14.261,5.929,3,1268,6386
4804,20.482,14.605,5.877,3,1280,6398
4805,21.376,15.038,6.338,3,1274,6400
4806,21.432,15.333,6.099,3,1284,6438
4807,21.516,15.639,5.877,3,1266,6364
4808,21.386,15.447,5.938,3,1276,6544
4809,21.785,15.520,6.265,3,1262,6462
4810,21.389,15.479,5.909,3,1262,6454
4811,20.781,14.538,6.243,3,1262,6466
4812,20.564,14.471,6.094,3,1276,6546
4813,20.975,14.638,6.336,3,1260,6452
4814,20.443,14.446,5.997,3,1266,6462
4815,20.824,14.733,6.092,3,1270,6430
4816,20.549,14.477,6.071,3,1282,6406
4817,20.513,14.572,5.940,3,1284,6404
4818,20.281,14.355,5.926,3,1266,6324
4819,20.705,14.467,6.238,3,1258,6310
4820,20.846,14.839,6.007,3,1294,6452
4821,20.602,14.399,6.203,3,1290,6446
4822,20.824,14.552,6.272,3,1292,6480
4823,21.330,15.178,6.153,3,1276,6438
4824,20.562,14.489,6.073,3,1284,6480
4825,20.544,14.575,5.969,3,1274,6482
4826,20.449,14.518,5.931,3,1278,6470
4827,20.823,14.693,6.130,3,1270,6464
4828,20.457,14.555,5.903,3,1276,6490
4829,21.689,15.675,6.014,3,1288,6496
4830,20.679,14.605,6.075,3,1300,6480
4831,20.853,14.576,6.277,3,1284,6430
4832,21.614,15.613,6.001,3,1286,6454
4833,20.703,14.910,5.794,3,1262,6404
4834,20.311,14.368,5.942,3,1274,6452
4835,21.050,14.921,6.129,3,1290,6504
4836,20.701,14.653,6.048,3,1296,6526
4837,20.596,14.561,6.035,3,1296,6540
4838,20.535,14.566,5.969,3,1296,6560
4839,20.660,14.771,5.890,3,1278,6510
4840,20.523,14.578,5.945,3,1284,6522
4841,20.517,14.451,6.066,3,1274,6484
4842,20.396,14.439,5.957,3,1270,6484
4843,20.555,14.494,6.062,3,1262,6418
4844,20.765,14.659,6.106,3,1270,6456
4845,20.561,14.656,5.905,3,1258,6468
4846,20.373,14.504,5.869,3,1272,6544
4847,20.602,14.459,6.143,3,1274,6530
4848,21.041,14.947,6.094,3,1296,6584
4849,20.851,14.871,5.980,3,1282,6540
4850,20.816,14.720,6.097,3,1296,6602
4851,20.886,14.747,6.139,3,1284,6510
4852,21.020,15.040,5.980,3,1278,6490
4853,20.612,14.546,6.065,3,1274,6468
4854,20.823,14.699,6.125,3,1284,6454
4855,20.794,14.742,6.052,3,1272,6436
4856,20.649,14.590,6.059,3,1280,6498
4857,20.827,14.738,6.089,3,1266,6472
4858,20.784,14.734,6.050,3,1274,6488
4859,20.755,14.809,5.947,3,1268,6482
4860,20.601,14.657,5.944,3,1274,6514
4861,20.605,14.534,6.070,3,1268,6480
4862,20.503,14.587,5.916,3,1272,6484
4863,20.820,14.551,6.269,3,1254,6402
4864,20.832,14.864,5.968,3,1256,6432
4865,20.744,14.873,5.872,3,1248,6410
4866,20.691,14.438,6.253,3,1256,6440
4867,20.383,14.461,5.923,3,1248,6400
4868,20.397,14.490,5.907,3,1252,6412
4869,20.224,14.400,5.824,3,1242,6382
4870,20.566,14.732,5.834,3,1248,6392
4871,21.000,15.112,5.888,3,1244,6564
4872,20.916,15.053,5.864,3,1254,6622
4873,21.066,15.252,5.813,3,1238,6548
4874,21.250,15.361,5.889,3,1240,6556
4875,21.876,15.819,6.057,3,1244,6538
4876,21.439,15.495,5.943,3,1252,6512
4877,21.110,15.270,5.840,3,1230,6486
4878,22.933,16.193,6.740,3,1242,6530
4879,22.311,15.875,6.436,3,1230,6456
4880,23.930,17.829,6.102,3,1232,6484
4881,21.981,16.085,5.896,3,1220,6486
4882,22.258,16.254,6.004,3,1202,6422
4883,22.196,16.284,5.912,3,1192,6382
4884,21.063,15.208,5.854,3,1236,6518
4885,20.762,14.899,5.864,3,1228,6476
4886,20.958,15.135,5.823,3,1236,6492
4887,20.720,14.876,5.843,3,1232,6498
4888,20.782,14.924,5.858,3,1236,6532
4889,20.705,14.951,5.755,3,1220,6496
4890,20.944,15.062,5.882,3,1222,6502
4891,20.638,14.859,5.778,3,1214,6442
4892,20.913,15.146,5.767,3,1232,6502
4893,20.496,14.744,5.752,3,1220,6462
4894,20.785,14.958,5.827,3,1228,6494
4895,20.508,14.736,5.772,3,1224,6490
4896,20.905,14.704,6.201,3,1226,6492
4897,20.608,14.838,5.770,3,1220,6494
4898,21.321,15.360,5.961,3,1222,6530
4899,20.878,15.119,5.758,3,1216,6488
4900,21.589,15.761,5.829,3,1226,6514
4901,21.008,14.950,6.059,3,1204,6432
4902,20.558,14.781,5.777,3,1204,6428
4903,20.461,14.778,5.683,3,1198,6384
4904,20.628,14.885,5.743,3,1202,6380
4905,20.696,14.820,5.876,3,1194,6392
4906,20.577,14.857,5.719,3,1200,6382
4907,20.684,14.980,5.704,3,1188,6370
4908,20.561,14.851,5.710,3,1200,6412
4909,20.691,14.884,5.807,3,1188,6400
4910,20.823,14.964,5.858,3,1192,6420
4911,20.831,15.085,5.746,3,1186,6378
4912,20.803,15.058,5.745,3,1198,6434
4913,20.766,14.934,5.833,3,1180,6362
4914,20.744,15.080,5.664,3,1182,6316
4915,20.733,14.917,5.816,3,1172,6262
4916,20.504,14.826,5.678,3,1178,6312
4917,20.441,14.668,5.773,3,1174,6254
4918,20.667,14.834,5.833,3,1196,6322
4919,21.149,15.108,6.041,3,1186,6322
4920,20.910,15.151,5.760,3,1210,6474
4921,20.683,14.981,5.702,3,1198,6448
4922,21.161,15.318,5.843,3,1210,6480
4923,20.821,15.083,5.737,3,1198,6406
4924,21.146,15.320,5.826,3,1224,6568
4925,21.169,15.335,5.834,3,1214,6488
4926,21.277,15.087,6.190,3,1216,6512
4927,21.146,15.298,5.848,3,1206,6490
4928,22.740,16.861,5.878,3,1234,6634
4929,22.244,16.302,5.942,3,1230,6644
4930,21.567,15.680,5.886,3,1238,6676
4931,21.230,15.301,5.928,3,1234,6672
4932,21.668,15.462,6.206,3,1266,6838
4933,21.913,15.717,6.196,3,1262,6804
4934,21.922,15.572,6.350,3,1272,6814
4935,21.362,15.342,6.020,3,1268,6882
4936,23.757,16.746,7.011,3,1518,7802
4937,23.537,16.553,6.983,3,1518,7788
4938,23.495,16.507,6.988,3,1526,7792
4939,23.505,16.389,7.116,3,1510,7740
4940,23.500,16.499,7.000,3,1536,7876
4941,24.032,16.899,7.133,3,1524,7832
4942,23.889,16.523,7.366,3,1532,7878
4943,23.619,16.473,7.146,3,1536,7894
4944,24.328,16.874,7.453,3,1558,7994
4945,24.020,16.974,7.047,3,1542,7924
4946,24.433,17.309,7.125,3,1548,7916
4947,23.968,16.738,7.230,3,1542,7870
4948,25.536,18.125,7.411,3,1612,8136
4949,25.451,18.086,7.365,3,1616,8078
4950,27.692,20.200,7.492,3,1664,8312
4951,25.955,18.296,7.659,3,1658,8284
4952,25.181,17.496,7.686,3,1662,8228
4953,24.374,16.968,7.406,3,1638,8170
4954,24.953,17.464,7.488,3,1638,8190
4955,24.151,16.765,7.386,3,1634,8180
4956,24.374,16.939,7.435,3,1638,8114
4957,24.226,16.857,7.369,3,1626,8076
4958,23.941,16.439,7.502,3,1608,7982
4959,23.467,16.185,7.282,3,1580,7874
4960,23.876,16.753,7.122,3,1564,7814
4961,23.459,15.970,7.489,3,1536,7684
4962,23.183,16.075,7.109,3,1536,7688
4963,23.548,15.985,7.563,3,1524,7666
4964,23.442,16.484,6.959,3,1526,7650
4965,23.091,16.133,6.958,3,1490,7544
4966,22.758,15.856,6.901,3,1478,7520
4967,24.707,17.700,7.007,3,1446,7444
4968,23.503,16.402,7.101,3,1448,7428
4969,21.980,15.377,6.603,3,1412,7250
4970,21.948,15.438,6.510,3,1388,7168
4971,21.823,15.492,6.331,3,1344,7018
4972,22.141,15.788,6.353,3,1328,6858
4973,21.903,15.637,6.267,3,1294,6742
4974,21.260,15.048,6.212,3,1286,6762
4975,20.891,14.634,6.257,3,1260,6620
4976,21.138,14.876,6.261,3,1266,6680
4977,21.199,15.062,6.138,3,1256,6668
4978,21.256,14.882,6.374,3,1264,6726
4979,20.812,14.725,6.087,3,1272,6738
4980,20.807,14.701,6.106,3,1276,6792
4981,20.746,14.806,5.940,3,1256,6660
4982,21.221,14.887,6.334,3,1274,6724
4983,20.948,14.773,6.176,3,1266,6688
4984,20.957,14.896,6.061,3,1274,6708
4985,21.015,14.801,6.214,3,1244,6620
4986,21.117,15.029,6.088,3,1254,6632
4987,20.771,14.800,5.972,3,1246,6574
4988,20.890,14.919,5.971,3,1258,6598
4989,21.105,15.080,6.025,3,1242,6554
4990,21.606,15.342,6.264,3,1276,6642
4991,21.138,14.789,6.349,3,1266,6580
4992,21.233,15.077,6.156,3,1272,6610
4993,21.133,14.857,6.276,3,1262,6576
4994,20.939,14.885,6.054,3,1276,6656
4995,21.327,14.990,6.338,3,1268,6598
4996,21.241,14.959,6.282,3,1272,6612
4997,21.077,15.085,5.992,3,1256,6564
4998,21.182,14.818,6.364,3,1270,6628
4999,21.107,14.761,6.346,3,1272,6692
5000,21.077,14.936,6.141,3,1280,6776
5001,21.352,15.081,6.272,3,1284,6776
5002,20.930,14.638,6.292,3,1286,6822
5003,20.840,14.824,6.016,3,1278,6672
5004,21.471,15.076,6.395,3,1286,6716
5005,21.031,14.950,6.081,3,1276,6678
5006,21.330,14.852,6.478,3,1288,6732
5007,20.987,14.852,6.134,3,1288,6652
5008,20.930,14.797,6.133,3,1282,6650
5009,20.750,14.615,6.135,3,1270,6530
5010,20.883,14.665,6.218,3,1260,6540
5011,21.010,14.834,6.176,3,1264,6498
5012,20.980,14.774,6.206,3,1308,6714
5013,21.272,14.891,6.381,3,1300,6628
5014,22.103,15.878,6.225,3,1310,6624
5015,21.839,15.591,6.248,3,1302,6580
5016,22.984,16.715,6.269,3,1308,6594
5017,22.825,16.595,6.230,3,1292,6546
5018,22.762,16.443,6.319,3,1308,6590
5019,22.546,16.345,6.201,3,1300,6604
5020,22.014,15.713,6.300,3,1308,6634
5021,21.262,15.041,6.221,3,1310,6624
5022,20.975,14.759,6.216,3,1322,6666
5023,21.332,14.876,6.456,3,1324,6668
5024,21.497,14.935,6.561,3,1330,6656
5025,21.287,14.992,6.295,3,1316,6582
5026,21.251,14.812,6.439,3,1330,6598
5027,20.985,14.750,6.234,3,1304,6504
5028,21.153,14.906,6.248,3,1314,6542
5029,21.145,14.900,6.245,3,1308,6562
5030,21.008,14.825,6.183,3,1316,6562
5031,21.247,15.046,6.201,3,1318,6562
5032,21.326,15.072,6.255,3,1330,6622
5033,21.048,14.777,6.271,3,1306,6564
5034,21.213,15.015,6.198,3,1330,6608
5035,20.853,14.703,6.151,3,1320,6570
5036,21.237,14.807,6.429,3,1332,6608
5037,21.523,15.310,6.213,3,1336,6602
5038,21.474,15.080,6.394,3,1342,6610
5039,20.990,14.784,6.206,3,1320,6566
5040,21.433,15.251,6.182,3,1332,6580
5041,20.926,14.551,6.375,3,1326,6574
5042,21.502,15.176,6.326,3,1342,6640
5043,21.067,14.806,6.261,3,1348,6702
5044,21.890,15.529,6.361,3,1358,6740
5045,21.277,14.905,6.372,3,1368,6762
5046,21.269,14.888,6.381,3,1382,6802
5047,21.563,15.125,6.438,3,1378,6828
5048,22.232,15.750,6.482,3,1398,6984
5049,22.201,15.666,6.536,3,1398,6992
5050,22.102,15.564,6.538,3,1406,7044
5051,21.784,15.300,6.484,3,1406,7046
5052,22.387,15.767,6.620,3,1418,7048
5053,22.291,15.796,6.495,3,1404,7046
5054,22.139,15.558,6.581,3,1412,7076
5055,22.274,15.764,6.510,3,1400,7030
5056,22.222,15.514,6.707,3,1430,7066
5057,22.134,15.466,6.667,3,1430,7066
5058,22.341,15.707,6.635,3,1440,7096
5059,22.588,15.663,6.925,3,1424,7042
5060,22.611,15.782,6.829,3,1430,7080
5061,22.332,15.572,6.760,3,1422,7078
5062,22.864,16.028,6.836,3,1430,7122
5063,23.530,16.499,7.031,3,1416,7114
5064,23.004,16.190,6.814,3,1430,7130
5065,22.330,15.715,6.615,3,1430,7146
5066,22.869,16.079,6.790,3,1442,7130
5067,22.282,15.616,6.665,3,1452,7172
5068,22.285,15.529,6.757,3,1464,7192
5069,22.462,15.712,6.750,3,1462,7196
5070,22.502,15.783,6.720,3,1466,7188
5071,22.494,15.759,6.736,3,1452,7140
5072,22.380,15.606,6.774,3,1470,7216
5073,22.665,15.903,6.762,3,1466,7216
5074,22.558,15.650,6.908,3,1458,7176
5075,22.591,15.671,6.921,3,1454,7116
5076,22.902,15.904,6.998,3,1500,7268
5077,22.482,15.579,6.903,3,1496,7302
5078,23.061,15.896,7.166,3,1514,7334
5079,22.731,15.759,6.972,3,1504,7296
5080,23.262,16.288,6.974,3,1526,7376
5081,23.000,16.089,6.911,3,1514,7380
5082,23.533,16.458,7.075,3,1532,7430
5083,23.558,16.610,6.948,3,1534,7418
5084,24.288,17.249,7.038,3,1548,7472
5085,24.958,17.660,7.297,3,1542,7410
5086,24.678,17.014,7.664,3,1562,7444
5087,24.006,16.626,7.380,3,1560,7468
5088,23.366,16.297,7.069,3,1568,7430
5089,23.049,15.905,7.144,3,1580,7502
5090,23.292,16.127,7.165,3,1596,7548
5091,23.098,15.979,7.119,3,1582,7564
5092,23.535,16.138,7.397,3,1610,7604
5093,23.650,16.386,7.264,3,1610,7614
5094,23.210,15.924,7.286,3,1626,7604
5095,23.496,16.172,7.324,3,1630,7582
5096,23.596,16.009,7.587,3,1646,7614
5097,23.588,16.082,7.506,3,1632,7544
5098,23.594,16.282,7.312,3,1638,7596
5099,23.664,16.045,7.620,3,1616,7554
5100,23.645,16.228,7.417,3,1648,7630
5101,23.729,15.958,7.772,3,1652,7614
5102,23.870,16.246,7.624,3,1656,7636
5103,24.122,16.529,7.593,3,1646,7598
5104,23.593,16.140,7.453,3,1634,7578
5105,23.457,16.113,7.345,3,1606,7526
5106,23.570,16.346,7.224,3,1608,7476
5107,23.941,16.651,7.291,3,1606,7534
5108,23.466,15.989,7.477,3,1598,7468
5109,23.909,15.938,7.970,3,1590,7452
5110,23.321,16.163,7.159,3,1580,7390
5111,23.096,15.866,7.231,3,1568,7340
5112,23.041,15.955,7.086,3,1570,7326
5113,22.904,15.927,6.977,3,1554,7296
5114,23.430,16.221,7.208,3,1560,7344
5115,22.867,15.870,6.998,3,1548,7394
5116,21.805,15.270,6.535,3,1446,7044
5117,21.709,15.159,6.549,3,1426,6942
5118,21.625,15.202,6.423,3,1424,6918
5119,21.867,15.512,6.354,3,1408,6908
5120,21.977,15.527,6.450,3,1404,6926
5121,21.724,15.374,6.350,3,1394,6920
5122,21.886,15.343,6.544,3,1384,6846
5123,21.647,15.289,6.358,3,1372,6798
5124,21.634,15.396,6.238,3,1374,6794
5125,21.776,15.579,6.197,3,1360,6762
5126,21.765,15.288,6.478,3,1364,6774
5127,21.799,15.054,6.744,3,1350,6758
5128,21.699,15.488,6.211,3,1354,6778
5129,21.371,15.228,6.144,3,1342,6780
5130,21.964,15.626,6.337,3,1352,6814
5131,21.617,15.282,6.335,3,1344,6776
5132,21.459,15.229,6.231,3,1352,6772
5133,21.175,15.056,6.119,3,1346,6762
5134,21.289,15.093,6.196,3,1352,6708
5135,21.362,15.208,6.154,3,1340,6702
5136,21.287,15.120,6.167,3,1336,6654
5137,21.567,15.319,6.248,3,1328,6686
5138,21.413,15.235,6.178,3,1314,6604
5139,21.362,15.273,6.089,3,1304,6608
5140,21.612,15.069,6.543,3,1340,6666
5141,45.027,20.543,24.484,8,1850,12452
5142,27.985,19.854,8.131,6,1868,12422
5143,28.285,20.190,8.095,6,1866,12416
5144,28.556,20.222,8.334,6,1878,12524
5145,28.466,20.163,8.303,6,1870,12584
5146,28.381,20.186,8.194,6,1882,12658
5147,29.373,21.013,8.360,6,1870,12674
5148,30.028,21.626,8.402,6,1880,12668
5149,29.473,21.000,8.472,6,1866,12596
5150,29.691,21.384,8.307,6,1876,12654
5151,29.470,21.203,8.267,6,1870,12684
5152,29.090,20.198,8.893,6,1882,12738
5153,28.939,20.526,8.413,6,1870,12784
5154,28.986,20.645,8.342,6,1882,12732
5155,28.938,20.647,8.290,6,1876,12778
5156,28.967,20.597,8.370,6,1884,12718
5157,28.962,20.693,8.269,6,1872,12720
5158,28.864,20.680,8.184,6,1880,12700
5159,28.404,20.180,8.225,6,1868,12664
5160,28.831,20.540,8.291,6,1882,12668
5161,10.628,9.668,0.960,2,24,2236
5162,34.525,20.600,13.925,6,1872,12610
5163,10.797,9.807,0.990,2,24,2236
5164,34.827,20.974,13.853,6,1868,12616
5165,10.831,9.662,1.168,2,24,2236
5166,34.520,20.505,14.015,6,1858,12596
5167,10.842,9.915,0.927,2,24,2236
5168,34.927,21.186,13.741,6,1864,12616
5169,10.812,9.656,1.156,2,24,2236
5170,34.889,20.926,13.964,6,1846,12598
5171,10.812,9.867,0.945,2,24,2236
5172,34.900,21.156,13.744,6,1864,12646
5173,10.736,9.723,1.013,2,24,2236
5174,34.724,20.809,13.915,6,1854,12594
5175,10.659,9.715,0.944,2,24,2236
5176,34.622,20.751,13.871,6,1868,12654
5177,10.682,9.689,0.993,2,24,2236
5178,34.370,20.450,13.919,6,1866,12668
5179,10.676,9.674,1.003,2,24,2236
5180,34.897,20.834,14.062,6,1896,12766
5181,10.909,9.835,1.073,2,24,2236
5182,35.021,21.098,13.923,6,1882,12792
5183,10.696,9.783,0.913,2,24,2236
5184,35.233,21.297,13.936,6,1896,12804
5185,10.792,9.758,1.034,2,24,2236
5186,30.419,16.792,13.627,3,1392,7268
5187,10.900,9.846,1.054,2,24,2236
5188,28.179,16.101,12.078,3,1398,7120
5189,22.381,16.017,6.364,3,1400,7194
5190,23.857,17.438,6.419,3,1410,7212
5191,23.350,16.918,6.433,3,1400,7190
5192,23.143,16.645,6.498,3,1412,7248
5193,22.741,16.226,6.514,3,1394,7232
5194,22.996,16.504,6.492,3,1408,7256
5195,22.772,16.364,6.409,3,1392,7198
5196,22.947,16.468,6.479,3,1400,7256
5197,22.754,16.333,6.422,3,1386,7228
5198,23.286,16.492,6.794,3,1442,7430
5199,24.392,17.890,6.502,3,1426,7442
5200,23.436,16.747,6.689,3,1450,7598
5201,23.605,16.923,6.682,3,1464,7696
5202,23.573,16.769,6.803,3,1482,7766
5203,24.098,17.282,6.816,3,1476,7814
5204,24.121,17.055,7.065,3,1486,7826
5205,24.442,17.555,6.887,3,1484,7906
5206,24.942,17.705,7.237,3,1500,7964
5207,24.928,18.084,6.844,3,1476,8072
5208,24.704,17.833,6.871,3,1490,8068
5209,28.410,19.353,9.057,3,1490,8120
5210,26.129,19.075,7.054,3,1512,8252
5211,26.137,19.169,6.968,3,1492,8240
5212,27.308,20.438,6.869,3,1510,8312
5213,25.613,18.711,6.902,3,1506,8306
5214,25.597,18.722,6.875,3,1520,8524
5215,26.008,18.827,7.181,3,1520,8582
5216,25.788,18.804,6.984,3,1510,8548
5217,25.747,18.751,6.997,3,1494,8478
5218,26.321,19.116,7.205,3,1558,8678
5219,26.128,19.182,6.946,3,1534,8648
5220,26.496,19.359,7.137,3,1546,8732
5221,26.809,19.788,7.021,3,1532,8832
5222,26.631,19.617,7.015,3,1544,8950
5223,26.418,19.420,6.997,3,1542,9002
5224,26.975,19.995,6.980,3,1556,9072
5225,29.800,22.774,7.026,3,1540,9090
5226,28.481,20.944,7.537,3,1552,9126
5227,28.033,20.404,7.630,3,1546,9082
5228,27.277,19.981,7.296,3,1556,9034
5229,27.432,20.273,7.158,3,1536,9022
5230,28.034,20.980,7.054,3,1544,8966
5231,26.698,19.787,6.911,3,1494,8490
5232,26.755,19.822,6.934,3,1506,8518
5233,25.998,18.945,7.054,3,1494,8492
5234,25.946,18.992,6.954,3,1502,8516
5235,25.653,18.693,6.960,3,1478,8382
5236,26.089,19.163,6.926,3,1486,8420
5237,25.468,18.747,6.722,3,1478,8378
5238,25.474,18.527,6.947,3,1484,8344
5239,25.494,18.875,6.620,3,1460,8238
5240,25.952,19.215,6.738,3,1476,8434
5241,26.058,19.091,6.967,3,1464,8404
5242,25.826,19.041,6.785,3,1474,8422
5243,25.857,19.095,6.763,3,1462,8388
5244,25.625,18.934,6.691,3,1476,8440
5245,26.337,19.207,7.130,3,1454,8348
5246,25.259,18.594,6.665,3,1456,8222
5247,24.461,17.923,6.538,3,1428,7964
5248,23.943,17.421,6.522,3,1426,7824
5249,24.081,17.620,6.461,3,1416,7794
5250,10.592,9.618,0.975,2,24,2236
5251,30.238,17.707,12.531,3,1438,7860
5252,10.811,9.812,0.998,2,24,2236
5253,31.003,18.891,12.112,3,1410,7742
5254,10.778,9.806,0.971,2,24,2236
5255,29.773,17.560,12.213,3,1420,7766
5256,10.773,9.788,0.986,2,24,2236
5257,29.619,17.482,12.137,3,1406,7732
5258,10.745,9.719,1.026,2,24,2236
5259,29.423,17.138,12.285,3,1418,7734
5260,10.809,9.838,0.971,2,24,2236
5261,29.246,17.032,12.215,3,1430,7730
5262,10.669,9.684,0.986,2,24,2236
5263,30.196,17.770,12.426,3,1452,7830
5264,10.689,9.718,0.971,2,24,2236
5265,29.874,17.437,12.436,3,1442,7832
5266,10.860,9.768,1.092,2,24,2236
5267,29.581,17.132,12.449,3,1446,7806
5268,10.665,9.662,1.003,2,24,2236
5269,31.539,17.559,13.980,3,1432,7744
5270,11.243,10.233,1.010,2,24,2236
5271,30.434,18.445,11.990,3,1440,7692
5272,11.577,10.578,0.999,2,24,2236
5273,30.428,18.912,11.516,3,1428,7638
5274,11.644,10.539,1.105,2,24,2236
5275,29.727,17.940,11.787,3,1432,7596
5276,11.086,10.114,0.972,2,24,2236
5277,29.266,16.456,12.810,3,1410,7482
5278,10.969,9.969,0.999,2,24,2236
5279,28.518,16.501,12.017,3,1416,7458
5280,11.095,10.131,0.963,2,24,2236
5281,28.520,16.585,11.935,3,1414,7522
5282,10.661,9.660,1.001,2,24,2236
5283,34.468,21.828,12.640,5,1484,8840
5284,28.858,21.882,6.976,5,1470,8858
5285,10.926,9.774,1.153,2,24,2236
5286,35.338,22.624,12.714,5,1518,9128
5287,10.707,9.725,0.982,2,24,2236
5288,35.590,22.804,12.786,5,1506,9214
5289,10.675,9.697,0.979,2,24,2236
5290,35.601,22.750,12.851,5,1518,9302
5291,10.642,9.649,0.993,2,24,2236
5292,35.516,22.656,12.860,5,1516,9250
5293,10.741,9.768,0.974,2,24,2236
5294,35.710,22.918,12.792,5,1550,9494
5295,10.871,9.892,0.979,2,24,2236
5296,36.361,23.583,12.778,5,1558,9696
5297,10.861,9.715,1.146,2,24,2236
5298,36.980,23.929,13.051,5,1578,9828
5299,10.844,9.719,1.125,2,24,2236
5300,37.376,24.351,13.025,5,1558,9762
5301,10.739,9.592,1.147,2,24,2236
5302,36.839,23.768,13.071,5,1526,9536
5303,10.811,9.711,1.100,2,24,2236
5304,37.055,24.060,12.994,5,1516,9564
5305,10.913,9.801,1.112,2,24,2236
5306,36.743,23.838,12.905,5,1522,9526
5307,11.267,10.150,1.117,2,24,2236
5308,36.535,24.097,12.438,5,1474,9450
5309,11.107,9.976,1.131,2,24,2236
5310,36.967,24.311,12.657,5,1512,9590
5311,10.819,9.686,1.133,2,24,2236
5312,37.647,24.773,12.873,5,1528,9728
5313,10.832,9.753,1.079,2,24,2236
5314,38.589,25.082,13.507,5,1546,9914
5315,11.012,9.718,1.294,2,24,2236
5316,39.834,26.079,13.754,5,1546,10052
5317,11.190,10.080,1.110,2,24,2236
5318,40.045,25.810,14.236,5,1542,10248
5319,10.897,9.752,1.145,2,24,2236
5320,38.672,25.799,12.873,5,1530,10090
5321,11.458,10.150,1.307,2,24,2236
5322,38.559,25.972,12.587,5,1542,10142
5323,10.980,9.828,1.152,2,24,2236
5324,38.877,25.952,12.925,5,1544,10342
5325,11.004,9.868,1.137,2,24,2236
5326,38.516,25.686,12.829,5,1542,10324
5327,10.726,9.671,1.055,2,24,2236
5328,38.855,25.822,13.033,5,1510,10230
5329,10.795,9.743,1.052,2,24,2236
5330,38.895,25.923,12.972,5,1536,10410
5331,10.764,9.629,1.135,2,24,2236
5332,39.194,26.209,12.986,5,1536,10518
5333,11.545,10.393,1.152,2,24,2236
5334,39.088,26.732,12.357,5,1544,10586
5335,11.646,10.440,1.205,2,24,2236
5336,40.790,28.473,12.316,5,1528,10406
5337,11.779,10.508,1.271,2,24,2236
5338,39.838,27.562,12.276,5,1530,10378
5339,11.643,10.523,1.120,2,24,2236
5340,38.921,26.702,12.219,5,1530,10450
5341,10.948,9.756,1.192,2,24,2236
5342,39.106,26.166,12.940,5,1542,10458
5343,10.787,9.684,1.103,2,24,2236
5344,39.193,26.129,13.064,5,1552,10446
5345,11.286,9.919,1.367,2,24,2236
5346,40.505,27.597,12.908,5,1556,10372
5347,11.208,10.032,1.176,2,24,2236
5348,38.296,25.690,12.606,5,1528,10170
5349,10.972,9.718,1.255,2,24,2236
5350,38.990,25.845,13.145,5,1534,10120
5351,10.893,9.793,1.101,2,24,2236
5352,38.088,25.235,12.853,5,1512,9776
5353,11.460,10.233,1.227,2,24,2236
5354,37.943,25.566,12.377,5,1518,9816
5355,11.219,9.748,1.471,2,24,2236
5356,39.775,26.631,13.144,5,1466,9720
5357,10.877,9.774,1.103,2,24,2236
5358,38.779,25.755,13.024,5,1478,9752
5359,10.967,9.814,1.154,2,24,2236
5360,38.465,25.721,12.744,5,1476,9736
5361,10.820,9.672,1.149,2,24,2236
5362,38.285,25.492,12.793,5,1488,9834
5363,10.883,9.785,1.098,2,24,2236
5364,37.941,25.232,12.709,5,1482,9824
5365,10.812,9.709,1.103,2,24,2236
5366,38.320,25.515,12.805,5,1496,9944
5367,10.932,9.733,1.199,2,24,2236
5368,38.310,25.530,12.780,5,1502,10004
5369,10.970,9.842,1.129,2,24,2236
5370,37.977,25.274,12.703,5,1506,9998
5371,11.229,9.932,1.296,2,24,2236
5372,38.223,25.313,12.910,5,1500,10026
5373,11.098,10.006,1.091,2,24,2236
5374,37.936,25.469,12.466,5,1500,10038
5375,10.662,9.683,0.978,2,24,2236
5376,38.554,25.699,12.855,5,1518,10116
5377,10.613,9.614,0.999,2,24,2236
5378,38.568,25.638,12.931,5,1526,10156
5379,10.624,9.631,0.993,2,24,2236
5380,39.242,26.264,12.978,5,1524,10154
5381,10.967,9.964,1.003,2,24,2236
5382,38.569,25.977,12.592,5,1522,10108
5383,11.580,9.739,1.841,2,24,2236
5384,38.136,25.478,12.657,5,1496,9988
5385,10.778,9.697,1.081,2,24,2236
5386,37.901,25.147,12.754,5,1490,9932
5387,10.765,9.801,0.964,2,24,2236
5388,37.376,24.760,12.616,5,1482,9940
5389,10.776,9.805,0.971,2,24,2236
5390,37.687,24.966,12.721,5,1496,9994
5391,10.731,9.776,0.955,2,24,2236
5392,37.295,24.626,12.670,5,1492,10056
5393,10.733,9.764,0.969,2,24,2236
5394,38.101,25.300,12.801,5,1506,10076
5395,11.262,9.869,1.393,2,24,2236
5396,39.171,26.480,12.691,5,1500,9990
5397,12.213,11.204,1.009,2,24,2236
5398,32.762,19.951,12.811,3,1480,8396
5399,11.741,10.756,0.986,2,24,2236
5400,30.857,19.306,11.551,3,1464,8370
5401,11.523,10.168,1.354,2,24,2236
5402,31.721,19.180,12.540,3,1468,8326
5403,10.976,10.013,0.963,2,24,2236
5404,31.551,19.310,12.241,3,1442,8260
5405,10.742,9.659,1.083,2,24,2236
5406,30.585,18.300,12.285,3,1382,7860
5407,10.746,9.704,1.042,2,24,2236
5408,30.447,18.215,12.232,3,1364,7794
5409,10.762,9.748,1.014,2,24,2236
5410,30.395,18.239,12.156,3,1380,7840
5411,10.656,9.661,0.996,2,24,2236
5412,30.395,18.180,12.215,3,1372,7822
5413,10.690,9.695,0.995,2,24,2236
5414,30.305,18.025,12.280,3,1378,7852
5415,10.725,9.731,0.993,2,24,2236
5416,30.055,17.939,12.116,3,1338,7636
5417,10.931,9.945,0.986,2,24,2236
5418,29.533,17.543,11.990,3,1374,7766
5419,10.537,9.567,0.970,2,24,2236
5420,29.622,17.435,12.187,3,1354,7632
5421,10.668,9.712,0.956,2,24,2236
5422,29.097,16.996,12.101,3,1356,7510
5423,10.650,9.690,0.960,2,24,2236
5424,29.134,17.088,12.046,3,1342,7498
5425,10.649,9.681,0.968,2,24,2236
5426,29.461,17.402,12.058,3,1342,7438
5427,11.034,10.041,0.993,2,24,2236
5428,28.611,16.976,11.636,3,1334,7362
5429,10.670,9.697,0.973,2,24,2236
5430,29.262,17.202,12.060,3,1342,7382
5431,11.084,9.796,1.288,2,24,2236
5432,28.462,16.596,11.866,3,1324,7308
5433,10.790,9.685,1.105,2,24,2236
5434,28.713,16.717,11.997,3,1330,7326
5435,10.793,9.714,1.079,2,24,2236
5436,28.705,16.733,11.972,3,1322,7316
5437,10.883,9.799,1.084,2,24,2236
5438,28.813,16.780,12.033,3,1296,7182
5439,10.734,9.640,1.094,2,24,2236
5440,28.714,16.626,12.088,3,1294,7166
5441,10.770,9.649,1.120,2,24,2236
5442,29.390,17.354,12.037,3,1338,7268
5443,11.008,9.788,1.220,2,24,2236
5444,28.215,16.352,11.863,3,1318,7144
5445,10.713,9.711,1.002,2,24,2236
5446,30.542,17.322,13.220,3,1322,7132
5447,11.333,10.225,1.108,2,24,2236
5448,27.523,16.106,11.417,3,1314,7096
5449,10.849,9.727,1.122,2,24,2236
5450,27.923,16.008,11.915,3,1316,7052
5451,10.808,9.715,1.093,2,24,2236
5452,28.834,16.538,12.296,3,1308,6994
5453,10.724,9.742,0.982,2,24,2236
5454,29.433,15.933,13.500,3,1314,6940
5455,11.015,9.980,1.035,2,24,2236
5456,27.236,15.672,11.563,3,1298,6860
5457,10.879,9.764,1.115,2,24,2236
5458,27.507,15.661,11.847,3,1302,6840
5459,10.900,9.722,1.178,2,24,2236
5460,26.896,15.096,11.800,3,1286,6658
5461,10.759,9.712,1.047,2,24,2236
5462,26.993,15.175,11.818,3,1290,6650
5463,10.892,9.725,1.167,2,24,2236
5464,26.724,14.896,11.828,3,1286,6606
5465,10.695,9.773,0.921,2,24,2236
5466,27.546,15.150,12.395,3,1298,6550
5467,10.787,9.764,1.024,2,24,2236
5468,26.860,15.078,11.782,3,1278,6480
5469,21.100,14.940,6.160,3,1286,6510
5470,21.829,15.805,6.024,3,1268,6456
5471,22.247,15.586,6.661,3,1270,6434
5472,21.769,15.742,6.028,3,1274,6474
5473,21.765,15.848,5.917,3,1278,6488
5474,21.736,15.446,6.290,3,1266,6478
5475,21.219,15.302,5.917,3,1236,6354
5476,20.838,14.753,6.086,3,1266,6494
5477,21.154,14.978,6.177,3,1274,6540
5478,20.696,14.774,5.922,3,1266,6524
5479,20.905,14.872,6.033,3,1272,6498
5480,21.032,14.812,6.220,3,1260,6470
5481,21.395,15.516,5.879,3,1268,6460
5482,20.660,14.590,6.070,3,1264,6438
5483,20.829,14.756,6.074,3,1272,6456
5484,20.802,14.926,5.876,3,1266,6456
5485,21.002,14.962,6.041,3,1274,6484
5486,21.101,15.121,5.980,3,1278,6548
5487,21.093,14.817,6.276,3,1282,6554
5488,21.181,15.143,6.038,3,1276,6542
5489,21.694,14.974,6.720,3,1280,6572
5490,21.285,14.934,6.351,3,1282,6622
5491,21.004,14.964,6.040,3,1284,6604
5492,21.210,14.999,6.211,3,1272,6574
5493,21.283,15.017,6.266,3,1280,6600
5494,21.036,14.935,6.101,3,1270,6592
5495,21.430,15.492,5.938,3,1272,6602
5496,22.106,15.941,6.165,3,1266,6596
5497,21.380,15.271,6.109,3,1270,6574
5498,21.038,15.073,5.965,3,1266,6566
5499,21.055,14.932,6.123,3,1274,6598
5500,20.963,14.694,6.269,3,1264,6562
5501,20.774,14.874,5.901,3,1270,6546
5502,21.545,15.416,6.129,3,1266,6544
5503,20.802,14.781,6.021,3,1268,6526
5504,20.984,14.858,6.126,3,1264,6510
5505,21.280,15.202,6.078,3,1270,6498
5506,20.982,14.965,6.016,3,1264,6488
5507,21.344,15.218,6.127,3,1264,6490
5508,20.996,14.860,6.136,3,1258,6500
5509,20.685,14.713,5.973,3,1258,6494
5510,21.215,15.169,6.046,3,1246,6476
5511,21.154,14.886,6.268,3,1250,6468
5512,21.169,14.891,6.279,3,1274,6530
5513,21.387,15.080,6.307,3,1296,6604
5514,21.469,15.098,6.371,3,1312,6684
5515,21.650,15.150,6.500,3,1326,6682
5516,21.624,15.103,6.521,3,1338,6758
5517,22.196,15.211,6.985,3,1318,6648
5518,21.756,15.289,6.468,3,1298,6606
5519,21.798,15.231,6.566,3,1350,6730
5520,21.779,15.364,6.415,3,1346,6750
5521,21.636,15.245,6.391,3,1350,6700
5522,21.652,15.197,6.455,3,1342,6690
5523,22.065,15.460,6.606,3,1346,6664
5524,22.075,15.589,6.486,3,1332,6658
5525,21.631,15.177,6.454,3,1332,6582
5526,21.582,15.282,6.300,3,1320,6552
5527,22.402,15.890,6.512,3,1326,6674
5528,21.894,15.643,6.251,3,1312,6652
5529,22.003,15.737,6.266,3,1318,6652
5530,21.906,15.543,6.363,3,1312,6650
5531,21.950,15.393,6.556,3,1320,6658
5532,21.875,15.419,6.456,3,1318,6672
5533,21.887,15.633,6.254,3,1316,6638
5534,21.900,15.646,6.254,3,1300,6626
5535,22.211,15.952,6.259,3,1306,6636
5536,21.713,15.523,6.190,3,1290,6622
5537,21.954,15.754,6.200,3,1292,6610
5538,21.749,15.587,6.161,3,1276,6586
5539,21.660,15.310,6.350,3,1280,6576
5540,21.505,15.391,6.114,3,1264,6536
5541,22.595,16.431,6.164,3,1274,6556
5542,22.528,16.497,6.031,3,1246,6496
5543,22.678,16.560,6.119,3,1240,6476
5544,22.460,16.375,6.086,3,1236,6484
5545,22.302,16.200,6.101,3,1234,6490
5546,21.640,15.320,6.320,3,1226,6456
5547,21.328,15.274,6.054,3,1248,6516
5548,21.150,15.225,5.926,3,1228,6496
5549,21.923,15.813,6.110,3,1236,6496
5550,21.129,15.091,6.038,3,1240,6544
5551,21.320,15.411,5.909,3,1242,6522
5552,21.974,16.061,5.913,3,1236,6502
5553,21.299,15.257,6.042,3,1248,6568
5554,21.339,15.285,6.054,3,1238,6526
5555,21.005,15.032,5.973,3,1242,6524
5556,21.378,15.450,5.928,3,1236,6518
5557,21.091,15.134,5.957,3,1242,6518
5558,21.100,15.160,5.939,3,1238,6542
5559,21.317,15.344,5.973,3,1246,6564
5560,21.201,15.228,5.973,3,1244,6576
5561,21.139,15.178,5.961,3,1252,6578
5562,21.000,15.090,5.910,3,1252,6574
5563,21.158,15.194,5.963,3,1260,6594
5564,21.024,15.106,5.918,3,1252,6540
5565,21.179,15.084,6.095,3,1260,6578
5566,21.035,15.055,5.979,3,1250,6574
5567,21.165,15.218,5.947,3,1254,6598
5568,21.302,15.359,5.943,3,1254,6604
5569,20.919,14.945,5.975,3,1256,6580
5570,21.321,15.447,5.873,3,1250,6562
5571,21.627,15.643,5.984,3,1264,6636
5572,20.876,14.912,5.965,3,1256,6604
5573,21.378,15.041,6.338,3,1264,6594
5574,21.165,15.032,6.133,3,1258,6580
5575,21.115,15.025,6.091,3,1260,6576
5576,21.870,15.675,6.194,3,1262,6600
5577,20.933,14.924,6.010,3,1266,6650
5578,21.590,15.316,6.274,3,1252,6580
5579,21.116,15.020,6.096,3,1222,6494
5580,21.007,15.009,5.997,3,1244,6572
5581,21.141,15.028,6.114,3,1228,6478
5582,21.138,15.005,6.132,3,1224,6456
5583,20.989,14.860,6.130,3,1270,6630
5584,21.479,15.307,6.171,3,1258,6582
5585,21.542,15.396,6.146,3,1260,6574
5586,21.179,15.244,5.934,3,1258,6574
5587,21.572,15.301,6.271,3,1268,6606
5588,20.938,14.949,5.989,3,1264,6606
5589,22.438,16.180,6.257,3,1270,6640
5590,21.803,15.417,6.386,3,1262,6580
5591,20.923,14.954,5.969,3,1260,6570
5592,21.302,15.191,6.111,3,1264,6542
5593,20.947,14.831,6.116,3,1264,6536
5594,21.014,15.050,5.964,3,1250,6490
5595,21.067,14.854,6.213,3,1256,6508
5596,21.260,15.087,6.173,3,1250,6458
5597,21.393,15.258,6.136,3,1256,6458
5598,21.540,14.855,6.685,3,1254,6450
5599,21.058,14.911,6.147,3,1260,6492
5600,20.917,14.925,5.992,3,1250,6474
5601,21.326,15.030,6.296,3,1252,6490
5602,20.924,14.687,6.237,3,1254,6492
5603,20.903,14.917,5.986,3,1260,6510
5604,20.810,14.830,5.980,3,1250,6472
5605,20.777,14.757,6.021,3,1256,6488
5606,21.008,14.875,6.134,3,1254,6472
5607,20.913,14.923,5.990,3,1250,6484
5608,20.956,15.032,5.924,3,1248,6478
5609,20.693,14.701,5.992,3,1262,6490
5610,20.791,14.809,5.983,3,1256,6470
5611,23.912,15.907,8.005,3,1262,6490
5612,21.780,15.770,6.011,3,1250,6442
5613,22.072,16.054,6.018,3,1254,6484
5614,21.551,15.615,5.937,3,1240,6384
5615,22.110,16.185,5.924,3,1244,6402
5616,20.924,15.035,5.889,3,1242,6374
5617,21.757,15.888,5.869,3,1246,6378
5618,21.101,15.188,5.913,3,1244,6364
5619,22.806,15.910,6.897,3,1250,6368
5620,21.900,15.668,6.233,3,1244,6350
5621,22.814,15.256,7.559,3,1248,6354
5622,22.249,15.435,6.813,3,1238,6310
5623,22.570,15.726,6.844,3,1244,6320
5624,22.086,15.487,6.599,3,1234,6278
5625,22.011,15.460,6.551,3,1242,6316
5626,21.677,15.606,6.071,3,1246,6336
5627,21.307,15.165,6.142,3,1252,6338
5628,20.821,14.630,6.191,3,1242,6312
5629,21.408,14.789,6.619,3,1246,6348
5630,21.032,14.862,6.171,3,1246,6336
5631,21.602,15.415,6.187,3,1250,6390
5632,21.013,14.748,6.265,3,1244,6362
5633,22.323,15.809,6.514,3,1250,6378
5634,21.660,15.252,6.409,3,1236,6352
5635,20.881,14.801,6.080,3,1242,6368
5636,20.830,14.906,5.924,3,1232,6332
5637,20.856,14.674,6.182,3,1238,6352
5638,20.985,14.744,6.242,3,1238,6340
5639,21.489,14.977,6.512,3,1244,6352
5640,21.693,14.576,7.116,3,1238,6334
5641,23.308,15.087,8.222,3,1244,6348
5642,22.453,14.696,7.757,3,1234,6306
5643,22.545,14.826,7.719,3,1240,6352
5644,21.320,14.812,6.508,3,1238,6360
5645,22.120,14.853,7.267,3,1214,6254
5646,21.195,14.592,6.602,3,1204,6220
5647,21.076,14.924,6.152,3,1238,6348
5648,21.676,14.928,6.748,3,1236,6320
5649,21.596,14.886,6.711,3,1242,6346
5650,21.214,14.622,6.593,3,1234,6328
5651,21.607,14.834,6.773,3,1242,6366
5652,21.608,14.860,6.748,3,1236,6362
5653,20.919,14.727,6.193,3,1242,6398
5654,21.379,15.222,6.157,3,1236,6354
5655,20.904,14.715,6.190,3,1240,6388
5656,21.402,14.954,6.448,3,1232,6364
5657,20.814,14.601,6.213,3,1238,6380
5658,22.154,14.760,7.394,3,1232,6372
5659,21.049,14.758,6.291,3,1238,6374
5660,21.106,14.880,6.226,3,1234,6364
5661,22.173,14.724,7.449,3,1244,6378
5662,21.783,14.838,6.945,3,1258,6442
5663,21.049,14.792,6.257,3,1264,6438
5664,22.629,15.453,7.176,3,1254,6424
5665,21.569,14.844,6.725,3,1260,6426
5666,22.058,14.930,7.128,3,1258,6402
5667,21.942,14.923,7.019,3,1266,6454
5668,21.936,14.817,7.120,3,1262,6458
5669,21.371,14.866,6.505,3,1268,6476
5670,21.166,14.979,6.188,3,1266,6460
5671,21.240,15.044,6.195,3,1272,6474
5672,21.195,14.873,6.322,3,1262,6422
5673,21.746,14.812,6.934,3,1268,6464
5674,21.164,15.065,6.099,3,1258,6442
5675,21.439,15.284,6.155,3,1268,6486
5676,21.463,15.135,6.328,3,1268,6474
5677,21.920,15.646,6.274,3,1276,6494
5678,21.498,15.463,6.036,3,1282,6496
5679,22.137,15.814,6.323,3,1282,6484
5680,22.084,15.374,6.710,3,1274,6450
5681,22.189,16.001,6.188,3,1284,6468
5682,22.604,16.457,6.147,3,1282,6478
5683,22.439,16.291,6.147,3,1288,6478
5684,23.099,16.988,6.111,3,1282,6434
5685,23.025,16.686,6.340,3,1290,6472
5686,22.355,16.267,6.088,3,1280,6456
5687,22.830,16.603,6.227,3,1286,6498
5688,22.172,15.101,7.071,3,1284,6492
5689,23.547,15.196,8.351,3,1290,6534
5690,23.056,14.787,8.270,3,1280,6494
5691,21.541,15.102,6.439,3,1290,6560
5692,21.438,15.255,6.183,3,1284,6550
5693,21.207,14.969,6.238,3,1290,6564
5694,21.097,14.930,6.167,3,1294,6606
5695,22.165,15.714,6.451,3,1300,6646
5696,21.740,15.109,6.631,3,1302,6634
5697,21.999,15.527,6.471,3,1312,6760
5698,22.884,15.338,7.546,3,1310,6734
5699,28.635,20.471,8.163,3,1530,7648
5700,32.084,23.154,8.930,3,1600,8024
5701,29.934,21.537,8.397,3,1628,8246
5702,31.967,23.845,8.121,3,1706,8738
5703,31.751,23.967,7.784,3,1718,8806
5704,32.153,23.662,8.491,3,1936,9620
5705,36.973,27.647,9.325,3,2168,11758
5706,10.888,9.907,0.981,2,24,2236
5707,42.326,27.528,14.798,3,2186,11844
5708,12.148,9.814,2.334,2,24,2236
5709,42.708,27.651,15.056,3,2210,11960
5710,12.059,9.880,2.180,2,24,2236
5711,43.337,28.333,15.004,3,2224,11942
5712,10.772,9.755,1.017,2,24,2236
5713,42.511,27.525,14.986,3,2164,11618
