frame,total_ms,raster_ms,other_ms,flushes,tris,binned,area_px,bbox_px,tw,th
1,0.000,2.685,-2.685,1,2,480,921600,1843200,2048,1024
2,93.639,1.848,91.791,1,2,480,921600,1843200,2048,1024
3,16.414,1.586,14.828,1,2,480,921600,1843200,2048,1024
4,16.839,1.764,15.075,1,2,480,921600,1843200,2048,1024
5,19.413,4.066,15.347,1,6,1160,2605954,4495968,2048,1024
6,16.770,4.325,12.444,1,6,1160,2605954,4495968,2048,1024
7,16.334,4.057,12.277,1,6,1160,2605954,4495968,2048,1024
8,16.318,4.053,12.265,1,6,1160,2605954,4495968,2048,1024
9,16.658,4.056,12.601,1,6,1160,2605954,4495968,2048,1024
10,16.822,4.176,12.646,1,6,1160,2605954,4495968,2048,1024
11,16.542,4.075,12.467,1,6,1160,2605954,4495968,2048,1024
12,16.722,4.112,12.610,1,6,1160,2605954,4495968,2048,1024
13,16.840,4.304,12.536,1,6,1160,2605954,4495968,2048,1024
14,40.772,8.338,32.434,2,8,1640,3524836,6333732,2048,1024
15,9.125,7.971,1.154,2,8,1640,3524836,6333732,2048,1024
16,16.961,8.210,8.752,2,8,1640,3524836,6333732,2048,1024
17,16.282,7.883,8.399,2,8,1640,3524836,6333732,2048,1024
18,17.142,8.324,8.818,2,8,1640,3524836,6333732,2048,1024
19,16.396,7.961,8.434,2,8,1640,3524836,6333732,2048,1024
20,16.828,8.239,8.588,2,8,1640,3524836,6333732,2048,1024
21,16.633,8.212,8.422,2,8,1640,3524836,6333732,2048,1024
22,16.963,8.464,8.499,2,8,1640,3524836,6333732,2048,1024
23,16.140,7.983,8.156,2,8,1640,3524836,6333732,2048,1024
24,16.744,8.059,8.685,2,8,1640,3524836,6333732,2048,1024
25,16.742,8.129,8.612,2,8,1640,3524836,6333732,2048,1024
26,16.758,8.218,8.540,2,8,1640,3524836,6333732,2048,1024
27,16.842,8.399,8.442,2,8,1640,3524836,6333732,2048,1024
28,16.188,7.922,8.266,2,8,1640,3524836,6333732,2048,1024
29,16.373,7.625,8.748,2,8,1640,3524836,6333732,2048,1024
30,16.868,7.827,9.041,2,8,1640,3524836,6333732,2048,1024
31,94.213,7.503,86.710,2,8,1640,3524836,6333732,2048,1024
32,16.749,7.580,9.169,2,8,1640,3524836,6333732,2048,1024
33,16.742,7.659,9.084,2,8,1640,3524836,6333732,2048,1024
34,17.107,8.098,9.010,2,8,1640,3524836,6333732,2048,1024
35,16.264,7.696,8.568,2,8,1640,3524836,6333732,2048,1024
36,16.678,7.683,8.995,2,8,1640,3524836,6333732,2048,1024
37,16.553,7.592,8.961,2,8,1640,3524836,6333732,2048,1024
38,16.742,7.659,9.084,2,8,1640,3524836,6333732,2048,1024
39,16.629,7.632,8.997,2,8,1640,3524836,6333732,2048,1024
40,17.167,8.138,9.029,2,8,1640,3524836,6333732,2048,1024
41,16.250,7.716,8.534,2,8,1640,3524836,6333732,2048,1024
42,16.599,7.650,8.949,2,8,1640,3524836,6333732,2048,1024
43,16.990,7.977,9.013,2,8,1640,3524836,6333732,2048,1024
44,16.967,8.273,8.694,2,8,1640,3524836,6333732,2048,1024
45,16.577,8.176,8.401,2,8,1640,3524836,6333732,2048,1024
46,16.495,8.007,8.488,2,8,1640,3524836,6333732,2048,1024
47,16.346,7.687,8.659,2,8,1640,3524836,6333732,2048,1024
48,16.809,7.828,8.980,2,8,1640,3524836,6333732,2048,1024
49,16.552,7.718,8.834,2,8,1640,3524836,6333732,2048,1024
50,16.767,7.810,8.957,2,8,1640,3524836,6333732,2048,1024
51,16.539,7.698,8.841,2,8,1640,3524836,6333732,2048,1024
52,16.731,7.756,8.975,2,8,1640,3524836,6333732,2048,1024
53,16.556,7.643,8.913,2,8,1640,3524836,6333732,2048,1024
54,16.665,7.641,9.024,2,8,1640,3524836,6333732,2048,1024
55,16.774,7.750,9.023,2,8,1640,3524836,6333732,2048,1024
56,16.490,7.572,8.918,2,8,1640,3524836,6333732,2048,1024
57,16.790,7.695,9.095,2,8,1640,3524836,6333732,2048,1024
58,16.613,7.644,8.969,2,8,1640,3524836,6333732,2048,1024
59,14.611,5.622,8.989,2,6,1000,1886436,3773732,2048,1024
60,16.921,5.862,11.059,2,6,1000,1886436,3773732,2048,1024
61,16.692,5.880,10.812,2,6,1000,1886436,3773732,2048,1024
62,16.553,5.769,10.784,2,6,1000,1886436,3773732,2048,1024
63,16.647,5.734,10.913,2,6,1000,1886436,3773732,2048,1024
64,16.689,5.788,10.901,2,6,1000,1886436,3773732,2048,1024
65,16.516,5.616,10.900,2,6,1000,1886436,3773732,2048,1024
66,16.552,5.514,11.039,2,6,1000,1886436,3773732,2048,1024
67,16.674,5.513,11.161,2,6,1000,1886436,3773732,2048,1024
68,16.776,5.635,11.141,2,6,1000,1886436,3773732,2048,1024
69,16.555,5.471,11.084,2,6,1000,1886436,3773732,2048,1024
70,16.801,5.642,11.160,2,6,1000,1886436,3773732,2048,1024
71,16.487,5.446,11.041,2,6,1000,1886436,3773732,2048,1024
72,16.670,5.473,11.196,2,6,1000,1886436,3773732,2048,1024
73,16.746,5.531,11.215,2,6,1000,1886436,3773732,2048,1024
74,16.665,5.525,11.140,2,6,1000,1886436,3773732,2048,1024
75,16.575,5.458,11.118,2,6,1000,1886436,3773732,2048,1024
76,16.871,5.513,11.358,2,6,1000,1886436,3773732,2048,1024
77,17.814,5.490,12.324,2,6,1000,1886436,3773732,2048,1024
78,18.094,5.538,12.556,2,6,1000,1886436,3773732,2048,1024
79,17.898,5.855,12.043,2,6,1000,1886436,3773732,2048,1024
80,17.756,5.487,12.269,2,6,1000,1886436,3773732,2048,1024
81,17.629,5.654,11.975,2,6,1000,1886436,3773732,2048,1024
82,17.542,5.586,11.956,2,6,1000,1886436,3773732,2048,1024
83,17.486,5.860,11.626,2,6,1000,1886436,3773732,2048,1024
84,17.504,5.670,11.834,2,6,1000,1886436,3773732,2048,1024
85,16.932,5.941,10.991,2,6,1000,1886436,3773732,2048,1024
86,16.380,5.631,10.749,2,6,1000,1886436,3773732,2048,1024
87,16.983,5.655,11.329,2,6,1000,1886436,3773732,2048,1024
88,16.599,5.593,11.007,2,6,1000,1886436,3773732,2048,1024
89,16.902,5.801,11.102,2,6,1000,1886436,3773732,2048,1024
90,16.367,5.527,10.840,2,6,1000,1886436,3773732,2048,1024
91,16.603,5.486,11.117,2,6,1000,1886436,3773732,2048,1024
92,16.948,5.750,11.198,2,6,1000,1886436,3773732,2048,1024
93,16.460,5.532,10.928,2,6,1000,1886436,3773732,2048,1024
94,16.774,5.646,11.129,2,6,1000,1886436,3773732,2048,1024
95,16.717,5.673,11.044,2,6,1000,1886436,3773732,2048,1024
96,16.472,5.515,10.957,2,6,1000,1886436,3773732,2048,1024
97,16.665,5.496,11.169,2,6,1000,1886436,3773732,2048,1024
98,16.837,5.669,11.167,2,6,1000,1886436,3773732,2048,1024
99,16.593,5.592,11.001,2,6,1000,1886436,3773732,2048,1024
100,16.737,5.675,11.062,2,6,1000,1886436,3773732,2048,1024
101,16.720,5.717,11.003,2,6,1000,1886436,3773732,2048,1024
102,16.535,5.582,10.953,2,6,1000,1886436,3773732,2048,1024
103,16.566,5.483,11.083,2,6,1000,1886436,3773732,2048,1024
104,17.000,5.825,11.176,2,6,1000,1886436,3773732,2048,1024
105,16.701,5.863,10.838,2,6,1000,1886436,3773732,2048,1024
106,16.446,5.616,10.830,2,6,1000,1886436,3773732,2048,1024
107,16.720,5.691,11.029,2,6,1000,1886436,3773732,2048,1024
108,16.724,5.747,10.977,2,6,1000,1886436,3773732,2048,1024
109,16.525,5.605,10.919,2,6,1000,1886436,3773732,2048,1024
110,16.830,5.783,11.047,2,6,1000,1886436,3773732,2048,1024
111,16.537,5.647,10.890,2,6,1000,1886436,3773732,2048,1024
112,16.744,5.714,11.030,2,6,1000,1886436,3773732,2048,1024
113,16.566,5.618,10.947,2,6,1000,1886436,3773732,2048,1024
114,16.565,5.457,11.108,2,6,1000,1886436,3773732,2048,1024
115,16.775,5.622,11.153,2,6,1000,1886436,3773732,2048,1024
116,16.778,5.731,11.047,2,6,1000,1886436,3773732,2048,1024
117,16.703,5.770,10.933,2,6,1000,1886436,3773732,2048,1024
118,16.619,5.713,10.906,2,6,1000,1886436,3773732,2048,1024
119,16.458,5.518,10.940,2,6,1000,1886436,3773732,2048,1024
120,16.650,5.497,11.153,2,6,1000,1886436,3773732,2048,1024
121,16.598,5.428,11.170,2,6,1000,1886436,3773732,2048,1024
122,16.873,5.637,11.236,2,6,1000,1886436,3773732,2048,1024
123,16.553,5.525,11.028,2,6,1000,1886436,3773732,2048,1024
124,16.899,5.762,11.137,2,6,1000,1886436,3773732,2048,1024
125,16.560,5.643,10.916,2,6,1000,1886436,3773732,2048,1024
126,16.544,5.524,11.020,2,6,1000,1886436,3773732,2048,1024
127,16.746,5.598,11.148,2,6,1000,1886436,3773732,2048,1024
128,16.835,5.785,11.050,2,6,1000,1886436,3773732,2048,1024
129,16.448,5.558,10.890,2,6,1000,1886436,3773732,2048,1024
130,16.590,5.483,11.107,2,6,1000,1886436,3773732,2048,1024
131,16.963,5.767,11.196,2,6,1000,1886436,3773732,2048,1024
132,16.386,5.499,10.887,2,6,1000,1886436,3773732,2048,1024
133,16.648,5.480,11.168,2,6,1000,1886436,3773732,2048,1024
134,16.955,5.756,11.199,2,6,1000,1886436,3773732,2048,1024
135,16.561,5.655,10.906,2,6,1000,1886436,3773732,2048,1024
136,16.542,5.533,11.008,2,6,1000,1886436,3773732,2048,1024
137,17.053,5.902,11.152,2,6,1000,1886436,3773732,2048,1024
138,16.207,5.462,10.745,2,6,1000,1886436,3773732,2048,1024
139,16.738,5.536,11.202,2,6,1000,1886436,3773732,2048,1024
140,16.760,5.623,11.136,2,6,1000,1886436,3773732,2048,1024
141,16.542,5.490,11.052,2,6,1000,1886436,3773732,2048,1024
142,17.004,5.849,11.155,2,6,1000,1886436,3773732,2048,1024
143,16.827,5.994,10.833,2,6,1000,1886436,3773732,2048,1024
144,16.274,5.595,10.679,2,6,1000,1886436,3773732,2048,1024
145,16.740,5.677,11.063,2,6,1000,1886436,3773732,2048,1024
146,16.621,5.650,10.971,2,6,1000,1886436,3773732,2048,1024
147,16.763,5.745,11.018,2,6,1000,1886436,3773732,2048,1024
148,16.564,5.651,10.914,2,6,1000,1886436,3773732,2048,1024
149,17.091,6.071,11.020,2,6,1000,1886436,3773732,2048,1024
150,16.488,5.899,10.588,2,6,1000,1886436,3773732,2048,1024
151,16.533,5.764,10.769,2,6,1000,1886436,3773732,2048,1024
152,16.485,5.580,10.905,2,6,1000,1886436,3773732,2048,1024
153,16.916,5.816,11.100,2,6,1000,1886436,3773732,2048,1024
154,16.516,5.660,10.856,2,6,1000,1886436,3773732,2048,1024
155,16.840,5.856,10.985,2,6,1000,1886436,3773732,2048,1024
156,16.198,5.385,10.814,2,6,1000,1886436,3773732,2048,1024
157,16.740,5.466,11.274,2,6,1000,1886436,3773732,2048,1024
158,16.745,5.539,11.207,2,6,1000,1886436,3773732,2048,1024
159,16.605,5.475,11.129,2,6,1000,1886436,3773732,2048,1024
160,16.658,5.467,11.191,2,6,1000,1886436,3773732,2048,1024
161,16.918,5.717,11.201,2,6,1000,1886436,3773732,2048,1024
162,16.549,5.599,10.950,2,6,1000,1886436,3773732,2048,1024
163,16.486,5.397,11.089,2,6,1000,1886436,3773732,2048,1024
164,17.124,5.876,11.249,2,6,1000,1886436,3773732,2048,1024
165,16.450,5.660,10.790,2,6,1000,1886436,3773732,2048,1024
166,16.577,5.567,11.010,2,6,1000,1886436,3773732,2048,1024
167,16.889,5.795,11.094,2,6,1000,1886436,3773732,2048,1024
168,16.631,5.757,10.873,2,6,1000,1886436,3773732,2048,1024
169,16.603,5.694,10.909,2,6,1000,1886436,3773732,2048,1024
170,16.562,5.596,10.966,2,6,1000,1886436,3773732,2048,1024
171,16.533,5.462,11.070,2,6,1000,1886436,3773732,2048,1024
172,16.811,5.601,11.210,2,6,1000,1886436,3773732,2048,1024
173,16.758,5.701,11.057,2,6,1000,1886436,3773732,2048,1024
174,16.491,5.519,10.972,2,6,1000,1886436,3773732,2048,1024
175,16.884,5.737,11.147,2,6,1000,1886436,3773732,2048,1024
176,16.623,5.692,10.931,2,6,1000,1886436,3773732,2048,1024
177,16.824,5.847,10.977,2,6,1000,1886436,3773732,2048,1024
178,16.314,5.504,10.810,2,6,1000,1886436,3773732,2048,1024
179,17.041,5.879,11.163,2,6,1000,1886436,3773732,2048,1024
180,16.338,5.535,10.804,2,6,1000,1886436,3773732,2048,1024
181,16.674,5.558,11.116,2,6,1000,1886436,3773732,2048,1024
182,16.800,5.681,11.119,2,6,1000,1886436,3773732,2048,1024
183,16.573,5.594,10.979,2,6,1000,1886436,3773732,2048,1024
184,16.778,5.698,11.080,2,6,1000,1886436,3773732,2048,1024
185,16.639,5.675,10.965,2,6,1000,1886436,3773732,2048,1024
186,16.457,5.464,10.994,2,6,1000,1886436,3773732,2048,1024
187,16.983,5.771,11.213,2,6,1000,1886436,3773732,2048,1024
188,16.648,5.759,10.890,2,6,1000,1886436,3773732,2048,1024
189,16.409,5.505,10.904,2,6,1000,1886436,3773732,2048,1024
190,16.859,5.698,11.161,2,6,1000,1886436,3773732,2048,1024
191,16.889,5.919,10.970,2,6,1000,1886436,3773732,2048,1024
192,16.341,5.595,10.746,2,6,1000,1886436,3773732,2048,1024
193,16.796,5.703,11.093,2,6,1000,1886436,3773732,2048,1024
194,16.497,5.532,10.965,2,6,1000,1886436,3773732,2048,1024
195,16.625,5.490,11.135,2,6,1000,1886436,3773732,2048,1024
196,16.828,5.646,11.181,2,6,1000,1886436,3773732,2048,1024
197,16.662,5.649,11.013,2,6,1000,1886436,3773732,2048,1024
198,16.535,5.522,11.012,2,6,1000,1886436,3773732,2048,1024
199,16.716,5.566,11.150,2,6,1000,1886436,3773732,2048,1024
200,16.839,5.744,11.095,2,6,1000,1886436,3773732,2048,1024
201,16.450,5.521,10.929,2,6,1000,1886436,3773732,2048,1024
202,17.107,5.960,11.147,2,6,1000,1886436,3773732,2048,1024
203,16.581,5.880,10.701,2,6,1000,1886436,3773732,2048,1024
204,16.317,5.526,10.792,2,6,1000,1886436,3773732,2048,1024
205,16.784,5.646,11.137,2,6,1000,1886436,3773732,2048,1024
206,16.644,5.615,11.029,2,6,1000,1886436,3773732,2048,1024
207,16.566,5.520,11.046,2,6,1000,1886436,3773732,2048,1024
208,16.709,5.565,11.145,2,6,1000,1886436,3773732,2048,1024
209,16.593,5.489,11.104,2,6,1000,1886436,3773732,2048,1024
210,16.699,5.521,11.178,2,6,1000,1886436,3773732,2048,1024
211,16.746,5.596,11.150,2,6,1000,1886436,3773732,2048,1024
212,16.768,5.704,11.064,2,6,1000,1886436,3773732,2048,1024
213,16.540,5.582,10.958,2,6,1000,1886436,3773732,2048,1024
214,16.756,5.672,11.084,2,6,1000,1886436,3773732,2048,1024
215,16.742,5.743,11.000,2,6,1000,1886436,3773732,2048,1024
216,16.503,5.582,10.920,2,6,1000,1886436,3773732,2048,1024
217,16.578,5.493,11.085,2,6,1000,1886436,3773732,2048,1024
218,16.898,5.719,11.180,2,6,1000,1886436,3773732,2048,1024
219,16.489,5.549,10.940,2,6,1000,1886436,3773732,2048,1024
220,16.807,5.684,11.123,2,6,1000,1886436,3773732,2048,1024
221,16.617,5.625,10.992,2,6,1000,1886436,3773732,2048,1024
222,16.567,5.539,11.027,2,6,1000,1886436,3773732,2048,1024
223,16.889,5.751,11.139,2,6,1000,1886436,3773732,2048,1024
224,16.932,6.011,10.921,2,6,1000,1886436,3773732,2048,1024
225,16.096,5.453,10.643,2,6,1000,1886436,3773732,2048,1024
226,16.686,5.474,11.212,2,6,1000,1886436,3773732,2048,1024
227,16.957,5.758,11.200,2,6,1000,1886436,3773732,2048,1024
228,16.941,6.041,10.900,2,6,1000,1886436,3773732,2048,1024
229,16.487,5.856,10.631,2,6,1000,1886436,3773732,2048,1024
230,16.541,5.727,10.813,2,6,1000,1886436,3773732,2048,1024
231,16.611,5.680,10.932,2,6,1000,1886436,3773732,2048,1024
232,16.512,5.515,10.997,2,6,1000,1886436,3773732,2048,1024
233,16.810,5.662,11.148,2,6,1000,1886436,3773732,2048,1024
234,16.577,5.568,11.008,2,6,1000,1886436,3773732,2048,1024
235,16.703,5.606,11.096,2,6,1000,1886436,3773732,2048,1024
236,16.738,5.684,11.054,2,6,1000,1886436,3773732,2048,1024
237,16.487,5.504,10.983,2,6,1000,1886436,3773732,2048,1024
238,16.871,5.702,11.169,2,6,1000,1886436,3773732,2048,1024
239,16.902,5.938,10.964,2,6,1000,1886436,3773732,2048,1024
240,19.027,8.280,10.748,2,8,1640,3524836,6333732,2048,1024
241,16.940,8.561,8.379,2,8,1640,3524836,6333732,2048,1024
242,16.399,8.290,8.109,2,8,1640,3524836,6333732,2048,1024
243,16.451,8.073,8.378,2,8,1640,3524836,6333732,2048,1024
244,16.935,8.342,8.593,2,8,1640,3524836,6333732,2048,1024
245,16.409,8.080,8.329,2,8,1640,3524836,6333732,2048,1024
246,16.476,7.897,8.579,2,8,1640,3524836,6333732,2048,1024
247,16.741,7.966,8.775,2,8,1640,3524836,6333732,2048,1024
248,16.661,7.967,8.695,2,8,1640,3524836,6333732,2048,1024
249,16.551,7.848,8.703,2,8,1640,3524836,6333732,2048,1024
250,16.933,8.088,8.845,2,8,1640,3524836,6333732,2048,1024
251,16.601,8.047,8.554,2,8,1640,3524836,6333732,2048,1024
252,16.706,8.084,8.622,2,8,1640,3524836,6333732,2048,1024
253,16.451,7.874,8.577,2,8,1640,3524836,6333732,2048,1024
254,16.906,8.113,8.794,2,8,1640,3524836,6333732,2048,1024
255,16.419,7.865,8.554,2,8,1640,3524836,6333732,2048,1024
256,17.553,8.034,9.519,2,8,1640,3524836,6333732,2048,1024
257,16.469,7.872,8.597,2,8,1640,3524836,6333732,2048,1024
258,17.812,8.008,9.804,2,8,1640,3524836,6333732,2048,1024
259,18.035,7.828,10.207,2,8,1640,3524836,6333732,2048,1024
260,17.447,7.762,9.685,2,8,1640,3524836,6333732,2048,1024
261,17.472,7.854,9.619,2,8,1640,3524836,6333732,2048,1024
262,17.622,7.930,9.691,2,8,1640,3524836,6333732,2048,1024
263,17.729,8.133,9.596,2,8,1640,3524836,6333732,2048,1024
264,16.817,7.924,8.893,2,8,1640,3524836,6333732,2048,1024
265,18.535,7.877,10.659,2,8,1640,3524836,6333732,2048,1024
266,16.590,7.798,8.792,2,8,1640,3524836,6333732,2048,1024
267,16.640,7.772,8.868,2,8,1640,3524836,6333732,2048,1024
268,16.695,7.801,8.895,2,8,1640,3524836,6333732,2048,1024
269,16.631,7.766,8.865,2,8,1640,3524836,6333732,2048,1024
270,16.579,7.681,8.898,2,8,1640,3524836,6333732,2048,1024
271,17.001,8.013,8.989,2,8,1640,3524836,6333732,2048,1024
272,16.414,7.757,8.656,2,8,1640,3524836,6333732,2048,1024
273,16.864,7.955,8.910,2,8,1640,3524836,6333732,2048,1024
274,16.449,7.740,8.709,2,8,1640,3524836,6333732,2048,1024
275,16.631,7.693,8.939,2,8,1640,3524836,6333732,2048,1024
276,16.602,7.642,8.959,2,8,1640,3524836,6333732,2048,1024
277,16.822,7.800,9.022,2,8,1640,3524836,6333732,2048,1024
278,16.493,7.619,8.873,2,8,1640,3524836,6333732,2048,1024
279,16.728,7.689,9.039,2,8,1640,3524836,6333732,2048,1024
280,16.680,7.691,8.989,2,8,1640,3524836,6333732,2048,1024
281,16.629,7.658,8.971,2,8,1640,3524836,6333732,2048,1024
282,16.661,7.659,9.002,2,8,1640,3524836,6333732,2048,1024
283,16.707,7.674,9.033,2,8,1640,3524836,6333732,2048,1024
284,16.766,7.791,8.975,2,8,1640,3524836,6333732,2048,1024
285,16.609,7.736,8.873,2,8,1640,3524836,6333732,2048,1024
286,16.637,7.701,8.935,2,8,1640,3524836,6333732,2048,1024
287,16.642,7.680,8.962,2,8,1640,3524836,6333732,2048,1024
288,16.743,7.755,8.989,2,8,1640,3524836,6333732,2048,1024
289,16.896,7.985,8.911,2,8,1640,3524836,6333732,2048,1024
290,16.347,7.663,8.684,2,8,1640,3524836,6333732,2048,1024
291,16.650,7.650,9.000,2,8,1640,3524836,6333732,2048,1024
292,16.820,7.808,9.012,2,8,1640,3524836,6333732,2048,1024
293,16.625,7.759,8.866,2,8,1640,3524836,6333732,2048,1024
294,14.837,5.957,8.880,2,4,1120,2557282,4397764,2048,1024
295,45.309,18.172,27.137,2,56,4720,9369534,17085586,2048,1024
296,17.377,16.255,1.122,2,54,4080,7796522,14622438,2048,1024
297,17.514,16.463,1.050,2,54,4080,7796522,14622438,2048,1024
298,17.755,16.723,1.032,2,54,4100,7862518,14717654,2048,1024
299,17.855,16.845,1.010,2,54,4100,7862518,14717654,2048,1024
300,17.563,16.434,1.129,2,54,4080,7788881,14609518,2048,1024
301,17.816,16.472,1.343,2,54,4080,7788881,14609518,2048,1024
302,17.642,16.519,1.123,2,54,4100,7854800,14708628,2048,1024
303,17.570,16.453,1.117,2,54,4100,7854800,14708628,2048,1024
304,17.564,16.478,1.086,2,54,4080,7781087,14596434,2048,1024
305,17.451,16.357,1.093,2,54,4080,7781087,14596434,2048,1024
306,17.622,16.588,1.034,2,54,4100,7846931,14696550,2048,1024
307,17.564,16.486,1.078,2,54,4100,7846931,14696550,2048,1024
308,17.813,16.727,1.086,2,54,4080,7773142,14586122,2048,1024
309,17.755,16.707,1.048,2,54,4080,7773142,14586122,2048,1024
310,17.709,16.518,1.191,2,54,4100,7838910,14683206,2048,1024
311,17.602,16.430,1.173,2,54,4100,7838910,14683206,2048,1024
312,17.614,16.520,1.094,2,54,4080,7765045,14576796,2048,1024
313,17.572,16.352,1.221,2,54,4080,7765045,14576796,2048,1024
314,17.780,16.665,1.115,2,54,4100,7830736,14669698,2048,1024
315,18.102,16.902,1.200,2,54,4100,7830736,14669698,2048,1024
316,18.172,17.018,1.154,2,54,4080,7756795,14564346,2048,1024
317,17.634,16.487,1.146,2,54,4080,7756795,14564346,2048,1024
318,17.665,16.552,1.113,2,54,4100,7822411,14659034,2048,1024
319,17.539,16.481,1.058,2,54,4100,7822411,14659034,2048,1024
320,18.605,17.518,1.087,2,54,4080,7748394,14550578,2048,1024
321,17.944,16.787,1.157,2,54,4080,7748394,14550578,2048,1024
322,18.600,17.512,1.088,2,54,4100,7813933,14646356,2048,1024
323,17.764,16.730,1.034,2,54,4100,7813933,14646356,2048,1024
324,17.439,16.396,1.043,2,54,4080,7739840,14539698,2048,1024
325,17.371,16.338,1.034,2,54,4080,7739840,14539698,2048,1024
326,18.897,17.851,1.046,2,54,4080,7805303,14633534,2048,1024
327,19.323,18.307,1.017,2,54,4080,7805303,14633534,2048,1024
328,19.135,18.061,1.074,2,54,4080,7731134,14525586,2048,1024
329,19.199,18.025,1.174,2,54,4080,7731134,14525586,2048,1024
330,19.237,18.200,1.037,2,54,4080,7796522,14622438,2048,1024
331,18.543,17.483,1.060,2,54,4080,7796522,14622438,2048,1024
332,18.491,17.467,1.024,2,54,4100,7862518,14717654,2048,1024
333,17.745,16.705,1.041,2,54,4100,7862518,14717654,2048,1024
334,17.603,16.581,1.022,2,54,4080,7788881,14609518,2048,1024
335,17.500,16.456,1.044,2,54,4080,7788881,14609518,2048,1024
336,17.716,16.689,1.027,2,54,4100,7854800,14708628,2048,1024
337,17.859,16.806,1.053,2,54,4100,7854800,14708628,2048,1024
338,17.660,16.615,1.044,2,54,4080,7781087,14596434,2048,1024
339,17.557,16.510,1.047,2,54,4080,7781087,14596434,2048,1024
340,18.221,17.200,1.021,2,54,4100,7846931,14696550,2048,1024
341,17.679,16.631,1.048,2,54,4100,7846931,14696550,2048,1024
342,17.623,16.546,1.078,2,54,4080,7773142,14586122,2048,1024
343,18.187,17.131,1.056,2,54,4080,7773142,14586122,2048,1024
344,17.624,16.605,1.018,2,54,4100,7838910,14683206,2048,1024
345,17.851,16.778,1.073,2,54,4100,7838910,14683206,2048,1024
346,17.465,16.433,1.032,2,54,4080,7765045,14576796,2048,1024
347,17.676,16.648,1.028,2,54,4080,7765045,14576796,2048,1024
348,20.315,16.785,3.530,2,344,4456,7904976,14827042,2048,1024
349,16.863,14.793,2.070,2,342,3816,6266576,12267042,2048,1024
350,16.666,14.630,2.036,2,342,3796,6192635,12161690,2048,1024
351,16.972,14.936,2.036,2,342,3796,6192635,12161690,2048,1024
352,16.914,14.872,2.042,2,342,3816,6258251,12256378,2048,1024
353,17.110,15.060,2.050,2,342,3816,6258251,12256378,2048,1024
354,16.892,14.855,2.037,2,342,3796,6184234,12147922,2048,1024
355,16.709,14.646,2.062,2,342,3796,6184234,12147922,2048,1024
356,16.900,14.848,2.052,2,342,3816,6249773,12243700,2048,1024
357,16.920,14.823,2.096,2,342,3816,6249773,12243700,2048,1024
358,16.958,14.899,2.059,2,342,3796,6175680,12137042,2048,1024
359,16.735,14.662,2.072,2,342,3796,6175680,12137042,2048,1024
360,16.935,14.784,2.151,2,342,3796,6241143,12230878,2048,1024
361,16.911,14.728,2.183,2,342,3796,6241143,12230878,2048,1024
362,16.743,14.688,2.054,2,342,3796,6166974,12122930,2048,1024
363,16.958,14.827,2.132,2,342,3796,6166974,12122930,2048,1024
364,16.788,14.747,2.041,2,342,3796,6232362,12219782,2048,1024
365,16.906,14.799,2.108,2,342,3796,6232362,12219782,2048,1024
366,16.998,14.873,2.125,2,342,3816,6298358,12314998,2048,1024
367,17.028,14.978,2.050,2,342,3816,6298358,12314998,2048,1024
368,17.181,15.099,2.082,2,342,3796,6224721,12206862,2048,1024
369,17.343,14.994,2.349,2,342,3796,6224721,12206862,2048,1024
370,16.941,14.904,2.037,2,342,3816,6290640,12305972,2048,1024
371,17.228,15.175,2.053,2,342,3816,6290640,12305972,2048,1024
372,17.169,15.116,2.053,2,342,3796,6216927,12193778,2048,1024
373,16.625,15.033,1.592,2,214,3636,6184159,12121970,2048,1024
374,16.286,14.650,1.636,2,214,3656,6250003,12222086,2048,1024
375,16.790,14.774,2.015,2,214,3656,6250003,12222086,2048,1024
376,17.017,15.095,1.922,2,214,3636,6176214,12111658,2048,1024
377,17.122,15.351,1.771,2,214,3636,6176214,12111658,2048,1024
378,17.034,15.434,1.600,2,214,3656,6241982,12208742,2048,1024
379,16.761,15.142,1.618,2,214,3656,6241982,12208742,2048,1024
380,16.131,14.396,1.735,2,214,3636,6168117,12102332,2048,1024
381,16.854,14.622,2.232,2,214,3636,6168117,12102332,2048,1024
382,16.871,14.774,2.097,2,214,3656,6233808,12195234,2048,1024
383,16.585,14.734,1.851,2,214,3656,6233808,12195234,2048,1024
384,16.575,14.639,1.936,2,214,3636,6159867,12089882,2048,1024
385,16.573,14.565,2.008,2,214,3636,6159867,12089882,2048,1024
386,16.823,14.725,2.098,2,214,3656,6225483,12184570,2048,1024
387,16.613,14.659,1.954,2,214,3656,6225483,12184570,2048,1024
388,16.544,14.552,1.992,2,214,3636,6151466,12076114,2048,1024
389,16.812,14.692,2.119,2,214,3636,6151466,12076114,2048,1024
390,16.684,14.699,1.985,2,214,3656,6217005,12171892,2048,1024
391,16.655,14.690,1.965,2,214,3656,6217005,12171892,2048,1024
392,16.772,14.789,1.983,2,214,3636,6142912,12065234,2048,1024
393,16.518,14.631,1.887,2,214,3636,6142912,12065234,2048,1024
394,16.697,14.677,2.020,2,214,3636,6208375,12159070,2048,1024
395,16.672,14.688,1.984,2,214,3636,6208375,12159070,2048,1024
396,16.649,14.669,1.980,2,214,3636,6134206,12051122,2048,1024
397,16.555,14.501,2.055,2,214,3636,6134206,12051122,2048,1024
398,17.536,14.988,2.548,2,342,3796,6232362,12219782,2048,1024
399,17.218,15.150,2.068,2,342,3796,6232362,12219782,2048,1024
400,16.962,14.884,2.078,2,342,3816,6298358,12314998,2048,1024
401,16.980,14.939,2.041,2,342,3816,6298358,12314998,2048,1024
402,16.615,14.590,2.025,2,342,3796,6224721,12206862,2048,1024
403,16.759,14.628,2.131,2,342,3796,6224721,12206862,2048,1024
404,17.118,15.059,2.059,2,342,3816,6290640,12305972,2048,1024
405,16.864,14.777,2.087,2,342,3816,6290640,12305972,2048,1024
406,16.517,14.489,2.027,2,342,3796,6216927,12193778,2048,1024
407,17.267,15.078,2.189,2,342,3796,6216927,12193778,2048,1024
408,17.248,15.205,2.043,2,342,3816,6282771,12293894,2048,1024
409,17.190,15.028,2.162,2,342,3816,6282771,12293894,2048,1024
410,16.971,14.596,2.374,2,342,3796,6208982,12183466,2048,1024
411,16.726,14.681,2.045,2,342,3796,6208982,12183466,2048,1024
412,16.750,14.705,2.046,2,342,3816,6274750,12280550,2048,1024
413,17.584,15.537,2.047,2,342,3816,6274750,12280550,2048,1024
414,18.216,16.171,2.045,2,342,3796,6200885,12174140,2048,1024
415,17.953,15.913,2.040,2,342,3796,6200885,12174140,2048,1024
416,18.049,15.927,2.122,2,342,3816,6266576,12267042,2048,1024
417,17.918,15.891,2.027,2,342,3816,6266576,12267042,2048,1024
418,17.817,15.783,2.034,2,342,3796,6192635,12161690,2048,1024
419,17.481,15.430,2.051,2,342,3796,6192635,12161690,2048,1024
420,17.098,15.059,2.039,2,342,3816,6258251,12256378,2048,1024
421,16.867,14.800,2.066,2,342,3816,6258251,12256378,2048,1024
422,16.676,14.601,2.075,2,342,3796,6184234,12147922,2048,1024
423,16.313,14.706,1.607,2,214,3636,6151466,12076114,2048,1024
424,16.870,14.909,1.960,2,214,3656,6217005,12171892,2048,1024
425,16.413,14.667,1.746,2,214,3656,6217005,12171892,2048,1024
426,16.502,14.499,2.004,2,214,3636,6142912,12065234,2048,1024
427,16.683,14.519,2.165,2,214,3636,6142912,12065234,2048,1024
428,17.292,15.143,2.149,2,214,3636,6208375,12159070,2048,1024
429,16.121,14.551,1.569,2,214,3636,6208375,12159070,2048,1024
430,16.705,14.602,2.104,2,214,3636,6134206,12051122,2048,1024
431,16.784,14.714,2.070,2,214,3636,6134206,12051122,2048,1024
432,17.588,15.632,1.957,2,214,3636,6199594,12147974,2048,1024
433,16.404,14.770,1.633,2,214,3636,6199594,12147974,2048,1024
434,16.678,14.778,1.900,2,214,3656,6265590,12243190,2048,1024
435,16.864,14.969,1.895,2,214,3656,6265590,12243190,2048,1024
436,16.515,14.718,1.796,2,214,3636,6191953,12135054,2048,1024
437,16.943,15.093,1.850,2,214,3636,6191953,12135054,2048,1024
438,17.335,15.735,1.599,2,214,3656,6257872,12234164,2048,1024
439,16.824,15.045,1.779,2,214,3656,6257872,12234164,2048,1024
440,16.332,14.717,1.615,2,214,3636,6184159,12121970,2048,1024
441,16.583,14.631,1.952,2,214,3636,6184159,12121970,2048,1024
442,16.826,14.781,2.045,2,214,3656,6250003,12222086,2048,1024
443,16.867,14.989,1.878,2,214,3656,6250003,12222086,2048,1024
444,16.383,14.703,1.681,2,214,3636,6176214,12111658,2048,1024
445,16.556,14.605,1.952,2,214,3636,6176214,12111658,2048,1024
446,16.994,14.930,2.064,2,214,3656,6241982,12208742,2048,1024
447,16.609,14.871,1.738,2,214,3656,6241982,12208742,2048,1024
448,16.963,14.718,2.244,2,342,3796,6200885,12174140,2048,1024
449,16.937,14.896,2.041,2,342,3796,6200885,12174140,2048,1024
450,16.948,14.751,2.197,2,342,3816,6266576,12267042,2048,1024
451,16.900,14.840,2.061,2,342,3816,6266576,12267042,2048,1024
452,16.709,14.680,2.029,2,342,3796,6192635,12161690,2048,1024
453,16.817,14.764,2.054,2,342,3796,6192635,12161690,2048,1024
454,16.901,14.860,2.041,2,342,3816,6258251,12256378,2048,1024
455,16.968,14.913,2.056,2,342,3816,6258251,12256378,2048,1024
456,16.603,14.558,2.045,2,342,3796,6184234,12147922,2048,1024
457,16.693,14.589,2.104,2,342,3796,6184234,12147922,2048,1024
458,17.268,15.181,2.087,2,342,3816,6249773,12243700,2048,1024
459,16.826,14.742,2.084,2,342,3816,6249773,12243700,2048,1024
460,16.784,14.750,2.034,2,342,3796,6175680,12137042,2048,1024
461,16.786,14.744,2.042,2,342,3796,6175680,12137042,2048,1024
462,16.959,14.857,2.102,2,342,3796,6241143,12230878,2048,1024
463,17.108,14.907,2.201,2,342,3796,6241143,12230878,2048,1024
464,17.055,14.991,2.064,2,342,3796,6166974,12122930,2048,1024
465,16.695,14.647,2.048,2,342,3796,6166974,12122930,2048,1024
466,16.739,14.678,2.062,2,342,3796,6232362,12219782,2048,1024
467,16.913,14.869,2.044,2,342,3796,6232362,12219782,2048,1024
468,17.066,15.034,2.032,2,342,3816,6298358,12314998,2048,1024
469,17.105,15.075,2.030,2,342,3816,6298358,12314998,2048,1024
470,16.757,14.737,2.020,2,342,3796,6224721,12206862,2048,1024
471,16.881,14.753,2.128,2,342,3796,6224721,12206862,2048,1024
472,16.892,14.713,2.179,2,342,3816,6290640,12305972,2048,1024
473,16.374,14.789,1.586,2,214,3656,6257872,12234164,2048,1024
474,16.826,14.875,1.951,2,214,3636,6184159,12121970,2048,1024
475,18.713,14.494,4.219,2,214,3636,6184159,12121970,2048,1024
476,16.032,14.476,1.557,2,52,3460,6208531,12136550,2048,1024
477,16.675,14.490,2.184,2,52,3460,6208531,12136550,2048,1024
478,16.518,14.344,2.174,2,52,3440,6134742,12026122,2048,1024
479,16.616,14.294,2.321,2,52,3440,6134742,12026122,2048,1024
480,16.933,14.553,2.379,2,52,3460,6200510,12123206,2048,1024
481,16.690,14.577,2.112,2,52,3460,6200510,12123206,2048,1024
482,16.494,14.416,2.078,2,52,3440,6126645,12016796,2048,1024
483,16.738,14.479,2.260,2,52,3440,6126645,12016796,2048,1024
484,16.732,14.548,2.184,2,52,3460,6192336,12109698,2048,1024
485,16.734,14.602,2.132,2,52,3460,6192336,12109698,2048,1024
486,16.689,14.637,2.053,2,52,3440,6118395,12004346,2048,1024
487,16.403,14.373,2.030,2,52,3440,6118395,12004346,2048,1024
488,22.807,16.060,6.747,2,1152,6278,6894635,13581352,2048,1024
489,20.783,15.947,4.837,2,1152,6278,6894635,13581352,2048,1024
490,21.218,16.405,4.812,2,1152,6258,6820618,13472896,2048,1024
491,20.957,16.060,4.898,2,1152,6258,6820618,13472896,2048,1024
492,21.276,16.279,4.997,2,1152,6278,6886157,13568674,2048,1024
493,21.110,16.246,4.864,2,1152,6278,6886157,13568674,2048,1024
494,22.058,17.357,4.701,2,1152,6258,6812064,13462016,2048,1024
495,22.636,17.834,4.802,2,1152,6258,6812064,13462016,2048,1024
496,22.335,17.627,4.708,2,1152,6258,6877527,13555852,2048,1024
497,23.705,18.809,4.896,2,1152,6258,6877527,13555852,2048,1024
498,21.595,16.924,4.671,2,1152,6258,6803358,13447904,2048,1024
499,23.829,18.927,4.902,2,1152,6258,6803358,13447904,2048,1024
500,22.885,17.908,4.977,2,1152,6258,6868746,13544756,2048,1024
501,22.143,17.166,4.977,2,1152,6258,6868746,13544756,2048,1024
502,23.347,18.728,4.620,2,1152,6278,6934742,13639972,2048,1024
503,21.421,16.497,4.925,2,1152,6278,6934742,13639972,2048,1024
504,22.602,18.014,4.588,2,1152,6258,6861105,13531836,2048,1024
505,21.046,16.260,4.786,2,1152,6258,6861105,13531836,2048,1024
506,20.956,16.018,4.938,2,1152,6278,6927024,13630946,2048,1024
507,21.235,16.278,4.958,2,1152,6278,6927024,13630946,2048,1024
508,21.109,16.306,4.803,2,1152,6258,6853311,13518752,2048,1024
509,20.986,16.111,4.874,2,1152,6258,6853311,13518752,2048,1024
510,21.098,16.246,4.852,2,1152,6278,6919155,13618868,2048,1024
511,22.163,17.034,5.128,2,1152,6278,6919155,13618868,2048,1024
512,20.798,15.921,4.877,2,1152,6258,6845366,13508440,2048,1024
513,20.721,15.810,4.910,2,1152,6258,6845366,13508440,2048,1024
514,20.802,15.961,4.841,2,1152,6278,6911134,13605524,2048,1024
515,20.923,16.167,4.755,2,1152,6278,6911134,13605524,2048,1024
516,21.269,16.488,4.781,2,1152,6258,6837269,13499114,2048,1024
517,20.812,15.944,4.868,2,1152,6258,6837269,13499114,2048,1024
518,20.852,16.210,4.643,2,1152,6278,6902960,13592016,2048,1024
519,20.980,16.155,4.825,2,1152,6278,6902960,13592016,2048,1024
520,20.854,15.924,4.930,2,1152,6258,6829019,13486664,2048,1024
521,20.608,15.886,4.721,2,1152,6258,6829019,13486664,2048,1024
522,20.946,16.126,4.820,2,1152,6278,6894635,13581352,2048,1024
523,20.823,15.995,4.828,2,1152,6278,6894635,13581352,2048,1024
524,20.724,16.079,4.645,2,1152,6258,6820618,13472896,2048,1024
525,20.439,15.792,4.647,2,1152,6258,6820618,13472896,2048,1024
526,20.826,16.026,4.799,2,1152,6278,6886157,13568674,2048,1024
527,21.063,16.156,4.907,2,1152,6278,6886157,13568674,2048,1024
528,20.797,16.171,4.626,2,1152,6258,6812064,13462016,2048,1024
529,20.585,15.711,4.874,2,1152,6258,6812064,13462016,2048,1024
530,20.974,16.324,4.649,2,1152,6258,6877527,13555852,2048,1024
531,20.985,16.166,4.819,2,1152,6258,6877527,13555852,2048,1024
532,20.472,15.840,4.632,2,1152,6258,6803358,13447904,2048,1024
533,20.781,15.955,4.827,2,1152,6258,6803358,13447904,2048,1024
534,20.874,16.062,4.812,2,1152,6258,6868746,13544756,2048,1024
535,20.882,15.916,4.967,2,1152,6258,6868746,13544756,2048,1024
536,15.533,14.517,1.017,2,52,3460,6224118,12157654,2048,1024
537,17.274,15.128,2.146,2,52,3460,6224118,12157654,2048,1024
538,16.550,15.006,1.544,2,52,3440,6150481,12049518,2048,1024
539,16.199,14.538,1.660,2,52,3440,6150481,12049518,2048,1024
540,17.021,14.896,2.125,2,52,3460,6216400,12148628,2048,1024
541,16.613,14.813,1.799,2,52,3460,6216400,12148628,2048,1024
542,16.397,14.570,1.826,2,52,3440,6142687,12036434,2048,1024
543,17.635,15.541,2.094,2,52,3440,6142687,12036434,2048,1024
544,15.969,14.840,1.129,2,52,3460,6208531,12136550,2048,1024
545,16.906,15.055,1.851,2,52,3460,6208531,12136550,2048,1024
546,16.415,14.829,1.586,2,52,3440,6134742,12026122,2048,1024
547,16.392,14.527,1.865,2,52,3440,6134742,12026122,2048,1024
548,16.875,14.750,2.125,2,52,3460,6200510,12123206,2048,1024
549,16.822,14.912,1.910,2,52,3460,6200510,12123206,2048,1024
550,16.288,14.533,1.755,2,52,3440,6126645,12016796,2048,1024
551,16.647,14.515,2.132,2,52,3440,6126645,12016796,2048,1024
552,16.963,14.812,2.151,2,52,3460,6192336,12109698,2048,1024
553,16.546,14.689,1.858,2,52,3460,6192336,12109698,2048,1024
554,16.596,14.620,1.975,2,52,3440,6118395,12004346,2048,1024
555,16.539,14.500,2.039,2,52,3440,6118395,12004346,2048,1024
556,16.872,14.705,2.167,2,52,3460,6184011,12099034,2048,1024
557,16.854,14.889,1.965,2,52,3460,6184011,12099034,2048,1024
558,16.319,14.545,1.774,2,52,3440,6109994,11990578,2048,1024
559,16.901,14.771,2.130,2,52,3440,6109994,11990578,2048,1024
560,16.524,14.632,1.892,2,52,3460,6175533,12086356,2048,1024
561,17.058,15.027,2.031,2,52,3460,6175533,12086356,2048,1024
562,16.009,14.367,1.642,2,52,3440,6101440,11979698,2048,1024
563,16.832,14.530,2.302,2,52,3440,6101440,11979698,2048,1024
564,17.027,14.784,2.243,2,52,3440,6166903,12073534,2048,1024
565,16.726,14.946,1.781,2,52,3440,6166903,12073534,2048,1024
566,15.997,14.278,1.719,2,52,3440,6092734,11965586,2048,1024
567,17.317,14.933,2.385,2,52,3440,6092734,11965586,2048,1024
568,16.388,14.658,1.730,2,52,3440,6158122,12062438,2048,1024
569,16.709,14.696,2.013,2,52,3440,6158122,12062438,2048,1024
570,16.924,14.939,1.986,2,52,3460,6224118,12157654,2048,1024
571,16.515,14.802,1.713,2,52,3460,6224118,12157654,2048,1024
572,17.094,15.218,1.875,2,52,3440,6150481,12049518,2048,1024
573,16.571,15.133,1.439,2,52,3440,6150481,12049518,2048,1024
574,16.118,14.578,1.540,2,52,3460,6216400,12148628,2048,1024
575,17.154,15.023,2.131,2,52,3460,6216400,12148628,2048,1024
576,16.211,14.618,1.593,2,52,3440,6142687,12036434,2048,1024
577,16.669,14.611,2.058,2,52,3440,6142687,12036434,2048,1024
578,16.911,14.859,2.052,2,52,3460,6208531,12136550,2048,1024
579,16.938,15.132,1.806,2,52,3460,6208531,12136550,2048,1024
580,16.904,15.363,1.541,2,52,3440,6134742,12026122,2048,1024
581,16.972,15.674,1.298,2,52,3440,6134742,12026122,2048,1024
582,16.847,15.821,1.027,2,52,3460,6200510,12123206,2048,1024
583,16.713,15.685,1.028,2,52,3460,6200510,12123206,2048,1024
584,16.415,15.413,1.002,2,52,3440,6126645,12016796,2048,1024
585,16.779,15.521,1.257,2,52,3440,6126645,12016796,2048,1024
586,16.750,15.600,1.150,2,52,3460,6192336,12109698,2048,1024
587,15.880,14.818,1.062,2,52,3460,6192336,12109698,2048,1024
588,16.676,14.808,1.867,2,52,3440,6118395,12004346,2048,1024
589,17.664,14.718,2.946,2,52,3440,6118395,12004346,2048,1024
590,16.759,14.530,2.229,2,52,3460,6184011,12099034,2048,1024
591,19.018,16.853,2.165,2,54,4100,7822411,14659034,2048,1024
592,17.463,16.408,1.055,2,54,4080,7748394,14550578,2048,1024
593,17.732,16.682,1.050,2,54,4080,7748394,14550578,2048,1024
594,18.677,17.611,1.066,2,54,4100,7813933,14646356,2048,1024
595,17.569,16.544,1.025,2,54,4100,7813933,14646356,2048,1024
596,17.578,16.534,1.045,2,54,4080,7739840,14539698,2048,1024
597,18.140,17.083,1.058,2,54,4080,7739840,14539698,2048,1024
598,17.665,16.573,1.091,2,54,4080,7805303,14633534,2048,1024
599,17.718,16.578,1.140,2,54,4080,7805303,14633534,2048,1024
600,18.030,17.006,1.024,2,54,4080,7731134,14525586,2048,1024
601,18.456,17.122,1.334,2,54,4080,7731134,14525586,2048,1024
602,18.052,17.010,1.042,2,54,4080,7796522,14622438,2048,1024
603,18.054,17.014,1.041,2,54,4080,7796522,14622438,2048,1024
604,17.841,16.702,1.140,2,54,4100,7862518,14717654,2048,1024
605,17.734,16.613,1.121,2,54,4100,7862518,14717654,2048,1024
606,17.736,16.541,1.195,2,54,4080,7788881,14609518,2048,1024
607,18.775,17.572,1.203,2,54,4080,7788881,14609518,2048,1024
608,17.886,16.849,1.037,2,54,4100,7854800,14708628,2048,1024
609,17.796,16.666,1.130,2,54,4100,7854800,14708628,2048,1024
610,17.502,16.458,1.044,2,54,4080,7781087,14596434,2048,1024
611,17.580,16.534,1.047,2,54,4080,7781087,14596434,2048,1024
612,17.931,16.708,1.223,2,54,4100,7846931,14696550,2048,1024
613,17.962,16.907,1.054,2,54,4100,7846931,14696550,2048,1024
614,17.348,16.331,1.017,2,54,4080,7773142,14586122,2048,1024
615,17.561,16.370,1.191,2,54,4080,7773142,14586122,2048,1024
616,17.732,16.625,1.108,2,54,4100,7838910,14683206,2048,1024
617,17.979,16.900,1.079,2,54,4100,7838910,14683206,2048,1024
618,17.834,16.735,1.099,2,54,4080,7765045,14576796,2048,1024
619,17.617,16.581,1.037,2,54,4080,7765045,14576796,2048,1024
620,17.791,16.753,1.038,2,54,4100,7830736,14669698,2048,1024
621,17.739,16.711,1.028,2,54,4100,7830736,14669698,2048,1024
622,17.929,16.882,1.047,2,54,4080,7756795,14564346,2048,1024
623,17.924,16.907,1.018,2,54,4080,7756795,14564346,2048,1024
624,18.225,17.056,1.169,2,54,4100,7822411,14659034,2048,1024
625,17.861,16.776,1.084,2,54,4100,7822411,14659034,2048,1024
626,17.376,16.363,1.013,2,54,4080,7748394,14550578,2048,1024
627,17.425,16.380,1.045,2,54,4080,7748394,14550578,2048,1024
628,17.761,16.742,1.018,2,54,4100,7813933,14646356,2048,1024
629,17.479,16.463,1.016,2,54,4100,7813933,14646356,2048,1024
630,17.590,16.584,1.006,2,54,4080,7739840,14539698,2048,1024
631,17.662,16.593,1.068,2,54,4080,7739840,14539698,2048,1024
632,17.605,16.554,1.051,2,54,4080,7805303,14633534,2048,1024
633,17.726,16.618,1.107,2,54,4080,7805303,14633534,2048,1024
634,17.413,16.359,1.054,2,54,4080,7731134,14525586,2048,1024
635,17.543,16.530,1.013,2,54,4080,7731134,14525586,2048,1024
636,17.545,16.527,1.018,2,54,4080,7796522,14622438,2048,1024
637,17.584,16.548,1.036,2,54,4080,7796522,14622438,2048,1024
638,18.115,17.068,1.046,2,54,4100,7862518,14717654,2048,1024
639,17.829,16.810,1.019,2,54,4100,7862518,14717654,2048,1024
640,18.242,17.197,1.045,2,54,4080,7788881,14609518,2048,1024
641,17.684,16.603,1.082,2,54,4080,7788881,14609518,2048,1024
642,17.600,16.566,1.034,2,54,4100,7854800,14708628,2048,1024
643,17.762,16.719,1.043,2,54,4100,7854800,14708628,2048,1024
644,17.579,16.544,1.036,2,54,4080,7781087,14596434,2048,1024
645,49.698,26.698,22.999,2,1312,10852,12081074,23671368,2048,1024
646,34.208,28.748,5.460,2,1328,11398,13010866,25533872,2048,1024
647,34.111,28.648,5.462,2,1320,11376,13002674,25517036,2048,1024
648,34.847,29.091,5.757,2,1320,11342,13002674,25517036,2048,1024
649,34.494,29.033,5.461,2,1320,11342,13002674,25517036,2048,1024
650,34.522,28.862,5.660,2,1320,11338,13002674,25517036,2048,1024
651,34.690,28.882,5.808,2,1320,11342,13002674,25517036,2048,1024
652,35.947,30.419,5.528,2,1320,11314,13002674,25517036,2048,1024
653,34.668,29.195,5.474,2,1320,11310,13002674,25517036,2048,1024
654,34.307,28.717,5.590,2,1320,11310,13002674,25517036,2048,1024
655,38.153,32.225,5.928,2,1320,11314,13002674,25517036,2048,1024
656,37.295,31.741,5.554,2,1320,11298,13002674,25517036,2048,1024
657,36.921,31.428,5.493,2,1320,11290,13002674,25517036,2048,1024
658,33.894,28.346,5.548,2,1320,11294,13002674,25517036,2048,1024
659,34.218,28.758,5.460,2,1320,11298,13002674,25517036,2048,1024
660,33.830,28.279,5.551,2,1320,11308,13002674,25517036,2048,1024
661,33.923,28.443,5.480,2,1312,11278,12994482,25500200,2048,1024
662,34.082,28.648,5.434,2,1312,11278,12994482,25500200,2048,1024
663,33.303,27.876,5.427,2,1312,11282,12994482,25500200,2048,1024
664,33.591,28.052,5.539,2,1312,11312,12994482,25500200,2048,1024
665,33.621,28.243,5.378,2,1312,11304,12994482,25500200,2048,1024
666,33.753,28.213,5.540,2,1312,11320,12994482,25500200,2048,1024
667,34.026,28.337,5.689,2,1312,11320,12994482,25500200,2048,1024
668,33.481,28.069,5.413,2,1312,11324,12994482,25500200,2048,1024
669,33.576,28.148,5.428,2,1312,11320,12994482,25500200,2048,1024
670,33.215,27.791,5.425,2,1312,11320,12994482,25500200,2048,1024
671,33.974,28.410,5.564,2,1312,11320,12994482,25500200,2048,1024
672,33.949,28.497,5.451,2,1312,11336,12994482,25500200,2048,1024
673,33.836,28.379,5.457,2,1312,11324,12994482,25500200,2048,1024
674,33.619,28.157,5.461,2,1312,11332,12994482,25500200,2048,1024
675,33.651,28.267,5.385,2,1312,11336,12994482,25500200,2048,1024
676,33.697,28.263,5.434,2,1312,11336,12994482,25500200,2048,1024
677,34.793,29.178,5.614,2,1312,11332,12994482,25500200,2048,1024
678,34.268,28.543,5.725,2,1312,11332,12994482,25500200,2048,1024
679,33.776,28.291,5.485,2,1312,11336,12994482,25500200,2048,1024
680,33.632,28.177,5.455,2,1312,11316,12994482,25500200,2048,1024
681,35.434,29.927,5.507,2,1312,11296,12994482,25500200,2048,1024
682,33.600,28.172,5.428,2,1312,11296,12994482,25500200,2048,1024
683,33.759,28.339,5.420,2,1312,11300,12994482,25500200,2048,1024
684,33.419,27.994,5.424,2,1312,11284,12994482,25500200,2048,1024
685,33.725,28.233,5.493,2,1312,11276,12994482,25500200,2048,1024
686,33.709,28.302,5.407,2,1312,11260,12994482,25500200,2048,1024
687,37.296,31.889,5.407,2,1312,11264,12994482,25500200,2048,1024
688,34.180,28.672,5.507,2,1312,11268,12994482,25500200,2048,1024
689,36.565,31.157,5.408,2,1312,11260,12994482,25500200,2048,1024
690,34.268,28.660,5.608,2,1312,11292,12994482,25500200,2048,1024
691,36.170,30.717,5.453,2,1312,11280,12994482,25500200,2048,1024
692,34.274,28.783,5.491,2,1312,11284,12994482,25500200,2048,1024
693,37.221,31.740,5.481,2,1312,11268,12994482,25500200,2048,1024
694,34.516,28.951,5.565,2,1312,11296,12994482,25500200,2048,1024
695,36.111,30.599,5.512,2,1312,11284,12994482,25500200,2048,1024
696,34.150,28.515,5.635,2,1312,11316,12994482,25500200,2048,1024
697,35.943,30.463,5.480,2,1312,11328,12994482,25500200,2048,1024
698,35.640,30.026,5.614,2,1312,11312,12994482,25500200,2048,1024
699,36.673,28.658,8.015,2,1318,11188,12277682,24785868,2048,1024
700,37.477,29.540,7.938,2,1318,11244,12277682,24785868,2048,1024
701,36.236,30.818,5.418,2,1318,11228,12277682,24785868,2048,1024
702,33.225,27.561,5.664,2,1318,11228,12277682,24785868,2048,1024
703,32.852,27.420,5.432,2,1318,11220,12277682,24785868,2048,1024
704,32.746,27.313,5.432,2,1318,11264,12277682,24785868,2048,1024
705,32.688,27.245,5.443,2,1318,11244,12277682,24785868,2048,1024
706,32.885,27.499,5.386,2,1318,11248,12277682,24785868,2048,1024
707,33.181,27.631,5.550,2,1318,11252,12277682,24785868,2048,1024
708,33.061,27.599,5.462,2,1318,11252,12277682,24785868,2048,1024
709,33.127,27.657,5.470,2,1318,11244,12277682,24785868,2048,1024
710,34.533,29.027,5.506,2,1318,11244,12277682,24785868,2048,1024
711,33.394,27.961,5.433,2,1318,11248,12277682,24785868,2048,1024
712,33.367,27.964,5.404,2,1318,11224,12277682,24785868,2048,1024
713,33.019,27.572,5.447,2,1318,11216,12277682,24785868,2048,1024
714,33.045,27.652,5.393,2,1318,11220,12277682,24785868,2048,1024
715,33.165,27.736,5.429,2,1318,11220,12277682,24785868,2048,1024
716,33.063,27.679,5.384,2,1318,11208,12277682,24785868,2048,1024
717,33.086,27.719,5.368,2,1318,11204,12277682,24785868,2048,1024
718,32.892,27.503,5.389,2,1318,11204,12277682,24785868,2048,1024
719,32.854,27.457,5.397,2,1318,11204,12277682,24785868,2048,1024
720,33.129,27.722,5.407,2,1318,11176,12277682,24785868,2048,1024
721,33.895,28.456,5.438,2,1318,11176,12277682,24785868,2048,1024
722,32.812,27.419,5.393,2,1318,11156,12277682,24785868,2048,1024
723,33.583,28.095,5.488,2,1318,11160,12277682,24785868,2048,1024
724,33.434,28.013,5.421,2,1318,11172,12277682,24785868,2048,1024
725,33.077,27.614,5.464,2,1318,11168,12277682,24785868,2048,1024
726,33.170,27.733,5.437,2,1318,11152,12277682,24785868,2048,1024
727,33.099,27.636,5.462,2,1318,11156,12277682,24785868,2048,1024
728,32.875,27.465,5.410,2,1318,11168,12277682,24785868,2048,1024
729,33.041,27.652,5.390,2,1318,11160,12277682,24785868,2048,1024
730,33.000,27.567,5.433,2,1318,11148,12277682,24785868,2048,1024
731,33.335,27.675,5.660,2,1318,11152,12277682,24785868,2048,1024
732,33.625,28.183,5.441,2,1318,11180,12277682,24785868,2048,1024
733,33.039,27.618,5.422,2,1318,11172,12277682,24785868,2048,1024
734,33.298,27.865,5.433,2,1318,11172,12277682,24785868,2048,1024
735,33.356,27.800,5.556,2,1318,11176,12277682,24785868,2048,1024
736,33.791,28.375,5.416,2,1318,11196,12277682,24785868,2048,1024
737,33.599,28.127,5.473,2,1318,11188,12277682,24785868,2048,1024
738,32.931,27.466,5.465,2,1318,11176,12277682,24785868,2048,1024
739,32.840,27.456,5.384,2,1318,11176,12277682,24785868,2048,1024
740,36.907,30.303,6.604,2,1318,11180,12277682,24785868,2048,1024
741,33.624,28.126,5.498,2,1318,11176,12277682,24785868,2048,1024
742,33.454,28.042,5.412,2,1318,11192,12277682,24785868,2048,1024
743,35.921,30.485,5.436,2,1318,11192,12277682,24785868,2048,1024
744,34.765,29.200,5.565,2,1318,11180,12277682,24785868,2048,1024
745,35.478,30.073,5.406,2,1318,11180,12277682,24785868,2048,1024
746,33.423,27.964,5.458,2,1318,11192,12277682,24785868,2048,1024
747,33.164,27.830,5.334,2,1318,11196,12277682,24785868,2048,1024
748,33.225,27.772,5.453,2,1318,11196,12277682,24785868,2048,1024
749,33.424,27.994,5.430,2,1318,11192,12277682,24785868,2048,1024
750,33.005,27.524,5.481,2,1318,11208,12277682,24785868,2048,1024
751,33.216,27.838,5.378,2,1318,11212,12277682,24785868,2048,1024
752,33.262,27.735,5.528,2,1318,11212,12277682,24785868,2048,1024
753,33.350,27.788,5.562,2,1318,11204,12277682,24785868,2048,1024
754,32.742,27.346,5.396,2,1318,11192,12277682,24785868,2048,1024
755,32.968,27.604,5.364,2,1318,11196,12277682,24785868,2048,1024
756,32.756,27.333,5.423,2,1318,11196,12277682,24785868,2048,1024
757,32.794,27.418,5.376,2,1318,11188,12277682,24785868,2048,1024
758,32.865,27.447,5.418,2,1318,11188,12277682,24785868,2048,1024
759,32.657,27.258,5.399,2,1318,11176,12277682,24785868,2048,1024
760,32.952,27.539,5.413,2,1318,11212,12277682,24785868,2048,1024
761,32.658,27.239,5.419,2,1318,11204,12277682,24785868,2048,1024
762,33.605,28.126,5.479,2,1318,11192,12277682,24785868,2048,1024
763,32.519,27.108,5.411,2,1318,11192,12277682,24785868,2048,1024
764,32.680,27.270,5.411,2,1318,11228,12277682,24785868,2048,1024
765,33.150,27.679,5.470,2,1318,11212,12277682,24785868,2048,1024
766,33.224,27.802,5.423,2,1318,11200,12277682,24785868,2048,1024
767,33.348,27.801,5.547,2,1318,11200,12277682,24785868,2048,1024
768,33.079,27.628,5.451,2,1318,11248,12277682,24785868,2048,1024
769,32.969,27.429,5.539,2,1318,11248,12277682,24785868,2048,1024
770,33.774,28.311,5.463,2,1318,11244,12277682,24785868,2048,1024
771,33.227,27.781,5.446,2,1318,11248,12277682,24785868,2048,1024
772,33.246,27.802,5.444,2,1318,11292,12277682,24785868,2048,1024
773,33.338,27.886,5.453,2,1318,11288,12277682,24785868,2048,1024
774,33.037,27.621,5.415,2,1318,11260,12277682,24785868,2048,1024
775,33.367,27.967,5.400,2,1318,11264,12277682,24785868,2048,1024
776,33.308,27.881,5.427,2,1318,11248,12277682,24785868,2048,1024
777,33.192,27.768,5.424,2,1318,11240,12277682,24785868,2048,1024
778,33.520,28.128,5.392,2,1318,11216,12277682,24785868,2048,1024
779,33.297,27.835,5.462,2,1318,11220,12277682,24785868,2048,1024
780,33.452,28.060,5.392,2,1318,11204,12277682,24785868,2048,1024
781,33.642,28.170,5.472,2,1318,11196,12277682,24785868,2048,1024
782,33.519,28.084,5.434,2,1318,11180,12277682,24785868,2048,1024
783,33.084,27.694,5.390,2,1318,11184,12277682,24785868,2048,1024
784,33.070,27.677,5.392,2,1318,11160,12277682,24785868,2048,1024
785,32.837,27.455,5.382,2,1318,11152,12277682,24785868,2048,1024
786,32.853,27.466,5.387,2,1318,11130,12277682,24785868,2048,1024
787,33.282,27.817,5.465,2,1318,11130,12277682,24785868,2048,1024
788,35.400,29.975,5.425,2,1318,11106,12277682,24785868,2048,1024
789,34.997,29.514,5.483,2,1318,11102,12277682,24785868,2048,1024
790,36.272,30.808,5.464,2,1318,11092,12277682,24785868,2048,1024
791,34.272,28.630,5.642,2,1318,11092,12277682,24785868,2048,1024
792,33.093,27.648,5.444,2,1318,11086,12277682,24785868,2048,1024
793,32.990,27.551,5.439,2,1318,11086,12277682,24785868,2048,1024
794,32.976,27.572,5.405,2,1318,11072,12277682,24785868,2048,1024
795,32.733,27.315,5.418,2,1318,11076,12277682,24785868,2048,1024
796,33.218,27.823,5.395,2,1318,11076,12277682,24785868,2048,1024
797,32.955,27.558,5.396,2,1318,11072,12277682,24785868,2048,1024
798,33.215,27.791,5.425,2,1318,11086,12277682,24785868,2048,1024
799,32.716,27.227,5.488,2,1318,11090,12277682,24785868,2048,1024
800,34.048,28.644,5.404,2,1318,11090,12277682,24785868,2048,1024
801,33.561,27.979,5.582,2,1318,11082,12277682,24785868,2048,1024
802,33.869,28.327,5.541,2,1318,11100,12277682,24785868,2048,1024
803,33.190,27.731,5.458,2,1318,11104,12277682,24785868,2048,1024
804,33.076,27.657,5.419,2,1318,11088,12277682,24785868,2048,1024
805,33.226,27.788,5.438,2,1318,11094,12277682,24785868,2048,1024
806,33.024,27.625,5.399,2,1318,11090,12277682,24785868,2048,1024
807,33.932,28.551,5.381,2,1318,11094,12277682,24785868,2048,1024
808,33.096,27.550,5.546,2,1318,11112,12277682,24785868,2048,1024
809,33.096,27.598,5.497,2,1318,11116,12277682,24785868,2048,1024
810,33.079,27.624,5.455,2,1318,11104,12277682,24785868,2048,1024
811,33.768,28.323,5.445,2,1318,11104,12277682,24785868,2048,1024
812,32.990,27.514,5.476,2,1318,11120,12277682,24785868,2048,1024
813,33.056,27.459,5.597,2,1318,11116,12277682,24785868,2048,1024
814,32.795,27.403,5.391,2,1318,11112,12277682,24785868,2048,1024
815,33.010,27.614,5.396,2,1318,11112,12277682,24785868,2048,1024
816,32.976,27.586,5.390,2,1318,11116,12277682,24785868,2048,1024
817,32.998,27.606,5.392,2,1318,11116,12277682,24785868,2048,1024
818,33.023,27.667,5.356,2,1318,11112,12277682,24785868,2048,1024
819,33.027,27.645,5.382,2,1318,11116,12277682,24785868,2048,1024
820,32.774,27.276,5.498,2,1318,11116,12277682,24785868,2048,1024
821,32.608,27.240,5.368,2,1318,11112,12277682,24785868,2048,1024
822,32.801,27.422,5.379,2,1318,11128,12277682,24785868,2048,1024
823,32.935,27.494,5.441,2,1318,11132,12277682,24785868,2048,1024
824,32.943,27.499,5.445,2,1318,11160,12277682,24785868,2048,1024
825,33.211,27.672,5.539,2,1318,11152,12277682,24785868,2048,1024
826,33.102,27.601,5.501,2,1318,11172,12277682,24785868,2048,1024
827,32.844,27.372,5.472,2,1318,11176,12277682,24785868,2048,1024
828,32.942,27.444,5.497,2,1318,11204,12277682,24785868,2048,1024
829,32.789,27.274,5.516,2,1318,11196,12277682,24785868,2048,1024
830,34.203,28.663,5.540,2,1318,11212,12277682,24785868,2048,1024
831,33.345,27.775,5.569,2,1318,11216,12277682,24785868,2048,1024
832,33.103,27.637,5.466,2,1318,11248,12277682,24785868,2048,1024
833,34.529,29.039,5.489,2,1318,11256,12277682,24785868,2048,1024
834,35.854,30.344,5.510,2,1318,11260,12277682,24785868,2048,1024
835,35.170,29.581,5.589,2,1318,11264,12277682,24785868,2048,1024
836,34.653,29.187,5.466,2,1318,11266,12277682,24785868,2048,1024
837,33.130,27.681,5.449,2,1318,11258,12277682,24785868,2048,1024
838,33.128,27.719,5.409,2,1318,11258,12277682,24785868,2048,1024
839,32.981,27.615,5.367,2,1318,11262,12277682,24785868,2048,1024
840,33.001,27.554,5.447,2,1318,11240,12277682,24785868,2048,1024
841,33.447,28.055,5.392,2,1318,11232,12277682,24785868,2048,1024
842,32.710,27.323,5.388,2,1318,11236,12277682,24785868,2048,1024
843,33.029,27.617,5.412,2,1318,11236,12277682,24785868,2048,1024
844,33.016,27.588,5.428,2,1318,11214,12277682,24785868,2048,1024
845,33.134,27.741,5.393,2,1318,11210,12277682,24785868,2048,1024
846,32.938,27.571,5.367,2,1318,11210,12277682,24785868,2048,1024
847,33.128,27.393,5.735,2,1318,11210,12277682,24785868,2048,1024
848,33.020,27.696,5.324,2,1318,11188,12277682,24785868,2048,1024
849,33.255,27.789,5.466,2,1318,11188,12277682,24785868,2048,1024
850,32.841,27.409,5.432,2,1318,11184,12277682,24785868,2048,1024
851,33.216,27.376,5.840,2,1316,11180,12277106,24784618,2048,1024
852,4.548,3.685,0.863,1,2,480,918882,1837764,1278,719
853,16.812,3.831,12.982,1,2,480,918882,1837764,1278,719
854,16.582,3.745,12.837,1,2,480,918882,1837764,1278,719
855,16.824,3.905,12.920,1,2,480,918882,1837764,1278,719
856,16.673,3.911,12.762,1,2,480,918882,1837764,1278,719
857,16.501,3.745,12.756,1,2,480,918882,1837764,1278,719
858,16.602,3.681,12.921,1,2,480,918882,1837764,1278,719
859,23.503,6.319,17.185,2,1102,3298,1629506,3320082,2048,1024
860,16.293,5.979,10.314,2,1102,3298,1629506,3320082,2048,1024
861,17.287,6.606,10.680,2,1102,3298,1629506,3320082,2048,1024
862,16.166,6.073,10.093,2,1102,3298,1629506,3320082,2048,1024
863,16.750,6.159,10.592,2,1102,3298,1629506,3320082,2048,1024
864,16.460,5.973,10.487,2,1102,3298,1629506,3320082,2048,1024
865,16.564,5.898,10.666,2,1102,3298,1629506,3320082,2048,1024
866,16.712,5.962,10.750,2,1102,3298,1629506,3320082,2048,1024
867,17.286,6.571,10.716,2,1102,3298,1629506,3320082,2048,1024
868,16.971,6.818,10.153,2,1102,3298,1629506,3320082,2048,1024
869,15.703,5.869,9.834,2,1102,3298,1629506,3320082,2048,1024
870,16.523,5.765,10.759,2,1102,3298,1629506,3320082,2048,1024
871,16.736,5.850,10.886,2,1102,3298,1629506,3320082,2048,1024
872,17.249,6.411,10.838,2,1102,3298,1629506,3320082,2048,1024
873,16.099,5.849,10.250,2,1102,3298,1629506,3320082,2048,1024
874,16.915,6.058,10.857,2,1102,3298,1629506,3320082,2048,1024
875,16.433,5.829,10.604,2,1102,3298,1629506,3320082,2048,1024
876,16.861,6.085,10.776,2,1102,3298,1629506,3320082,2048,1024
877,16.775,6.127,10.648,2,1102,3298,1629506,3320082,2048,1024
878,16.388,5.848,10.540,2,1102,3298,1629506,3320082,2048,1024
879,16.860,5.957,10.904,2,1102,3298,1629506,3320082,2048,1024
880,16.740,6.131,10.609,2,1102,3298,1629506,3320082,2048,1024
881,16.439,5.928,10.512,2,1102,3298,1629506,3320082,2048,1024
882,16.810,6.058,10.751,2,1102,3298,1629506,3320082,2048,1024
883,16.669,6.049,10.620,2,1102,3298,1629506,3320082,2048,1024
884,16.336,5.738,10.599,2,1102,3298,1629506,3320082,2048,1024
885,17.405,6.490,10.915,2,1102,3298,1629506,3320082,2048,1024
886,16.407,6.200,10.208,2,1102,3298,1629506,3320082,2048,1024
887,16.769,6.304,10.464,2,1102,3298,1629506,3320082,2048,1024
888,16.811,6.472,10.339,2,1102,3298,1629506,3320082,2048,1024
889,16.709,6.463,10.246,2,1102,3298,1629506,3320082,2048,1024
890,16.123,5.935,10.188,2,1102,3298,1629506,3320082,2048,1024
891,16.876,6.149,10.727,2,1102,3298,1629506,3320082,2048,1024
892,16.883,6.368,10.515,2,1102,3298,1629506,3320082,2048,1024
893,16.081,5.766,10.314,2,1102,3298,1629506,3320082,2048,1024
894,16.786,5.958,10.827,2,1102,3298,1629506,3320082,2048,1024
895,16.806,6.023,10.783,2,1102,3298,1629506,3320082,2048,1024
896,16.697,6.079,10.618,2,1102,3298,1629506,3320082,2048,1024
897,16.665,6.007,10.658,2,1102,3298,1629506,3320082,2048,1024
898,16.974,6.374,10.600,2,1102,3298,1629506,3320082,2048,1024
899,16.224,5.974,10.249,2,1102,3298,1629506,3320082,2048,1024
900,16.523,5.788,10.735,2,1102,3298,1629506,3320082,2048,1024
901,16.675,5.837,10.838,2,1102,3298,1629506,3320082,2048,1024
902,17.513,6.687,10.826,2,1102,3298,1629506,3320082,2048,1024
903,16.413,6.406,10.007,2,1102,3298,1629506,3320082,2048,1024
904,16.557,6.281,10.276,2,1102,3298,1629506,3320082,2048,1024
905,16.696,6.312,10.384,2,1102,3298,1629506,3320082,2048,1024
906,16.450,6.076,10.374,2,1102,3298,1629506,3320082,2048,1024
907,16.843,6.259,10.584,2,1102,3298,1629506,3320082,2048,1024
908,16.500,6.045,10.455,2,1102,3298,1629506,3320082,2048,1024
909,16.824,6.273,10.551,2,1102,3298,1629506,3320082,2048,1024
910,17.101,6.709,10.392,2,1102,3298,1629506,3320082,2048,1024
911,16.062,6.057,10.006,2,1102,3298,1629506,3320082,2048,1024
912,16.698,6.137,10.561,2,1102,3298,1629506,3320082,2048,1024
913,16.798,6.259,10.538,2,1102,3298,1629506,3320082,2048,1024
914,16.171,5.808,10.362,2,1102,3298,1629506,3320082,2048,1024
915,17.124,6.232,10.892,2,1102,3298,1629506,3320082,2048,1024
916,16.618,6.136,10.482,2,1102,3298,1629506,3320082,2048,1024
917,16.715,6.235,10.480,2,1102,3298,1629506,3320082,2048,1024
918,16.528,6.097,10.431,2,1102,3298,1629506,3320082,2048,1024
919,16.707,6.088,10.620,2,1102,3298,1629506,3320082,2048,1024
920,10.759,3.869,6.890,1,2,480,918882,1837764,1278,719
921,19.023,6.201,12.822,2,4,1120,2557282,4397764,2048,1024
922,16.465,5.999,10.465,2,4,1120,2557282,4397764,2048,1024
923,16.864,6.197,10.667,2,4,1120,2557282,4397764,2048,1024
924,16.552,6.080,10.472,2,4,1120,2557282,4397764,2048,1024
925,17.279,6.696,10.583,2,4,1120,2557282,4397764,2048,1024
926,16.424,6.458,9.966,2,4,1120,2557282,4397764,2048,1024
927,16.531,6.317,10.213,2,4,1120,2557282,4397764,2048,1024
928,16.555,6.203,10.353,2,4,1120,2557282,4397764,2048,1024
929,16.566,6.107,10.459,2,4,1120,2557282,4397764,2048,1024
930,16.715,6.155,10.560,2,4,1120,2557282,4397764,2048,1024
931,16.679,6.172,10.507,2,4,1120,2557282,4397764,2048,1024
932,16.747,6.252,10.495,2,4,1120,2557282,4397764,2048,1024
933,16.582,6.162,10.420,2,4,1120,2557282,4397764,2048,1024
934,16.648,6.149,10.499,2,4,1120,2557282,4397764,2048,1024
935,16.779,6.254,10.525,2,4,1120,2557282,4397764,2048,1024
936,16.812,6.219,10.593,2,4,1120,2557282,4397764,2048,1024
937,17.171,6.313,10.858,2,4,1120,2557282,4397764,2048,1024
938,16.483,6.136,10.347,2,4,1120,2557282,4397764,2048,1024
939,16.703,6.167,10.536,2,4,1120,2557282,4397764,2048,1024
940,16.725,6.229,10.496,2,4,1120,2557282,4397764,2048,1024
941,16.551,6.111,10.440,2,4,1120,2557282,4397764,2048,1024
942,16.750,6.187,10.564,2,4,1120,2557282,4397764,2048,1024
943,16.721,6.244,10.478,2,4,1120,2557282,4397764,2048,1024
944,16.535,6.114,10.421,2,4,1120,2557282,4397764,2048,1024
945,16.849,6.254,10.595,2,4,1120,2557282,4397764,2048,1024
946,16.647,6.239,10.408,2,4,1120,2557282,4397764,2048,1024
947,16.717,6.290,10.427,2,4,1120,2557282,4397764,2048,1024
948,16.535,6.164,10.371,2,4,1120,2557282,4397764,2048,1024
949,16.631,6.122,10.509,2,4,1120,2557282,4397764,2048,1024
950,16.663,6.119,10.544,2,4,1120,2557282,4397764,2048,1024
951,16.986,6.440,10.547,2,4,1120,2557282,4397764,2048,1024
952,16.666,6.267,10.399,2,4,1120,2557282,4397764,2048,1024
953,16.609,6.215,10.394,2,4,1120,2557282,4397764,2048,1024
954,16.657,6.207,10.451,2,4,1120,2557282,4397764,2048,1024
955,16.660,6.197,10.463,2,4,1120,2557282,4397764,2048,1024
956,16.812,6.337,10.475,2,4,1120,2557282,4397764,2048,1024
957,16.449,6.123,10.326,2,4,1120,2557282,4397764,2048,1024
958,16.677,6.139,10.538,2,4,1120,2557282,4397764,2048,1024
959,16.808,6.267,10.541,2,4,1120,2557282,4397764,2048,1024
960,16.608,6.221,10.386,2,4,1120,2557282,4397764,2048,1024
961,16.770,6.326,10.444,2,4,1120,2557282,4397764,2048,1024
962,16.608,6.261,10.347,2,4,1120,2557282,4397764,2048,1024
963,16.475,6.069,10.406,2,4,1120,2557282,4397764,2048,1024
964,16.695,6.095,10.600,2,4,1120,2557282,4397764,2048,1024
965,16.861,6.291,10.569,2,4,1120,2557282,4397764,2048,1024
966,16.486,6.120,10.367,2,4,1120,2557282,4397764,2048,1024
967,16.757,6.208,10.548,2,4,1120,2557282,4397764,2048,1024
968,16.732,6.274,10.458,2,4,1120,2557282,4397764,2048,1024
969,16.523,6.131,10.392,2,4,1120,2557282,4397764,2048,1024
970,16.709,6.172,10.537,2,4,1120,2557282,4397764,2048,1024
971,16.840,6.344,10.496,2,4,1120,2557282,4397764,2048,1024
972,16.475,6.147,10.328,2,4,1120,2557282,4397764,2048,1024
973,16.708,6.196,10.512,2,4,1120,2557282,4397764,2048,1024
974,17.871,6.237,11.634,2,4,1120,2557282,4397764,2048,1024
975,14.466,3.976,10.490,2,22,540,929122,1859544,2048,1024
976,18.844,6.096,12.748,2,24,1180,2567522,4419544,2048,1024
977,16.706,6.129,10.576,2,24,1180,2567522,4419544,2048,1024
978,19.844,7.247,12.597,2,24,1180,2567522,4419544,2048,1024
979,16.158,6.552,9.605,2,24,1180,2567522,4419544,2048,1024
980,16.579,6.473,10.105,2,24,1180,2567522,4419544,2048,1024
981,17.225,6.529,10.696,2,24,1154,2567522,4419544,2048,1024
982,17.784,6.336,11.448,2,24,1154,2567522,4419544,2048,1024
983,18.596,6.287,12.309,2,24,1154,2567522,4419544,2048,1024
984,16.842,6.279,10.562,2,24,1150,2567522,4419544,2048,1024
985,17.245,6.767,10.478,2,24,1150,2567522,4419544,2048,1024
986,17.813,6.802,11.011,2,24,1150,2567522,4419544,2048,1024
987,17.081,6.324,10.757,2,24,1150,2567522,4419544,2048,1024
988,17.691,6.446,11.244,2,24,1150,2567522,4419544,2048,1024
989,17.273,6.556,10.718,2,24,1150,2567522,4419544,2048,1024
990,17.860,6.706,11.154,2,24,1150,2567522,4419544,2048,1024
991,17.291,6.689,10.602,2,24,1150,2567522,4419544,2048,1024
992,16.255,6.280,9.975,2,24,1150,2567522,4419544,2048,1024
993,17.277,6.886,10.392,2,24,1150,2567522,4419544,2048,1024
994,16.147,6.371,9.776,2,24,1150,2567522,4419544,2048,1024
995,17.319,6.896,10.423,2,24,1150,2567522,4419544,2048,1024
996,17.655,6.769,10.886,2,24,1150,2567522,4419544,2048,1024
997,18.139,6.576,11.563,2,24,1150,2567522,4419544,2048,1024
998,16.800,6.759,10.041,2,24,1150,2567522,4419544,2048,1024
999,16.584,6.676,9.908,2,24,1150,2567522,4419544,2048,1024
1000,16.323,6.315,10.008,2,24,1150,2567522,4419544,2048,1024
1001,17.250,6.913,10.337,2,24,1150,2567522,4419544,2048,1024
1002,16.311,6.560,9.752,2,24,1150,2567522,4419544,2048,1024
1003,16.586,6.479,10.107,2,24,1150,2567522,4419544,2048,1024
1004,16.684,6.490,10.194,2,24,1150,2567522,4419544,2048,1024
1005,16.599,6.427,10.172,2,24,1150,2567522,4419544,2048,1024
1006,16.805,6.563,10.242,2,24,1150,2567522,4419544,2048,1024
1007,16.324,6.221,10.103,2,24,1150,2567522,4419544,2048,1024
1008,16.959,6.513,10.446,2,24,1150,2567522,4419544,2048,1024
1009,16.552,6.409,10.143,2,24,1150,2567522,4419544,2048,1024
1010,16.909,6.638,10.271,2,24,1150,2567522,4419544,2048,1024
1011,16.564,6.544,10.020,2,24,1150,2567522,4419544,2048,1024
1012,16.597,6.471,10.126,2,24,1150,2567522,4419544,2048,1024
1013,16.754,6.554,10.199,2,24,1150,2567522,4419544,2048,1024
1014,16.442,6.335,10.107,2,24,1150,2567522,4419544,2048,1024
1015,16.694,6.369,10.325,2,24,1150,2567522,4419544,2048,1024
1016,16.867,6.561,10.306,2,24,1150,2567522,4419544,2048,1024
1017,16.642,6.538,10.103,2,24,1150,2567522,4419544,2048,1024
1018,16.557,6.427,10.130,2,24,1150,2567522,4419544,2048,1024
1019,16.852,6.434,10.418,2,24,1154,2567522,4419544,2048,1024
1020,16.270,6.216,10.053,2,24,1154,2567522,4419544,2048,1024
1021,16.941,6.492,10.449,2,24,1154,2567522,4419544,2048,1024
1022,16.652,6.484,10.169,2,24,1180,2567522,4419544,2048,1024
1023,16.721,6.530,10.191,2,24,1180,2567522,4419544,2048,1024
1024,16.607,6.471,10.137,2,24,1180,2567522,4419544,2048,1024
1025,16.560,6.361,10.198,2,24,1180,2567522,4419544,2048,1024
1026,16.741,6.418,10.323,2,24,1180,2567522,4419544,2048,1024
1027,16.672,6.446,10.227,2,24,1180,2567522,4419544,2048,1024
1028,16.771,6.550,10.221,2,24,1180,2567522,4419544,2048,1024
1029,16.659,6.546,10.113,2,24,1180,2567522,4419544,2048,1024
1030,16.593,6.471,10.122,2,24,1180,2567522,4419544,2048,1024
1031,16.432,6.233,10.199,2,24,1180,2567522,4419544,2048,1024
1032,16.977,6.539,10.438,2,24,1180,2567522,4419544,2048,1024
1033,16.262,6.140,10.122,2,24,1180,2567522,4419544,2048,1024
1034,16.956,6.432,10.524,2,24,1180,2567522,4419544,2048,1024
1035,16.463,6.224,10.239,2,24,1180,2567522,4419544,2048,1024
1036,16.721,6.280,10.441,2,24,1154,2567522,4419544,2048,1024
1037,16.645,6.266,10.379,2,24,1154,2567522,4419544,2048,1024
1038,16.903,6.496,10.407,2,24,1154,2567522,4419544,2048,1024
1039,16.420,6.248,10.171,2,24,1150,2567522,4419544,2048,1024
1040,16.758,6.344,10.414,2,24,1150,2567522,4419544,2048,1024
1041,16.633,6.303,10.330,2,24,1150,2567522,4419544,2048,1024
1042,16.615,6.261,10.354,2,24,1150,2567522,4419544,2048,1024
1043,16.712,6.307,10.405,2,24,1150,2567522,4419544,2048,1024
1044,16.662,6.304,10.357,2,24,1150,2567522,4419544,2048,1024
1045,17.027,6.652,10.375,2,24,1150,2567522,4419544,2048,1024
1046,16.465,6.449,10.016,2,24,1150,2567522,4419544,2048,1024
1047,16.604,6.387,10.217,2,24,1150,2567522,4419544,2048,1024
1048,16.492,6.207,10.285,2,24,1150,2567522,4419544,2048,1024
1049,16.614,6.161,10.453,2,24,1150,2567522,4419544,2048,1024
1050,16.984,6.485,10.499,2,24,1150,2567522,4419544,2048,1024
1051,16.391,6.207,10.184,2,24,1150,2567522,4419544,2048,1024
1052,16.750,6.289,10.460,2,24,1150,2567522,4419544,2048,1024
1053,16.620,6.241,10.379,2,24,1150,2567522,4419544,2048,1024
1054,16.589,6.164,10.425,2,24,1150,2567522,4419544,2048,1024
1055,16.793,6.287,10.506,2,24,1150,2567522,4419544,2048,1024
1056,16.785,6.407,10.378,2,24,1150,2567522,4419544,2048,1024
1057,16.493,6.237,10.257,2,24,1150,2567522,4419544,2048,1024
1058,16.734,6.309,10.425,2,24,1150,2567522,4419544,2048,1024
1059,16.645,6.280,10.365,2,24,1150,2567522,4419544,2048,1024
1060,16.686,6.302,10.384,2,24,1150,2567522,4419544,2048,1024
1061,16.797,6.431,10.367,2,24,1150,2567522,4419544,2048,1024
1062,16.660,6.432,10.228,2,24,1150,2567522,4419544,2048,1024
1063,16.529,6.283,10.246,2,24,1150,2567522,4419544,2048,1024
1064,17.607,6.198,11.409,2,24,1150,2567522,4419544,2048,1024
1065,17.092,6.112,10.980,2,24,1150,2567522,4419544,2048,1024
1066,17.145,6.079,11.067,2,24,1150,2567522,4419544,2048,1024
1067,16.799,6.216,10.584,2,24,1150,2567522,4419544,2048,1024
1068,16.563,6.113,10.450,2,24,1150,2567522,4419544,2048,1024
1069,16.701,6.144,10.558,2,24,1150,2567522,4419544,2048,1024
1070,16.686,6.170,10.516,2,24,1150,2567522,4419544,2048,1024
1071,16.587,6.094,10.493,2,24,1150,2567522,4419544,2048,1024
1072,16.776,6.204,10.572,2,24,1150,2567522,4419544,2048,1024
1073,16.697,6.222,10.474,2,24,1150,2567522,4419544,2048,1024
1074,16.618,6.167,10.451,2,24,1154,2567522,4419544,2048,1024
1075,16.639,6.142,10.497,2,24,1154,2567522,4419544,2048,1024
1076,16.614,6.083,10.532,2,24,1154,2567522,4419544,2048,1024
1077,16.658,6.094,10.564,2,24,1180,2567522,4419544,2048,1024
1078,16.683,6.086,10.597,2,24,1180,2567522,4419544,2048,1024
1079,16.718,6.156,10.563,2,24,1180,2567522,4419544,2048,1024
1080,16.634,6.107,10.527,2,24,1180,2567522,4419544,2048,1024
1081,16.632,6.083,10.549,2,24,1180,2567522,4419544,2048,1024
1082,16.675,6.094,10.581,2,24,1180,2567522,4419544,2048,1024
1083,16.666,6.104,10.562,2,24,1180,2567522,4419544,2048,1024
1084,16.733,6.165,10.568,2,24,1180,2567522,4419544,2048,1024
1085,16.619,6.115,10.504,2,24,1180,2567522,4419544,2048,1024
1086,17.056,6.509,10.547,2,24,1180,2567522,4419544,2048,1024
1087,16.680,6.516,10.164,2,24,1180,2567522,4419544,2048,1024
1088,16.547,6.398,10.149,2,24,1180,2567522,4419544,2048,1024
1089,16.861,6.590,10.271,2,24,1180,2567522,4419544,2048,1024
1090,16.417,6.334,10.083,2,24,1180,2567522,4419544,2048,1024
1091,17.033,6.709,10.324,2,24,1154,2567522,4419544,2048,1024
1092,15.987,6.028,9.959,2,24,1154,2567522,4419544,2048,1024
1093,16.703,6.066,10.637,2,24,1154,2567522,4419544,2048,1024
1094,16.664,6.063,10.600,2,24,1150,2567522,4419544,2048,1024
1095,16.691,6.092,10.599,2,24,1150,2567522,4419544,2048,1024
1096,16.676,6.101,10.575,2,24,1150,2567522,4419544,2048,1024
1097,16.600,6.029,10.571,2,24,1150,2567522,4419544,2048,1024
1098,16.736,6.086,10.650,2,24,1150,2567522,4419544,2048,1024
1099,16.891,6.304,10.587,2,24,1150,2567522,4419544,2048,1024
1100,16.580,6.234,10.346,2,24,1150,2567522,4419544,2048,1024
1101,16.521,6.083,10.438,2,24,1150,2567522,4419544,2048,1024
1102,16.695,6.104,10.590,2,24,1150,2567522,4419544,2048,1024
1103,16.807,6.124,10.683,2,24,1150,2567522,4419544,2048,1024
1104,16.622,6.123,10.499,2,24,1150,2567522,4419544,2048,1024
1105,16.900,6.455,10.445,2,24,1150,2567522,4419544,2048,1024
1106,16.438,6.215,10.223,2,24,1150,2567522,4419544,2048,1024
1107,16.807,6.238,10.569,2,24,1150,2567522,4419544,2048,1024
1108,16.666,6.278,10.388,2,24,1150,2567522,4419544,2048,1024
1109,16.353,6.035,10.318,2,24,1150,2567522,4419544,2048,1024
1110,16.963,6.344,10.619,2,24,1150,2567522,4419544,2048,1024
1111,16.561,6.242,10.318,2,24,1150,2567522,4419544,2048,1024
1112,16.664,6.229,10.435,2,24,1150,2567522,4419544,2048,1024
1113,16.633,6.201,10.432,2,24,1150,2567522,4419544,2048,1024
1114,16.670,6.204,10.466,2,24,1150,2567522,4419544,2048,1024
1115,16.566,6.105,10.461,2,24,1150,2567522,4419544,2048,1024
1116,16.730,6.165,10.565,2,24,1150,2567522,4419544,2048,1024
1117,16.707,6.208,10.500,2,24,1150,2567522,4419544,2048,1024
1118,16.729,6.270,10.459,2,24,1150,2567522,4419544,2048,1024
1119,16.559,6.161,10.398,2,24,1150,2567522,4419544,2048,1024
1120,16.755,6.252,10.503,2,24,1150,2567522,4419544,2048,1024
1121,16.929,6.511,10.418,2,24,1150,2567522,4419544,2048,1024
1122,16.401,6.245,10.157,2,24,1150,2567522,4419544,2048,1024
1123,16.635,6.218,10.417,2,24,1150,2567522,4419544,2048,1024
1124,16.547,6.099,10.447,2,24,1150,2567522,4419544,2048,1024
1125,16.639,6.067,10.572,2,24,1150,2567522,4419544,2048,1024
1126,16.785,6.187,10.599,2,24,1150,2567522,4419544,2048,1024
1127,16.705,6.220,10.484,2,24,1150,2567522,4419544,2048,1024
1128,16.817,6.379,10.438,2,24,1150,2567522,4419544,2048,1024
1129,16.519,6.233,10.286,2,24,1154,2567522,4419544,2048,1024
1130,16.770,6.331,10.440,2,24,1154,2567522,4419544,2048,1024
1131,16.480,6.144,10.336,2,24,1154,2567522,4419544,2048,1024
1132,16.767,6.252,10.515,2,24,1180,2567522,4419544,2048,1024
1133,40.233,12.868,27.365,3,200,3494,6137598,11590972,2048,1024
1134,14.037,12.234,1.803,3,198,2982,5089022,9493820,2048,1024
1135,18.560,14.091,4.469,3,206,3506,6010622,11339488,2048,1024
1136,16.183,13.605,2.578,3,206,3506,6010622,11339488,2048,1024
1137,16.547,13.497,3.050,3,206,3506,6010622,11339488,2048,1024
1138,17.193,14.005,3.189,3,206,3506,6010622,11339488,2048,1024
1139,16.047,13.411,2.636,3,206,3506,6010622,11339488,2048,1024
1140,17.687,14.116,3.571,3,206,3506,6010622,11339488,2048,1024
1141,15.836,13.575,2.260,3,206,3506,6010622,11339488,2048,1024
1142,16.850,13.580,3.270,3,206,3506,6010622,11339488,2048,1024
1143,16.331,13.450,2.881,3,206,3506,6010622,11339488,2048,1024
1144,16.649,13.417,3.232,3,206,3506,6010622,11339488,2048,1024
1145,17.017,13.766,3.251,3,206,3506,6010622,11339488,2048,1024
1146,16.073,13.174,2.899,3,206,3480,6010622,11339488,2048,1024
1147,18.169,13.306,4.864,3,206,3480,6010622,11339488,2048,1024
1148,17.986,13.461,4.526,3,206,3480,6010622,11339488,2048,1024
1149,17.964,13.797,4.167,3,206,3476,6010622,11339488,2048,1024
1150,16.731,13.522,3.209,3,206,3476,6010622,11339488,2048,1024
1151,16.703,13.572,3.131,3,206,3476,6010622,11339488,2048,1024
1152,17.653,13.358,4.295,3,206,3476,6010622,11339488,2048,1024
1153,17.537,13.872,3.665,3,206,3476,6010622,11339488,2048,1024
1154,16.156,13.350,2.805,3,206,3476,6010622,11339488,2048,1024
1155,16.927,13.611,3.316,3,206,3476,6010622,11339488,2048,1024
1156,16.449,13.393,3.056,3,206,3476,6010622,11339488,2048,1024
1157,16.922,13.633,3.289,3,206,3476,6010622,11339488,2048,1024
1158,16.339,13.337,3.003,3,206,3476,6010622,11339488,2048,1024
1159,17.030,13.671,3.359,3,206,3476,6010622,11339488,2048,1024
1160,16.726,13.746,2.980,3,206,3476,6010622,11339488,2048,1024
1161,16.452,13.515,2.938,3,206,3476,6010622,11339488,2048,1024
1162,17.172,14.007,3.166,3,206,3476,6010622,11339488,2048,1024
1163,17.148,14.499,2.649,3,206,3476,6010622,11339488,2048,1024
1164,16.332,14.125,2.207,3,206,3476,6010622,11339488,2048,1024
1165,16.691,14.227,2.464,3,206,3476,6010622,11339488,2048,1024
1166,15.963,13.470,2.493,3,206,3476,6010622,11339488,2048,1024
1167,16.785,13.616,3.169,3,206,3476,6010622,11339488,2048,1024
1168,16.372,13.327,3.045,3,206,3476,6010622,11339488,2048,1024
1169,17.647,14.304,3.342,3,206,3476,6010622,11339488,2048,1024
1170,17.827,14.374,3.453,3,206,3476,6010622,11339488,2048,1024
1171,15.830,13.534,2.296,3,206,3476,6010622,11339488,2048,1024
1172,16.822,13.686,3.136,3,206,3476,6010622,11339488,2048,1024
1173,15.739,12.767,2.972,3,206,3476,6010622,11339488,2048,1024
1174,18.261,13.581,4.680,3,206,3476,6010622,11339488,2048,1024
1175,19.132,14.112,5.020,3,366,4046,6338302,12013150,2048,1024
1176,18.187,14.201,3.986,3,366,4046,6338302,12013150,2048,1024
1177,17.510,14.124,3.386,3,366,4046,6338302,12013150,2048,1024
1178,16.775,14.226,2.549,3,366,4046,6338302,12013150,2048,1024
1179,15.919,13.483,2.436,3,366,4046,6338302,12013150,2048,1024
1180,17.327,14.133,3.194,3,366,4046,6338302,12013150,2048,1024
1181,16.784,14.253,2.531,3,366,4046,6338302,12013150,2048,1024
1182,15.853,13.420,2.433,3,366,4046,6338302,12013150,2048,1024
1183,16.913,13.328,3.585,3,366,4046,6338302,12013150,2048,1024
1184,16.581,13.248,3.333,3,366,4050,6338302,12013150,2048,1024
1185,16.666,13.243,3.423,3,366,4050,6338302,12013150,2048,1024
1186,16.544,13.141,3.403,3,366,4050,6338302,12013150,2048,1024
1187,16.756,13.198,3.557,3,366,4076,6338302,12013150,2048,1024
1188,15.411,11.984,3.428,3,364,3436,4699902,9453150,2048,1024
1189,15.999,11.301,4.699,3,364,3436,4699902,9453150,2048,1024
1190,16.879,11.495,5.383,3,364,3436,4699902,9453150,2048,1024
1191,16.221,11.103,5.118,3,364,3436,4699902,9453150,2048,1024
1192,16.663,11.099,5.563,3,364,3436,4699902,9453150,2048,1024
1193,16.756,11.175,5.581,3,364,3436,4699902,9453150,2048,1024
1194,17.275,11.775,5.499,3,364,3436,4699902,9453150,2048,1024
1195,16.134,11.257,4.877,3,364,3436,4699902,9453150,2048,1024
1196,16.656,11.212,5.445,3,364,3436,4699902,9453150,2048,1024
1197,16.586,11.151,5.435,3,364,3436,4699902,9453150,2048,1024
1198,16.901,11.411,5.489,3,364,3436,4699902,9453150,2048,1024
1199,16.313,11.014,5.299,3,364,3436,4699902,9453150,2048,1024
1200,16.712,11.082,5.630,3,364,3436,4699902,9453150,2048,1024
1201,16.664,11.106,5.558,3,364,3410,4699902,9453150,2048,1024
1202,16.824,11.246,5.578,3,364,3410,4699902,9453150,2048,1024
1203,16.590,11.190,5.401,3,364,3410,4699902,9453150,2048,1024
1204,16.741,11.219,5.522,3,364,3406,4699902,9453150,2048,1024
1205,16.552,11.101,5.451,3,364,3406,4699902,9453150,2048,1024
1206,16.752,11.197,5.554,3,364,3406,4699902,9453150,2048,1024
1207,16.535,11.078,5.457,3,364,3406,4699902,9453150,2048,1024
1208,17.011,11.414,5.597,3,364,3406,4699902,9453150,2048,1024
1209,16.415,11.165,5.250,3,364,3406,4699902,9453150,2048,1024
1210,16.897,11.396,5.501,3,364,3406,4699902,9453150,2048,1024
1211,16.376,11.106,5.269,3,364,3406,4699902,9453150,2048,1024
1212,16.800,11.224,5.576,3,364,3406,4699902,9453150,2048,1024
1213,16.598,11.188,5.410,3,364,3406,4699902,9453150,2048,1024
1214,16.589,11.062,5.527,3,364,3406,4699902,9453150,2048,1024
1215,16.759,11.181,5.579,3,364,3406,4699902,9453150,2048,1024
1216,16.634,11.157,5.477,3,364,3406,4699902,9453150,2048,1024
1217,17.120,11.606,5.514,3,364,3406,4699902,9453150,2048,1024
1218,16.295,11.257,5.038,3,364,3406,4699902,9453150,2048,1024
1219,16.553,11.116,5.438,3,364,3406,4699902,9453150,2048,1024
1220,16.648,11.066,5.582,3,364,3406,4699902,9453150,2048,1024
1221,16.822,11.263,5.559,3,364,3406,4699902,9453150,2048,1024
1222,16.732,11.335,5.397,3,364,3406,4699902,9453150,2048,1024
1223,17.279,11.928,5.351,3,364,3406,4699902,9453150,2048,1024
1224,16.495,11.750,4.745,3,364,3406,4699902,9453150,2048,1024
1225,16.139,11.228,4.911,3,364,3406,4699902,9453150,2048,1024
1226,16.483,11.058,5.425,3,364,3406,4699902,9453150,2048,1024
1227,17.233,11.630,5.603,3,364,3406,4699902,9453150,2048,1024
1228,16.937,11.884,5.053,3,364,3406,4699902,9453150,2048,1024
1229,15.799,10.958,4.842,3,364,3406,4699902,9453150,2048,1024
1230,16.768,11.132,5.636,3,364,3406,4699902,9453150,2048,1024
1231,16.694,11.146,5.548,3,364,3406,4699902,9453150,2048,1024
1232,16.607,11.079,5.528,3,364,3406,4699902,9453150,2048,1024
1233,16.805,11.216,5.589,3,364,3406,4699902,9453150,2048,1024
1234,16.598,11.157,5.441,3,364,3406,4699902,9453150,2048,1024
1235,16.559,11.046,5.513,3,364,3406,4699902,9453150,2048,1024
1236,16.704,11.117,5.587,3,364,3406,4699902,9453150,2048,1024
1237,16.811,11.242,5.569,3,364,3406,4699902,9453150,2048,1024
1238,16.439,11.099,5.341,3,344,3376,4689662,9431370,2048,1024
1239,16.715,11.128,5.587,3,344,3376,4689662,9431370,2048,1024
1240,21.881,11.730,10.151,3,1692,5802,4977406,10066734,2048,1024
1241,18.728,11.843,6.885,3,1692,5804,4977406,10066734,2048,1024
1242,18.620,11.817,6.803,3,1692,5804,4977406,10066734,2048,1024
1243,18.358,11.378,6.980,3,1692,5804,4977406,10066734,2048,1024
1244,18.592,11.683,6.909,3,1692,5808,4977406,10066734,2048,1024
1245,18.108,11.251,6.857,3,1692,5808,4977406,10066734,2048,1024
1246,18.646,11.567,7.079,3,1692,5808,4977406,10066734,2048,1024
1247,18.840,12.328,6.512,3,1692,5808,4977406,10066734,2048,1024
1248,18.489,11.614,6.876,3,1692,5806,4977406,10066734,2048,1024
1249,18.710,11.875,6.836,3,1692,5802,4977406,10066734,2048,1024
1250,18.530,11.705,6.825,3,1692,5794,4977406,10066734,2048,1024
1251,18.120,11.580,6.540,3,1692,5794,4977406,10066734,2048,1024
1252,18.403,11.358,7.045,3,1692,5794,4977406,10066734,2048,1024
1253,18.270,11.459,6.811,3,1692,5790,4977406,10066734,2048,1024
1254,18.487,11.451,7.036,3,1692,5794,4977406,10066734,2048,1024
1255,18.721,11.608,7.113,3,1692,5810,4977406,10066734,2048,1024
1256,18.527,11.642,6.885,3,1692,5810,4977406,10066734,2048,1024
1257,18.387,11.804,6.583,3,1692,5808,4977406,10066734,2048,1024
1258,18.199,11.562,6.637,3,1692,5806,4977406,10066734,2048,1024
1259,18.277,11.745,6.532,3,1692,5800,4977406,10066734,2048,1024
1260,18.342,11.805,6.537,3,1692,5800,4977406,10066734,2048,1024
1261,18.875,11.971,6.903,3,1692,5790,4977406,10066734,2048,1024
1262,19.469,12.372,7.097,3,1692,5784,4977406,10066734,2048,1024
1263,19.488,12.428,7.060,3,1692,5782,4977406,10066734,2048,1024
1264,18.615,11.736,6.879,3,1692,5786,4977406,10066734,2048,1024
1265,19.419,12.424,6.994,3,1692,5802,4977406,10066734,2048,1024
1266,19.073,12.372,6.702,3,1692,5802,4977406,10066734,2048,1024
1267,19.535,12.442,7.092,3,1692,5816,4977406,10066734,2048,1024
1268,18.377,11.718,6.659,3,1692,5810,4977406,10066734,2048,1024
1269,18.573,11.700,6.873,3,1692,5808,4977406,10066734,2048,1024
1270,18.432,11.541,6.891,3,1692,5796,4977406,10066734,2048,1024
1271,18.521,11.542,6.979,3,1692,5774,4977406,10066734,2048,1024
1272,18.668,11.832,6.835,3,1692,5770,4977406,10066734,2048,1024
1273,18.891,11.844,7.048,3,1692,5770,4977406,10066734,2048,1024
1274,19.074,11.966,7.108,3,1692,5778,4977406,10066734,2048,1024
1275,18.189,11.611,6.579,3,1692,5778,4977406,10066734,2048,1024
1276,18.287,11.768,6.519,3,1692,5778,4977406,10066734,2048,1024
1277,18.492,11.406,7.086,3,1692,5778,4977406,10066734,2048,1024
1278,19.436,12.453,6.983,3,1692,5778,4977406,10066734,2048,1024
1279,18.626,12.014,6.612,3,1692,5778,4977406,10066734,2048,1024
1280,18.852,11.831,7.021,3,1692,5778,4977406,10066734,2048,1024
1281,18.567,11.688,6.880,3,1692,5778,4977406,10066734,2048,1024
1282,18.737,11.638,7.098,3,1692,5778,4977406,10066734,2048,1024
1283,18.229,11.659,6.569,3,1692,5778,4977406,10066734,2048,1024
1284,18.733,11.789,6.944,3,1692,5778,4977406,10066734,2048,1024
1285,18.470,11.454,7.016,3,1692,5778,4977406,10066734,2048,1024
1286,18.515,11.617,6.898,3,1692,5778,4977406,10066734,2048,1024
1287,19.039,12.451,6.587,3,1692,5778,4977406,10066734,2048,1024
1288,18.549,11.654,6.895,3,1692,5778,4977406,10066734,2048,1024
1289,18.832,11.831,7.001,3,1692,5778,4977406,10066734,2048,1024
1290,18.091,11.545,6.546,3,1692,5778,4977406,10066734,2048,1024
1291,18.425,11.539,6.886,3,1692,5778,4977406,10066734,2048,1024
1292,18.438,11.546,6.891,3,1692,5778,4977406,10066734,2048,1024
1293,18.750,11.788,6.962,3,1692,5778,4977406,10066734,2048,1024
1294,18.439,11.448,6.991,3,1692,5778,4977406,10066734,2048,1024
1295,18.179,11.697,6.481,3,1692,5778,4977406,10066734,2048,1024
1296,18.325,11.435,6.890,3,1692,5778,4977406,10066734,2048,1024
1297,18.488,11.674,6.814,3,1692,5778,4977406,10066734,2048,1024
1298,18.547,11.614,6.934,3,1692,5778,4977406,10066734,2048,1024
1299,18.709,11.886,6.823,3,1692,5778,4977406,10066734,2048,1024
1300,18.077,11.581,6.496,3,1692,5778,4977406,10066734,2048,1024
1301,18.273,11.799,6.473,3,1692,5778,4977406,10066734,2048,1024
1302,18.135,11.634,6.501,3,1692,5778,4977406,10066734,2048,1024
1303,18.513,11.997,6.516,3,1692,5778,4977406,10066734,2048,1024
1304,18.439,11.442,6.997,3,1692,5778,4977406,10066734,2048,1024
1305,18.386,11.522,6.864,3,1692,5778,4977406,10066734,2048,1024
1306,18.540,11.522,7.018,3,1692,5778,4977406,10066734,2048,1024
1307,17.989,11.489,6.500,3,1692,5778,4977406,10066734,2048,1024
1308,18.621,12.113,6.508,3,1692,5778,4977406,10066734,2048,1024
1309,18.369,11.489,6.881,3,1692,5778,4977406,10066734,2048,1024
1310,18.929,11.999,6.930,3,1692,5778,4977406,10066734,2048,1024
1311,18.561,11.728,6.833,3,1692,5778,4977406,10066734,2048,1024
1312,18.569,11.689,6.880,3,1692,5778,4977406,10066734,2048,1024
1313,18.298,11.480,6.819,3,1692,5778,4977406,10066734,2048,1024
1314,17.964,11.441,6.523,3,1692,5778,4977406,10066734,2048,1024
1315,18.284,11.429,6.855,3,1692,5778,4977406,10066734,2048,1024
1316,11.882,10.333,1.549,3,184,2806,4361982,8757708,2048,1024
1317,16.935,10.626,6.309,3,184,2806,4361982,8757708,2048,1024
1318,16.740,10.660,6.080,3,184,2806,4361982,8757708,2048,1024
1319,19.520,12.300,7.220,3,184,2806,4361982,8757708,2048,1024
1320,15.798,11.302,4.495,2,24,2236,4034302,8084046,2048,1024
1321,16.285,10.920,5.365,2,24,2236,4034302,8084046,2048,1024
1322,17.788,11.327,6.461,2,24,2236,4034302,8084046,2048,1024
1323,36.141,12.374,23.767,3,208,3148,4700414,9444432,2048,1024
1324,12.475,10.549,1.926,2,24,2236,4034302,8084046,2048,1024
1325,19.244,12.481,6.762,3,208,3148,4700414,9444432,2048,1024
1326,16.366,12.181,4.185,3,208,3148,4700414,9444432,2048,1024
1327,16.528,11.931,4.596,3,208,3148,4700414,9444432,2048,1024
1328,18.457,12.837,5.620,3,208,3148,4700414,9444432,2048,1024
1329,16.672,11.814,4.858,3,508,3518,4738814,9530962,2048,1024
1330,17.750,12.793,4.956,3,508,3518,4738814,9530962,2048,1024
1331,17.821,13.062,4.759,3,508,3518,4738814,9530962,2048,1024
1332,16.080,12.420,3.660,3,508,3518,4738814,9530962,2048,1024
1333,16.504,12.321,4.184,3,508,3518,4738814,9530962,2048,1024
1334,17.894,12.650,5.244,3,508,3518,4738814,9530962,2048,1024
1335,16.406,12.050,4.355,3,508,3518,4738814,9530962,2048,1024
1336,18.402,12.800,5.602,3,508,3518,4738814,9530962,2048,1024
1337,15.870,11.948,3.922,3,508,3518,4738814,9530962,2048,1024
1338,16.615,11.981,4.634,3,508,3518,4738814,9530962,2048,1024
1339,16.725,11.977,4.748,3,510,3522,4761854,9531350,2048,1024
1340,17.567,12.238,5.329,3,512,3526,4775166,9534714,2048,1024
1341,15.211,11.436,3.775,3,512,3526,4775166,9539898,2048,1024
1342,16.348,11.122,5.226,3,512,3526,4775166,9545082,2048,1024
1343,16.855,11.308,5.547,3,512,3530,4775166,9550266,2048,1024
1344,16.802,11.436,5.367,3,512,3534,4775166,9555450,2048,1024
1345,16.183,11.917,4.266,3,212,3164,4736766,9474104,2048,1024
1346,16.781,12.067,4.714,3,212,3164,4736766,9479288,2048,1024
1347,16.602,11.997,4.605,3,212,3168,4736766,9484472,2048,1024
1348,16.820,12.124,4.696,3,212,3172,4736766,9489656,2048,1024
1349,16.470,11.966,4.504,3,212,3172,4736766,9494840,2048,1024
1350,16.742,12.025,4.717,3,212,3172,4736766,9500024,2048,1024
1351,16.561,11.883,4.678,3,212,3176,4736766,9505208,2048,1024
1352,16.094,11.355,4.740,3,212,3180,4736766,9510392,2048,1024
1353,16.561,11.264,5.297,3,212,3180,4736766,9515446,2048,1024
1354,16.727,11.259,5.469,3,212,3180,4736766,9518356,2048,1024
1355,16.673,11.329,5.344,3,212,3180,4736766,9518356,2048,1024
1356,16.584,11.250,5.335,3,212,3180,4736766,9518356,2048,1024
1357,16.669,11.250,5.419,3,212,3180,4736766,9518356,2048,1024
1358,17.096,11.678,5.418,3,212,3180,4736766,9518356,2048,1024
1359,16.477,11.486,4.991,3,212,3180,4736766,9518356,2048,1024
1360,16.442,11.262,5.180,3,212,3180,4736766,9518356,2048,1024
1361,17.947,11.544,6.403,3,512,3550,4775166,9604886,2048,1024
1362,16.748,11.600,5.148,3,512,3550,4775166,9604886,2048,1024
1363,16.364,11.300,5.064,3,512,3550,4775166,9604886,2048,1024
1364,16.803,11.456,5.347,3,512,3550,4775166,9604886,2048,1024
1365,16.719,11.500,5.218,3,512,3550,4775166,9604886,2048,1024
1366,16.398,11.213,5.185,3,512,3550,4775166,9604886,2048,1024
1367,17.212,11.776,5.436,3,512,3550,4775166,9604886,2048,1024
1368,16.151,11.258,4.893,3,512,3550,4775166,9604886,2048,1024
1369,16.628,11.239,5.388,3,512,3550,4775166,9604886,2048,1024
1370,16.825,11.384,5.441,3,512,3550,4775166,9604886,2048,1024
1371,16.730,11.418,5.311,3,512,3550,4775166,9604886,2048,1024
1372,16.487,11.212,5.275,3,512,3550,4775166,9604886,2048,1024
1373,16.938,11.538,5.400,3,512,3550,4775166,9604886,2048,1024
1374,16.575,11.440,5.135,3,512,3550,4775166,9604886,2048,1024
1375,16.483,11.208,5.274,3,512,3550,4775166,9604886,2048,1024
1376,16.749,11.314,5.435,3,512,3550,4775166,9604886,2048,1024
1377,15.676,11.355,4.321,3,212,3180,4736766,9518356,2048,1024
1378,16.605,11.294,5.311,3,212,3180,4736766,9518356,2048,1024
1379,16.910,11.540,5.370,3,212,3180,4736766,9518356,2048,1024
1380,16.419,11.290,5.129,3,212,3180,4736766,9518356,2048,1024
1381,16.630,11.245,5.385,3,212,3180,4736766,9518356,2048,1024
1382,16.728,11.290,5.438,3,212,3180,4736766,9518356,2048,1024
1383,16.822,11.465,5.357,3,212,3180,4736766,9518356,2048,1024
1384,16.471,11.232,5.239,3,222,3230,4769534,9585438,2048,1024
1385,17.252,11.703,5.549,3,244,3318,4814590,9678388,2048,1024
1386,16.584,11.636,4.947,3,244,3318,4814590,9678388,2048,1024
1387,15.730,11.083,4.647,3,98,2804,4513534,9059716,2048,1024
1388,18.015,11.740,6.274,3,126,2916,4570366,9176992,2048,1024
1389,16.860,11.737,5.123,3,128,2920,4571902,9180226,2048,1024
1390,16.520,11.507,5.013,3,146,2994,4621054,9281108,2048,1024
1391,17.023,11.712,5.311,3,194,3192,4719358,9483908,2048,1024
1392,16.907,11.781,5.125,3,194,3186,4719358,9483908,2048,1024
1393,18.346,12.412,5.934,3,508,3616,4784382,9625428,2048,1024
1394,17.843,12.483,5.361,3,576,3890,4923134,9911704,2048,1024
1395,16.066,11.713,4.353,3,578,3892,4924670,9914938,2048,1024
1396,17.090,11.983,5.108,3,604,4012,5015806,10101236,2048,1024
1397,18.655,12.236,6.419,3,662,4232,5132542,10341996,2048,1024
1398,17.313,12.243,5.070,3,688,4332,5177086,10434086,2048,1024
1399,16.832,12.331,4.502,3,704,4388,5205246,10492310,2048,1024
1400,17.319,12.488,4.832,3,772,4668,5343998,10778456,2048,1024
1401,16.754,12.487,4.267,3,778,4680,5350142,10791294,2048,1024
1402,17.164,12.841,4.323,3,818,4860,5457662,11011910,2048,1024
1403,17.397,13.287,4.109,3,860,5034,5538046,11177774,2048,1024
1404,18.673,14.349,4.323,3,886,5128,5579518,11263592,2048,1024
1405,17.837,13.536,4.301,3,894,5160,5588734,11282800,2048,1024
1406,17.775,13.335,4.440,3,938,5316,5676798,11464410,2048,1024
1407,18.065,13.423,4.643,3,966,5418,5726974,11568118,2048,1024
1408,17.985,13.284,4.701,3,998,5586,5818110,11754934,2048,1024
1409,17.221,13.426,3.795,3,722,5300,5817598,11746892,2048,1024
1410,17.514,13.640,3.874,3,748,5374,5859070,11832580,2048,1024
1411,17.561,13.603,3.958,3,760,5446,5872894,11861392,2048,1024
1412,17.693,13.678,4.016,3,764,5436,5879038,11874132,2048,1024
1413,17.997,13.807,4.190,3,798,5536,5941502,12003190,2048,1024
1414,18.301,13.982,4.318,3,840,5704,6021374,12167966,2048,1024
1415,18.568,14.144,4.424,3,856,5778,6042878,12212654,2048,1024
1416,18.537,14.125,4.412,3,860,5780,6045438,12218066,2048,1024
1417,18.375,13.924,4.451,3,868,5824,6054654,12237274,2048,1024
1418,18.367,13.654,4.713,3,872,5804,6060798,12250014,2048,1024
1419,18.747,14.027,4.720,3,902,5898,6118654,12369468,2048,1024
1420,18.971,14.157,4.813,3,920,5992,6149374,12432974,2048,1024
1421,19.134,14.250,4.884,3,928,6044,6160126,12455318,2048,1024
1422,19.027,14.323,4.704,3,928,6034,6160126,12455318,2048,1024
1423,18.863,14.140,4.722,3,932,6038,6164734,12464922,2048,1024
1424,18.966,14.265,4.701,3,932,5992,6164734,12463362,2048,1024
1425,20.454,14.650,5.804,3,1238,6374,6215422,12574202,2048,1024
1426,20.079,14.298,5.782,3,1256,6450,6246142,12636668,2048,1024
1427,20.431,14.398,6.034,3,1256,6436,6246142,12634198,2048,1024
1428,20.547,14.662,5.885,3,1256,6432,6246142,12634198,2048,1024
1429,20.528,14.462,6.066,3,1256,6424,6246142,12634198,2048,1024
1430,20.191,14.381,5.810,3,1256,6388,6246142,12632638,2048,1024
1431,21.061,15.110,5.951,3,1256,6388,6246142,12631598,2048,1024
1432,20.997,15.044,5.953,3,1256,6392,6246142,12630558,2048,1024
1433,21.475,15.492,5.983,3,1256,6358,6246142,12628088,2048,1024
1434,21.346,15.298,6.048,3,1256,6352,6246142,12628088,2048,1024
1435,21.185,15.289,5.896,3,1256,6348,6246142,12628088,2048,1024
1436,21.596,15.572,6.023,3,1256,6318,6246142,12626528,2048,1024
1437,20.080,14.074,6.005,3,1256,6314,6246142,12625488,2048,1024
1438,20.053,14.247,5.806,3,1256,6314,6246142,12624448,2048,1024
1439,20.337,14.541,5.796,3,1256,6270,6246142,12621980,2048,1024
1440,20.506,14.272,6.235,3,1256,6270,6246142,12621980,2048,1024
1441,19.076,14.247,4.829,3,956,5900,6207742,12535450,2048,1024
1442,18.821,9.892,8.929,2,24,2236,4034302,8084046,2048,1024
1443,16.629,9.859,6.770,2,24,2236,4034302,8084046,2048,1024
1444,21.878,11.596,10.283,3,1066,4320,4841982,9753208,2048,1024
1445,17.178,12.091,5.087,3,1066,4320,4841982,9753208,2048,1024
1446,16.425,11.766,4.660,3,1066,4320,4841982,9753208,2048,1024
1447,16.496,11.551,4.945,3,1066,4320,4841982,9753208,2048,1024
1448,16.934,11.874,5.061,3,1066,4320,4841982,9753208,2048,1024
1449,16.398,11.396,5.002,3,1066,4320,4841982,9753208,2048,1024
1450,16.479,11.313,5.166,3,1068,4328,4848382,9766330,2048,1024
1451,16.633,11.406,5.228,3,1068,4328,4848382,9766330,2048,1024
1452,16.594,11.289,5.305,3,1068,4328,4848382,9766330,2048,1024
1453,16.872,11.480,5.392,3,1068,4328,4848382,9766330,2048,1024
1454,16.875,11.720,5.155,3,1070,4340,4854782,9779452,2048,1024
1455,16.246,11.467,4.779,3,1070,4336,4854782,9779452,2048,1024
1456,16.872,11.526,5.346,3,1070,4336,4854782,9779452,2048,1024
1457,16.787,11.601,5.186,3,1070,4336,4854782,9779452,2048,1024
1458,16.455,11.398,5.057,3,1070,4340,4854782,9779452,2048,1024
1459,16.784,11.539,5.245,3,1070,4336,4854782,9779452,2048,1024
1460,16.713,11.504,5.210,3,1070,4374,4854782,9779452,2048,1024
1461,16.493,11.389,5.104,3,1072,4386,4861182,9792574,2048,1024
1462,16.869,11.538,5.331,3,1072,4386,4861182,9792574,2048,1024
1463,16.226,11.407,4.820,3,1072,4382,4861182,9792574,2048,1024
1464,16.922,11.364,5.558,3,1072,4382,4861182,9792574,2048,1024
1465,16.749,11.375,5.374,3,1074,4456,4867582,9800350,2048,1024
1466,16.673,11.516,5.158,3,1074,4456,4867582,9800350,2048,1024
1467,16.847,11.483,5.364,3,1074,4448,4867582,9800350,2048,1024
1468,16.530,11.419,5.111,3,1074,4448,4867582,9800350,2048,1024
1469,16.570,11.467,5.103,3,1074,4450,4867582,9800350,2048,1024
1470,16.677,11.307,5.370,3,1074,4454,4867582,9800350,2048,1024
1471,17.282,11.998,5.284,3,1074,4452,4867582,9800350,2048,1024
1472,16.337,11.609,4.728,3,1076,4460,4873982,9813472,2048,1024
1473,16.558,11.527,5.031,3,1076,4460,4873982,9813472,2048,1024
1474,16.414,11.566,4.848,3,1076,4464,4873982,9813472,2048,1024
1475,16.947,11.470,5.476,3,1076,4460,4873982,9813472,2048,1024
1476,16.669,11.474,5.195,3,1080,4470,4880638,9827172,2048,1024
1477,17.313,12.019,5.294,3,1080,4472,4880638,9827172,2048,1024
1478,16.175,11.547,4.629,3,1080,4472,4880638,9827172,2048,1024
1479,16.810,11.573,5.237,3,1080,4466,4880638,9827172,2048,1024
1480,16.617,11.639,4.978,3,1080,4466,4880638,9827172,2048,1024
1481,16.514,11.503,5.012,3,1080,4470,4880638,9827172,2048,1024
1482,16.693,11.530,5.163,3,1080,4470,4880638,9827172,2048,1024
1483,16.647,11.382,5.265,3,1080,4466,4880638,9827172,2048,1024
1484,16.645,11.601,5.044,3,1082,4474,4887038,9840294,2048,1024
1485,16.727,11.535,5.192,3,1082,4478,4887038,9840294,2048,1024
1486,16.621,11.528,5.093,3,1082,4482,4887038,9840294,2048,1024
1487,16.709,11.580,5.129,3,1082,4482,4887038,9840294,2048,1024
1488,16.606,11.468,5.139,3,1084,4486,4893438,9848070,2048,1024
1489,16.677,11.505,5.171,3,1084,4488,4893438,9848070,2048,1024
1490,16.631,11.468,5.163,3,1084,4492,4893438,9848070,2048,1024
1491,16.690,11.486,5.204,3,1084,4488,4893438,9848070,2048,1024
1492,16.793,11.566,5.228,3,1084,4488,4893438,9848070,2048,1024
1493,16.579,11.424,5.155,3,1084,4488,4893438,9848070,2048,1024
1494,16.565,11.440,5.124,3,1084,4488,4893438,9848070,2048,1024
1495,16.777,11.517,5.261,3,1084,4486,4893438,9848070,2048,1024
1496,16.645,11.438,5.207,3,1086,4494,4899838,9861192,2048,1024
1497,16.696,11.480,5.216,3,1086,4494,4899838,9861192,2048,1024
1498,16.678,11.477,5.202,3,1086,4494,4899838,9861192,2048,1024
1499,16.784,11.561,5.223,3,1086,4494,4899838,9861192,2048,1024
1500,17.090,11.426,5.663,3,1086,4494,4899838,9861192,2048,1024
1501,14.694,11.499,3.194,3,184,2806,4361982,8757708,2048,1024
1502,38.770,14.197,24.572,3,366,4300,5723390,11517262,2048,1024
1503,18.025,15.574,2.450,3,366,4252,5723390,11515342,2048,1024
1504,18.108,15.639,2.469,3,368,4272,5741822,11547152,2048,1024
1505,17.924,15.456,2.468,3,368,4332,5741822,11545232,2048,1024
1506,17.952,15.551,2.401,3,368,4326,5741822,11539472,2048,1024
1507,18.489,16.001,2.488,3,368,4314,5741822,11537552,2048,1024
1508,17.055,14.547,2.508,3,368,4314,5741822,11531792,2048,1024
1509,17.427,15.003,2.424,3,368,4314,5741822,11529872,2048,1024
1510,16.535,14.141,2.394,3,368,4314,5741822,11524112,2048,1024
1511,16.369,13.606,2.762,3,368,4314,5741822,11522192,2048,1024
1512,16.872,13.843,3.030,3,370,4358,5772542,11578832,2048,1024
1513,16.494,13.793,2.700,3,370,4358,5772542,11576912,2048,1024
1514,16.939,13.941,2.998,3,370,4358,5772542,11571152,2048,1024
1515,16.410,13.769,2.641,3,370,4364,5772542,11569232,2048,1024
1516,16.470,13.574,2.897,3,370,4352,5772542,11563472,2048,1024
1517,18.020,14.959,3.062,3,370,4352,5772542,11561552,2048,1024
1518,16.704,14.264,2.440,3,370,4352,5772542,11555792,2048,1024
1519,17.346,14.873,2.472,3,370,4352,5772542,11553872,2048,1024
1520,17.862,15.267,2.595,3,370,4352,5772542,11548112,2048,1024
1521,17.108,14.666,2.442,3,370,4352,5772542,11546192,2048,1024
1522,16.713,14.269,2.445,3,368,4320,5741822,11539472,2048,1024
1523,17.139,14.682,2.457,3,368,4320,5741822,11537552,2048,1024
1524,16.937,14.404,2.533,3,368,4320,5741822,11531792,2048,1024
1525,16.167,13.640,2.527,3,368,4320,5741822,11529872,2048,1024
1526,16.593,13.645,2.948,3,368,4320,5741822,11524112,2048,1024
1527,16.755,13.667,3.088,3,368,4320,5741822,11522192,2048,1024
1528,16.538,13.607,2.931,3,368,4320,5741822,11516432,2048,1024
1529,17.178,14.113,3.065,3,368,4320,5741822,11514512,2048,1024
1530,16.213,13.656,2.556,3,368,4320,5741822,11508752,2048,1024
1531,16.715,13.686,3.029,3,368,4320,5741822,11506832,2048,1024
1532,16.806,13.802,3.004,3,370,4352,5772542,11563472,2048,1024
1533,16.986,14.075,2.910,3,372,4384,5803262,11623952,2048,1024
1534,16.373,13.847,2.527,3,372,4384,5803262,11618192,2048,1024
1535,16.717,13.923,2.794,3,372,4384,5803262,11616272,2048,1024
1536,16.708,13.849,2.860,3,372,4384,5803262,11610512,2048,1024
1537,16.574,13.866,2.708,3,372,4384,5803262,11608592,2048,1024
1538,16.578,13.787,2.791,3,372,4384,5803262,11602832,2048,1024
1539,16.835,13.894,2.941,3,372,4384,5803262,11600912,2048,1024
1540,16.507,13.763,2.744,3,372,4384,5803262,11595152,2048,1024
1541,17.168,14.279,2.889,3,372,4384,5803262,11593232,2048,1024
1542,16.242,13.819,2.423,3,372,4384,5803262,11587472,2048,1024
1543,16.733,13.815,2.918,3,372,4384,5803262,11585552,2048,1024
1544,16.619,13.836,2.783,3,370,4352,5772542,11578832,2048,1024
1545,16.733,13.827,2.906,3,370,4352,5772542,11576912,2048,1024
1546,16.664,13.904,2.760,3,370,4352,5772542,11571152,2048,1024
1547,16.707,13.942,2.765,3,370,4352,5772542,11569232,2048,1024
1548,16.541,13.760,2.781,3,370,4352,5772542,11563472,2048,1024
1549,16.852,13.947,2.905,3,370,4352,5772542,11561552,2048,1024
1550,16.439,13.763,2.676,3,370,4352,5772542,11555792,2048,1024
1551,17.713,13.664,4.049,3,370,4352,5772542,11553872,2048,1024
1552,17.821,13.934,3.887,3,370,4352,5772542,11548112,2048,1024
1553,17.377,13.782,3.595,3,370,4352,5772542,11546192,2048,1024
1554,16.808,13.940,2.869,3,372,4384,5803262,11602832,2048,1024
1555,16.662,13.957,2.705,3,372,4384,5803262,11600912,2048,1024
1556,16.709,13.989,2.720,3,372,4384,5803262,11595152,2048,1024
1557,16.685,14.006,2.679,3,372,4384,5803262,11593232,2048,1024
1558,16.500,13.858,2.642,3,372,4384,5803262,11587472,2048,1024
1559,17.149,14.340,2.810,3,372,4384,5803262,11585552,2048,1024
1560,17.508,14.159,3.349,3,372,4384,5803262,11579792,2048,1024
1561,16.281,13.744,2.537,3,372,4384,5803262,11577872,2048,1024
1562,17.147,14.261,2.886,3,372,4384,5803262,11572112,2048,1024
1563,16.402,13.984,2.418,3,372,4384,5803262,11570192,2048,1024
1564,17.349,14.655,2.695,3,370,4352,5772542,11563472,2048,1024
1565,16.892,14.427,2.465,3,368,4320,5741822,11560592,2048,1024
1566,16.748,14.271,2.477,3,368,4320,5741822,11554832,2048,1024
1567,16.360,13.878,2.482,3,368,4320,5741822,11552912,2048,1024
1568,17.204,14.426,2.778,3,368,4320,5741822,11547152,2048,1024
1569,16.359,13.891,2.468,3,368,4320,5741822,11545232,2048,1024
1570,16.507,13.737,2.771,3,368,4320,5741822,11539472,2048,1024
1571,16.780,13.825,2.955,3,368,4320,5741822,11537552,2048,1024
1572,16.838,13.977,2.861,3,368,4320,5741822,11531792,2048,1024
1573,16.840,13.859,2.982,3,368,4320,5741822,11529872,2048,1024
1574,16.605,14.120,2.485,3,368,4320,5741822,11524112,2048,1024
1575,16.421,13.883,2.538,3,368,4320,5741822,11522192,2048,1024
1576,16.640,13.845,2.795,3,370,4352,5772542,11578832,2048,1024
1577,16.606,13.805,2.802,3,370,4352,5772542,11576912,2048,1024
1578,17.359,14.496,2.863,3,370,4352,5772542,11571152,2048,1024
1579,16.690,14.231,2.459,3,370,4352,5772542,11569232,2048,1024
1580,16.542,14.000,2.542,3,370,4352,5772542,11563472,2048,1024
1581,16.336,13.692,2.644,3,370,4352,5772542,11561552,2048,1024
1582,17.056,14.066,2.990,3,370,4352,5772542,11555792,2048,1024
1583,16.725,14.122,2.603,3,370,4352,5772542,11553872,2048,1024
1584,16.321,13.773,2.548,3,370,4352,5772542,11548112,2048,1024
1585,17.243,13.727,3.516,3,370,4352,5772542,11546192,2048,1024
1586,16.727,13.729,2.998,3,368,4320,5741822,11539472,2048,1024
1587,16.834,13.951,2.883,3,368,4320,5741822,11537552,2048,1024
1588,16.396,13.697,2.699,3,368,4320,5741822,11531792,2048,1024
1589,16.953,13.987,2.966,3,368,4320,5741822,11529872,2048,1024
1590,16.539,13.863,2.676,3,368,4320,5741822,11524112,2048,1024
1591,16.692,13.875,2.817,3,368,4320,5741822,11522192,2048,1024
1592,16.502,13.711,2.791,3,368,4320,5741822,11516432,2048,1024
1593,17.309,14.362,2.947,3,368,4320,5741822,11514512,2048,1024
1594,16.963,14.537,2.426,3,368,4320,5741822,11508752,2048,1024
1595,16.377,13.875,2.502,3,368,4320,5741822,11506832,2048,1024
1596,16.569,13.853,2.716,3,370,4352,5772542,11563472,2048,1024
1597,16.755,13.974,2.780,3,372,4384,5803262,11623952,2048,1024
1598,16.590,13.869,2.721,3,372,4384,5803262,11618192,2048,1024
1599,16.816,14.029,2.788,3,372,4384,5803262,11616272,2048,1024
1600,16.657,14.015,2.642,3,372,4384,5803262,11610512,2048,1024
1601,16.912,14.263,2.649,3,372,4384,5803262,11608592,2048,1024
1602,16.473,13.821,2.652,3,372,4384,5803262,11602832,2048,1024
1603,16.488,13.695,2.793,3,372,4384,5803262,11600912,2048,1024
1604,16.866,13.849,3.017,3,372,4384,5803262,11595152,2048,1024
1605,16.881,14.106,2.775,3,372,4384,5803262,11593232,2048,1024
1606,16.522,13.938,2.583,3,372,4384,5803262,11587472,2048,1024
1607,16.645,13.929,2.716,3,372,4384,5803262,11585552,2048,1024
1608,17.844,15.084,2.760,3,370,4352,5772542,11578832,2048,1024
1609,17.166,14.730,2.435,3,370,4352,5772542,11576912,2048,1024
1610,17.245,14.736,2.509,3,370,4352,5772542,11571152,2048,1024
1611,17.009,14.575,2.434,3,370,4352,5772542,11569232,2048,1024
1612,16.789,14.381,2.408,3,370,4352,5772542,11563472,2048,1024
1613,16.666,14.259,2.407,3,370,4352,5772542,11561552,2048,1024
1614,17.041,14.628,2.413,3,370,4352,5772542,11555792,2048,1024
1615,16.853,14.408,2.446,3,370,4352,5772542,11553872,2048,1024
1616,16.171,13.685,2.486,3,370,4352,5772542,11548112,2048,1024
1617,16.905,13.945,2.961,3,370,4352,5772542,11546192,2048,1024
1618,16.672,13.966,2.706,3,372,4384,5803262,11602832,2048,1024
1619,16.988,14.288,2.700,3,372,4384,5803262,11600912,2048,1024
1620,17.316,14.674,2.642,3,372,4384,5803262,11595152,2048,1024
1621,16.529,14.076,2.454,3,372,4384,5803262,11593232,2048,1024
1622,16.490,13.793,2.697,3,372,4384,5803262,11587472,2048,1024
1623,17.317,13.850,3.467,3,372,4384,5803262,11585552,2048,1024
1624,17.667,14.719,2.948,3,372,4384,5803262,11579792,2048,1024
1625,17.669,15.053,2.616,3,372,4384,5803262,11577872,2048,1024
1626,16.209,13.764,2.445,3,372,4384,5803262,11572112,2048,1024
1627,16.854,13.806,3.048,3,372,4384,5803262,11570192,2048,1024
1628,16.569,13.851,2.718,3,370,4352,5772542,11563472,2048,1024
1629,16.706,13.743,2.963,3,368,4320,5741822,11560592,2048,1024
1630,16.639,13.854,2.785,3,368,4320,5741822,11554832,2048,1024
1631,16.545,13.742,2.803,3,368,4320,5741822,11552912,2048,1024
1632,16.769,13.825,2.944,3,368,4320,5741822,11547152,2048,1024
1633,16.668,13.716,2.953,3,368,4320,5741822,11545232,2048,1024
1634,17.214,14.403,2.811,3,368,4320,5741822,11539472,2048,1024
1635,16.313,13.835,2.478,3,368,4320,5741822,11537552,2048,1024
1636,16.655,13.645,3.010,3,368,4320,5741822,11531792,2048,1024
1637,16.723,13.858,2.864,3,368,4320,5741822,11529872,2048,1024
1638,16.474,13.700,2.774,3,368,4320,5741822,11524112,2048,1024
1639,16.734,13.650,3.085,3,368,4320,5741822,11522192,2048,1024
1640,16.836,13.817,3.019,3,370,4352,5772542,11578832,2048,1024
1641,16.168,13.989,2.179,3,210,3782,5444862,10903250,2048,1024
1642,16.936,14.266,2.670,3,210,3782,5444862,10897490,2048,1024
1643,16.269,13.858,2.411,3,210,3782,5444862,10895570,2048,1024
1644,38.564,17.454,21.110,8,426,5224,6946558,13844868,2048,1024
1645,21.520,17.792,3.727,8,544,5454,7256830,14050890,2048,1024
1646,38.798,17.843,20.954,8,568,5634,7346686,14278580,2048,1024
1647,21.609,18.064,3.546,8,580,5658,7374334,14384742,2048,1024
1648,22.060,18.297,3.762,8,582,5762,7389694,14456612,2048,1024
1649,22.078,18.303,3.775,8,590,5754,7399934,14533970,2048,1024
1650,22.045,18.491,3.553,8,596,5826,7398398,14646620,2048,1024
1651,21.981,18.393,3.587,8,604,5858,7408638,14718810,2048,1024
1652,22.970,18.924,4.046,8,606,5908,7430142,14800728,2048,1024
1653,22.313,18.681,3.631,8,614,5914,7440382,14856218,2048,1024
1654,22.754,19.014,3.739,8,626,6018,7498238,14969240,2048,1024
1655,22.285,17.975,4.311,8,636,6068,7515646,15027992,2048,1024
1656,21.388,17.784,3.604,8,636,6162,7515646,15059864,2048,1024
1657,22.943,19.220,3.723,9,652,6524,8099326,16226758,2048,1024
1658,23.166,19.400,3.766,9,660,6566,8125438,16294436,2048,1024
1659,23.671,19.904,3.767,9,668,6622,8135678,16324804,2048,1024
1660,22.955,19.180,3.776,9,670,6646,8157182,16362628,2048,1024
1661,23.421,19.665,3.756,9,680,6708,8198142,16444364,2048,1024
1662,23.271,19.498,3.774,9,686,6732,8213502,16470194,2048,1024
1663,23.703,19.892,3.812,9,694,6760,8223742,16489530,2048,1024
1664,23.916,20.045,3.871,9,694,6742,8211454,16458682,2048,1024
1665,23.466,19.606,3.860,9,702,6768,8221694,16478018,2048,1024
1666,23.985,20.076,3.909,9,708,6786,8233982,16497576,2048,1024
1667,24.098,19.967,4.131,9,764,7004,8351230,16737568,2048,1024
1668,24.673,20.425,4.248,9,760,6992,8346110,16721180,2048,1024
1669,24.726,20.324,4.402,9,788,7102,8411646,16854360,2048,1024
1670,24.458,20.086,4.372,9,782,7106,8408574,16842034,2048,1024
1671,25.454,21.075,4.378,9,802,7170,8449022,16923814,2048,1024
1672,25.526,21.079,4.447,9,800,7158,8412158,16904550,2048,1024
1673,24.614,19.978,4.636,9,828,7258,8482814,17048130,2048,1024
1674,25.068,20.645,4.423,9,818,7282,8489982,17056536,2048,1024
1675,24.555,20.285,4.270,9,790,7158,8422398,16915580,2048,1024
1676,25.478,20.881,4.597,9,834,7356,8515070,17101064,2048,1024
1677,24.990,20.371,4.619,9,842,7408,8525310,17120400,2048,1024
1678,25.233,20.592,4.641,9,864,7518,8591870,17251494,2048,1024
1679,25.295,20.635,4.660,9,864,7536,8572926,17211110,2048,1024
1680,26.328,21.458,4.870,9,864,7550,8607742,17276454,2048,1024
1681,25.987,21.170,4.818,9,864,7578,8595454,17249446,2048,1024
1682,27.198,22.384,4.814,9,880,7646,8675326,17407092,2048,1024
1683,26.575,21.628,4.947,9,896,7702,8684542,17424932,2048,1024
1684,26.545,21.676,4.869,9,864,7594,8624638,17295396,2048,1024
1685,25.607,20.763,4.844,9,876,7612,8646142,17337904,2048,1024
1686,25.127,20.453,4.673,9,866,7598,8637950,17314950,2048,1024
1687,27.117,22.026,5.091,9,870,7590,8674046,17386602,2048,1024
1688,25.116,20.346,4.770,9,858,7558,8648446,17280056,2048,1024
1689,25.471,21.032,4.439,9,760,7340,8632574,17271190,2048,1024
1690,24.966,20.700,4.266,9,738,7260,8577022,17168902,2048,1024
1691,24.738,20.471,4.267,9,726,7178,8551422,17114106,2048,1024
1692,24.247,20.139,4.109,9,704,7110,8472574,17008230,2048,1024
1693,24.343,20.170,4.173,9,694,7008,8418302,16956894,2048,1024
1694,24.163,19.930,4.232,9,702,7018,8513534,16952598,2048,1024
1695,24.497,20.457,4.040,9,688,6948,8474622,16895592,2048,1024
1696,24.024,20.156,3.868,9,668,6886,8430590,16824020,2048,1024
1697,23.723,19.887,3.835,9,660,6904,8422398,16815082,2048,1024
1698,24.019,20.210,3.809,9,646,6806,8398846,16788652,2048,1024
1699,23.269,19.582,3.687,9,628,6758,8348670,16713934,2048,1024
1700,23.504,19.995,3.509,9,612,6740,8321022,16681426,2048,1024
1701,22.931,19.401,3.530,9,600,6682,8286206,16635958,2048,1024
1702,18.202,15.408,2.794,3,408,5222,6548478,13143216,2048,1024
1703,16.142,13.664,2.478,3,350,4500,5859838,11772256,2048,1024
1704,16.950,13.931,3.019,3,344,4514,5865470,11781242,2048,1024
1705,16.500,13.758,2.742,3,344,4502,5865470,11781242,2048,1024
1706,17.994,14.817,3.176,6,386,4786,6295294,12419396,2048,1024
1707,17.368,14.648,2.720,6,382,4750,6292222,12423262,2048,1024
1708,18.060,15.354,2.706,6,384,4826,6363134,12566910,2048,1024
1709,17.734,15.027,2.707,6,384,4826,6363134,12596976,2048,1024
1710,17.909,14.913,2.996,6,396,4920,6422014,12742650,2048,1024
1711,18.800,15.995,2.805,6,394,4890,6412798,12735212,2048,1024
1712,18.093,15.177,2.916,6,402,4964,6469630,12875800,2048,1024
1713,18.258,15.399,2.859,6,404,4976,6470398,12893630,2048,1024
1714,18.537,15.653,2.884,6,420,5086,6604030,13042064,2048,1024
1715,18.982,16.093,2.889,6,420,5070,6684670,13075064,2048,1024
1716,19.047,16.174,2.873,6,432,5158,6751742,13264596,2048,1024
1717,19.288,16.364,2.924,6,436,5184,6756862,13305034,2048,1024
1718,19.287,16.292,2.994,6,450,5280,6825982,13471174,2048,1024
1719,18.973,15.983,2.990,6,448,5242,6813182,13466776,2048,1024
1720,19.371,16.359,3.012,6,460,5348,6891006,13597140,2048,1024
1721,19.166,16.155,3.010,6,466,5354,6901246,13625572,2048,1024
1722,19.451,16.110,3.341,6,476,5434,6950910,13762132,2048,1024
1723,19.420,16.402,3.018,7,464,5444,6989310,13876972,2048,1024
1724,19.971,16.900,3.071,7,478,5536,7079422,14054668,2048,1024
1725,19.504,16.486,3.017,7,476,5528,7062526,14026876,2048,1024
1726,20.110,17.081,3.030,7,482,5578,7083006,14070294,2048,1024
1727,19.875,16.703,3.172,7,476,5524,7067646,14041856,2048,1024
1728,19.829,16.721,3.108,7,482,5552,7088126,14084360,2048,1024
1729,19.767,16.668,3.100,7,476,5488,7037438,13982978,2048,1024
1730,19.506,16.467,3.039,7,482,5510,7057918,14023612,2048,1024
1731,19.571,16.557,3.015,7,472,5472,6995966,13919856,2048,1024
1732,19.465,16.468,2.998,7,476,5510,7004158,13961326,2048,1024
1733,19.597,16.662,2.935,7,468,5444,6947326,13847526,2048,1024
1734,19.835,16.846,2.989,7,472,5462,6961662,13876458,2048,1024
1735,19.071,16.121,2.949,7,464,5402,6904830,13762242,2048,1024
1736,19.807,16.876,2.931,7,464,5400,6905854,13763362,2048,1024
1737,19.291,16.127,3.163,7,460,5364,6869246,13690046,2048,1024
1738,19.505,16.412,3.093,7,458,5348,6856958,13664060,2048,1024
1739,18.969,16.094,2.875,7,448,5274,6791934,13547364,2048,1024
1740,19.404,16.514,2.890,7,448,5274,6791934,13546468,2048,1024
1741,19.038,15.943,3.095,7,438,5202,6726910,13415066,2048,1024
1742,18.945,16.115,2.830,7,438,5202,6726910,13414170,2048,1024
1743,18.652,15.754,2.898,7,428,5130,6661886,13284538,2048,1024
1744,19.148,16.319,2.829,7,428,5130,6661886,13283642,2048,1024
1745,18.825,16.053,2.771,7,418,5058,6596862,13168878,2048,1024
1746,18.597,15.753,2.844,7,418,5058,6596862,13167982,2048,1024
1747,18.358,15.560,2.798,7,406,4988,6525694,13056152,2048,1024
1748,18.842,15.866,2.976,7,406,4988,6525694,13055256,2048,1024
1749,18.738,15.775,2.963,7,396,4932,6471422,12945550,2048,1024
1750,18.495,15.788,2.707,7,396,4932,6471422,12944654,2048,1024
1751,18.564,15.735,2.829,7,390,4902,6450942,12903624,2048,1024
1752,18.448,15.757,2.691,7,390,4902,6450942,12902728,2048,1024
1753,19.218,16.466,2.752,7,390,4918,6455550,12913064,2048,1024
1754,20.261,17.514,2.746,7,392,4934,6461694,12924810,2048,1024
1755,19.360,16.539,2.820,7,386,4886,6441214,12883268,2048,1024
1756,19.072,16.397,2.675,7,386,4894,6416638,12893030,2048,1024
1757,19.305,16.580,2.725,7,380,4850,6396158,12850976,2048,1024
1758,19.534,16.562,2.972,7,382,4842,6402302,12861374,2048,1024
1759,18.444,15.758,2.687,7,378,4824,6387966,12831962,2048,1024
1760,18.498,15.783,2.716,7,380,4836,6394110,12842684,2048,1024
1761,18.242,15.579,2.663,7,378,4826,6387966,12830042,2048,1024
1762,17.975,15.326,2.650,7,378,4826,6387966,12828122,2048,1024
1763,18.927,16.082,2.845,7,378,4834,6387966,12828122,2048,1024
1764,18.296,15.462,2.833,7,380,4842,6394110,12838844,2048,1024
1765,18.089,15.383,2.706,7,380,4838,6394110,12838844,2048,1024
1766,18.212,15.561,2.651,7,382,4850,6400254,12849566,2048,1024
1767,19.025,16.329,2.696,7,382,4858,6400254,12849566,2048,1024
1768,18.922,16.264,2.658,7,384,4866,6406398,12860288,2048,1024
1769,18.380,15.671,2.708,7,384,4866,6406398,12860288,2048,1024
1770,18.383,15.655,2.728,7,384,4866,6406398,12858368,2048,1024
1771,18.352,15.558,2.794,7,408,4950,6455550,12959378,2048,1024
1772,18.511,15.673,2.838,7,416,4976,6481150,12970956,2048,1024
1773,18.323,15.395,2.928,7,412,4952,6479358,12924400,2048,1024
1774,20.809,17.082,3.727,11,624,5814,7222782,14365014,2048,1024
1775,20.253,16.571,3.682,11,620,5754,7220734,14302418,2048,1024
1776,20.510,16.796,3.714,11,628,5794,7246334,14291350,2048,1024
1777,20.526,16.824,3.701,11,626,5776,7241214,14226816,2048,1024
1778,20.215,16.569,3.646,11,634,5774,7266814,14223540,2048,1024
1779,20.364,16.696,3.669,11,630,5672,7259646,14133836,2048,1024
1780,20.222,16.383,3.838,11,644,5726,7337982,14106414,2048,1024
1781,20.103,16.404,3.699,11,634,5674,7321598,14016572,2048,1024
1782,20.291,16.551,3.739,11,642,5680,7370750,14055670,2048,1024
1783,20.505,16.746,3.759,11,628,5644,7280126,13978174,2048,1024
1784,20.078,16.338,3.740,11,620,5568,7245310,13941594,2048,1024
1785,20.237,16.428,3.809,11,616,5580,7217662,13875828,2048,1024
1786,20.474,16.759,3.715,11,626,5628,7246334,13898440,2048,1024
1787,19.969,16.222,3.747,11,618,5592,7222782,13838502,2048,1024
1788,20.857,17.106,3.751,11,624,5598,7226878,13794940,2048,1024
1789,20.088,16.399,3.689,11,620,5542,7218686,13736466,2048,1024
1790,20.118,16.306,3.812,11,644,5564,7193342,13830076,2048,1024
1791,19.838,16.100,3.738,10,630,5572,7082750,13766398,2048,1024
1792,20.347,16.616,3.731,10,616,5552,7053054,13753564,2048,1024
1793,19.898,16.197,3.701,10,608,5464,6993662,13631104,2048,1024
1794,19.615,15.944,3.672,10,616,5454,7019262,13610938,2048,1024
1795,19.541,15.886,3.655,10,612,5372,6984446,13472326,2048,1024
1796,19.344,15.675,3.669,10,606,5300,6957822,13410280,2048,1024
1797,20.167,16.487,3.680,10,596,5208,6915326,13297040,2048,1024
1798,19.464,15.742,3.722,10,610,5320,6952190,13286918,2048,1024
1799,19.066,15.381,3.685,10,594,5226,6896894,13163934,2048,1024
1800,19.151,15.522,3.629,10,594,5184,6881022,13103786,2048,1024
1801,19.431,15.569,3.862,10,566,5146,6742782,13063814,2048,1024
1802,19.670,16.062,3.608,10,550,5082,6528766,12929912,2048,1024
1803,18.939,15.470,3.469,10,542,5042,6503166,12876864,2048,1024
1804,18.424,15.054,3.370,10,536,4954,6465022,12797858,2048,1024
1805,17.983,14.694,3.288,10,524,4880,6408958,12680838,2048,1024
1806,19.350,15.808,3.542,10,548,5306,6777598,13394830,2048,1024
1807,19.232,15.781,3.451,10,568,5236,6699774,13287022,2048,1024
1808,19.105,15.782,3.322,10,566,5198,6678270,13233726,2048,1024
1809,19.693,16.234,3.459,10,554,5072,6523646,12914074,2048,1024
1810,18.832,15.443,3.389,10,552,5042,6492926,12903050,2048,1024
1811,18.786,15.476,3.310,10,544,5004,6467326,12839658,2048,1024
1812,18.676,15.420,3.255,10,544,5004,6467326,12829594,2048,1024
1813,18.801,15.538,3.263,10,540,5036,6503166,12889826,2048,1024
1814,18.949,15.707,3.242,10,540,5036,6503166,12879018,2048,1024
1815,19.193,15.750,3.444,10,532,4998,6477566,12814450,2048,1024
1816,18.891,15.639,3.252,10,528,4982,6469374,12785566,2048,1024
1817,18.680,15.370,3.310,10,522,4940,6503166,12724482,2048,1024
1818,18.601,15.371,3.230,10,524,4924,6480638,12728566,2048,1024
1819,19.693,16.512,3.181,10,516,4904,6455038,12677860,2048,1024
1820,19.374,16.204,3.170,10,518,4936,6485758,12730016,2048,1024
1821,18.712,15.596,3.116,10,512,4918,6465278,12688846,2048,1024
1822,18.398,15.289,3.109,10,506,4918,6479614,12702886,2048,1024
1823,18.125,15.114,3.011,10,498,4868,6428414,12670516,2048,1024
1824,18.300,15.130,3.170,10,538,5022,6557438,12810884,2048,1024
1825,18.506,15.267,3.239,10,536,5010,6549246,12787914,2048,1024
1826,18.520,15.358,3.162,10,536,5010,6549246,12837882,2048,1024
1827,18.343,15.196,3.147,10,536,5016,6549246,12826410,2048,1024
1828,18.570,15.375,3.195,10,530,4968,6510334,12797078,2048,1024
1829,18.794,15.587,3.207,10,530,4968,6510334,12785606,2048,1024
1830,18.568,15.365,3.203,10,540,5032,6557438,12870334,2048,1024
1831,17.390,14.491,2.899,7,484,4780,6250494,12256140,2048,1024
1832,18.012,15.097,2.915,7,484,4780,6250494,12243644,2048,1024
1833,18.670,15.582,3.088,7,486,4756,6246398,12227388,2048,1024
1834,18.065,15.102,2.963,7,484,4724,6218750,12218844,2048,1024
1835,18.538,15.444,3.094,7,484,4716,6218750,12205468,2048,1024
1836,18.554,15.608,2.945,7,486,4748,6249470,12254492,2048,1024
1837,18.116,15.063,3.054,7,486,4748,6249470,12241116,2048,1024
1838,18.364,15.435,2.929,7,484,4716,6218750,12224860,2048,1024
1839,17.294,14.406,2.888,7,484,4734,6218750,12207612,2048,1024
1840,17.474,14.556,2.918,7,484,4734,6217726,12193196,2048,1024
1841,18.663,15.529,3.135,7,540,4946,6332414,12475390,2048,1024
1842,18.789,15.551,3.237,7,542,4978,6364158,12523534,2048,1024
1843,20.518,17.331,3.187,9,550,5444,7328766,14354462,2048,1024
1844,20.221,17.059,3.163,9,546,5428,7320574,14326250,2048,1024
1845,21.025,17.904,3.120,9,548,5460,7351294,14377338,2048,1024
1846,20.520,17.365,3.156,9,548,5460,7351294,14364106,2048,1024
1847,20.725,17.555,3.170,9,548,5482,7354366,14352794,2048,1024
1848,20.857,17.758,3.098,9,546,5450,7318526,14397058,2048,1024
1849,21.071,17.900,3.171,9,546,5458,7315454,14385746,2048,1024
1850,20.851,17.726,3.125,9,552,5506,7359486,14451814,2048,1024
1851,20.996,17.777,3.219,9,552,5506,7359486,14440502,2048,1024
1852,21.146,17.973,3.172,9,552,5522,7386110,14483140,2048,1024
1853,21.148,17.929,3.220,9,550,5490,7355390,14465964,2048,1024
1854,20.776,17.652,3.123,9,542,5458,7339006,14418932,2048,1024
1855,21.455,18.155,3.300,9,544,5490,7377918,14470020,2048,1024
1856,21.019,17.768,3.251,9,548,5478,7350270,14477024,2048,1024
1857,20.854,17.680,3.174,9,546,5464,7311358,14464164,2048,1024
1858,21.025,17.753,3.272,9,560,5516,7349246,14510208,2048,1024
1859,20.889,17.677,3.212,9,562,5548,7379966,14556000,2048,1024
1860,20.912,17.668,3.244,9,560,5568,7402494,14589534,2048,1024
1861,20.982,17.769,3.213,9,564,5592,7408638,14577182,2048,1024
1862,20.858,17.686,3.172,9,568,5584,7390206,14582016,2048,1024
1863,21.346,17.956,3.389,9,566,5552,7362558,14566904,2048,1024
1864,20.868,17.665,3.203,9,566,5576,7384062,14603218,2048,1024
1865,21.390,17.921,3.469,9,566,5576,7380990,14589066,2048,1024
1866,20.995,17.686,3.309,9,570,5638,7420926,14643844,2048,1024
1867,20.916,17.625,3.292,9,568,5606,7390206,14625248,2048,1024
1868,21.143,17.706,3.438,9,570,5622,7394302,14619546,2048,1024
1869,22.022,18.731,3.291,9,572,5654,7425022,14664310,2048,1024
1870,22.078,18.838,3.240,9,570,5622,7394302,14647278,2048,1024
1871,20.960,17.582,3.378,9,568,5590,7371774,14628682,2048,1024
1872,20.806,17.582,3.224,9,568,5582,7362558,14610006,2048,1024
1873,20.865,17.610,3.256,9,570,5614,7385086,14658254,2048,1024
1874,21.334,18.048,3.286,9,574,5654,7429118,14710588,2048,1024
1875,21.328,17.867,3.460,9,632,5874,7547902,14939016,2048,1024
1876,21.725,18.190,3.535,9,638,5870,7533566,14954090,2048,1024
1877,21.183,17.741,3.442,9,636,5838,7502846,14935494,2048,1024
1878,21.745,18.117,3.628,9,636,5852,7502846,14918778,2048,1024
1879,21.673,18.197,3.477,9,638,5884,7536638,14963026,2048,1024
1880,21.353,17.925,3.428,9,640,5916,7562238,15007274,2048,1024
1881,21.996,18.483,3.513,9,638,5884,7528446,14991130,2048,1024
1882,21.788,18.204,3.584,9,644,5904,7545854,14996278,2048,1024
1883,21.517,17.895,3.622,9,646,5948,7576574,15040526,2048,1024
1884,21.689,18.236,3.453,9,642,5908,7541758,15016062,2048,1024
1885,21.788,18.183,3.605,9,642,5908,7541758,14997910,2048,1024
1886,21.643,18.219,3.425,9,632,5840,7494654,14942948,2048,1024
1887,21.164,17.732,3.432,9,632,5840,7502846,14924796,2048,1024
1888,21.765,18.248,3.516,9,644,5928,7571454,15063944,2048,1024
1889,21.870,18.326,3.544,9,644,5928,7563262,15048760,2048,1024
1890,21.838,18.100,3.738,9,644,5926,7545854,15036510,2048,1024
1891,22.046,18.578,3.468,9,642,5894,7515134,15015982,2048,1024
1892,22.512,18.958,3.554,9,636,5878,7502846,14971324,2048,1024
1893,21.949,18.404,3.544,9,636,5886,7502846,14951756,2048,1024
1894,22.652,18.957,3.695,9,640,5902,7511038,14947168,2048,1024
1895,21.807,18.286,3.521,9,642,5934,7544830,15051440,2048,1024
1896,21.352,17.858,3.495,9,640,5926,7535614,15023422,2048,1024
1897,21.775,18.194,3.581,9,640,5926,7532542,15003854,2048,1024
1898,22.412,18.592,3.820,9,642,5926,7541758,15053808,2048,1024
1899,21.614,18.054,3.560,9,642,5926,7541758,15034240,2048,1024
1900,21.679,18.140,3.539,9,642,5902,7515134,15022032,2048,1024
1901,21.479,17.914,3.565,9,642,5902,7515134,15002204,2048,1024
1902,21.852,18.319,3.533,9,646,5966,7576574,15105256,2048,1024
1903,22.014,18.551,3.463,9,646,5966,7584766,15085428,2048,1024
1904,22.896,19.389,3.507,9,646,5966,7575550,15064560,2048,1024
1905,22.475,18.985,3.490,9,642,5906,7505918,15042812,2048,1024
1906,22.618,19.142,3.476,9,644,5914,7519230,15030554,2048,1024
1907,23.031,19.420,3.611,9,646,5946,7549950,15073126,2048,1024
1908,22.930,19.433,3.497,9,654,6018,7615486,15186426,2048,1024
1909,22.731,19.122,3.609,9,676,6078,7633918,15266908,2048,1024
1910,22.681,18.986,3.696,9,708,6246,7748606,15479688,2048,1024
1911,22.858,18.991,3.867,9,708,6246,7751678,15462850,2048,1024
1912,23.398,19.652,3.746,9,726,6370,7832574,15676850,2048,1024
1913,23.119,19.301,3.819,9,728,6398,7860222,15715912,2048,1024
1914,23.048,19.167,3.881,9,748,6490,7928830,15888862,2048,1024
1915,24.099,20.254,3.845,9,748,6490,7928830,15869034,2048,1024
1916,23.924,19.851,4.074,9,764,6622,8037374,16070214,2048,1024
1917,23.694,19.729,3.965,9,766,6654,8068094,16112786,2048,1024
1918,23.516,19.552,3.964,9,774,6716,8133630,16222230,2048,1024
1919,23.755,19.839,3.915,9,772,6684,8111102,16199894,2048,1024
1920,23.838,19.773,4.065,9,790,6724,8112126,16260628,2048,1024
1921,23.674,19.486,4.188,9,792,6746,8122366,16276304,2048,1024
1922,23.950,19.908,4.042,9,810,6818,8168446,16331004,2048,1024
1923,23.864,19.761,4.104,9,812,6838,8186878,16346550,2048,1024
1924,23.885,19.790,4.095,9,822,6868,8180734,16375040,2048,1024
1925,23.877,19.697,4.181,9,822,6864,8168446,16328312,2048,1024
1926,24.407,20.120,4.287,9,846,6984,8244222,16460878,2048,1024
1927,24.235,19.903,4.332,9,844,6924,8204286,16418140,2048,1024
1928,24.468,20.032,4.436,9,854,6934,8193022,16448626,2048,1024
1929,24.270,20.039,4.231,9,854,6912,8177662,16396510,2048,1024
1930,24.277,19.882,4.395,9,874,7018,8250366,16516096,2048,1024
1931,24.182,19.820,4.361,9,876,7032,8268798,16530864,2048,1024
1932,24.352,20.032,4.320,9,896,7118,8309758,16600694,2048,1024
1933,25.039,20.612,4.427,9,894,7066,8266750,16553526,2048,1024
1934,24.946,20.513,4.434,9,908,7096,8268798,16605250,2048,1024
1935,24.994,20.541,4.453,9,910,7116,8295422,16622084,2048,1024
1936,24.470,20.007,4.463,9,926,7168,8306686,16641908,2048,1024
1937,24.752,20.269,4.483,9,928,7192,8316926,16658872,2048,1024
1938,24.854,20.230,4.625,9,944,7224,8319998,16688686,2048,1024
1939,24.936,20.335,4.601,9,944,7214,8307710,16642992,2048,1024
1940,24.680,20.164,4.516,9,950,7226,8307710,16622650,2048,1024
1941,24.482,19.950,4.532,9,948,7174,8264702,16575482,2048,1024
1942,24.565,19.956,4.609,9,956,7198,8281086,16586372,2048,1024
1943,24.605,20.045,4.561,9,936,7130,8261630,16586580,2048,1024
1944,24.801,20.156,4.645,9,968,7266,8342526,16737708,2048,1024
1945,26.686,22.058,4.628,9,966,7272,8355838,16742272,2048,1024
1946,25.400,20.363,5.037,9,984,7342,8391678,16788332,2048,1024
1947,24.985,20.355,4.629,9,966,7266,8340478,16722708,2048,1024
1948,25.534,20.793,4.741,9,974,7288,8324094,16738348,2048,1024
1949,24.742,20.157,4.585,9,966,7236,8307710,16683428,2048,1024
1950,24.826,20.065,4.761,9,972,7272,8340478,16731530,2048,1024
1951,25.066,20.484,4.582,9,964,7246,8332286,16681920,2048,1024
1952,25.833,21.088,4.744,9,968,7270,8343550,16758404,2048,1024
1953,25.119,20.427,4.692,9,964,7254,8321022,16703196,2048,1024
1954,24.870,20.191,4.679,9,980,7340,8383486,16796400,2048,1024
1955,25.878,21.201,4.677,9,970,7274,8336382,16740778,2048,1024
1956,25.922,21.168,4.755,9,966,7286,8340478,16725268,2048,1024
1957,24.811,20.168,4.643,9,956,7234,8293374,16666292,2048,1024
1958,24.902,20.148,4.754,9,966,7278,8319998,16694296,2048,1024
1959,24.644,20.065,4.579,9,966,7324,8370174,16770632,2048,1024
1960,24.818,20.124,4.693,9,970,7340,8373246,16756032,2048,1024
1961,24.837,20.241,4.596,9,954,7292,8331262,16670360,2048,1024
1962,24.894,20.256,4.638,9,964,7276,8297470,16698762,2048,1024
1963,25.013,20.315,4.698,9,960,7248,8283134,16646392,2048,1024
1964,24.703,19.977,4.726,9,978,7334,8340478,16740538,2048,1024
1965,24.935,20.344,4.591,9,966,7298,8322046,16676746,2048,1024
1966,26.134,21.470,4.664,9,974,7334,8350718,16768866,2048,1024
1967,25.910,21.273,4.637,9,966,7300,8345598,16726916,2048,1024
1968,26.056,21.303,4.753,9,974,7336,8352766,16720478,2048,1024
1969,26.131,21.483,4.649,9,958,7274,8305662,16686874,2048,1024
1970,25.671,20.946,4.725,9,976,7334,8339454,16737894,2048,1024
1971,24.592,19.736,4.856,9,954,7238,8286206,16669334,2048,1024
1972,25.154,20.510,4.644,9,956,7244,8284158,16641020,2048,1024
1973,25.048,20.429,4.619,9,948,7242,8327166,16704220,2048,1024
1974,25.424,20.692,4.732,9,964,7304,8359934,16746134,2048,1024
1975,24.775,20.240,4.534,9,956,7290,8349694,16699970,2048,1024
1976,25.728,21.059,4.669,9,958,7258,8301566,16701610,2048,1024
1977,24.777,20.192,4.585,9,954,7218,8284158,16640926,2048,1024
1978,25.188,20.452,4.735,9,982,7344,8360958,16794920,2048,1024
1979,25.349,20.575,4.774,9,974,7306,8344574,16740000,2048,1024
1980,25.247,20.485,4.762,9,976,7336,8367102,16764836,2048,1024
1981,25.090,20.322,4.768,9,970,7278,8325118,16719584,2048,1024
1982,24.557,19.835,4.722,9,962,7186,8250366,16544862,2048,1024
1983,24.609,20.096,4.513,9,944,7152,8266750,16555012,2048,1024
1984,24.520,19.934,4.586,9,944,7092,8202238,16462544,2048,1024
1985,24.239,19.692,4.548,9,938,7048,8148990,16392960,2048,1024
1986,23.762,19.299,4.463,9,932,7000,8096766,16263914,2048,1024
1987,23.857,19.370,4.488,9,918,6982,8107006,16261134,2048,1024
1988,23.649,19.238,4.410,9,910,6906,8035326,16092404,2048,1024
1989,23.725,19.233,4.492,9,910,6886,8023038,16044644,2048,1024
1990,23.595,19.238,4.357,9,900,6828,7968766,15970498,2048,1024
1991,23.374,18.992,4.382,9,898,6782,7928830,15928018,2048,1024
1992,23.544,19.255,4.288,9,888,6738,7880702,15818682,2048,1024
1993,23.509,19.049,4.460,9,878,6702,7860222,15757088,2048,1024
1994,23.308,18.848,4.460,9,874,6708,7883774,15780682,2048,1024
1995,23.097,18.685,4.412,9,860,6658,7843838,15744282,2048,1024
1996,24.300,20.000,4.300,9,852,6640,7836670,15708178,2048,1024
1997,24.250,20.023,4.227,9,842,6620,7861246,15736390,2048,1024
1998,23.035,18.864,4.171,9,836,6564,7816190,15682946,2048,1024
1999,23.062,18.882,4.180,9,830,6530,7791614,15673022,2048,1024
2000,22.570,18.467,4.103,9,822,6492,7766014,15599510,2048,1024
2001,22.817,18.629,4.189,9,812,6496,7782398,15611210,2048,1024
2002,22.683,18.632,4.052,9,812,6530,7812094,15648168,2048,1024
2003,22.459,18.408,4.051,9,812,6530,7812094,15627048,2048,1024
2004,22.712,18.706,4.006,9,792,6426,7744510,15528918,2048,1024
2005,22.601,18.539,4.062,9,794,6430,7740414,15561240,2048,1024
2006,22.406,18.447,3.959,9,786,6386,7724030,15504530,2048,1024
2007,22.888,18.902,3.986,9,780,6406,7753726,15543338,2048,1024
2008,22.293,18.355,3.938,9,784,6428,7774206,15563884,2048,1024
2009,22.883,18.884,4.000,9,766,6356,7732222,15518140,2048,1024
2010,22.849,18.807,4.042,9,768,6372,7747582,15526332,2048,1024
2011,22.328,18.484,3.844,9,750,6360,7768062,15545832,2048,1024
2012,22.552,18.712,3.841,9,746,6324,7733246,15515432,2048,1024
2013,22.437,18.604,3.833,9,734,6308,7727102,15481244,2048,1024
2014,22.332,18.548,3.784,9,720,6232,7677950,15418958,2048,1024
2015,22.231,18.330,3.901,9,720,6238,7686142,15414350,2048,1024
2016,22.508,18.556,3.952,9,728,6300,7746558,15516078,2048,1024
2017,23.175,19.270,3.905,9,728,6304,7738366,15478446,2048,1024
2018,22.619,18.837,3.782,9,728,6290,7720958,15481488,2048,1024
2019,22.354,18.567,3.786,9,726,6258,7690238,15459408,2048,1024
2020,22.165,18.307,3.858,9,722,6254,7682046,15421648,2048,1024
2021,22.203,18.428,3.775,9,724,6286,7712766,15462928,2048,1024
2022,22.072,18.278,3.794,9,746,6370,7757822,15532708,2048,1024
2023,22.295,18.457,3.838,9,746,6370,7760894,15579268,2048,1024
2024,22.385,18.555,3.830,9,742,6354,7747582,15530880,2048,1024
2025,22.184,18.353,3.831,9,742,6346,7744510,15503520,2048,1024
2026,22.499,18.619,3.880,9,744,6354,7753726,15560738,2048,1024
2027,22.583,18.713,3.870,9,744,6354,7753726,15539618,2048,1024
2028,22.130,18.276,3.855,9,746,6334,7731198,15534438,2048,1024
2029,22.037,18.198,3.839,9,746,6334,7731198,15513318,2048,1024
2030,24.038,20.149,3.889,9,750,6398,7792638,15615078,2048,1024
2031,23.372,19.546,3.826,9,750,6404,7800830,15610470,2048,1024
2032,24.378,20.342,4.036,9,750,6398,7791614,15570758,2048,1024
2033,23.281,19.427,3.854,9,746,6330,7721982,15531206,2048,1024
2034,23.522,19.677,3.845,9,748,6344,7735294,15535208,2048,1024
2035,22.792,18.951,3.841,9,748,6344,7735294,15514088,2048,1024
2036,23.150,19.222,3.928,9,754,6364,7747582,15518188,2048,1024
2037,22.147,18.227,3.920,9,754,6364,7747582,15558508,2048,1024
2038,22.576,18.538,4.038,9,756,6400,7778302,15597998,2048,1024
2039,23.084,19.255,3.829,9,756,6404,7781374,15583118,2048,1024
2040,23.827,19.897,3.931,9,758,6408,7780350,15621520,2048,1024
2041,23.007,18.990,4.018,9,758,6400,7777278,15594160,2048,1024
2042,23.373,19.427,3.946,9,762,6392,7763966,15605748,2048,1024
2043,22.757,18.737,4.020,9,762,6392,7763966,15584628,2048,1024
2044,22.614,18.707,3.907,9,762,6420,7790590,15617588,2048,1024
2045,22.470,18.381,4.090,9,764,6452,7821310,15658868,2048,1024
2046,22.671,18.689,3.982,9,756,6416,7804926,15601898,2048,1024
2047,22.550,18.611,3.939,9,770,6420,7815166,15660686,2048,1024
2048,20.901,15.548,5.354,5,1206,6376,6591486,13258368,2048,1024
2049,22.387,16.821,5.566,6,1206,6404,6621182,13291308,2048,1024
2050,22.290,16.866,5.424,6,1206,6412,6624254,13268378,2048,1024
2051,22.404,16.932,5.471,6,1204,6410,6623230,13238918,2048,1024
2052,21.914,16.438,5.476,6,1196,6338,6583294,13190818,2048,1024
2053,21.692,16.326,5.366,6,1196,6344,6583294,13157230,2048,1024
2054,22.200,16.705,5.494,6,1204,6370,6626302,13202712,2048,1024
2055,22.714,17.170,5.545,6,1202,6366,6625278,13225332,2048,1024
2056,22.347,16.925,5.422,6,1194,6308,6585342,13168586,2048,1024
2057,22.289,16.895,5.394,6,1190,6354,6583294,13127588,2048,1024
2058,22.809,17.326,5.483,6,1176,6294,6584318,13152120,2048,1024
2059,22.027,16.553,5.474,6,1174,6318,6612990,13168140,2048,1024
2060,20.663,15.348,5.314,6,1150,5920,6250494,12442660,2048,1024
2061,21.460,16.024,5.436,6,1146,5936,6248446,12416402,2048,1024
2062,21.296,15.947,5.349,6,1138,5886,6214654,12377876,2048,1024
2063,20.872,15.492,5.380,6,1106,5722,6161406,12337762,2048,1024
2064,20.200,14.989,5.211,6,1102,5682,6159358,12293308,2048,1024
2065,20.623,15.347,5.276,6,1090,5680,6182910,12302482,2048,1024
2066,20.480,15.273,5.207,6,1080,5654,6180862,12257964,2048,1024
2067,20.924,15.627,5.297,6,1070,5654,6175742,12208368,2048,1024
2068,19.387,14.281,5.107,6,1050,5576,6150142,12114404,2048,1024
2069,19.139,14.085,5.054,6,1006,5426,6051838,12058480,2048,1024
2070,19.225,14.373,4.851,6,986,5384,6041598,11997074,2048,1024
2071,19.703,14.864,4.838,6,970,5354,6033406,11940230,2048,1024
2072,18.969,14.246,4.722,6,964,5348,6069246,11971130,2048,1024
2073,18.537,13.912,4.625,6,940,5270,6056958,11906958,2048,1024
2074,18.639,13.944,4.695,6,874,5142,5952510,11847318,2048,1024
2075,18.376,13.838,4.539,6,864,5084,5947390,11795340,2048,1024
2076,18.023,13.635,4.388,6,836,4986,5900286,11716886,2048,1024
2077,17.755,13.385,4.370,6,824,4962,5894142,11672560,2048,1024
2078,17.933,13.645,4.289,6,800,4912,5881854,11603802,2048,1024
2079,17.698,13.447,4.251,6,784,4876,5873662,11546070,2048,1024
2080,18.108,13.795,4.313,6,734,4822,5828606,11546332,2048,1024
2081,18.023,14.016,4.006,6,720,4770,5821438,11495830,2048,1024
2082,17.282,13.329,3.954,6,700,4708,5814270,11444796,2048,1024
2083,18.172,13.882,4.289,6,842,5210,6103038,12064224,2048,1024
2084,18.324,14.039,4.285,6,820,5176,6091774,12004812,2048,1024
2085,18.226,14.008,4.218,6,744,4904,5966846,11943312,2048,1024
2086,17.723,13.718,4.006,6,734,4896,5961726,11896244,2048,1024
2087,17.532,13.575,3.957,6,712,4856,5980158,11899288,2048,1024
2088,17.404,13.507,3.897,6,684,4810,5962750,11825876,2048,1024
2089,18.066,14.231,3.834,6,668,4774,5954558,11772470,2048,1024
2090,17.375,13.630,3.745,6,628,4658,5882878,11707736,2048,1024
2091,17.059,13.605,3.454,6,620,4652,5878782,11668490,2048,1024
2092,15.989,12.948,3.041,6,528,4414,5705726,11448578,2048,1024
2093,17.226,11.641,5.585,6,546,3830,5091326,10154010,2048,1024
2094,16.988,11.930,5.058,6,562,3852,5085694,10151448,2048,1024
2095,17.858,12.961,4.897,6,630,4026,5243390,10317290,2048,1024
2096,16.088,12.422,3.666,6,620,4024,5238270,10310148,2048,1024
2097,21.561,16.665,4.895,6,816,5524,7691518,13927652,2048,1024
2098,20.753,16.567,4.186,6,808,5498,7687422,13924322,2048,1024
2099,21.916,17.621,4.295,6,856,5820,7991550,14496630,2048,1024
2100,21.249,17.155,4.095,6,848,5808,7987454,14484828,2048,1024
2101,21.655,17.014,4.641,6,836,5792,7981310,14468604,2048,1024
2102,21.480,17.279,4.201,6,838,5818,8000766,14508214,2048,1024
2103,22.526,18.474,4.052,6,828,5840,7995646,14497718,2048,1024
2104,22.499,18.246,4.253,6,822,5834,7992574,14488070,2048,1024
2105,21.782,17.831,3.951,3,814,5660,7682302,13859602,2048,1024
2106,21.157,17.215,3.942,3,808,5652,7676158,13849426,2048,1024
2107,21.836,17.659,4.178,3,808,5652,7676158,13840930,2048,1024
2108,21.286,17.201,4.085,3,812,5666,7681278,13847084,2048,1024
2109,21.619,17.629,3.991,3,806,5650,7678206,13837510,2048,1024
2110,20.924,16.885,4.039,3,802,5612,7676158,13825228,2048,1024
2111,20.468,16.324,4.144,3,794,5596,7659774,13787328,2048,1024
2112,20.351,16.337,4.014,3,794,5596,7659774,13782092,2048,1024
2113,20.267,16.370,3.896,3,792,5580,7397630,13775404,2048,1024
2114,20.249,16.324,3.926,3,804,5620,7422206,13799252,2048,1024
2115,20.884,16.970,3.914,3,804,5620,7422206,13774836,2048,1024
2116,20.302,16.403,3.899,3,800,5612,7420158,13752612,2048,1024
2117,20.194,16.307,3.887,3,800,5612,7420158,13731376,2048,1024
2118,20.261,16.352,3.909,3,798,5592,7420158,13704828,2048,1024
2119,20.377,16.438,3.939,3,798,5590,7420286,13682364,2048,1024
2120,20.470,16.317,4.153,3,802,5596,7424894,13666708,2048,1024
2121,20.310,16.367,3.943,3,806,5602,7429502,13652210,2048,1024
2122,20.431,16.434,3.997,3,802,5572,7235582,13766560,2048,1024
2123,20.379,16.352,4.028,3,808,5600,7246718,13773266,2048,1024
2124,20.510,16.284,4.225,3,808,5606,7247486,13763112,2048,1024
2125,20.144,16.034,4.111,3,810,5612,7250174,13747894,2048,1024
2126,19.094,15.532,3.562,3,652,5044,6925950,13063276,2048,1024
2127,19.122,15.608,3.514,3,660,5054,6937598,13055878,2048,1024
2128,17.716,14.856,2.861,3,500,4476,6611198,12376452,2048,1024
2129,18.053,15.117,2.936,3,504,4498,6617726,12369354,2048,1024
2130,17.734,14.846,2.887,3,508,4514,6625022,12366816,2048,1024
2131,17.843,14.883,2.960,3,516,4530,6638334,12364742,2048,1024
2132,17.806,14.743,3.063,3,526,4566,6657406,12391856,2048,1024
2133,18.181,15.115,3.067,3,530,4558,6665854,12397044,2048,1024
2134,17.887,14.711,3.176,3,538,4576,6681214,12401468,2048,1024
2135,18.310,15.224,3.085,3,550,4642,6962046,12547252,2048,1024
2136,18.524,15.495,3.030,3,554,4660,6971390,12566798,2048,1024
2137,18.044,14.961,3.083,3,556,4684,6977534,12582308,2048,1024
2138,18.386,15.270,3.115,3,560,4692,6987902,12596324,2048,1024
2139,18.265,15.136,3.129,3,566,4726,7001470,12609596,2048,1024
2140,19.676,16.488,3.189,3,574,4760,7020670,12627052,2048,1024
2141,19.166,16.023,3.143,3,588,4816,7051902,12682352,2048,1024
2142,18.618,15.097,3.522,3,594,4828,7066878,12706086,2048,1024
2143,18.281,15.071,3.209,3,596,4850,7075070,12727770,2048,1024
2144,18.349,15.161,3.188,3,602,4882,7090430,12756316,2048,1024
2145,18.438,15.226,3.212,3,598,4854,7085182,12746426,2048,1024
2146,19.213,15.819,3.393,3,618,5036,7311358,13157518,2048,1024
2147,18.989,15.714,3.275,3,618,5036,7311614,13163026,2048,1024
2148,19.084,15.796,3.288,3,624,5050,7065854,13162384,2048,1024
2149,18.957,15.616,3.342,3,628,5064,7074046,13156162,2048,1024
2150,18.729,15.422,3.307,3,628,5056,7074046,13147578,2048,1024
2151,19.340,15.801,3.539,3,634,5084,7086334,13132850,2048,1024
2152,18.905,15.585,3.320,3,636,5070,7090430,13121398,2048,1024
2153,19.342,15.853,3.489,3,640,5078,7098622,13112158,2048,1024
2154,24.545,20.023,4.522,7,888,6558,8818942,16571372,2048,1024
2155,24.244,19.856,4.388,9,896,6588,8869630,16578198,2048,1024
2156,24.323,19.897,4.426,9,904,6644,9144062,16721484,2048,1024
2157,24.468,19.995,4.472,9,908,6634,9152254,16729844,2048,1024
2158,24.645,20.092,4.553,9,900,6602,9135870,16698448,2048,1024
2159,24.836,20.429,4.407,9,908,6624,9151742,16721468,2048,1024
2160,24.501,20.079,4.421,9,908,6620,9151742,16722974,2048,1024
2161,25.021,20.585,4.436,9,888,6566,9110782,16638940,2048,1024
2162,24.505,20.017,4.488,9,900,6610,9135358,16677286,2048,1024
2163,24.464,20.022,4.442,9,904,6618,9143550,16676822,2048,1024
2164,24.702,20.222,4.479,9,904,6618,9143550,16680594,2048,1024
2165,25.325,20.876,4.448,9,904,6620,9143550,16680910,2048,1024
2166,24.316,19.828,4.488,9,906,6624,9147646,16687310,2048,1024
2167,24.563,19.995,4.569,9,906,6630,9147646,16686426,2048,1024
2168,25.333,20.684,4.649,9,932,6790,9274622,16940574,2048,1024
2169,25.152,20.675,4.478,9,914,6702,9135358,16873664,2048,1024
2170,25.749,21.083,4.666,9,938,6854,9258238,17130738,2048,1024
2171,26.142,21.568,4.574,9,934,6838,9250046,17120030,2048,1024
2172,26.298,21.642,4.656,9,962,7010,9381118,17389702,2048,1024
2173,27.212,22.500,4.712,9,962,6956,9381118,17385760,2048,1024
2174,27.810,23.123,4.687,9,980,7094,9280766,17590870,2048,1024
2175,27.740,23.035,4.705,9,984,7102,9288958,17581258,2048,1024
2176,28.437,23.621,4.816,9,1004,7248,9391358,17796598,2048,1024
2177,28.543,23.731,4.812,9,984,7180,9350398,17710480,2048,1024
2178,28.047,23.204,4.843,9,1008,7322,9448702,17873344,2048,1024
2179,28.506,23.692,4.814,9,1012,7330,9478398,17860512,2048,1024
2180,27.966,23.014,4.952,9,1028,7370,9498878,17892726,2048,1024
2181,27.786,22.868,4.917,9,1004,7236,9437438,17837086,2048,1024
2182,27.607,22.640,4.966,9,1020,7304,9442558,17845960,2048,1024
2183,28.363,23.464,4.900,9,1018,7242,9158910,17774186,2048,1024
2184,27.842,22.728,5.114,9,1038,7298,9243902,17763830,2048,1024
2185,27.107,22.183,4.924,9,1022,7236,9192702,17631118,2048,1024
2186,26.896,21.991,4.905,9,1038,7256,9200894,17606678,2048,1024
2187,26.596,21.745,4.851,9,1038,7246,9182462,17531520,2048,1024
2188,26.844,21.850,4.994,9,1056,7316,9452798,17629782,2048,1024
2189,27.450,22.343,5.107,9,1020,7158,9371902,17565826,2048,1024
2190,26.374,21.352,5.021,9,1036,7204,9395454,17571738,2048,1024
2191,26.737,21.781,4.955,9,1036,7186,9374974,17526824,2048,1024
2192,26.996,21.924,5.072,9,1052,7220,9416958,17519840,2048,1024
2193,24.217,19.141,5.076,7,1026,6700,8445182,15633452,2048,1024
2194,23.868,19.031,4.837,7,1030,6706,8402174,15528282,2048,1024
2195,23.490,18.668,4.822,7,1030,6698,8389886,15485678,2048,1024
2196,23.932,18.789,5.143,7,1030,6664,8325374,15337346,2048,1024
2197,23.732,18.697,5.035,7,998,6544,8250622,15290796,2048,1024
2198,23.672,18.824,4.849,7,1004,6612,8377598,15526442,2048,1024
2199,23.315,18.436,4.879,7,1004,6592,8362238,15473854,2048,1024
2200,23.299,18.424,4.875,7,1004,6548,8299774,15326198,2048,1024
2201,23.171,18.335,4.836,7,992,6498,8281342,15261994,2048,1024
2202,22.780,18.107,4.674,7,984,6414,8209662,15102224,2048,1024
2203,23.148,18.527,4.621,7,972,6384,8191230,15040496,2048,1024
2204,22.198,17.614,4.584,7,964,6292,8122622,14883152,2048,1024
2205,23.068,18.439,4.630,7,916,6162,8044798,14814194,2048,1024
2206,22.176,17.546,4.630,7,912,6132,8021246,14772166,2048,1024
2207,21.919,17.419,4.499,7,904,6120,8008958,14749570,2048,1024
2208,22.085,17.525,4.560,7,896,6092,8001790,14697914,2048,1024
2209,21.797,17.450,4.346,7,872,6040,7989502,14656418,2048,1024
2210,19.318,15.758,3.560,3,698,5272,7330046,13310842,2048,1024
2211,19.012,15.499,3.513,3,690,5232,7325950,13284794,2048,1024
2212,19.070,15.541,3.529,3,686,5224,7311614,13247678,2048,1024
2213,19.027,15.456,3.572,3,674,5192,7308542,13219208,2048,1024
2214,18.847,15.347,3.500,3,674,5152,7291134,13178094,2048,1024
2215,19.502,15.978,3.523,3,658,5104,7279870,13140068,2048,1024
2216,18.754,15.204,3.550,3,650,5062,7268606,13097718,2048,1024
2217,18.627,15.274,3.353,3,638,5030,7262462,13070314,2048,1024
2218,18.834,15.433,3.401,3,634,5004,7248126,13025486,2048,1024
2219,19.064,15.510,3.555,3,630,5004,7246078,13005054,2048,1024
2220,18.534,15.228,3.306,3,612,4930,6963454,12949588,2048,1024
2221,18.494,15.121,3.373,3,608,4930,6969598,12929686,2048,1024
2222,18.903,15.664,3.239,3,604,4918,6958334,12907330,2048,1024
2223,18.932,15.421,3.511,3,596,4902,6946046,12880714,2048,1024
2224,18.661,15.126,3.535,3,588,4886,6951166,12861202,2048,1024
2225,18.287,15.174,3.113,3,584,4858,6949118,12842130,2048,1024
2226,19.935,16.339,3.596,3,580,4842,6947070,12820806,2048,1024
2227,18.735,15.459,3.276,3,568,4814,6940926,12791802,2048,1024
2228,18.541,15.243,3.299,3,568,4814,6940926,12775898,2048,1024
2229,18.186,14.932,3.255,3,568,4822,6943998,12766202,2048,1024
2230,18.229,14.989,3.240,3,568,4802,6938878,12746110,2048,1024
2231,18.670,15.057,3.613,3,568,4798,6935806,12723958,2048,1024
2232,18.192,15.002,3.191,3,568,4802,6940926,12714246,2048,1024
2233,18.509,15.120,3.388,3,562,4746,6744318,12695734,2048,1024
2234,18.330,14.852,3.479,3,560,4742,6482174,12680556,2048,1024
2235,18.280,15.022,3.259,3,560,4722,6482174,12656184,2048,1024
2236,18.518,15.399,3.119,3,560,4722,6482174,12630732,2048,1024
2237,18.144,14.839,3.305,3,560,4722,6490366,12607086,2048,1024
2238,17.813,14.679,3.134,3,560,4722,6481150,12582796,2048,1024
2239,18.115,14.726,3.389,3,560,4722,6472958,12555514,2048,1024
2240,17.805,14.552,3.253,3,560,4722,6482174,12534448,2048,1024
2241,17.961,14.742,3.220,3,560,4706,6482174,12510964,2048,1024
2242,19.266,15.622,3.643,3,560,4706,6482174,12488568,2048,1024
2243,18.583,15.472,3.112,3,560,4690,6482174,12465520,2048,1024
2244,18.811,15.471,3.340,3,560,4690,6482174,12442020,2048,1024
2245,19.090,15.831,3.259,3,560,4694,6485246,12425340,2048,1024
2246,19.399,15.973,3.426,3,560,4682,6480126,12395600,2048,1024
2247,18.520,15.321,3.199,3,560,4678,6477054,12363360,2048,1024
2248,18.439,15.032,3.406,3,566,4738,6678782,12349880,2048,1024
2249,18.442,14.921,3.521,3,566,4738,6678782,12326948,2048,1024
2250,17.532,14.439,3.094,3,566,4738,6678782,12302908,2048,1024
2251,17.765,14.349,3.415,3,570,4708,6686974,12294332,2048,1024
2252,17.525,14.365,3.159,3,570,4692,6686974,12273100,2048,1024
2253,17.841,14.476,3.365,3,570,4692,6695166,12255578,2048,1024
2254,17.485,14.278,3.207,3,570,4688,6685950,12223508,2048,1024
2255,17.500,14.177,3.323,3,570,4688,6677758,12192566,2048,1024
2256,17.433,14.273,3.160,3,570,4692,6686974,12178592,2048,1024
2257,17.753,14.424,3.329,3,570,4676,6686974,12155296,2048,1024
2258,18.192,14.849,3.343,3,570,4676,6686974,12131224,2048,1024
2259,17.540,14.280,3.260,3,570,4676,6686974,12107152,2048,1024
2260,17.619,14.202,3.417,3,570,4676,6686974,12084204,2048,1024
2261,17.366,14.068,3.298,3,570,4656,6690046,12068544,2048,1024
2262,17.440,13.950,3.491,3,568,4636,6422782,12044168,2048,1024
2263,17.445,14.085,3.359,3,568,4632,6419710,12026876,2048,1024
2264,17.332,14.032,3.300,3,568,4636,6424830,12020416,2048,1024
2265,17.145,13.964,3.181,3,568,4636,6424830,12008232,2048,1024
2266,17.367,14.133,3.233,3,568,4636,6424830,11998148,2048,1024
2267,17.321,14.179,3.142,3,568,4636,6424830,11987088,2048,1024
2268,19.460,16.170,3.290,3,568,4636,6424830,11974888,2048,1024
2269,19.519,16.177,3.343,3,568,4636,6433022,11965010,2048,1024
2270,19.151,15.838,3.312,3,576,4764,6685950,12352914,2048,1024
2271,19.473,16.217,3.256,3,576,4748,6677758,12339008,2048,1024
2272,19.081,15.744,3.337,3,576,4748,6686974,12331194,2048,1024
2273,19.008,15.718,3.289,3,576,4744,6686974,12318462,2048,1024
2274,19.290,16.105,3.185,3,576,4744,6686974,12309378,2048,1024
2275,19.795,16.447,3.348,3,576,4744,6686974,12300170,2048,1024
2276,19.181,15.928,3.254,3,576,4744,6686974,12287938,2048,1024
2277,19.081,15.655,3.426,3,576,4748,6690046,12281430,2048,1024
2278,19.293,15.605,3.688,3,576,4744,6684926,12266098,2048,1024
2279,18.132,14.873,3.258,3,576,4744,6681854,12247110,2048,1024
2280,18.887,15.303,3.585,3,576,4748,6686974,12244570,2048,1024
2281,18.663,15.198,3.464,3,576,4742,6686974,12234696,2048,1024
2282,18.541,15.207,3.334,3,576,4726,6686974,12222448,2048,1024
2283,17.986,14.435,3.552,3,576,4726,6686974,12209168,2048,1024
2284,17.689,14.339,3.350,3,576,4726,6686974,12200316,2048,1024
2285,17.780,14.621,3.159,3,576,4726,6695166,12190176,2048,1024
2286,17.644,14.224,3.420,3,576,4726,6685950,12175832,2048,1024
2287,17.617,14.288,3.329,3,576,4726,6677758,12162536,2048,1024
2288,17.303,14.156,3.147,3,576,4726,6686974,12155508,2048,1024
2289,17.572,14.247,3.324,3,576,4694,6686974,12145544,2048,1024
2290,17.389,14.209,3.181,3,576,4694,6686974,12133264,2048,1024
2291,17.495,14.335,3.160,3,576,4694,6686974,12119952,2048,1024
2292,17.449,14.105,3.345,3,576,4678,6686974,12110836,2048,1024
2293,17.288,13.993,3.295,3,576,4682,6690046,12107040,2048,1024
2294,17.214,14.048,3.167,3,576,4678,6684926,12088504,2048,1024
2295,17.203,13.916,3.287,3,576,4666,6681854,12068936,2048,1024
2296,17.170,14.013,3.157,3,576,4670,6686974,12066052,2048,1024
2297,17.452,14.148,3.305,3,576,4670,6686974,12052724,2048,1024
2298,17.204,14.038,3.167,3,576,4670,6686974,12043632,2048,1024
2299,17.338,14.108,3.230,3,576,4670,6686974,12033468,2048,1024
2300,17.370,14.191,3.178,3,576,4670,6686974,12021156,2048,1024
2301,17.771,14.413,3.359,3,576,4670,6695166,12007812,2048,1024
2302,17.884,14.547,3.338,3,576,4670,6685950,11996568,2048,1024
2303,17.555,14.246,3.308,3,576,4654,6677758,11986396,2048,1024
2304,17.556,14.297,3.259,3,576,4654,6686974,11976148,2048,1024
2305,17.851,14.595,3.256,3,576,4658,6686974,11962788,2048,1024
2306,17.311,14.055,3.256,3,576,4658,6686974,11953648,2048,1024
2307,17.356,14.157,3.200,3,568,4594,6424830,11941774,2048,1024
2308,17.284,13.936,3.348,3,568,4594,6424830,11929430,2048,1024
2309,17.182,13.998,3.183,3,568,4594,6427902,11922294,2048,1024
2310,17.315,14.080,3.235,3,568,4594,6422782,11906906,2048,1024
2311,17.203,14.060,3.143,3,568,4602,6419710,11890314,2048,1024
2312,17.357,14.136,3.221,3,568,4602,6424830,11884194,2048,1024
2313,17.087,13.915,3.172,3,568,4598,6424830,11870802,2048,1024
2314,17.248,13.916,3.332,3,566,4566,6162686,11860654,2048,1024
2315,17.069,13.884,3.186,3,566,4566,6162686,11847262,2048,1024
2316,17.077,13.797,3.280,3,566,4568,6162686,11837854,2048,1024
2317,17.357,14.169,3.188,3,566,4568,6170878,11827658,2048,1024
2318,17.149,13.686,3.463,3,566,4564,6161662,11813202,2048,1024
2319,17.046,13.897,3.149,3,566,4564,6153470,11799794,2048,1024
2320,17.323,13.917,3.406,3,566,4568,6162686,11792394,2048,1024
2321,16.905,13.763,3.142,3,566,4564,6162686,11782060,2048,1024
2322,17.099,13.824,3.275,3,566,4564,6162686,11769668,2048,1024
2323,17.001,13.675,3.326,3,566,4564,6162686,11755984,2048,1024
2324,17.043,13.732,3.311,3,566,4548,6162686,11746812,2048,1024
2325,16.830,13.630,3.200,3,566,4548,6165758,11741550,2048,1024
2326,16.823,13.623,3.200,3,566,4516,6160638,11723552,2048,1024
2327,17.887,14.760,3.128,3,566,4508,6157566,11704522,2048,1024
2328,17.763,14.489,3.274,3,566,4508,6162686,11700672,2048,1024
2329,18.102,14.852,3.250,3,566,4508,6162686,11689748,2048,1024
2330,18.482,15.175,3.308,3,566,4508,6162686,11677324,2048,1024
2331,17.809,14.571,3.238,3,566,4508,6162686,11666844,2048,1024
2332,16.982,13.842,3.140,3,566,4508,6162686,11654420,2048,1024
2333,18.113,15.031,3.082,3,566,4508,6170878,11640704,2048,1024
2334,17.033,13.910,3.123,3,566,4508,6161662,11629944,2048,1024
2335,17.410,14.073,3.336,3,566,4492,6153470,11619456,2048,1024
2336,17.270,14.053,3.217,3,566,4492,6162686,11608056,2048,1024
2337,16.808,13.611,3.196,3,566,4488,6162686,11594324,2048,1024
2338,17.808,14.591,3.217,3,566,4488,6162686,11584532,2048,1024
2339,17.830,14.682,3.148,3,566,4488,6162686,11574036,2048,1024
2340,16.719,13.381,3.338,3,566,4488,6162686,11561580,2048,1024
2341,16.560,13.287,3.274,3,566,4488,6165758,11551342,2048,1024
2342,16.525,13.261,3.265,3,566,4492,6160638,11537336,2048,1024
2343,16.761,13.351,3.410,3,566,4492,6157566,11524214,2048,1024
2344,16.674,13.354,3.320,3,566,4454,6162686,11513700,2048,1024
2345,17.227,13.784,3.443,3,574,4614,6424830,11918846,2048,1024
2346,17.124,13.791,3.333,3,574,4598,6424830,11909634,2048,1024
2347,16.963,13.800,3.163,3,574,4598,6424830,11899426,2048,1024
2348,17.002,13.827,3.175,3,574,4598,6424830,11885646,2048,1024
2349,17.228,13.952,3.277,3,574,4598,6433022,11875134,2048,1024
2350,17.191,13.773,3.417,3,574,4598,6423806,11860314,2048,1024
2351,17.096,13.974,3.122,3,574,4598,6415614,11846534,2048,1024
2352,17.046,13.873,3.174,3,574,4594,6424830,11835986,2048,1024
2353,17.168,13.809,3.359,3,574,4594,6424830,11825466,2048,1024
2354,16.992,13.858,3.134,3,574,4594,6424830,11811670,2048,1024
2355,16.759,13.655,3.104,3,574,4594,6424830,11796452,2048,1024
2356,16.946,13.712,3.234,3,574,4578,6424830,11785824,2048,1024
2357,16.959,13.829,3.130,3,574,4582,6427902,11775036,2048,1024
2358,17.058,13.734,3.325,3,574,4584,6422782,11759412,2048,1024
2359,16.997,13.853,3.144,3,574,4584,6419710,11743788,2048,1024
2360,16.965,13.865,3.100,3,574,4584,6424830,11733000,2048,1024
2361,17.278,13.939,3.339,3,574,4576,6424830,11720740,2048,1024
2362,16.777,13.633,3.144,3,574,4554,6424830,11704392,2048,1024
2363,17.167,13.949,3.218,3,574,4522,6424830,11685920,2048,1024
2364,16.774,13.598,3.176,3,574,4522,6424830,11670740,2048,1024
2365,16.872,13.551,3.321,3,574,4522,6433022,11652268,2048,1024
2366,17.031,13.609,3.422,3,574,4526,6423806,11636048,2048,1024
2367,17.130,13.959,3.171,3,574,4500,6415614,11620860,2048,1024
2368,16.959,13.871,3.088,3,574,4500,6424830,11603412,2048,1024
2369,16.838,13.663,3.175,3,574,4500,6424830,11584924,2048,1024
2370,17.030,13.734,3.296,3,574,4490,6424830,11565930,2048,1024
2371,16.895,13.755,3.140,3,578,4490,6420478,11546330,2048,1024
2372,17.071,13.720,3.350,3,608,4658,6555902,11808184,2048,1024
2373,17.386,14.051,3.335,3,640,4772,6609150,11886638,2048,1024
2374,17.793,14.293,3.500,3,646,4772,6607102,11878884,2048,1024
2375,17.258,13.738,3.520,3,660,4806,6617342,11890138,2048,1024
2376,17.345,13.722,3.623,3,666,4804,6625534,11879060,2048,1024
2377,17.500,13.942,3.559,3,688,4848,6659326,11891190,2048,1024
2378,17.383,13.839,3.545,3,696,4868,6663934,11890196,2048,1024
2379,17.490,13.946,3.544,3,708,4892,6671358,11907430,2048,1024
2380,17.525,13.903,3.622,3,706,4850,6412286,11897634,2048,1024
2381,17.439,13.778,3.662,3,722,4896,6434814,11905716,2048,1024
2382,17.536,13.600,3.936,3,732,4904,6431230,11901220,2048,1024
2383,17.621,13.611,4.009,3,746,4952,6436350,11909446,2048,1024
2384,17.616,13.866,3.750,3,758,4976,6448126,11899420,2048,1024
2385,17.748,13.851,3.897,3,772,5026,6461438,11908182,2048,1024
2386,17.636,13.876,3.759,3,772,5026,6458366,11877914,2048,1024
2387,17.898,13.896,4.002,3,780,5028,6468606,11866238,2048,1024
2388,17.707,13.884,3.823,3,780,5018,6462462,11832642,2048,1024
2389,18.194,14.310,3.885,3,788,5040,6475774,11824282,2048,1024
2390,17.999,13.992,4.007,3,784,5014,6389758,11778122,2048,1024
2391,17.613,13.716,3.896,3,792,5028,6396926,11772858,2048,1024
2392,17.879,14.007,3.873,3,792,5014,6393854,11736066,2048,1024
2393,18.063,14.012,4.050,3,800,5036,6404094,11733666,2048,1024
2394,17.873,13.877,3.996,3,792,5006,6384638,11672934,2048,1024
2395,17.789,13.808,3.981,3,800,5046,6394878,11664306,2048,1024
2396,17.190,13.446,3.744,3,736,4858,6354174,11557502,2048,1024
2397,18.373,14.508,3.865,3,740,4878,6334718,11555550,2048,1024
2398,17.816,14.013,3.803,3,756,4964,6437118,11741294,2048,1024
2399,19.138,14.770,4.368,3,816,5212,6353150,12082828,2048,1024
2400,18.185,13.983,4.202,3,810,5196,6345982,12054626,2048,1024
2401,18.689,14.036,4.653,3,824,5222,6325246,11989312,2048,1024
2402,17.976,13.828,4.149,3,820,5216,6322430,11963900,2048,1024
2403,17.715,13.687,4.027,3,826,5154,6219006,11842942,2048,1024
2404,17.910,13.872,4.039,3,822,5208,6216958,11824382,2048,1024
2405,17.973,13.675,4.298,3,830,5224,6227198,11825894,2048,1024
2406,17.803,13.639,4.164,3,816,5150,6189310,11740952,2048,1024
2407,17.791,13.664,4.127,3,826,5166,6200318,11736906,2048,1024
2408,17.600,13.601,3.999,3,818,5128,6192382,11698610,2048,1024
2409,17.824,13.472,4.352,3,814,5102,6089982,11659406,2048,1024
2410,17.686,13.680,4.006,3,802,5062,6077694,11617702,2048,1024
2411,17.985,13.746,4.239,3,806,5082,6076670,11609526,2048,1024
2412,17.441,13.499,3.942,3,794,5048,6061310,11569944,2048,1024
2413,18.442,14.290,4.152,3,808,5068,6071294,11577626,2048,1024
2414,18.531,14.417,4.114,3,802,5024,6059262,11544636,2048,1024
2415,18.518,14.519,3.999,3,814,5032,6074622,11565668,2048,1024
2416,18.931,14.932,3.999,3,812,5164,6327550,11963536,2048,1024
2417,18.904,14.740,4.163,3,818,5220,6334718,11971680,2048,1024
2418,18.805,14.881,3.924,3,808,5196,6321406,11937186,2048,1024
2419,19.177,14.998,4.179,3,818,5218,6332414,11947868,2048,1024
2420,17.732,13.777,3.955,3,810,5176,6327550,11934228,2048,1024
2421,17.799,13.912,3.887,3,802,5172,6329598,11925708,2048,1024
2422,18.166,14.061,4.105,3,790,5110,6308606,11891728,2048,1024
2423,18.027,14.114,3.913,3,794,5112,6319870,11903788,2048,1024
2424,17.859,14.022,3.837,3,784,5086,6310654,11882338,2048,1024
2425,18.391,14.463,3.928,3,788,5110,6319614,11889742,2048,1024
2426,18.022,14.215,3.806,3,774,5072,6300414,11847408,2048,1024
2427,18.161,14.157,4.004,3,788,5100,6318846,11874566,2048,1024
2428,17.856,14.013,3.843,3,780,5066,6308606,11847634,2048,1024
2429,18.240,14.219,4.021,3,788,5086,6318846,11861134,2048,1024
2430,18.457,14.570,3.887,3,784,5056,6313726,11844822,2048,1024
2431,18.463,14.576,3.887,3,792,5082,6321662,11850230,2048,1024
2432,17.978,13.998,3.979,3,780,5040,6308606,11820634,2048,1024
2433,18.432,14.436,3.996,3,794,5088,6327038,11851172,2048,1024
2434,18.263,14.359,3.904,3,784,5064,6310654,11811486,2048,1024
2435,18.444,14.544,3.900,3,778,5024,6289150,11834454,2048,1024
2436,17.730,13.858,3.872,3,764,4992,6277886,11805132,2048,1024
2437,18.042,14.130,3.911,3,794,5090,6327806,11892456,2048,1024
2438,17.796,13.986,3.810,3,784,5116,6313726,11864170,2048,1024
2439,18.255,13.946,4.309,3,794,5126,6327038,11880588,2048,1024
2440,18.093,13.914,4.179,3,790,5122,6321918,11864260,2048,1024
2441,17.726,13.709,4.017,3,790,5146,6278398,11878862,2048,1024
2442,17.864,13.813,4.050,3,778,5114,6263038,11846550,2048,1024
2443,18.104,13.929,4.175,3,790,5144,6276094,11864558,2048,1024
2444,17.851,13.719,4.132,3,778,5094,6266110,11843126,2048,1024
2445,18.055,14.103,3.952,3,792,5078,6284542,11872176,2048,1024
2446,17.924,14.035,3.889,3,780,5040,6264062,11825546,2048,1024
2447,18.092,14.208,3.884,3,792,5086,6279422,11851882,2048,1024
2448,18.265,14.370,3.896,3,778,5058,6268158,11822176,2048,1024
2449,18.221,14.170,4.052,3,790,5094,6281214,11840612,2048,1024
2450,18.104,14.193,3.911,3,784,5044,6266110,11809406,2048,1024
2451,18.755,14.763,3.993,3,794,5038,6279422,11822164,2048,1024
2452,18.528,14.693,3.835,3,782,5022,6267134,11799788,2048,1024
2453,17.925,14.069,3.857,3,790,4996,6277374,11806176,2048,1024
2454,17.468,13.645,3.822,3,786,4986,6272254,11795548,2048,1024
2455,17.594,13.712,3.883,3,794,5006,6280190,11806664,2048,1024
2456,17.508,13.693,3.815,3,782,4994,6267134,11773304,2048,1024
2457,17.747,13.869,3.879,3,790,5024,6277374,11789068,2048,1024
2458,17.614,13.756,3.859,3,786,5038,6272254,11769144,2048,1024
2459,17.696,13.829,3.867,3,798,5078,6287614,11795616,2048,1024
2460,17.690,13.857,3.833,3,778,5092,6268158,11754956,2048,1024
2461,17.697,13.828,3.869,3,792,5126,6284286,11777106,2048,1024
2462,17.860,13.830,4.030,3,778,5108,6268158,11743396,2048,1024
2463,17.807,13.788,4.019,3,790,5132,6283518,11763976,2048,1024
2464,17.472,13.596,3.876,3,784,5106,6270206,11736514,2048,1024
2465,17.633,13.844,3.790,3,796,5162,6285566,11762826,2048,1024
2466,17.594,13.759,3.834,3,782,5096,6270206,11724936,2048,1024
2467,17.614,13.721,3.892,3,792,5144,6281214,11742510,2048,1024
2468,17.734,13.756,3.978,3,788,5114,6275326,11730250,2048,1024
2469,17.750,13.879,3.872,3,796,5156,6285566,11740218,2048,1024
2470,17.639,13.682,3.957,3,788,5112,6278398,11725034,2048,1024
2471,17.812,13.969,3.843,3,796,5146,6288638,11735034,2048,1024
2472,18.606,14.327,4.279,3,788,5092,6278398,11713778,2048,1024
2473,19.268,15.104,4.164,3,802,5110,6294526,11742068,2048,1024
2474,18.910,15.105,3.805,3,784,5048,6276350,11697982,2048,1024
2475,21.982,16.840,5.143,3,788,4960,6029566,11722860,2048,1024
2476,19.992,14.971,5.022,3,776,4906,6014206,11685136,2048,1024
2477,19.898,15.636,4.262,3,790,4954,6032638,11718090,2048,1024
2478,20.185,15.383,4.802,3,776,4906,6014206,11679740,2048,1024
2479,20.175,15.862,4.313,3,766,4864,5982206,11694324,2048,1024
2480,21.392,16.935,4.457,3,760,4846,5974270,11677774,2048,1024
2481,20.962,16.895,4.067,3,772,4878,5989630,11698618,2048,1024
2482,19.834,15.027,4.806,3,762,4856,5976318,11670960,2048,1024
2483,19.260,15.197,4.063,3,772,4884,5989630,11692982,2048,1024
2484,19.601,14.100,5.501,3,764,4868,5982462,11672302,2048,1024
2485,20.154,16.101,4.053,3,772,4890,5990398,11683558,2048,1024
2486,17.921,13.435,4.486,3,764,4870,5976318,11648718,2048,1024
2487,17.879,13.964,3.915,3,772,4910,5986558,11664630,2048,1024
2488,17.989,14.131,3.858,3,764,4918,5979390,11649362,2048,1024
2489,18.010,14.000,4.010,3,778,4954,5997822,11676720,2048,1024
2490,17.934,13.995,3.939,3,764,5014,5994750,11669474,2048,1024
2491,17.789,13.899,3.890,3,776,5038,6007806,11685822,2048,1024
2492,17.688,13.682,4.005,3,766,5032,5994750,11658344,2048,1024
2493,17.838,13.920,3.917,3,778,5068,6010110,11684964,2048,1024
2494,17.812,13.807,4.005,3,768,5030,5996798,11651642,2048,1024
2495,18.947,14.984,3.964,3,780,5062,6012158,11678278,2048,1024
2496,18.456,14.530,3.926,3,766,5020,5994750,11642168,2048,1024
2497,19.053,14.991,4.063,3,774,5060,6002686,11647580,2048,1024
2498,18.102,14.063,4.039,3,758,4932,5917950,11475052,2048,1024
2499,18.467,14.520,3.946,3,752,4914,5898494,11490856,2048,1024
2500,18.275,14.421,3.854,3,748,4890,5884158,11461412,2048,1024
2501,18.505,14.441,4.064,3,772,4978,5927166,11542422,2048,1024
2502,17.685,13.826,3.859,3,760,4910,5917950,11517306,2048,1024
2503,18.204,14.089,4.115,3,772,4944,5931006,11539334,2048,1024
2504,17.581,13.660,3.921,3,764,4898,5919998,11510622,2048,1024
2505,18.911,14.689,4.222,3,778,4858,5938430,11543708,2048,1024
2506,18.671,14.386,4.284,3,756,4776,5918974,11502554,2048,1024
2507,17.958,14.041,3.917,3,768,4826,5934334,11523510,2048,1024
2508,18.122,13.908,4.214,3,766,4798,5926142,11506676,2048,1024
2509,17.781,13.894,3.888,3,778,4844,5939198,11523024,2048,1024
2510,17.898,13.915,3.983,3,756,4786,5912830,11467678,2048,1024
2511,17.599,13.809,3.791,3,770,4826,5931262,11500780,2048,1024
2512,17.612,13.637,3.975,3,766,4818,5929214,11496424,2048,1024
2513,17.980,13.974,4.006,3,774,4848,5939454,11512432,2048,1024
2514,17.637,13.796,3.840,3,766,4818,5923070,11478632,2048,1024
2515,17.323,13.512,3.811,3,774,4840,5931006,11489580,2048,1024
2516,17.408,13.368,4.040,3,778,4876,5955838,11540176,2048,1024
2517,17.614,13.627,3.987,3,786,4924,5966078,11556176,2048,1024
2518,17.540,13.578,3.961,3,778,4932,5955838,11534920,2048,1024
2519,17.452,13.449,4.003,3,790,4932,5971198,11561160,2048,1024
2520,17.090,13.302,3.789,3,770,4984,5951742,11520500,2048,1024
2521,17.774,13.697,4.077,3,784,5018,5967870,11548946,2048,1024
2522,17.421,13.584,3.837,3,778,5012,5958910,11530220,2048,1024
2523,17.944,13.922,4.021,3,790,5048,5974270,11556904,2048,1024
2524,17.444,13.614,3.829,3,772,4970,5954814,11515890,2048,1024
2525,17.402,13.478,3.925,3,784,5002,5970174,11542566,2048,1024
2526,17.192,13.354,3.839,3,778,4972,5955838,11512992,2048,1024
2527,17.520,13.463,4.057,3,788,5018,5966846,11530738,2048,1024
2528,17.324,13.325,3.999,3,780,4984,5961982,11519878,2048,1024
2529,17.969,13.973,3.995,3,788,5022,5972222,11535854,2048,1024
2530,17.415,13.442,3.973,3,778,4964,5958910,11508196,2048,1024
2531,17.966,14.021,3.945,3,790,5022,5972478,11531152,2048,1024
2532,18.081,14.128,3.954,3,794,5040,5987326,11561460,2048,1024
2533,18.090,13.942,4.148,3,802,5078,5995262,11577704,2048,1024
2534,17.769,13.820,3.948,3,788,4996,5985278,11556602,2048,1024
2535,18.100,14.009,4.091,3,798,4936,5998590,11584404,2048,1024
2536,17.811,13.934,3.877,3,786,4884,5989374,11565064,2048,1024
2537,17.826,14.020,3.806,3,794,4936,5999614,11586432,2048,1024
2538,18.015,14.078,3.937,3,788,4914,5982206,11555398,2048,1024
2539,17.539,13.607,3.932,3,798,4952,5993214,11573056,2048,1024
2540,17.752,13.947,3.805,3,792,4934,5991678,11574970,2048,1024
2541,17.758,13.747,4.010,3,800,4972,6003454,11593954,2048,1024
2542,17.463,13.669,3.793,3,786,4936,5988094,11566664,2048,1024
2543,17.519,13.638,3.881,3,796,4968,6002430,11590970,2048,1024
2544,17.408,13.501,3.907,3,798,4938,5988094,11567284,2048,1024
2545,17.411,13.530,3.881,3,806,5068,6002686,11591988,2048,1024
2546,17.283,13.417,3.866,3,800,5026,5990654,11572406,2048,1024
2547,17.620,13.705,3.915,3,810,5066,6003966,11599236,2048,1024
2548,18.622,14.702,3.919,3,810,5086,6033662,11659652,2048,1024
2549,18.368,14.327,4.041,3,818,5130,6050046,11693180,2048,1024
2550,17.786,13.762,4.024,3,816,5080,6036222,11664858,2048,1024
2551,17.789,13.754,4.035,3,828,5124,6049278,11691210,2048,1024
2552,17.657,13.597,4.060,3,820,5100,6047486,11687138,2048,1024
2553,17.721,13.663,4.058,3,828,5150,6064894,11722634,2048,1024
2554,17.792,13.646,4.146,3,818,5100,6048510,11688704,2048,1024
2555,18.007,13.842,4.165,3,852,5214,6110974,11725872,2048,1024
2556,17.827,13.777,4.050,3,840,5094,6098686,11704680,2048,1024
2557,17.908,13.700,4.209,3,848,5146,6109694,11721948,2048,1024
2558,18.644,14.370,4.274,3,838,5104,6100478,11707842,2048,1024
2559,17.884,13.756,4.128,3,848,5160,6126078,11754760,2048,1024
2560,18.499,14.083,4.415,3,836,5110,6121470,11748776,2048,1024
2561,18.315,13.738,4.578,3,844,5154,6131710,11764436,2048,1024
2562,19.041,14.500,4.542,3,844,5146,6129662,11765404,2048,1024
2563,19.100,14.480,4.620,3,854,5156,6115070,11805160,2048,1024
2564,18.575,14.249,4.326,3,880,5264,6201854,11968170,2048,1024
2565,19.138,14.480,4.658,3,918,5548,6529790,12541722,2048,1024
2566,19.152,14.590,4.562,3,908,5530,6516990,12515120,2048,1024
2567,18.891,14.507,4.383,3,922,5574,6545406,12568660,2048,1024
2568,19.021,14.526,4.495,3,918,5534,6521854,12520396,2048,1024
2569,18.954,14.544,4.409,3,928,5604,6540798,12564018,2048,1024
2570,18.668,14.358,4.310,3,910,5552,6514174,12509024,2048,1024
2571,19.123,14.678,4.445,3,926,5610,6539774,12545442,2048,1024
2572,18.720,14.319,4.401,3,922,5586,6516222,12497178,2048,1024
2573,18.750,14.361,4.389,3,928,5616,6529534,12510880,2048,1024
2574,18.883,14.537,4.345,3,918,5560,6516990,12484754,2048,1024
2575,18.804,14.390,4.414,3,930,5600,6538750,12506116,2048,1024
2576,18.932,14.566,4.365,3,928,5556,6518782,12465602,2048,1024
2577,19.015,14.598,4.417,3,932,5626,6482942,12378678,2048,1024
2578,19.689,15.276,4.414,3,922,5590,6466558,12340990,2048,1024
2579,19.762,15.323,4.439,3,932,5628,6479870,12355436,2048,1024
2580,19.856,15.312,4.543,3,932,5614,6498046,12382984,2048,1024
2581,19.250,14.788,4.463,3,940,5672,6505982,12393760,2048,1024
2582,19.762,15.369,4.393,3,902,5540,6459134,12388514,2048,1024
2583,20.463,15.801,4.662,3,916,5598,6495486,12457204,2048,1024
2584,19.802,15.431,4.371,3,914,5566,6486526,12428678,2048,1024
2585,18.802,14.389,4.413,3,926,5632,6507518,12461268,2048,1024
2586,18.693,14.266,4.427,3,908,5542,6487038,12410692,2048,1024
2587,18.703,14.320,4.384,3,916,5592,6518526,12478930,2048,1024
2588,19.030,14.563,4.467,3,912,5460,6512638,12457076,2048,1024
2589,18.704,14.347,4.357,3,918,5484,6518782,12455948,2048,1024
2590,18.922,14.600,4.322,3,916,5480,6529534,12472302,2048,1024
2591,18.982,14.618,4.364,3,930,5508,6520318,12446862,2048,1024
2592,19.073,14.672,4.402,3,934,5498,6517246,12432570,2048,1024
2593,18.901,14.383,4.519,3,942,5548,6525182,12444164,2048,1024
2594,19.124,14.418,4.706,3,932,5522,6514174,12422894,2048,1024
2595,19.108,14.624,4.484,3,940,5538,6520318,12419710,2048,1024
2596,18.701,14.204,4.497,3,926,5490,6481918,12344172,2048,1024
2597,19.013,14.498,4.515,3,932,5476,6445310,12266968,2048,1024
2598,18.896,14.383,4.514,3,922,5516,6431742,12229230,2048,1024
2599,19.561,14.912,4.649,3,946,5588,6461694,12265926,2048,1024
2600,18.748,14.336,4.412,3,942,5584,6473214,12278146,2048,1024
2601,18.932,14.329,4.603,3,952,5602,6481406,12290390,2048,1024
2602,18.960,14.534,4.427,3,934,5518,6442494,12207800,2048,1024
2603,18.808,14.260,4.548,3,944,5552,6452734,12225122,2048,1024
2604,18.918,14.226,4.692,3,946,5568,6466558,12242080,2048,1024
2605,18.842,14.234,4.608,3,954,5600,6474494,12255032,2048,1024
2606,18.867,14.186,4.680,3,944,5568,6478846,12260990,2048,1024
2607,18.885,14.416,4.469,3,954,5604,6518270,12335252,2048,1024
2608,19.114,14.401,4.713,3,946,5558,6512126,12319360,2048,1024
2609,18.931,14.440,4.491,3,950,5470,6517246,12334318,2048,1024
2610,19.407,14.743,4.664,3,944,5424,6507518,12314630,2048,1024
2611,19.509,14.956,4.554,3,954,5480,6533374,12359978,2048,1024
2612,19.911,15.014,4.897,3,950,5532,6616062,12510994,2048,1024
2613,19.363,14.696,4.668,3,962,5596,6637566,12550586,2048,1024
2614,19.413,14.880,4.532,3,958,5584,6630398,12534370,2048,1024
2615,20.986,16.123,4.863,3,970,5636,6646270,12560738,2048,1024
2616,21.187,16.243,4.944,3,956,5600,6623742,12515672,2048,1024
2617,20.042,15.393,4.649,3,968,5636,6628606,12534622,2048,1024
2618,21.205,16.692,4.513,3,958,5604,6619134,12513436,2048,1024
2619,20.620,16.050,4.570,3,970,5638,6636542,12554048,2048,1024
2620,20.106,15.451,4.655,3,966,5632,6637054,12557410,2048,1024
2621,21.706,17.058,4.648,3,982,5690,6655486,12599950,2048,1024
2622,21.324,16.770,4.555,3,974,5744,6637566,12568146,2048,1024
2623,19.233,14.598,4.635,3,984,5798,6660350,12611648,2048,1024
2624,20.026,15.291,4.736,3,964,5724,6596094,12491338,2048,1024
2625,20.760,16.058,4.702,3,972,5736,6609406,12512570,2048,1024
2626,19.298,14.722,4.576,3,968,5700,6586878,12474982,2048,1024
2627,20.589,15.794,4.795,3,964,5672,6580734,12518164,2048,1024
2628,19.265,14.632,4.633,3,966,5700,6628094,12613362,2048,1024
2629,19.447,14.820,4.627,3,992,5786,6659326,12675360,2048,1024
2630,19.994,15.191,4.803,3,990,5770,6655998,12678110,2048,1024
2631,20.376,14.899,5.477,3,1000,5800,6659326,12683660,2048,1024
2632,19.315,14.559,4.756,3,984,5698,6591742,12550328,2048,1024
2633,19.463,14.865,4.598,3,994,5664,6593790,12558798,2048,1024
2634,19.367,14.686,4.682,3,990,5654,6589694,12548456,2048,1024
2635,19.968,15.284,4.684,3,1004,5720,6619390,12614368,2048,1024
2636,19.486,14.856,4.630,3,994,5682,6612222,12598438,2048,1024
2637,19.726,14.999,4.727,3,1002,5720,6622462,12622836,2048,1024
2638,19.509,14.723,4.786,3,996,5686,6601982,12585626,2048,1024
2639,19.678,14.753,4.925,3,1002,5710,6604030,12596098,2048,1024
2640,19.854,14.700,5.154,3,990,5678,6579454,12544892,2048,1024
2641,19.675,14.731,4.944,3,1026,5814,6644734,12580712,2048,1024
2642,19.873,14.785,5.088,3,1022,5832,6643966,12585936,2048,1024
2643,19.729,14.847,4.882,3,1022,5958,6687998,12673146,2048,1024
2644,19.638,14.546,5.091,3,1026,5990,6710782,12727724,2048,1024
2645,20.292,15.068,5.224,3,1058,6074,6717182,12737686,2048,1024
2646,19.690,14.750,4.940,3,1062,6076,6735358,12782204,2048,1024
2647,20.180,14.934,5.246,3,1088,6204,6827518,12964316,2048,1024
2648,20.163,14.891,5.272,3,1088,6230,6854910,13028602,2048,1024
2649,20.168,15.010,5.157,3,1094,6246,6851838,13018602,2048,1024
2650,19.965,14.788,5.177,3,1084,6198,6824702,12972138,2048,1024
2651,19.941,14.943,4.998,3,1086,6206,6820606,12964792,2048,1024
2652,20.315,15.008,5.307,3,1074,6152,6830846,12984040,2048,1024
2653,21.299,15.787,5.512,3,1076,6118,6592254,13032222,2048,1024
2654,20.442,15.067,5.375,3,1080,6056,6582270,13011308,2048,1024
2655,21.600,16.216,5.383,3,1100,6128,6647294,13144630,2048,1024
2656,21.374,16.089,5.285,3,1108,6142,6658046,13165894,2048,1024
2657,22.582,17.127,5.455,3,1102,6086,6636798,13085080,2048,1024
2658,21.375,16.056,5.318,3,1096,6112,6657022,13124998,2048,1024
2659,21.449,16.028,5.422,3,1124,6180,6695166,13206088,2048,1024
2660,21.505,16.046,5.459,3,1130,6272,6807294,13413448,2048,1024
2661,21.907,16.010,5.898,3,1152,6402,6889726,13576018,2048,1024
2662,22.530,17.108,5.422,3,1154,6418,6879486,13563298,2048,1024
2663,21.498,15.708,5.789,3,1172,6478,6893566,13586768,2048,1024
2664,21.244,15.595,5.649,3,1158,6446,6905086,13615748,2048,1024
2665,21.428,15.807,5.621,3,1166,6588,6897918,13587434,2048,1024
2666,21.762,16.122,5.640,3,1146,6564,6901758,13607576,2048,1024
2667,21.272,15.780,5.492,3,1128,6492,6895358,13587614,2048,1024
2668,21.299,15.809,5.490,3,1126,6484,6903806,13614550,2048,1024
2669,21.569,16.081,5.488,3,1140,6510,6933246,13677556,2048,1024
2670,21.672,16.027,5.645,3,1134,6506,6960126,13731138,2048,1024
2671,21.349,15.971,5.377,3,1142,6552,6998014,13811522,2048,1024
2672,21.459,16.040,5.419,3,1138,6554,7024894,13861824,2048,1024
2673,21.544,16.055,5.489,3,1148,6548,7009790,13833264,2048,1024
2674,21.887,16.239,5.648,3,1148,6522,6984958,13783896,2048,1024
2675,22.012,16.281,5.731,3,1164,6536,7029246,13876416,2048,1024
2676,21.625,16.214,5.411,3,1158,6530,7039230,13899234,2048,1024
2677,21.661,16.059,5.602,3,1178,6586,7063806,13951914,2048,1024
2678,21.771,15.997,5.775,3,1176,6550,7027198,13886172,2048,1024
2679,21.582,16.054,5.528,3,1186,6620,7041534,13909320,2048,1024
2680,21.680,15.929,5.750,3,1190,6640,7027198,13890190,2048,1024
2681,21.708,16.017,5.691,3,1200,6712,7073022,13938578,2048,1024
2682,21.264,15.678,5.586,3,1178,6586,6882814,13585266,2048,1024
2683,21.469,15.827,5.642,3,1186,6610,6898686,13614420,2048,1024
2684,21.567,15.815,5.752,3,1184,6612,6921470,13670578,2048,1024
2685,21.097,15.557,5.539,3,1202,6686,6951678,13728008,2048,1024
2686,21.860,15.994,5.865,3,1200,6700,6917630,13678808,2048,1024
2687,21.423,15.669,5.753,3,1214,6772,6959870,13770028,2048,1024
2688,21.458,15.544,5.914,3,1202,6738,6960382,13763934,2048,1024
2689,21.322,15.449,5.873,3,1212,6698,6911486,13670076,2048,1024
2690,22.135,16.354,5.781,3,1204,6624,6885118,13618612,2048,1024
2691,21.671,15.825,5.845,3,1206,6682,6918142,13764480,2048,1024
2692,21.482,15.716,5.766,3,1200,6624,6899966,13729562,2048,1024
2693,21.951,15.842,6.109,3,1240,6790,7001342,13903754,2048,1024
2694,21.670,15.938,5.732,3,1230,6762,6984958,13872256,2048,1024
2695,21.500,15.755,5.745,3,1232,6848,7019774,13948470,2048,1024
2696,21.331,15.660,5.671,3,1202,6716,6938878,13789964,2048,1024
2697,21.318,15.813,5.505,3,1210,6638,6958078,13824732,2048,1024
2698,21.748,15.799,5.949,3,1218,6624,6977022,13773378,2048,1024
2699,21.634,15.923,5.711,3,1222,6654,6993662,13803358,2048,1024
2700,21.983,16.151,5.832,3,1224,6654,6982654,13784018,2048,1024
2701,22.311,16.201,6.110,3,1232,6680,7020030,13856510,2048,1024
2702,23.717,17.911,5.806,3,1214,6662,7022590,13871590,2048,1024
2703,22.918,16.908,6.011,3,1228,6750,7060478,13945284,2048,1024
2704,22.946,16.996,5.951,3,1222,6760,7030014,13895222,2048,1024
2705,22.537,16.674,5.863,3,1230,6796,7053566,13947474,2048,1024
2706,22.365,16.495,5.870,3,1226,6738,7015678,13873234,2048,1024
2707,22.608,16.635,5.974,3,1228,6788,6982142,13805946,2048,1024
2708,23.597,17.676,5.921,3,1200,6720,6976510,13795846,2048,1024
2709,23.105,17.349,5.756,3,1226,6806,6995454,13839190,2048,1024
2710,22.583,16.744,5.839,3,1228,6788,6972926,13797594,2048,1024
2711,22.168,16.003,6.165,3,1228,6774,6944510,13744708,2048,1024
2712,21.693,15.933,5.760,3,1228,6808,6999038,13857084,2048,1024
2713,21.935,16.100,5.835,3,1242,6842,6984958,13832220,2048,1024
2714,21.675,15.898,5.777,3,1226,6762,6962430,13759432,2048,1024
2715,21.514,15.903,5.611,3,1228,6768,6947582,13724804,2048,1024
2716,21.479,15.736,5.743,3,1220,6730,6930942,13701064,2048,1024
2717,21.436,15.617,5.819,3,1220,6736,6898174,13629168,2048,1024
2718,20.947,15.415,5.532,3,1210,6564,6863614,13568766,2048,1024
2719,21.134,15.426,5.708,3,1220,6574,6859006,13554768,2048,1024
2720,21.033,15.461,5.572,3,1208,6494,6854910,13509584,2048,1024
2721,20.950,15.344,5.606,3,1206,6438,6798590,13398116,2048,1024
2722,20.640,15.271,5.369,3,1192,6322,6705406,13210574,2048,1024
2723,20.617,15.064,5.553,3,1200,6358,6697470,13189138,2048,1024
2724,20.933,15.451,5.482,3,1172,6294,6657278,13109050,2048,1024
2725,21.790,16.206,5.585,3,1184,6288,6630910,13051434,2048,1024
2726,21.478,16.157,5.321,3,1166,6250,6607102,12998292,2048,1024
2727,20.960,15.662,5.298,3,1170,6202,6598142,12976488,2048,1024
2728,21.496,16.068,5.428,3,1154,6246,6761214,12910146,2048,1024
2729,21.140,15.625,5.516,3,1156,6216,6727678,12838382,2048,1024
2730,20.348,15.028,5.320,3,1152,6168,6715902,12815998,2048,1024
2731,20.149,14.883,5.266,3,1156,6174,6726398,12828210,2048,1024
2732,20.377,15.097,5.280,3,1142,6144,6712318,12798474,2048,1024
2733,20.268,14.922,5.346,3,1148,6138,6731006,12819672,2048,1024
2734,19.943,14.763,5.180,3,1128,6088,6709502,12766978,2048,1024
2735,20.123,14.792,5.332,3,1130,6100,6724862,12795592,2048,1024
2736,19.884,14.768,5.116,3,1110,6058,6714622,12775782,2048,1024
2737,20.492,15.243,5.249,3,1124,6120,6724862,12789768,2048,1024
2738,20.053,14.890,5.163,3,1112,6076,6703358,12748486,2048,1024
2739,19.982,14.793,5.189,3,1122,6114,6716158,12770704,2048,1024
2740,20.078,14.823,5.254,3,1120,6124,6724350,12794490,2048,1024
2741,20.284,14.964,5.320,3,1130,6120,6725118,12794348,2048,1024
2742,19.958,14.497,5.460,3,1116,6060,6690302,12737062,2048,1024
2743,20.748,15.277,5.470,3,1126,6208,6918398,13076114,2048,1024
2744,20.366,15.104,5.262,3,1112,6208,6921726,13082196,2048,1024
2745,20.174,14.999,5.175,3,1124,6216,6904830,13047040,2048,1024
2746,20.232,14.960,5.272,3,1110,6242,6858750,12954420,2048,1024
2747,20.425,14.940,5.485,3,1122,6298,6880254,12988708,2048,1024
2748,20.122,14.858,5.263,3,1110,6260,6863870,12948538,2048,1024
2749,21.099,15.803,5.296,3,1120,6264,6852606,12924294,2048,1024
2750,20.381,15.081,5.300,3,1110,6254,6844670,12898440,2048,1024
2751,20.677,15.046,5.632,3,1118,6274,6847742,12902678,2048,1024
2752,20.080,14.859,5.221,3,1098,6210,6827262,12851534,2048,1024
2753,19.973,14.766,5.207,3,1108,6196,6818046,12829460,2048,1024
2754,20.186,14.959,5.227,3,1098,6174,6811646,12807264,2048,1024
2755,19.875,14.758,5.117,3,1086,6094,6776318,12805626,2048,1024
2756,19.811,14.711,5.100,3,1078,6088,6788862,12823798,2048,1024
2757,20.592,15.129,5.464,3,1108,6050,6590206,12926178,2048,1024
2758,21.493,16.121,5.371,3,1092,6014,6605566,12958794,2048,1024
2759,21.552,16.235,5.317,3,1102,6034,6605566,12945564,2048,1024
2760,20.209,15.056,5.153,3,1086,6006,6626046,12986582,2048,1024
2761,20.363,15.071,5.293,3,1108,6104,6655742,13043414,2048,1024
2762,20.617,15.181,5.437,3,1100,6098,6649598,13021682,2048,1024
2763,20.529,15.195,5.334,3,1116,6130,6664446,13046740,2048,1024
2764,20.162,14.846,5.316,3,1114,6158,6665726,13052774,2048,1024
2765,20.558,15.121,5.437,3,1118,6196,6686974,13078300,2048,1024
2766,20.529,15.225,5.304,3,1112,6198,6704894,13108086,2048,1024
2767,20.253,14.957,5.296,3,1126,6212,6731006,13146118,2048,1024
2768,20.470,15.053,5.417,3,1124,6188,6740990,13168296,2048,1024
2769,20.517,15.137,5.380,3,1164,6322,6742270,13169632,2048,1024
2770,20.629,15.115,5.513,3,1152,6322,6746622,13171146,2048,1024
2771,20.686,15.316,5.370,3,1162,6366,6796286,13272540,2048,1024
2772,20.576,15.197,5.380,3,1176,6432,6745854,13165434,2048,1024
2773,20.521,15.098,5.424,3,1188,6442,6765310,13210684,2048,1024
2774,20.676,15.197,5.478,3,1184,6430,6763006,13206424,2048,1024
2775,20.744,15.220,5.524,3,1168,6366,6745086,13265744,2048,1024
2776,21.086,15.616,5.471,3,1146,6298,6738942,13252450,2048,1024
2777,20.745,15.258,5.487,3,1184,6436,6772990,13311098,2048,1024
2778,20.826,15.151,5.675,3,1172,6390,6734334,13229786,2048,1024
2779,20.915,15.480,5.435,3,1188,6422,6768382,13294516,2048,1024
2780,21.294,15.773,5.521,3,1172,6462,6845182,13440936,2048,1024
2781,21.122,15.684,5.437,3,1182,6500,6878462,13504764,2048,1024
2782,20.877,15.343,5.533,3,1178,6426,6807294,13346698,2048,1024
2783,21.024,15.451,5.573,3,1186,6482,6838782,13407588,2048,1024
2784,21.082,15.538,5.544,3,1184,6518,6907390,13542934,2048,1024
2785,21.235,15.687,5.548,3,1194,6564,6936830,13588936,2048,1024
2786,21.438,15.982,5.456,3,1190,6518,6936574,13589664,2048,1024
2787,21.469,15.844,5.625,3,1202,6506,6968830,13641402,2048,1024
2788,21.254,15.710,5.544,3,1198,6560,7014142,13732992,2048,1024
2789,21.151,15.637,5.514,3,1204,6602,7023614,13748772,2048,1024
2790,21.320,15.633,5.686,3,1192,6538,7000062,13690490,2048,1024
2791,21.294,15.713,5.582,3,1202,6580,7000574,13694926,2048,1024
2792,21.133,15.646,5.487,3,1194,6560,7004926,13693944,2048,1024
2793,21.259,15.764,5.495,3,1208,6616,7018238,13725414,2048,1024
2794,21.756,16.236,5.520,3,1216,6628,7005182,13695900,2048,1024
2795,21.486,15.962,5.524,3,1228,6668,7007742,13699846,2048,1024
2796,21.384,15.706,5.678,3,1212,6616,7005694,13684676,2048,1024
2797,21.611,15.984,5.627,3,1222,6670,7038718,13749904,2048,1024
2798,23.307,17.581,5.726,3,1230,6678,7036414,13736022,2048,1024
2799,22.682,16.836,5.846,3,1240,6746,7031550,13716796,2048,1024
2800,22.774,17.056,5.718,3,1232,6718,7025150,13703568,2048,1024
2801,22.134,16.412,5.722,3,1242,6712,7042046,13725288,2048,1024
2802,23.475,17.831,5.644,3,1232,6690,7025918,13691726,2048,1024
2803,21.509,15.780,5.729,3,1242,6718,7042302,13711500,2048,1024
2804,21.570,15.924,5.646,3,1252,6770,7069694,13767766,2048,1024
2805,21.488,15.721,5.767,3,1268,6806,7094270,13802982,2048,1024
2806,23.266,17.021,6.245,3,1250,6774,7064318,13745896,2048,1024
2807,22.296,16.482,5.814,3,1268,6866,7105790,13815780,2048,1024
2808,21.936,16.076,5.860,3,1260,6844,7112446,13829038,2048,1024
2809,22.066,16.166,5.900,3,1280,6888,7135230,13861980,2048,1024
2810,21.582,15.713,5.869,3,1268,6818,7079166,13752316,2048,1024
2811,21.926,16.022,5.904,3,1276,6750,7121406,13831864,2048,1024
2812,21.716,15.981,5.735,3,1266,6764,7130110,13840200,2048,1024
2813,21.877,15.989,5.888,3,1270,6738,7099902,13775352,2048,1024
2814,21.936,16.082,5.854,3,1278,6786,7109630,13785948,2048,1024
2815,21.938,16.135,5.803,3,1292,6848,7136254,13838652,2048,1024
2816,21.757,15.958,5.799,3,1284,6826,7106046,13784610,2048,1024
2817,21.435,15.476,5.959,3,1292,6858,7103486,13764722,2048,1024
2818,21.598,15.860,5.738,3,1288,6854,7116542,13786708,2048,1024
2819,21.663,15.844,5.818,3,1280,6814,7098110,13809254,2048,1024
2820,21.288,15.563,5.725,3,1262,6732,7053566,13721786,2048,1024
2821,21.678,15.824,5.854,3,1304,6848,7131390,13873164,2048,1024
2822,21.401,15.553,5.848,3,1304,6874,7130622,13863812,2048,1024
2823,22.073,16.164,5.910,3,1322,6920,7160062,13918698,2048,1024
2824,21.983,15.775,6.208,3,1320,6948,7149822,13899600,2048,1024
2825,22.096,15.945,6.151,3,1326,6948,7158270,13905364,2048,1024
2826,21.932,15.945,5.986,3,1350,7038,7158014,13909044,2048,1024
2827,21.888,15.746,6.142,3,1346,7060,7156990,13891626,2048,1024
2828,21.987,15.975,6.012,3,1330,7032,7198974,13976606,2048,1024
2829,22.075,15.706,6.370,3,1336,6952,7089406,13751082,2048,1024
2830,21.904,15.676,6.228,3,1338,6956,7038462,13637976,2048,1024
2831,21.883,15.616,6.267,3,1348,6946,6854654,13658128,2048,1024
2832,22.004,15.665,6.339,3,1342,6954,6905086,13749120,2048,1024
2833,21.857,15.560,6.296,3,1354,7024,6961150,13861050,2048,1024
2834,21.616,15.537,6.079,3,1358,6952,6854142,13642486,2048,1024
2835,22.224,15.748,6.476,3,1378,7060,6946814,13815690,2048,1024
2836,22.289,15.978,6.311,3,1374,7106,6998014,13919346,2048,1024
2837,21.937,15.915,6.022,3,1336,7048,6985470,13874544,2048,1024
2838,22.431,16.163,6.268,3,1328,7002,7007486,13918350,2048,1024
2839,22.207,15.985,6.223,3,1352,6992,6983678,13871742,2048,1024
2840,21.796,15.755,6.041,3,1342,7022,7002878,13894752,2048,1024
2841,22.245,16.109,6.136,3,1356,7014,7045118,13978270,2048,1024
2842,22.203,15.971,6.232,3,1358,7002,7062526,14003008,2048,1024
2843,22.227,15.970,6.258,3,1364,7050,7101950,14077490,2048,1024
2844,23.397,17.122,6.275,3,1348,7016,7102974,14077630,2048,1024
2845,22.790,16.367,6.422,3,1364,7108,7144446,14152350,2048,1024
2846,23.056,16.777,6.279,3,1354,7130,7184638,14229290,2048,1024
2847,23.198,16.807,6.391,3,1372,7188,7246846,14341504,2048,1024
2848,23.388,16.802,6.586,3,1366,7204,7249150,14344336,2048,1024
2849,24.116,17.497,6.619,3,1382,7180,7267326,14376740,2048,1024
2850,23.915,17.606,6.310,3,1320,6982,7181566,14310776,2048,1024
2851,23.024,16.617,6.407,3,1302,6904,7159550,14263854,2048,1024
2852,22.327,16.430,5.897,3,1294,6956,7196670,14318490,2048,1024
2853,22.904,16.783,6.121,3,1296,7012,7254270,14430008,2048,1024
2854,23.615,17.616,5.999,3,1296,7072,7259390,14429852,2048,1024
2855,22.569,16.464,6.105,3,1312,7118,7299326,14505530,2048,1024
2856,23.094,16.953,6.140,3,1302,7162,7334142,14566276,2048,1024
2857,23.157,16.984,6.173,3,1310,7142,7351038,14590370,2048,1024
2858,22.896,16.911,5.985,3,1270,7044,7374590,14605364,2048,1024
2859,23.086,16.931,6.154,3,1278,7032,7387902,14614868,2048,1024
2860,22.498,16.625,5.873,3,1270,7056,7410430,14665254,2048,1024
2861,22.602,16.700,5.903,3,1276,7094,7443198,14713412,2048,1024
2862,22.721,16.666,6.055,3,1274,7084,7435006,14700692,2048,1024
2863,22.894,16.907,5.987,3,1282,7086,7423486,14663908,2048,1024
2864,22.607,16.612,5.995,3,1274,7052,7399678,14613672,2048,1024
2865,23.482,17.509,5.973,3,1280,7046,7431422,14661364,2048,1024
2866,24.427,18.467,5.960,3,1274,7036,7457534,14708344,2048,1024
2867,24.702,18.303,6.399,3,1294,7132,7507710,14801212,2048,1024
2868,24.904,18.567,6.338,3,1300,7122,7489790,14755380,2048,1024
2869,25.543,18.786,6.756,3,1318,7162,7513854,14778098,2048,1024
2870,23.361,17.223,6.138,3,1308,7216,7484158,14726920,2048,1024
2871,23.162,17.110,6.052,3,1318,7270,7492094,14735394,2048,1024
2872,23.258,17.209,6.049,3,1312,7204,7482878,14695342,2048,1024
2873,23.348,16.978,6.370,3,1320,7258,7498494,14722382,2048,1024
2874,23.284,17.150,6.134,3,1292,7126,7394302,14526952,2048,1024
2875,23.346,17.436,5.910,3,1298,7104,7398910,14549720,2048,1024
2876,23.203,17.315,5.888,3,1276,7120,7413246,14585862,2048,1024
2877,23.008,16.836,6.172,3,1280,7170,7430398,14626722,2048,1024
2878,22.947,16.989,5.957,3,1250,7070,7398910,14578484,2048,1024
2879,22.638,16.753,5.886,3,1262,7060,7419390,14613476,2048,1024
2880,22.877,17.030,5.847,3,1262,7096,7408126,14603994,2048,1024
2881,23.276,17.367,5.909,3,1282,7118,7461118,14672044,2048,1024
2882,22.611,16.756,5.855,3,1266,7088,7427326,14613708,2048,1024
2883,22.735,16.876,5.859,3,1238,6992,7380734,14563296,2048,1024
2884,22.815,17.022,5.793,3,1234,7024,7382014,14557690,2048,1024
2885,22.827,16.981,5.845,3,1278,7124,7446526,14686358,2048,1024
2886,22.950,16.959,5.991,3,1284,7148,7433726,14674862,2048,1024
2887,22.925,17.047,5.877,3,1278,7054,7406334,14618706,2048,1024
2888,22.905,17.129,5.775,3,1260,6962,7302142,14420196,2048,1024
2889,22.997,17.076,5.921,3,1270,7000,7314942,14444586,2048,1024
2890,23.339,17.349,5.990,3,1274,6998,7299070,14422126,2048,1024
2891,22.719,16.721,5.998,3,1276,6988,7268094,14357024,2048,1024
2892,22.693,16.845,5.847,3,1262,6930,7222526,14270626,2048,1024
2893,23.175,17.169,6.006,3,1262,6894,7150334,14120488,2048,1024
2894,23.253,17.344,5.910,3,1226,6738,7081470,13989478,2048,1024
2895,22.028,16.244,5.784,3,1230,6718,7067390,13935878,2048,1024
2896,22.014,16.183,5.830,3,1208,6690,7061758,13937576,2048,1024
2897,22.053,16.403,5.650,3,1214,6716,7055870,13926714,2048,1024
2898,21.717,16.193,5.524,3,1204,6678,7044606,13888678,2048,1024
2899,22.024,16.331,5.692,3,1208,6574,7037182,13886884,2048,1024
2900,21.949,16.418,5.531,3,1196,6566,7045118,13854554,2048,1024
2901,22.196,16.387,5.810,3,1180,6562,7051518,13882984,2048,1024
2902,21.280,15.817,5.463,3,1170,6564,7027198,13834678,2048,1024
2903,21.546,16.073,5.473,3,1186,6560,6996990,13791698,2048,1024
2904,21.192,15.788,5.403,3,1178,6546,6982910,13743216,2048,1024
2905,21.386,15.803,5.583,3,1186,6580,6988030,13768598,2048,1024
2906,21.631,16.046,5.585,3,1184,6528,6981118,13760096,2048,1024
2907,21.551,15.925,5.626,3,1234,6722,7084286,13805328,2048,1024
2908,21.638,15.836,5.802,3,1218,6692,7049726,13766558,2048,1024
2909,21.260,15.682,5.578,3,1216,6764,7044094,13755784,2048,1024
2910,21.511,16.007,5.504,3,1200,6742,7021310,13726236,2048,1024
2911,21.321,15.659,5.662,3,1206,6722,7019774,13726220,2048,1024
2912,21.549,16.104,5.444,3,1196,6722,6996990,13698346,2048,1024
2913,21.116,15.636,5.480,3,1204,6728,6974718,13653856,2048,1024
2914,21.306,15.926,5.380,3,1182,6708,7134462,13590958,2048,1024
2915,21.054,15.378,5.676,3,1196,6686,7119102,13523054,2048,1024
2916,20.886,15.308,5.578,3,1194,6682,7096062,13497062,2048,1024
2917,20.867,15.363,5.504,3,1204,6716,7087870,13492468,2048,1024
2918,20.520,15.129,5.391,3,1184,6644,7047934,13416420,2048,1024
2919,20.937,15.185,5.752,3,1188,6610,7009790,13349836,2048,1024
2920,20.837,15.219,5.618,3,1176,6468,6980862,13295132,2048,1024
2921,21.448,15.849,5.600,3,1190,6666,7277822,13776366,2048,1024
2922,21.152,15.453,5.699,3,1196,6590,7224574,13661296,2048,1024
2923,21.291,15.618,5.673,3,1216,6668,7209214,13630344,2048,1024
2924,21.627,15.732,5.895,3,1212,6624,7203070,13622404,2048,1024
2925,21.169,15.537,5.631,3,1224,6664,7202814,13631820,2048,1024
2926,21.253,15.363,5.890,3,1220,6642,7181566,13605156,2048,1024
2927,21.205,15.300,5.904,3,1228,6642,7188990,13616728,2048,1024
2928,21.208,15.649,5.559,3,1212,6598,7184894,13623390,2048,1024
2929,21.245,15.542,5.704,3,1220,6598,7179006,13606864,2048,1024
2930,21.398,15.551,5.846,3,1204,6576,7172094,13605322,2048,1024
2931,21.166,15.600,5.566,3,1214,6704,7187454,13632092,2048,1024
2932,21.285,15.578,5.707,3,1202,6644,7158782,13585580,2048,1024
2933,22.370,16.358,6.012,3,1204,6656,7169022,13578412,2048,1024
2934,23.164,17.466,5.698,3,1200,6670,7181566,13574344,2048,1024
2935,22.635,16.649,5.985,3,1218,6682,7188222,13597350,2048,1024
2936,22.532,16.748,5.784,3,1204,6668,7185662,13571976,2048,1024
2937,22.283,16.485,5.798,3,1214,6666,7185150,13543204,2048,1024
2938,21.639,15.776,5.863,3,1206,6634,7206398,13592088,2048,1024
2939,21.690,15.628,6.061,3,1216,6650,7213310,13615002,2048,1024
2940,22.602,16.559,6.043,3,1222,6656,7196926,13590130,2048,1024
2941,23.451,17.573,5.877,3,1240,6612,7208190,13620290,2048,1024
2942,21.193,15.492,5.701,3,1220,6564,7214590,13636070,2048,1024
2943,21.375,15.644,5.732,3,1232,6626,7233278,13686894,2048,1024
2944,21.753,15.964,5.789,3,1228,6650,7229182,13683230,2048,1024
2945,21.178,15.473,5.706,3,1218,6690,7257086,13732034,2048,1024
2946,21.671,15.729,5.941,3,1204,6672,7290366,13816668,2048,1024
2947,21.821,15.972,5.848,3,1202,6620,7253502,13810070,2048,1024
2948,21.775,15.810,5.964,3,1192,6676,7271166,13863460,2048,1024
2949,22.094,16.304,5.790,3,1228,6808,7347710,14014468,2048,1024
2950,21.653,15.829,5.824,3,1226,6752,7339006,14015914,2048,1024
2951,21.898,16.048,5.850,3,1240,6770,7361790,14060452,2048,1024
2952,21.831,16.077,5.754,3,1230,6806,7354366,14062422,2048,1024
2953,21.656,15.822,5.834,3,1242,6808,7364606,14090160,2048,1024
2954,22.014,15.919,6.095,3,1240,6790,7346430,14054220,2048,1024
2955,21.619,15.668,5.952,3,1258,6860,7332862,13987838,2048,1024
2956,21.603,15.683,5.920,3,1246,6864,7301118,13925390,2048,1024
2957,21.852,16.037,5.815,3,1258,6878,7322622,13990884,2048,1024
2958,21.574,15.815,5.759,3,1212,6748,7288574,13911142,2048,1024
2959,21.299,15.537,5.763,3,1218,6774,7251454,13860302,2048,1024
2960,21.523,15.842,5.681,3,1216,6742,7242494,13842092,2048,1024
2961,21.861,16.045,5.816,3,1220,6756,7228670,13825032,2048,1024
2962,21.294,15.597,5.697,3,1188,6684,7172606,13723398,2048,1024
2963,21.395,15.711,5.684,3,1204,6636,7227390,13820900,2048,1024
2964,21.622,15.756,5.866,3,1240,6740,7283966,13800848,2048,1024
2965,21.656,15.610,6.046,3,1254,6796,7322366,13878082,2048,1024
2966,21.260,15.603,5.657,3,1246,6760,7324414,13893586,2048,1024
2967,22.228,16.306,5.921,3,1260,6810,7336190,13916650,2048,1024
2968,21.149,15.469,5.680,3,1214,6666,7246846,13742852,2048,1024
2969,21.685,15.805,5.880,3,1226,6740,7302654,13854100,2048,1024
2970,21.535,15.747,5.788,3,1230,6764,7320574,13901290,2048,1024
2971,21.678,15.915,5.763,3,1236,6814,7343870,13952220,2048,1024
2972,21.414,15.793,5.621,3,1216,6748,7322878,13910014,2048,1024
2973,21.439,15.713,5.727,3,1222,6796,7333374,13931676,2048,1024
2974,21.379,15.674,5.705,3,1214,6712,7242750,13758534,2048,1024
2975,21.221,15.556,5.665,3,1226,6770,7268862,13818440,2048,1024
2976,21.666,15.617,6.049,3,1212,6732,7264510,13806446,2048,1024
2977,21.619,15.870,5.749,3,1230,6770,7304190,13858492,2048,1024
2978,21.711,15.920,5.791,3,1236,6798,7345150,13940244,2048,1024
2979,21.423,15.713,5.709,3,1206,6648,7296510,13806366,2048,1024
2980,21.914,15.851,6.063,3,1210,6670,7333374,13894974,2048,1024
2981,21.209,15.624,5.584,3,1212,6680,7319806,13859088,2048,1024
2982,22.227,16.377,5.850,3,1204,6636,7279102,13780156,2048,1024
2983,22.145,16.515,5.629,3,1214,6612,7272958,13774046,2048,1024
2984,21.490,15.789,5.701,3,1204,6582,7235838,13693022,2048,1024
2985,22.542,16.654,5.888,3,1220,6670,7266814,13743560,2048,1024
2986,21.628,15.937,5.691,3,1216,6658,7288574,13794992,2048,1024
2987,21.511,15.840,5.671,3,1230,6702,7314942,13825042,2048,1024
2988,21.534,15.832,5.702,3,1230,6680,7350270,13901492,2048,1024
2989,21.576,15.779,5.797,3,1240,6752,7357182,13900110,2048,1024
2990,21.471,15.680,5.792,3,1232,6760,7373054,13924684,2048,1024
2991,21.566,16.011,5.555,3,1184,6614,7311102,13797798,2048,1024
2992,21.407,15.887,5.519,3,1178,6618,7310590,13793548,2048,1024
2993,21.505,15.793,5.712,3,1186,6662,7323134,13814490,2048,1024
2994,21.297,15.830,5.467,3,1178,6606,7296510,13765954,2048,1024
2995,21.732,16.053,5.678,3,1186,6590,7284222,13744492,2048,1024
2996,21.337,15.747,5.590,3,1204,6680,7324670,13834578,2048,1024
2997,21.006,15.450,5.555,3,1214,6668,7254014,13714860,2048,1024
2998,21.147,15.531,5.617,3,1218,6700,7279870,13733018,2048,1024
2999,21.214,15.565,5.649,3,1230,6726,7314686,13789150,2048,1024
3000,21.377,15.737,5.640,3,1220,6712,7323902,13804804,2048,1024
3001,21.615,15.668,5.947,3,1236,6792,7339518,13843440,2048,1024
3002,21.495,15.802,5.693,3,1182,6642,7326718,13783378,2048,1024
3003,22.775,16.996,5.778,3,1192,6662,7343870,13816602,2048,1024
3004,22.414,16.656,5.758,3,1180,6614,7335422,13798570,2048,1024
3005,22.384,16.770,5.614,3,1194,6632,7353598,13823360,2048,1024
3006,22.644,16.817,5.826,3,1186,6610,7371774,13874686,2048,1024
3007,21.981,16.337,5.645,3,1192,6574,7325950,13773682,2048,1024
3008,21.613,16.072,5.541,3,1180,6480,7053054,13745834,2048,1024
3009,21.044,15.517,5.527,3,1190,6488,7047678,13718916,2048,1024
3010,21.268,15.753,5.515,3,1188,6470,7069438,13746692,2048,1024
3011,21.111,15.623,5.488,3,1178,6418,7032318,13736206,2048,1024
3012,20.829,15.296,5.533,3,1182,6452,7051774,13773922,2048,1024
3013,22.477,16.756,5.721,3,1228,6670,7131902,13938860,2048,1024
3014,21.902,16.034,5.869,3,1226,6648,7099390,13879792,2048,1024
3015,21.671,15.966,5.704,3,1244,6726,7143422,13966688,2048,1024
3016,21.489,15.788,5.701,3,1228,6686,7111678,13916020,2048,1024
3017,21.608,15.682,5.926,3,1234,6708,7116030,13936856,2048,1024
3018,21.336,15.740,5.595,3,1218,6636,7060478,13833686,2048,1024
3019,21.406,15.791,5.615,3,1222,6644,7085566,13827308,2048,1024
3020,21.375,15.647,5.729,3,1212,6634,7084542,13806382,2048,1024
3021,21.659,15.743,5.916,3,1220,6666,7094014,13813734,2048,1024
3022,21.226,15.455,5.771,3,1206,6624,7080190,13771570,2048,1024
3023,21.053,15.492,5.562,3,1214,6676,7090942,13753516,2048,1024
3024,21.016,15.433,5.583,3,1206,6592,7037694,13654396,2048,1024
3025,21.193,15.558,5.634,3,1212,6674,7070974,13729344,2048,1024
3026,20.983,15.494,5.489,3,1204,6632,7071998,13710826,2048,1024
3027,21.417,15.791,5.626,3,1208,6654,7071486,13687694,2048,1024
3028,37.502,15.455,22.048,3,1206,6636,7100414,13734980,2048,1024
3029,21.590,15.817,5.773,3,1216,6784,7107582,13750022,2048,1024
3030,22.652,16.963,5.689,3,1210,6740,7085054,13732662,2048,1024
3031,22.741,16.367,6.373,3,1216,6776,7098878,13758496,2048,1024
3032,22.088,16.246,5.841,3,1208,6732,7121150,13801604,2048,1024
3033,21.292,15.547,5.745,3,1216,6758,7130622,13799550,2048,1024
3034,21.390,15.667,5.722,3,1218,6716,7135486,13798474,2048,1024
3035,21.439,15.619,5.820,3,1232,6796,7174654,13872396,2048,1024
3036,21.520,15.815,5.705,3,1220,6756,7145214,13851420,2048,1024
3037,21.587,15.857,5.730,3,1230,6768,7130110,13837542,2048,1024
3038,21.306,15.536,5.771,3,1230,6698,7107326,13769460,2048,1024
3039,21.593,15.850,5.743,3,1232,6754,7138302,13843068,2048,1024
3040,21.499,15.806,5.693,3,1218,6698,7105278,13765744,2048,1024
3041,21.426,15.743,5.683,3,1230,6784,7149822,13852684,2048,1024
3042,21.677,16.003,5.674,3,1218,6768,7172862,13894944,2048,1024
3043,21.417,15.697,5.719,3,1216,6704,7172606,13894296,2048,1024
3044,21.630,15.906,5.724,3,1230,6744,7192830,13931158,2048,1024
3045,21.871,16.004,5.867,3,1264,6880,7257342,14041054,2048,1024
3046,21.633,15.830,5.803,3,1254,6866,7267070,14025816,2048,1024
3047,21.725,15.879,5.846,3,1260,6884,7289086,14051558,2048,1024
3048,21.943,16.124,5.819,3,1248,6870,7265022,14028372,2048,1024
3049,21.832,16.004,5.829,3,1258,6880,7277566,14049218,2048,1024
3050,22.243,16.252,5.991,3,1250,6840,7228670,13985104,2048,1024
3051,21.496,15.712,5.784,3,1252,6866,7253502,13997156,2048,1024
3052,21.445,15.687,5.758,3,1240,6840,7185662,13886128,2048,1024
3053,21.788,15.944,5.845,3,1246,6838,7202302,13915064,2048,1024
3054,22.273,16.124,6.149,3,1244,6846,7200766,13911874,2048,1024
3055,22.002,15.991,6.012,3,1250,6878,7213566,13949418,2048,1024
3056,21.638,15.824,5.814,3,1234,6808,7162366,13858100,2048,1024
3057,21.659,15.714,5.945,3,1246,6886,7180542,13892022,2048,1024
3058,21.776,15.838,5.937,3,1232,6934,7162878,13850288,2048,1024
3059,22.012,16.222,5.790,3,1232,6936,7150334,13818852,2048,1024
3060,21.571,15.577,5.994,3,1238,6942,7175678,13866994,2048,1024
3061,21.572,15.616,5.956,3,1210,6852,7104510,13854798,2048,1024
3062,21.467,15.652,5.815,3,1214,6842,7091710,13829128,2048,1024
3063,21.924,15.910,6.014,3,1256,7022,7172350,13978534,2048,1024
3064,21.958,15.892,6.066,3,1246,6994,7174910,13989222,2048,1024
3065,21.613,15.733,5.880,3,1250,6964,7156990,13947298,2048,1024
3066,21.689,15.648,6.041,3,1240,6912,7161086,13942970,2048,1024
3067,21.691,15.678,6.014,3,1248,6930,7172862,13962326,2048,1024
3068,21.474,15.781,5.693,3,1224,6820,7152126,13910138,2048,1024
3069,21.505,15.628,5.877,3,1232,6868,7188478,13978130,2048,1024
3070,21.408,15.581,5.826,3,1220,6788,7145726,13895394,2048,1024
3071,21.828,15.945,5.882,3,1236,6846,7185150,13959142,2048,1024
3072,23.018,17.067,5.951,3,1228,6844,7202302,14005142,2048,1024
3073,23.187,17.287,5.900,3,1238,6748,7177726,13949532,2048,1024
3074,22.809,16.973,5.836,3,1238,6766,7201534,13975918,2048,1024
3075,23.340,17.071,6.269,3,1234,6752,7187454,14023684,2048,1024
3076,24.025,17.863,6.162,3,1228,6716,7163390,13959798,2048,1024
3077,23.352,17.392,5.960,3,1268,6868,7249406,14131412,2048,1024
3078,22.281,16.016,6.265,3,1268,6904,7266814,14157202,2048,1024
3079,22.100,15.885,6.216,3,1280,6944,7277566,14162628,2048,1024
3080,22.047,16.129,5.918,3,1274,6956,7273214,14151282,2048,1024
3081,22.072,15.970,6.102,3,1286,6984,7267326,14121010,2048,1024
3082,22.096,15.750,6.346,3,1292,6988,7254014,14095332,2048,1024
3083,22.189,16.128,6.061,3,1308,7014,7249662,14081914,2048,1024
3084,22.367,15.910,6.456,3,1304,7038,7254526,14121446,2048,1024
3085,22.331,16.045,6.286,3,1314,7106,7297534,14209826,2048,1024
3086,22.861,16.771,6.090,3,1302,7094,7283198,14167404,2048,1024
3087,22.359,15.890,6.469,3,1320,7148,7285758,14187026,2048,1024
3088,22.900,16.683,6.217,3,1318,7196,7272958,14159578,2048,1024
3089,22.484,16.114,6.370,3,1324,7224,7278078,14155114,2048,1024
3090,22.199,16.013,6.185,3,1328,7216,7287294,14171270,2048,1024
3091,22.195,15.869,6.326,3,1336,7216,7280894,14164440,2048,1024
3092,22.216,15.767,6.449,3,1330,7220,7295486,14187134,2048,1024
3093,22.288,16.005,6.283,3,1342,7296,7316478,14225140,2048,1024
3094,22.669,16.346,6.323,3,1344,7264,7313150,14208482,2048,1024
3095,22.781,16.344,6.437,3,1354,7306,7284478,14145984,2048,1024
3096,22.213,15.887,6.325,3,1350,7258,7291390,14149068,2048,1024
3097,22.225,15.849,6.377,3,1358,7204,7282686,14127564,2048,1024
3098,22.128,15.897,6.231,3,1346,7160,7277054,14108842,2048,1024
3099,22.974,16.638,6.336,3,1366,7356,7544830,14557014,2048,1024
3100,23.057,16.680,6.377,3,1358,7322,7527934,14520354,2048,1024
3101,22.957,16.568,6.389,3,1356,7316,7523582,14507952,2048,1024
3102,22.535,16.390,6.145,3,1340,7310,7550462,14558098,2048,1024
3103,22.792,16.422,6.370,3,1350,7236,7588862,14632670,2048,1024
3104,23.264,17.043,6.222,3,1332,7072,7462654,14358248,2048,1024
3105,22.408,16.214,6.194,3,1348,7112,7497726,14421592,2048,1024
3106,22.772,16.428,6.344,3,1344,7110,7538174,14503900,2048,1024
3107,22.405,16.152,6.253,3,1360,7112,7485694,14379982,2048,1024
3108,22.602,16.449,6.153,3,1362,7138,7526910,14453944,2048,1024
3109,22.463,16.280,6.183,3,1364,7122,7560446,14529586,2048,1024
3110,22.527,16.308,6.219,3,1346,7116,7581182,14562832,2048,1024
3111,22.282,16.157,6.125,3,1350,7034,7455486,14301408,2048,1024
3112,22.393,16.189,6.204,3,1332,7010,7477502,14334086,2048,1024
3113,22.330,16.198,6.132,3,1340,7078,7528702,14434154,2048,1024
3114,22.148,16.166,5.982,3,1312,7046,7523582,14412922,2048,1024
3115,22.282,16.105,6.177,3,1318,7122,7479806,14321272,2048,1024
3116,22.209,16.100,6.109,3,1318,7102,7448574,14246724,2048,1024
3117,22.336,16.273,6.064,3,1320,7032,7430142,14190070,2048,1024
3118,22.338,16.346,5.992,3,1296,6982,7383550,14096000,2048,1024
3119,21.891,15.833,6.058,3,1314,7022,7425278,14161482,2048,1024
3120,21.832,15.828,6.004,3,1282,6922,7348222,14004282,2048,1024
3121,22.302,16.263,6.039,3,1290,6938,7348478,13990014,2048,1024
3122,22.524,16.590,5.934,3,1274,6878,7337470,13966210,2048,1024
3123,22.691,16.738,5.953,3,1270,6882,7333886,13938714,2048,1024
3124,21.514,15.582,5.932,3,1266,6848,7321598,13915412,2048,1024
3125,22.024,16.031,5.993,3,1274,6800,7364094,13984948,2048,1024
3126,21.734,15.867,5.867,3,1242,6726,7326462,13905596,2048,1024
3127,21.639,15.685,5.954,3,1248,6744,7339006,13924318,2048,1024
3128,21.599,15.801,5.798,3,1242,6738,7326974,13887496,2048,1024
3129,22.072,16.165,5.906,3,1248,6736,7320062,13861674,2048,1024
3130,21.549,15.603,5.947,3,1234,6680,7278590,13781744,2048,1024
3131,21.519,15.712,5.808,3,1242,6678,7281662,13777242,2048,1024
3132,21.140,15.463,5.677,3,1186,6524,7219966,13785526,2048,1024
3133,21.428,15.681,5.747,3,1196,6544,7228670,13798090,2048,1024
3134,21.521,15.830,5.691,3,1186,6530,7223038,13775022,2048,1024
3135,21.217,15.618,5.599,3,1182,6532,7233022,13779526,2048,1024
3136,21.154,15.637,5.517,3,1172,6612,7214078,13743648,2048,1024
3137,21.179,15.485,5.694,3,1180,6614,7235582,13765154,2048,1024
3138,21.118,15.520,5.598,3,1168,6608,7232254,13765446,2048,1024
3139,22.060,16.523,5.537,3,1156,6498,7207166,13764326,2048,1024
3140,22.323,16.808,5.515,3,1142,6468,7195390,13740016,2048,1024
3141,22.883,17.131,5.751,3,1174,6476,7207422,13745360,2048,1024
3142,21.544,15.989,5.555,3,1166,6424,7140094,13611916,2048,1024
3143,21.808,16.309,5.499,3,1172,6444,7163646,13637472,2048,1024
3144,21.812,16.335,5.478,3,1158,6448,7142654,13595170,2048,1024
3145,21.061,15.472,5.589,3,1168,6458,7159806,13624480,2048,1024
3146,21.174,15.735,5.439,3,1156,6410,7129086,13546628,2048,1024
3147,20.922,15.376,5.546,3,1164,6284,7129854,13537576,2048,1024
3148,20.803,15.242,5.561,3,1144,6242,7097854,13467294,2048,1024
3149,20.730,15.096,5.635,3,1144,6212,7049214,13360688,2048,1024
3150,20.851,15.466,5.385,3,1136,6210,7036670,13331508,2048,1024
3151,20.608,15.074,5.534,3,1146,6250,7067390,13390246,2048,1024
3152,20.607,15.219,5.388,3,1134,6224,7067390,13390940,2048,1024
3153,20.654,15.254,5.400,3,1142,6258,7075838,13395934,2048,1024
3154,20.458,15.100,5.358,3,1118,6212,7036670,13327712,2048,1024
3155,20.561,15.248,5.312,3,1128,6228,7019518,13274096,2048,1024
3156,20.545,15.058,5.487,3,1128,6224,7018750,13276350,2048,1024
3157,20.346,14.971,5.375,3,1132,6234,6985214,13205500,2048,1024
3158,20.609,15.262,5.346,3,1122,6176,6978558,13193148,2048,1024
3159,20.594,15.116,5.477,3,1130,6192,6966782,13160124,2048,1024
3160,20.020,14.745,5.275,3,1110,6126,6917886,13076578,2048,1024
3161,20.504,14.859,5.645,3,1118,6264,6896894,13028644,2048,1024
3162,20.134,14.913,5.221,3,1096,6158,6831614,12899198,2048,1024
3163,20.320,15.054,5.266,3,1106,6168,6846718,12928512,2048,1024
3164,20.177,14.930,5.247,3,1094,6136,6831358,12903262,2048,1024
3165,20.272,14.940,5.332,3,1104,6158,6846206,12927172,2048,1024
3166,20.227,14.977,5.250,3,1090,6116,6829054,12895168,2048,1024
3167,20.315,14.969,5.346,3,1102,6144,6845694,12923596,2048,1024
3168,21.020,15.761,5.259,3,1086,6080,6823934,12885908,2048,1024
3169,20.645,15.358,5.287,3,1090,6068,6800382,12831610,2048,1024
3170,20.053,14.618,5.435,3,1072,6010,6777854,12790852,2048,1024
3171,20.569,15.071,5.499,3,1082,6036,6778110,12785342,2048,1024
3172,20.414,15.135,5.280,3,1090,6028,6841598,12759868,2048,1024
3173,20.544,14.645,5.899,3,1098,6048,6847486,12769668,2048,1024
3174,20.089,14.616,5.473,3,1078,5976,6799102,12686860,2048,1024
3175,20.101,14.801,5.300,3,1084,5968,6772478,12628114,2048,1024
3176,19.849,14.647,5.202,3,1080,5958,6774014,12637368,2048,1024
3177,19.601,14.386,5.215,3,1090,5882,6786558,12657862,2048,1024
3178,19.752,14.555,5.197,3,1076,5900,6810878,12721088,2048,1024
3179,19.994,14.627,5.367,3,1084,5912,6810110,12727768,2048,1024
3180,19.476,14.285,5.191,3,1070,5878,6774782,12655842,2048,1024
3181,19.691,14.426,5.265,3,1072,5880,6775806,12666742,2048,1024
3182,19.703,14.510,5.192,3,1062,5876,6757374,12628222,2048,1024
3183,19.936,14.736,5.200,3,1070,5886,6768894,12662342,2048,1024
3184,19.575,14.382,5.193,3,1066,5880,6763262,12612294,2048,1024
3185,19.766,14.547,5.218,3,1074,5830,6524670,12618180,2048,1024
3186,19.711,14.571,5.140,3,1058,5826,6517758,12604032,2048,1024
3187,20.197,14.903,5.294,3,1068,5842,6527998,12637794,2048,1024
3188,20.126,14.903,5.224,3,1078,6018,6570750,12742224,2048,1024
3189,19.959,14.743,5.215,3,1088,6042,6580734,12758322,2048,1024
3190,19.861,14.650,5.211,3,1078,6010,6556926,12726288,2048,1024
3191,20.021,14.698,5.322,3,1092,6042,6575614,12749490,2048,1024
3192,20.187,14.815,5.373,3,1084,6040,6582526,12779390,2048,1024
3193,20.067,14.798,5.268,3,1098,6070,6597374,12807540,2048,1024
3194,20.127,14.670,5.457,3,1088,6050,6589182,12805646,2048,1024
3195,20.142,14.749,5.393,3,1100,6072,6593534,12811998,2048,1024
3196,20.226,14.820,5.406,3,1136,6210,6712318,12842734,2048,1024
3197,21.182,14.826,6.356,3,1160,6282,6781182,12937750,2048,1024
3198,20.853,14.841,6.012,3,1154,6182,6795774,12966540,2048,1024
3199,20.492,14.762,5.729,3,1164,6192,6765566,12923228,2048,1024
3200,21.192,15.388,5.804,3,1170,6188,6754302,12902006,2048,1024
3201,20.821,14.900,5.921,3,1190,6280,6815486,13042306,2048,1024
3202,20.441,14.831,5.610,3,1190,6310,6844414,13102166,2048,1024
3203,20.900,14.994,5.906,3,1182,6334,6829054,13154020,2048,1024
3204,21.493,15.035,6.458,3,1192,6388,6870782,13240834,2048,1024
3205,21.108,15.251,5.857,3,1238,6558,6983422,13438212,2048,1024
3206,21.098,15.159,5.939,3,1236,6522,6955774,13400858,2048,1024
3207,21.297,15.204,6.093,3,1234,6528,6973950,13434076,2048,1024
3208,20.847,15.072,5.776,3,1228,6496,6949118,13402092,2048,1024
3209,21.179,15.056,6.123,3,1258,6654,6955518,13414730,2048,1024
3210,21.079,15.158,5.921,3,1244,6684,6977278,13475788,2048,1024
3211,21.423,15.247,6.175,3,1268,6818,7047166,13616652,2048,1024
3212,21.501,15.424,6.077,3,1270,6842,7059966,13659086,2048,1024
3213,22.998,16.917,6.081,3,1280,6868,7083262,13693560,2048,1024
3214,22.900,16.688,6.213,3,1272,6818,7055870,13654070,2048,1024
3215,22.827,16.506,6.320,3,1286,6852,7074558,13707560,2048,1024
3216,23.834,17.430,6.403,3,1286,6912,7120126,13800536,2048,1024
3217,22.581,16.555,6.026,3,1262,6840,7088126,13746414,2048,1024
3218,22.107,15.847,6.259,3,1250,6846,7097342,13765138,2048,1024
3219,22.233,15.675,6.558,3,1274,6906,7088638,13764072,2048,1024
3220,21.969,15.843,6.126,3,1302,7026,7237118,14064806,2048,1024
3221,22.397,16.204,6.193,3,1312,7092,7289342,14181116,2048,1024
3222,22.300,16.116,6.184,3,1316,7080,7312894,14181590,2048,1024
3223,22.151,16.027,6.125,3,1326,7090,7333886,14233882,2048,1024
3224,22.746,16.181,6.565,3,1330,7122,7376382,14330852,2048,1024
3225,22.815,16.459,6.356,3,1336,7110,7404798,14382006,2048,1024
3226,22.301,16.174,6.127,3,1332,7134,7424766,14399010,2048,1024
3227,22.875,16.561,6.315,3,1338,7180,7438846,14423388,2048,1024
3228,23.070,16.449,6.620,3,1316,7110,7432446,14427328,2048,1024
3229,22.547,16.423,6.124,3,1322,7136,7421694,14401538,2048,1024
3230,22.322,16.059,6.263,3,1312,7182,7409918,14393766,2048,1024
3231,22.471,16.276,6.195,3,1322,7218,7416318,14402792,2048,1024
3232,22.476,16.354,6.122,3,1312,7236,7414014,14414646,2048,1024
3233,22.152,16.067,6.085,3,1324,7226,7397886,14377438,2048,1024
3234,22.103,16.033,6.071,3,1322,7228,7398398,14378804,2048,1024
3235,22.219,16.084,6.135,3,1328,7258,7390718,14358080,2048,1024
3236,22.334,16.328,6.006,3,1278,7100,7347710,14267358,2048,1024
3237,22.107,16.133,5.973,3,1288,7166,7391742,14364340,2048,1024
3238,22.584,16.578,6.006,3,1294,7166,7398910,14379178,2048,1024
3239,22.086,15.999,6.087,3,1300,7174,7408382,14404888,2048,1024
3240,22.336,16.320,6.015,3,1294,7168,7403262,14395434,2048,1024
3241,22.549,16.363,6.186,3,1300,7184,7396350,14380432,2048,1024
3242,22.098,16.088,6.009,3,1298,7128,7393022,14367046,2048,1024
3243,22.275,16.235,6.041,3,1316,7206,7424510,14427348,2048,1024
3244,23.057,16.785,6.272,3,1302,7134,7394302,14377454,2048,1024
3245,22.769,16.650,6.119,3,1314,7116,7423998,14433850,2048,1024
3246,22.302,16.210,6.092,3,1320,7124,7446782,14479032,2048,1024
3247,22.304,16.117,6.187,3,1328,7082,7273470,14189398,2048,1024
3248,22.037,15.935,6.102,3,1316,7008,7219710,14073366,2048,1024
3249,21.861,15.715,6.146,3,1334,7062,7239422,14122312,2048,1024
3250,21.945,15.889,6.056,3,1330,7032,7228158,14096852,2048,1024
3251,22.116,15.941,6.175,3,1354,7078,7230462,14098832,2048,1024
3252,22.023,15.771,6.253,3,1360,7068,7220990,14091780,2048,1024
3253,22.719,16.184,6.534,3,1392,7194,7294974,14241624,2048,1024
3254,22.249,15.844,6.405,3,1392,7126,7223550,14100956,2048,1024
3255,22.748,16.026,6.721,3,1410,7234,7299070,14245104,2048,1024
3256,22.518,15.935,6.583,3,1410,7210,7298814,14237930,2048,1024
3257,22.470,16.010,6.460,3,1422,7208,7277054,14208984,2048,1024
3258,22.778,16.194,6.584,3,1420,7190,7261950,14174964,2048,1024
3259,22.838,16.154,6.685,3,1438,7184,7264510,14178446,2048,1024
3260,22.541,15.957,6.584,3,1358,6992,7158014,13964168,2048,1024
3261,23.634,16.825,6.808,3,1374,7076,7206654,14051654,2048,1024
3262,23.130,16.401,6.729,3,1404,7170,7247870,14000238,2048,1024
3263,22.922,16.159,6.763,3,1414,7200,7258110,14028350,2048,1024
3264,22.305,15.911,6.394,3,1406,7212,7270654,14055824,2048,1024
3265,22.535,15.948,6.587,3,1408,7178,7275262,14071946,2048,1024
3266,22.626,16.020,6.606,3,1416,7200,7297022,14071446,2048,1024
3267,22.751,16.021,6.730,3,1406,7184,7314942,14193482,2048,1024
3268,23.599,16.812,6.787,3,1408,7260,7383038,14333072,2048,1024
3269,23.729,16.364,7.364,3,1438,7364,7465470,14485872,2048,1024
3270,23.464,16.524,6.940,3,1412,7316,7443454,14465134,2048,1024
3271,22.893,16.303,6.591,3,1422,7348,7484158,14542676,2048,1024
3272,23.179,16.497,6.682,3,1420,7366,7486206,14558658,2048,1024
3273,23.397,16.643,6.753,3,1446,7488,7555070,14688356,2048,1024
3274,23.262,16.585,6.677,3,1428,7432,7512318,14611102,2048,1024
3275,23.666,16.790,6.876,3,1446,7482,7707390,14979778,2048,1024
3276,23.167,16.536,6.631,3,1436,7424,7618558,14813934,2048,1024
3277,23.691,17.117,6.574,3,1448,7452,7623934,14832524,2048,1024
3278,23.385,16.588,6.797,3,1440,7430,7614206,14812046,2048,1024
3279,24.775,17.906,6.869,3,1450,7524,7714558,15004634,2048,1024
3280,25.521,18.372,7.149,3,1442,7488,7696894,14977440,2048,1024
3281,25.115,18.527,6.588,3,1448,7498,7683326,14931508,2048,1024
3282,24.601,17.698,6.903,3,1454,7588,7675646,14932846,2048,1024
3283,24.250,17.498,6.752,3,1466,7576,7703806,14978498,2048,1024
3284,23.345,16.625,6.720,3,1458,7582,7720190,15012060,2048,1024
3285,23.609,16.677,6.932,3,1468,7588,7700478,14981672,2048,1024
3286,23.474,16.712,6.763,3,1454,7610,7689470,14978354,2048,1024
3287,23.827,16.877,6.951,3,1472,7672,7741950,15075372,2048,1024
3288,23.848,16.918,6.930,3,1466,7664,7718654,15047734,2048,1024
3289,24.049,17.022,7.027,3,1472,7604,7665662,14935122,2048,1024
3290,23.711,16.928,6.783,3,1460,7668,7633662,14881702,2048,1024
3291,23.939,16.755,7.184,3,1466,7712,7674366,14954100,2048,1024
3292,23.060,16.509,6.550,3,1432,7560,7601150,14807848,2048,1024
3293,23.442,16.654,6.788,3,1434,7524,7591934,14793392,2048,1024
3294,23.090,16.558,6.532,3,1426,7498,7615998,14814290,2048,1024
3295,23.145,16.612,6.534,3,1436,7418,7570942,14726350,2048,1024
3296,23.117,16.601,6.516,3,1428,7450,7602942,14785832,2048,1024
3297,23.217,16.424,6.793,3,1446,7498,7664638,14884658,2048,1024
3298,23.592,17.057,6.535,3,1440,7424,7604222,14804610,2048,1024
3299,23.064,16.352,6.712,3,1438,7410,7592702,14767476,2048,1024
3300,23.076,16.557,6.520,3,1420,7436,7821310,14727778,2048,1024
3301,23.582,16.452,7.131,3,1428,7456,7819262,14716470,2048,1024
3302,22.641,16.249,6.392,3,1410,7408,7786750,14653886,2048,1024
3303,23.445,16.387,7.058,3,1416,7400,7818750,14711822,2048,1024
3304,22.974,16.522,6.452,3,1406,7410,7847934,14776636,2048,1024
3305,24.390,17.720,6.670,3,1414,7336,7859454,14799368,2048,1024
3306,23.741,16.991,6.750,3,1410,7340,7875326,14834110,2048,1024
3307,22.873,16.487,6.386,3,1400,7294,7857918,14802238,2048,1024
3308,23.517,16.763,6.754,3,1394,7300,7834110,14754642,2048,1024
3309,23.090,16.521,6.569,3,1404,7314,7831038,14735806,2048,1024
3310,23.059,16.374,6.684,3,1396,7306,7816958,14717986,2048,1024
3311,23.117,16.734,6.383,3,1406,7348,7843070,14770188,2048,1024
3312,23.230,16.487,6.744,3,1400,7328,7830782,14744764,2048,1024
3313,23.281,16.681,6.600,3,1410,7374,7861502,14803228,2048,1024
3314,23.888,17.376,6.512,3,1396,7346,7847934,14778770,2048,1024
3315,22.901,16.491,6.410,3,1404,7400,7890942,14849986,2048,1024
3316,23.139,16.522,6.617,3,1396,7384,7874814,14825616,2048,1024
3317,23.643,17.041,6.602,3,1400,7452,7868670,14813838,2048,1024
3318,23.025,16.501,6.524,3,1400,7440,7864318,14812456,2048,1024
3319,22.881,16.496,6.385,3,1404,7404,7839998,14757428,2048,1024
3320,23.092,16.478,6.614,3,1390,7346,7827454,14740426,2048,1024
3321,22.965,16.599,6.367,3,1400,7410,7851774,14784034,2048,1024
3322,22.989,16.630,6.359,3,1392,7404,7819006,14730510,2048,1024
3323,22.661,16.377,6.284,3,1396,7406,7807742,14701864,2048,1024
3324,22.606,16.390,6.216,3,1376,7308,7770366,14639434,2048,1024
3325,22.427,16.115,6.312,3,1390,7464,7785470,14647606,2048,1024
3326,22.929,16.474,6.456,3,1398,7484,7801598,14629508,2048,1024
3327,22.743,16.353,6.390,3,1398,7486,7780350,14610754,2048,1024
3328,22.785,16.242,6.543,3,1394,7446,7786494,14585038,2048,1024
3329,22.689,16.327,6.362,3,1396,7396,7765758,14570490,2048,1024
3330,22.873,16.371,6.502,3,1392,7326,7744510,14495774,2048,1024
3331,22.693,16.380,6.313,3,1368,7266,7677694,14462870,2048,1024
3332,23.499,17.127,6.372,3,1392,7402,7779070,14642762,2048,1024
3333,23.088,16.694,6.394,3,1418,7530,7857406,14809344,2048,1024
3334,23.268,16.879,6.389,3,1416,7544,7874558,14816286,2048,1024
3335,22.888,16.333,6.556,3,1410,7464,7824382,14705506,2048,1024
3336,22.903,16.418,6.485,3,1404,7478,7838206,14738616,2048,1024
3337,22.950,16.620,6.329,3,1412,7526,7856382,14763734,2048,1024
3338,22.743,16.370,6.373,3,1416,7446,7815934,14668092,2048,1024
3339,23.087,16.674,6.413,3,1434,7526,7865086,14760150,2048,1024
3340,23.006,16.628,6.378,3,1424,7478,7830526,14703944,2048,1024
3341,22.855,16.358,6.497,3,1440,7526,7849726,14721126,2048,1024
3342,23.175,16.682,6.493,3,1446,7530,7883774,14807340,2048,1024
3343,23.091,16.342,6.749,3,1454,7590,7884030,14796068,2048,1024
3344,24.672,18.210,6.461,3,1426,7532,7851006,14728230,2048,1024
3345,25.478,18.577,6.901,3,1440,7608,7899390,14821846,2048,1024
3346,24.653,18.289,6.365,3,1402,7504,7842814,14698000,2048,1024
3347,24.593,17.826,6.767,3,1404,7548,7856638,14721828,2048,1024
3348,23.228,16.919,6.310,3,1404,7580,7874302,14747524,2048,1024
3349,23.994,17.563,6.431,3,1428,7622,7873534,14740544,2048,1024
3350,23.966,17.281,6.685,3,1428,7530,7844862,14684702,2048,1024
3351,23.157,16.725,6.432,3,1416,7482,7835390,14645796,2048,1024
3352,23.121,16.449,6.672,3,1398,7490,7814910,14604646,2048,1024
3353,23.504,16.609,6.896,3,1412,7564,7812606,14590574,2048,1024
3354,23.742,17.077,6.666,3,1414,7642,7863550,14694384,2048,1024
3355,23.079,16.551,6.528,3,1422,7664,7883262,14731914,2048,1024
3356,23.104,16.459,6.645,3,1410,7598,7850494,14650556,2048,1024
3357,23.905,17.037,6.868,3,1422,7654,7901182,14751252,2048,1024
3358,23.494,16.931,6.563,3,1422,7632,7896574,14741052,2048,1024
3359,23.805,17.052,6.752,3,1434,7672,7916542,14767074,2048,1024
3360,23.372,16.633,6.738,3,1426,7654,7926782,14787122,2048,1024
3361,23.450,16.708,6.741,3,1440,7702,7954942,14827634,2048,1024
3362,23.446,16.973,6.474,3,1418,7578,7920382,14755564,2048,1024
3363,23.666,16.866,6.800,3,1434,7606,7712766,14863050,2048,1024
3364,23.891,17.149,6.741,3,1440,7562,7704830,14834306,2048,1024
3365,24.240,17.629,6.611,3,1450,7612,7733502,14887916,2048,1024
3366,23.682,16.822,6.861,3,1448,7616,7747838,14903566,2048,1024
3367,24.029,17.089,6.939,3,1458,7620,7755774,14917280,2048,1024
3368,23.896,17.129,6.767,3,1458,7618,7773694,14952948,2048,1024
3369,23.728,17.038,6.690,3,1472,7610,7803134,14996108,2048,1024
3370,23.824,17.077,6.747,3,1462,7526,7751166,14893278,2048,1024
3371,23.540,16.662,6.878,3,1428,7374,7572478,14654366,2048,1024
3372,23.241,16.631,6.610,3,1416,7342,7569918,14647642,2048,1024
3373,23.660,17.005,6.655,3,1422,7348,7542526,14591154,2048,1024
3374,23.332,16.625,6.707,3,1436,7310,7360254,14607102,2048,1024
3375,23.700,16.843,6.857,3,1456,7482,7627774,14739630,2048,1024
3376,23.418,16.786,6.633,3,1458,7436,7435774,14736094,2048,1024
3377,23.555,16.674,6.881,3,1476,7570,7521278,14905890,2048,1024
3378,23.594,16.683,6.911,3,1468,7512,7421694,14707812,2048,1024
3379,23.278,16.467,6.811,3,1492,7560,7433214,14714220,2048,1024
3380,23.227,16.539,6.687,3,1488,7596,7453950,14758280,2048,1024
3381,23.722,16.969,6.753,3,1490,7646,7478526,14795476,2048,1024
3382,23.359,16.605,6.753,3,1468,7646,7405054,14650988,2048,1024
3383,23.315,16.683,6.632,3,1474,7650,7404798,14632464,2048,1024
3384,23.409,16.595,6.814,3,1468,7626,7407358,14627986,2048,1024
3385,23.316,16.597,6.719,3,1472,7620,7426558,14660142,2048,1024
3386,23.429,16.877,6.552,3,1454,7554,7413758,14623016,2048,1024
3387,23.343,16.793,6.551,3,1454,7628,7450366,14691356,2048,1024
3388,23.289,16.747,6.542,3,1442,7582,7419390,14618628,2048,1024
3389,23.048,16.508,6.541,3,1430,7558,7425534,14623738,2048,1024
3390,23.349,16.804,6.544,3,1422,7528,7441918,14646164,2048,1024
3391,23.963,17.441,6.522,3,1426,7582,7462142,14680034,2048,1024
3392,23.628,17.013,6.615,3,1422,7514,7464702,14673986,2048,1024
3393,23.593,16.927,6.666,3,1434,7518,7521022,14781056,2048,1024
3394,23.088,16.678,6.410,3,1436,7462,7511294,14750690,2048,1024
3395,23.231,16.738,6.493,3,1420,7438,7474942,14767944,2048,1024
3396,23.740,17.226,6.515,3,1428,7562,7587582,14987366,2048,1024
3397,23.447,16.948,6.499,3,1448,7662,7647998,15103780,2048,1024
3398,23.750,17.266,6.484,3,1434,7596,7601150,15009792,2048,1024
3399,23.580,16.929,6.651,3,1436,7618,7603454,15001548,2048,1024
3400,23.646,17.071,6.576,3,1430,7604,7602174,15000232,2048,1024
3401,23.804,17.066,6.738,3,1414,7532,7576830,14947646,2048,1024
3402,23.445,16.783,6.662,3,1408,7518,7591934,14968102,2048,1024
3403,24.060,17.229,6.831,3,1418,7512,7627774,15025644,2048,1024
3404,23.242,16.597,6.645,3,1422,7506,7599102,14969218,2048,1024
3405,23.573,16.874,6.699,3,1434,7570,7641086,15040402,2048,1024
3406,23.471,16.997,6.474,3,1440,7682,7644414,15048134,2048,1024
3407,24.330,17.871,6.459,3,1412,7576,7644670,15030590,2048,1024
3408,24.418,17.984,6.434,3,1400,7568,7641598,15022774,2048,1024
3409,24.499,17.954,6.544,3,1406,7552,7601918,14925292,2048,1024
3410,24.517,17.783,6.734,3,1408,7550,7604478,14933480,2048,1024
3411,24.364,17.813,6.551,3,1422,7602,7653118,15015026,2048,1024
3412,24.335,17.610,6.725,3,1410,7626,7652094,15002594,2048,1024
3413,23.412,16.930,6.482,3,1404,7584,7626494,14947438,2048,1024
3414,23.511,17.135,6.376,3,1402,7590,7634942,14952156,2048,1024
3415,23.239,16.793,6.446,3,1410,7610,7651582,14982098,2048,1024
3416,23.312,16.945,6.367,3,1412,7564,7603454,14872208,2048,1024
3417,25.004,18.353,6.651,3,1420,7542,7549182,14758712,2048,1024
3418,24.174,17.608,6.566,3,1418,7534,7578878,14805962,2048,1024
3419,24.230,17.295,6.936,3,1434,7556,7560446,14765822,2048,1024
3420,23.231,16.652,6.578,3,1434,7536,7570430,14773042,2048,1024
3421,23.340,16.701,6.640,3,1448,7552,7594238,14805108,2048,1024
3422,23.099,16.622,6.477,3,1448,7556,7596798,14810124,2048,1024
3423,23.447,16.715,6.732,3,1462,7558,7604478,14810150,2048,1024
3424,23.451,16.686,6.765,3,1464,7610,7592702,14785862,2048,1024
3425,24.535,17.828,6.707,3,1476,7586,7597822,14781924,2048,1024
3426,24.087,17.541,6.546,3,1454,7504,7580926,14745898,2048,1024
3427,23.385,16.750,6.636,3,1462,7554,7572478,14727312,2048,1024
3428,23.414,16.831,6.584,3,1464,7634,7686654,14957808,2048,1024
3429,23.699,17.059,6.640,3,1472,7690,7709950,14988572,2048,1024
3430,23.584,16.774,6.810,3,1462,7634,7654910,14866536,2048,1024
3431,23.686,16.997,6.689,3,1484,7732,7727870,15008208,2048,1024
3432,23.995,17.203,6.792,3,1472,7720,7724798,15004582,2048,1024
3433,25.213,18.272,6.941,3,1490,7774,7757310,15063624,2048,1024
3434,23.869,17.115,6.754,3,1452,7586,7642622,15028130,2048,1024
3435,24.281,17.547,6.734,3,1474,7684,7706622,15152458,2048,1024
3436,23.957,17.109,6.848,3,1474,7680,7664382,15057596,2048,1024
3437,24.123,17.285,6.838,3,1498,7682,7657982,15040230,2048,1024
3438,24.275,17.588,6.687,3,1486,7656,7680510,15074612,2048,1024
3439,24.053,17.239,6.814,3,1488,7644,7662590,15029376,2048,1024
3440,24.362,17.751,6.611,3,1472,7624,7665406,15037980,2048,1024
3441,24.145,17.347,6.797,3,1482,7712,7672830,15035920,2048,1024
3442,24.752,17.734,7.019,3,1476,7696,7681022,15053502,2048,1024
3443,24.958,18.185,6.773,3,1496,7766,7713022,15102530,2048,1024
3444,25.062,18.267,6.794,3,1490,7802,7718398,15116222,2048,1024
3445,24.676,17.886,6.790,3,1502,7862,7740158,15140612,2048,1024
3446,25.271,18.164,7.107,3,1492,7850,7780606,15223042,2048,1024
3447,24.162,17.376,6.785,3,1478,7742,7698174,15042708,2048,1024
3448,24.459,17.812,6.646,3,1484,7742,7718910,15073106,2048,1024
3449,24.834,17.876,6.958,3,1484,7820,7740926,15115434,2048,1024
3450,24.299,17.683,6.615,3,1470,7740,7650302,14921490,2048,1024
3451,24.993,17.911,7.082,3,1480,7754,7694078,15005502,2048,1024
3452,24.849,17.709,7.140,3,1472,7778,7742206,15090512,2048,1024
3453,25.302,18.245,7.058,3,1492,8050,8044030,15672480,2048,1024
3454,25.508,18.241,7.267,3,1484,7940,7916030,15417586,2048,1024
3455,24.938,17.937,7.001,3,1504,8078,7982846,15548842,2048,1024
3456,24.748,17.997,6.751,3,1468,7920,7951870,15485106,2048,1024
3457,24.664,17.916,6.749,3,1464,7888,7976702,15539396,2048,1024
3458,24.961,18.358,6.602,3,1444,7784,7959806,15503720,2048,1024
3459,24.478,17.718,6.761,3,1410,7680,7893246,15464982,2048,1024
3460,24.667,18.242,6.424,3,1380,7566,7860222,15409460,2048,1024
3461,24.514,18.051,6.463,3,1420,7768,7979006,15646550,2048,1024
3462,25.213,18.812,6.401,3,1392,7720,7966718,15632274,2048,1024
3463,24.454,17.971,6.484,3,1406,7792,7992318,15680220,2048,1024
3464,25.064,18.393,6.671,3,1376,7746,7974142,15654400,2048,1024
3465,24.462,18.096,6.367,3,1388,7792,7978494,15659878,2048,1024
3466,24.412,18.010,6.402,3,1368,7756,7982078,15678170,2048,1024
3467,24.549,17.970,6.579,3,1384,7796,7996414,15703024,2048,1024
3468,24.529,18.080,6.448,3,1382,7708,7944958,15610342,2048,1024
3469,25.645,18.856,6.788,3,1396,7808,7971326,15670330,2048,1024
3470,24.794,18.337,6.458,3,1394,7708,7876350,15479228,2048,1024
3471,24.980,18.542,6.438,3,1396,7726,7905790,15536612,2048,1024
3472,25.294,18.764,6.530,3,1378,7682,7910654,15545202,2048,1024
3473,25.892,19.282,6.610,3,1400,7730,7952894,15588958,2048,1024
3474,24.208,17.799,6.409,3,1368,7560,7882750,15445138,2048,1024
3475,23.896,17.500,6.396,3,1382,7598,7895806,15483980,2048,1024
3476,23.903,17.338,6.565,3,1366,7538,7865598,15422984,2048,1024
3477,24.058,17.316,6.742,3,1396,7696,7951614,15401442,2048,1024
3478,23.668,17.374,6.295,3,1378,7660,7913214,15333374,2048,1024
3479,23.892,17.425,6.467,3,1390,7626,7913470,15327660,2048,1024
3480,23.272,16.971,6.301,3,1342,7416,7793918,15091646,2048,1024
3481,23.636,16.990,6.646,3,1358,7450,7811582,15120690,2048,1024
3482,23.393,17.120,6.273,3,1350,7432,7770366,15050818,2048,1024
3483,23.392,17.072,6.320,3,1370,7478,7755262,15014206,2048,1024
3484,23.404,17.041,6.363,3,1346,7408,7737086,14985080,2048,1024
3485,23.167,16.771,6.396,3,1348,7412,7702782,14908086,2048,1024
3486,23.350,16.983,6.367,3,1340,7362,7690750,14898832,2048,1024
3487,23.333,16.967,6.366,3,1352,7422,7956222,14911666,2048,1024
3488,23.094,16.747,6.347,3,1340,7424,7972094,14945226,2048,1024
3489,23.021,16.759,6.262,3,1342,7426,7962366,14929228,2048,1024
3490,24.230,17.979,6.251,3,1340,7450,7973886,14892228,2048,1024
3491,23.108,16.876,6.233,3,1344,7562,8035070,15020592,2048,1024
3492,22.888,16.748,6.140,3,1340,7556,8103934,15061952,2048,1024
3493,23.210,16.828,6.382,3,1354,7572,8135422,15090644,2048,1024
3494,23.300,16.754,6.546,3,1350,7528,8171518,15101424,2048,1024
3495,23.019,16.781,6.238,3,1352,7532,8095486,15018388,2048,1024
3496,23.200,16.985,6.215,3,1354,7532,8119294,15017894,2048,1024
3497,23.357,17.053,6.304,3,1362,7504,8127230,15036126,2048,1024
3498,23.429,16.938,6.491,3,1362,7508,8138494,15076686,2048,1024
3499,23.342,16.944,6.398,3,1374,7550,8175870,15090960,2048,1024
3500,23.458,17.119,6.340,3,1362,7502,8195070,15120740,2048,1024
3501,23.478,17.104,6.374,3,1378,7456,8144382,15061480,2048,1024
3502,23.423,17.056,6.367,3,1376,7454,8135166,15035468,2048,1024
3503,22.800,16.515,6.285,3,1376,7460,8116222,14993344,2048,1024
3504,23.140,16.711,6.429,3,1366,7410,8074238,14911160,2048,1024
3505,23.003,16.556,6.447,3,1382,7464,8085502,14936884,2048,1024
3506,22.771,16.659,6.112,3,1356,7238,7969022,14683650,2048,1024
3507,22.645,16.381,6.263,3,1362,7308,7942910,14656048,2048,1024
3508,22.666,16.374,6.292,3,1370,7330,7964158,14685912,2048,1024
3509,22.717,16.512,6.205,3,1368,7310,7911678,14572434,2048,1024
3510,22.803,16.584,6.219,3,1360,7260,7870206,14544784,2048,1024
3511,22.562,16.230,6.332,3,1380,7418,7939838,14640190,2048,1024
3512,23.220,16.812,6.407,3,1372,7456,8031230,14795322,2048,1024
3513,22.654,16.246,6.408,3,1384,7386,7867134,14476516,2048,1024
3514,24.322,17.755,6.567,3,1374,7376,7913214,14559292,2048,1024
3515,23.031,16.759,6.271,3,1378,7368,7934974,14595328,2048,1024
3516,22.473,16.156,6.317,3,1362,7306,7939326,14612472,2048,1024
3517,22.787,16.441,6.345,3,1368,7300,7915006,14556084,2048,1024
3518,22.912,16.455,6.457,3,1364,7282,7912190,14560682,2048,1024
3519,22.508,16.271,6.237,3,1374,7408,7941886,14608776,2048,1024
3520,22.779,16.464,6.315,3,1372,7348,7952894,14648022,2048,1024
3521,22.889,16.478,6.411,3,1374,7362,7951614,14629540,2048,1024
3522,22.469,16.263,6.206,3,1360,7246,7951870,14647074,2048,1024
3523,22.742,16.445,6.298,3,1324,7090,7783934,14510012,2048,1024
3524,22.390,16.130,6.260,3,1322,7094,7799550,14542332,2048,1024
3525,22.260,16.195,6.065,3,1328,7208,7894014,14693970,2048,1024
3526,22.754,16.463,6.291,3,1320,7136,7867390,14644184,2048,1024
3527,22.805,16.588,6.217,3,1340,7210,7901950,14724910,2048,1024
3528,22.462,16.389,6.073,3,1330,7152,7890430,14698640,2048,1024
3529,23.442,16.816,6.626,3,1346,7274,7923198,14777956,2048,1024
3530,23.642,17.336,6.307,3,1350,7328,7940606,14822700,2048,1024
3531,23.353,16.947,6.406,3,1360,7394,8001278,14962172,2048,1024
3532,23.399,16.889,6.510,3,1330,7340,8014334,15005558,2048,1024
3533,24.013,17.580,6.433,3,1354,7556,8114430,15149338,2048,1024
3534,24.755,18.069,6.686,3,1344,7512,8104190,15041376,2048,1024
3535,24.901,18.522,6.379,3,1356,7604,8198398,15203856,2048,1024
3536,24.579,18.352,6.227,3,1334,7536,8204030,15236666,2048,1024
3537,24.819,18.627,6.192,3,1346,7564,8243454,15311418,2048,1024
3538,23.890,17.589,6.301,3,1338,7598,8271614,15367756,2048,1024
3539,23.573,17.246,6.326,3,1356,7638,8293630,15425744,2048,1024
3540,24.065,17.713,6.352,3,1370,7754,8363262,15566732,2048,1024
3541,23.630,17.305,6.325,3,1382,7780,8122366,15628796,2048,1024
3542,23.893,17.566,6.327,3,1378,7766,8136958,15661676,2048,1024
3543,24.069,17.660,6.408,3,1388,7884,8203518,15790694,2048,1024
3544,23.942,17.720,6.222,3,1326,7618,8155646,15706344,2048,1024
3545,23.749,17.532,6.216,3,1344,7666,8213758,15821358,2048,1024
3546,23.893,17.692,6.201,3,1344,7694,8230910,15871206,2048,1024
3547,24.181,17.835,6.347,3,1360,7774,8232190,15870246,2048,1024
3548,23.546,17.278,6.268,3,1340,7662,8186110,15775860,2048,1024
3549,22.549,16.454,6.095,3,1326,7266,7384574,14462334,2048,1024
3550,22.443,16.377,6.066,3,1316,7214,7390462,14467994,2048,1024
3551,22.883,16.796,6.087,3,1326,7292,7437054,14573464,2048,1024
3552,22.774,16.528,6.246,3,1322,7252,7460350,14620952,2048,1024
3553,22.807,16.621,6.186,3,1340,7334,7501054,14705874,2048,1024
3554,23.205,16.895,6.310,3,1344,7386,7545598,14791960,2048,1024
3555,23.501,17.150,6.351,3,1364,7524,7608830,14934252,2048,1024
3556,23.208,16.753,6.455,3,1352,7512,7640318,14998418,2048,1024
3557,24.618,18.266,6.352,3,1358,7534,7642878,15019762,2048,1024
3558,23.857,17.505,6.352,3,1346,7486,7651326,15039662,2048,1024
3559,23.385,17.136,6.249,3,1304,7392,7603966,14918070,2048,1024
3560,22.978,16.875,6.102,3,1300,7356,7569918,14853396,2048,1024
3561,23.076,16.890,6.186,3,1326,7476,7592702,14893140,2048,1024
3562,23.473,17.305,6.167,3,1312,7410,7561982,14856590,2048,1024
3563,23.064,16.912,6.152,3,1326,7442,7581694,14892082,2048,1024
3564,23.043,16.994,6.049,3,1326,7416,7582206,14887608,2048,1024
3565,22.861,16.813,6.048,3,1328,7378,7519742,14797980,2048,1024
3566,22.601,16.400,6.201,3,1326,7358,7519230,14799164,2048,1024
3567,23.179,17.168,6.011,3,1334,7398,7463934,14692230,2048,1024
3568,22.830,16.753,6.076,3,1322,7256,7395070,14549080,2048,1024
3569,22.652,16.488,6.164,3,1332,7250,7382270,14534944,2048,1024
3570,23.173,17.020,6.153,3,1326,7236,7396606,14564900,2048,1024
3571,22.834,16.449,6.385,3,1352,7348,7448830,14669952,2048,1024
3572,22.798,16.425,6.373,3,1330,7214,7405054,14573024,2048,1024
3573,23.202,17.060,6.142,3,1354,7266,7426302,14614524,2048,1024
3574,22.803,16.471,6.331,3,1352,7202,7370750,14508142,2048,1024
3575,23.175,16.704,6.471,3,1370,7256,7383038,14512246,2048,1024
3576,23.199,16.924,6.275,3,1364,7132,7285246,14334902,2048,1024
3577,22.730,16.499,6.230,3,1368,7134,7282942,14350688,2048,1024
3578,23.703,16.780,6.923,3,1368,7020,7246590,14277158,2048,1024
3579,22.617,16.131,6.486,3,1376,7108,7260926,14289946,2048,1024
3580,22.227,16.041,6.187,3,1362,7024,7204350,14167720,2048,1024
3581,22.657,16.270,6.387,3,1370,7088,7217406,14187606,2048,1024
3582,22.538,16.034,6.505,3,1360,7042,7153150,14064852,2048,1024
3583,22.618,16.244,6.374,3,1374,7102,7177982,14110006,2048,1024
3584,22.464,15.884,6.580,3,1370,7066,7110654,13979526,2048,1024
3585,22.804,16.536,6.268,3,1378,7072,7130622,14003076,2048,1024
3586,22.697,16.115,6.582,3,1378,7044,7092478,13928916,2048,1024
3587,22.342,16.160,6.182,3,1356,6944,6975230,13800364,2048,1024
3588,22.015,15.770,6.245,3,1344,6916,6936830,13732802,2048,1024
3589,21.969,15.675,6.294,3,1366,6950,6874110,13658876,2048,1024
3590,21.908,15.402,6.505,3,1352,6796,6749950,13393846,2048,1024
3591,22.046,15.531,6.515,3,1364,6800,6776318,13418348,2048,1024
3592,21.718,15.481,6.238,3,1358,6764,6773502,13400986,2048,1024
3593,21.667,15.244,6.423,3,1366,6786,6819582,13450966,2048,1024
3594,21.766,15.547,6.219,3,1358,6760,6801662,13405426,2048,1024
3595,21.642,15.255,6.387,3,1392,6814,6829310,13426198,2048,1024
3596,21.809,15.157,6.652,3,1370,6740,6772222,13342120,2048,1024
3597,21.544,15.402,6.142,3,1382,6884,6775294,13281464,2048,1024
3598,22.173,15.845,6.327,3,1380,6806,6699774,13162258,2048,1024
3599,23.221,16.377,6.844,3,1390,6872,6714110,13166022,2048,1024
3600,22.289,16.000,6.288,3,1384,6754,6733310,13171824,2048,1024
3601,22.913,16.338,6.575,3,1394,6798,6704126,13120068,2048,1024
3602,23.370,17.052,6.318,3,1386,6724,6663678,13045414,2048,1024
3603,22.366,15.918,6.448,3,1402,6738,6697470,13047132,2048,1024
3604,21.272,14.922,6.350,3,1394,6664,6652158,12972762,2048,1024
3605,21.344,14.881,6.463,3,1408,6690,6673662,12975926,2048,1024
3606,21.140,14.945,6.195,3,1392,6630,6658814,12904004,2048,1024
3607,20.957,14.573,6.384,3,1388,6612,6591998,12841550,2048,1024
3608,20.799,14.458,6.341,3,1392,6656,6617854,12848240,2048,1024
3609,21.270,14.731,6.539,3,1396,6690,6620158,12894134,2048,1024
3610,21.232,14.999,6.233,3,1406,6742,6683646,12916652,2048,1024
3611,21.273,14.850,6.424,3,1400,6806,6696958,12953230,2048,1024
3612,20.990,14.781,6.209,3,1390,6766,6608894,12746362,2048,1024
3613,20.680,14.475,6.204,3,1390,6788,6632446,12792576,2048,1024
3614,20.809,14.623,6.186,3,1394,6790,6715902,12889520,2048,1024
3615,21.258,14.875,6.383,3,1388,6702,6655742,12853628,2048,1024
3616,21.265,14.832,6.433,3,1386,6638,6656254,12871798,2048,1024
3617,20.942,14.557,6.385,3,1388,6604,6597886,12846576,2048,1024
3618,21.301,15.054,6.248,3,1370,6580,6591486,12814832,2048,1024
3619,20.845,14.587,6.258,3,1376,6644,6662398,12865782,2048,1024
3620,21.514,15.014,6.501,3,1368,6706,6756862,13035794,2048,1024
3621,21.583,15.323,6.260,3,1372,6656,6771454,13062314,2048,1024
3622,20.959,14.822,6.137,3,1358,6674,6802686,13029890,2048,1024
3623,21.240,14.811,6.429,3,1376,6656,6815742,13005654,2048,1024
3624,20.899,14.714,6.185,3,1336,6596,6688254,12966838,2048,1024
3625,21.294,15.177,6.117,3,1366,6656,6735614,13113148,2048,1024
3626,20.914,14.774,6.140,3,1356,6618,6703358,13045250,2048,1024
3627,20.846,14.727,6.119,3,1358,6586,6676478,13014496,2048,1024
3628,21.290,15.052,6.238,3,1344,6554,6659582,12985558,2048,1024
3629,20.890,14.797,6.093,3,1350,6520,6674430,13006364,2048,1024
3630,20.460,14.393,6.068,3,1340,6484,6582270,12862434,2048,1024
3631,20.561,14.447,6.113,3,1344,6460,6541054,12762890,2048,1024
3632,20.595,14.541,6.054,3,1330,6500,6528254,12744212,2048,1024
3633,20.865,14.799,6.066,3,1330,6494,6492670,12674284,2048,1024
3634,20.633,14.668,5.966,3,1322,6452,6518014,12713662,2048,1024
3635,20.722,14.496,6.226,3,1328,6446,6533886,12762182,2048,1024
3636,20.906,14.912,5.995,3,1320,6496,6620926,12962936,2048,1024
3637,20.989,14.957,6.032,3,1326,6530,6630398,12981436,2048,1024
3638,21.030,15.031,6.000,3,1316,6552,6617854,12958282,2048,1024
3639,21.251,14.915,6.337,3,1326,6594,6627070,12967722,2048,1024
3640,21.652,14.772,6.879,3,1320,6608,6631166,12970596,2048,1024
3641,20.565,14.525,6.040,3,1338,6604,6646526,12954264,2048,1024
3642,20.691,14.643,6.048,3,1314,6538,6581246,12870380,2048,1024
3643,20.340,14.446,5.893,3,1326,6528,6583294,12835838,2048,1024
3644,20.292,14.324,5.968,3,1308,6450,6500350,12733460,2048,1024
3645,20.707,14.680,6.027,3,1316,6440,6503422,12686636,2048,1024
3646,20.741,14.818,5.923,3,1298,6312,6434814,12571332,2048,1024
3647,20.173,14.213,5.960,3,1306,6308,6459134,12611840,2048,1024
3648,20.463,14.250,6.213,3,1298,6302,6458878,12605622,2048,1024
3649,20.441,14.570,5.871,3,1300,6330,6476030,12627470,2048,1024
3650,21.089,15.157,5.931,3,1284,6306,6462974,12603894,2048,1024
3651,20.873,14.823,6.050,3,1254,6220,6394366,12602712,2048,1024
3652,20.679,14.522,6.157,3,1256,6288,6451198,12721042,2048,1024
3653,20.089,14.293,5.796,3,1280,6396,6497534,12809212,2048,1024
3654,20.548,14.675,5.873,3,1266,6408,6496766,12800126,2048,1024
3655,20.416,14.566,5.850,3,1272,6468,6512382,12818988,2048,1024
3656,20.791,14.541,6.250,3,1304,6564,6539518,12876142,2048,1024
3657,20.720,14.681,6.038,3,1282,6518,6539262,12866908,2048,1024
3658,20.534,14.746,5.788,3,1274,6500,6576126,12935548,2048,1024
3659,20.543,14.715,5.828,3,1286,6576,6597118,12973996,2048,1024
3660,20.742,14.721,6.021,3,1278,6542,6626814,13026048,2048,1024
3661,20.774,14.759,6.015,3,1288,6620,6693886,13160346,2048,1024
3662,20.967,15.216,5.751,3,1292,6662,6748414,13263960,2048,1024
3663,21.290,15.309,5.981,3,1304,6774,6817790,13405894,2048,1024
3664,22.192,16.032,6.160,3,1298,6764,6863102,13499574,2048,1024
3665,21.760,15.849,5.911,3,1306,6860,6960126,13682586,2048,1024
3666,21.811,15.895,5.916,3,1300,6888,7019262,13805494,2048,1024
3667,22.311,16.053,6.258,3,1310,7014,7097854,13981026,2048,1024
3668,22.988,16.926,6.062,3,1300,7018,7173118,14126836,2048,1024
3669,23.087,17.053,6.034,3,1312,7146,7227646,14233174,2048,1024
3670,23.787,17.624,6.163,3,1284,7044,7213822,14216292,2048,1024
3671,23.737,17.853,5.883,3,1300,7158,7239934,14273164,2048,1024
3672,23.883,17.764,6.119,3,1298,7216,7287806,14370438,2048,1024
3673,24.239,18.210,6.029,3,1300,7290,7276030,14408860,2048,1024
3674,23.749,17.832,5.916,3,1294,7252,7301374,14461332,2048,1024
3675,23.401,17.359,6.042,3,1306,7338,7313662,14486662,2048,1024
3676,23.345,17.089,6.255,3,1304,7350,7331838,14523698,2048,1024
3677,23.386,17.465,5.921,3,1312,7450,7411198,14685474,2048,1024
3678,23.438,17.187,6.251,3,1308,7408,7413758,14682244,2048,1024
3679,23.460,17.376,6.083,3,1314,7446,7465726,14788286,2048,1024
3680,23.258,17.165,6.093,3,1316,7440,7487230,14823536,2048,1024
3681,23.782,17.902,5.880,3,1284,7378,7517950,14879228,2048,1024
3682,23.525,17.441,6.083,3,1282,7394,7540222,14922250,2048,1024
3683,23.424,17.502,5.921,3,1290,7396,7574270,14995416,2048,1024
3684,23.449,17.617,5.832,3,1288,7428,7585534,15010628,2048,1024
3685,23.506,17.609,5.897,3,1300,7476,7605502,15056132,2048,1024
3686,23.843,17.942,5.901,3,1300,7478,7574270,14992330,2048,1024
3687,23.476,17.415,6.061,3,1310,7532,7600638,15040774,2048,1024
3688,24.106,18.048,6.058,3,1304,7486,7587326,15035690,2048,1024
3689,23.485,17.587,5.898,3,1312,7492,7600382,15052984,2048,1024
3690,23.976,18.007,5.968,3,1304,7452,7588094,15027004,2048,1024
3691,24.080,18.232,5.848,3,1260,7320,7522046,14968942,2048,1024
3692,23.047,17.357,5.691,3,1246,7248,7487742,14899642,2048,1024
3693,23.238,17.468,5.769,3,1230,7158,7417598,14839380,2048,1024
3694,23.260,17.553,5.707,3,1234,7144,7404798,14809532,2048,1024
3695,23.603,17.841,5.762,3,1238,7142,7396094,14789588,2048,1024
3696,24.064,18.443,5.621,3,1222,7072,7366654,14723044,2048,1024
3697,22.873,17.216,5.656,3,1228,6988,7330302,14647134,2048,1024
3698,23.024,17.336,5.688,3,1218,6980,7339262,14668700,2048,1024
3699,23.086,17.348,5.738,3,1236,7042,7393022,14775438,2048,1024
3700,22.830,17.126,5.704,3,1232,7034,7396350,14776678,2048,1024
3701,22.743,16.986,5.756,3,1238,7008,7333630,14649642,2048,1024
3702,22.427,16.842,5.585,3,1184,6920,7294718,14561016,2048,1024
3703,22.988,17.264,5.724,3,1190,6974,7317758,14602288,2048,1024
3704,22.368,16.719,5.649,3,1184,6904,7288830,14544106,2048,1024
3705,22.402,16.732,5.669,3,1196,6816,7224574,14410762,2048,1024
3706,22.471,16.896,5.575,3,1202,6868,7235838,14428378,2048,1024
3707,22.363,16.745,5.617,3,1208,6832,7195902,14354106,2048,1024
3708,21.998,16.384,5.614,3,1198,6772,7122174,14207622,2048,1024
3709,22.247,16.654,5.593,3,1206,6748,7087102,14127908,2048,1024
3710,22.930,17.159,5.771,3,1204,6790,7067390,14089162,2048,1024
3711,22.236,16.426,5.810,3,1208,6816,7016446,13998620,2048,1024
3712,23.014,17.361,5.653,3,1212,6826,7009790,13986700,2048,1024
3713,22.650,16.769,5.881,3,1226,6824,7004414,13973406,2048,1024
3714,21.952,16.233,5.720,3,1208,6782,6964990,13894622,2048,1024
3715,21.541,15.810,5.731,3,1178,6520,6748670,13560202,2048,1024
3716,21.698,15.925,5.773,3,1168,6478,6726654,13511108,2048,1024
3717,21.593,15.986,5.607,3,1190,6506,6733310,13519132,2048,1024
3718,21.445,15.881,5.564,3,1184,6468,6713854,13480322,2048,1024
3719,20.897,15.381,5.516,3,1186,6310,6590974,13222752,2048,1024
3720,21.394,15.636,5.758,3,1176,6292,6554366,13149026,2048,1024
3721,20.962,15.460,5.502,3,1182,6334,6546686,13129476,2048,1024
3722,21.062,15.543,5.518,3,1174,6334,6559742,13157980,2048,1024
3723,20.963,15.160,5.803,3,1142,6156,6489598,13008796,2048,1024
3724,20.736,15.225,5.511,3,1134,6136,6476030,12981980,2048,1024
3725,21.255,15.430,5.825,3,1162,6234,6483966,12996972,2048,1024
3726,20.458,14.908,5.549,3,1160,6182,6435582,12898722,2048,1024
3727,20.610,14.925,5.685,3,1160,6168,6401790,12829188,2048,1024
3728,20.703,15.185,5.517,3,1152,6128,6375422,12781040,2048,1024
3729,20.379,14.947,5.431,3,1164,6208,6376702,12781798,2048,1024
3730,20.041,14.608,5.433,3,1152,6172,6347518,12727476,2048,1024
3731,20.391,15.014,5.377,3,1154,6172,6325246,12678388,2048,1024
3732,20.209,14.553,5.655,3,1148,6174,6329598,12686964,2048,1024
3733,20.092,14.564,5.528,3,1156,6198,6319614,12664024,2048,1024
3734,20.243,14.859,5.384,3,1154,6094,6309886,12632186,2048,1024
3735,20.018,14.564,5.454,3,1156,6112,6339838,12680880,2048,1024
3736,19.833,14.490,5.344,3,1146,6084,6336766,12679732,2048,1024
3737,21.698,16.188,5.510,3,1152,6100,6318334,12647314,2048,1024
3738,20.816,15.373,5.443,3,1144,6070,6314494,12638818,2048,1024
3739,21.742,16.118,5.624,3,1150,6078,6299134,12606616,2048,1024
3740,21.388,15.947,5.441,3,1138,5998,6254590,12515432,2048,1024
3741,20.985,15.574,5.412,3,1140,6046,6252542,12514326,2048,1024
3742,20.459,15.141,5.317,3,1116,5928,6182910,12379284,2048,1024
3743,19.580,14.212,5.368,3,1116,5924,6168830,12353154,2048,1024
3744,19.277,14.019,5.257,3,1108,5904,6151166,12316560,2048,1024
3745,19.381,14.162,5.220,3,1112,5980,6130686,12269426,2048,1024
3746,19.265,14.089,5.176,3,1098,5936,6104062,12219636,2048,1024
3747,19.515,14.249,5.266,3,1106,5996,6125566,12260368,2048,1024
3748,19.472,14.205,5.268,3,1092,5992,6198782,12412782,2048,1024
3749,19.393,14.019,5.374,3,1098,6026,6198270,12409056,2048,1024
3750,19.644,14.253,5.390,3,1112,6074,6232062,12394010,2048,1024
3751,19.738,14.462,5.276,3,1122,6120,6234366,12395164,2048,1024
3752,19.945,14.269,5.677,3,1118,6086,6235390,12398138,2048,1024
3753,20.081,14.530,5.551,3,1134,6146,6267902,12460602,2048,1024
3754,19.932,14.524,5.408,3,1124,6126,6290430,12511084,2048,1024
3755,20.178,14.662,5.517,3,1134,6136,6312958,12561514,2048,1024
3756,19.409,14.133,5.277,3,1132,5972,6193406,12321360,2048,1024
3757,19.645,14.192,5.454,3,1144,6014,6222846,12382428,2048,1024
3758,19.706,14.307,5.399,3,1134,5972,6209534,12355030,2048,1024
3759,19.683,14.123,5.561,3,1142,5972,6167038,12270286,2048,1024
3760,19.762,14.315,5.447,3,1138,5946,6167294,12270926,2048,1024
3761,20.022,14.608,5.414,3,1108,5844,6096894,12121522,2048,1024
3762,19.447,13.938,5.509,3,1108,5840,6100222,12128406,2048,1024
3763,19.623,14.201,5.422,3,1114,5884,6107134,12143504,2048,1024
3764,20.187,14.705,5.482,3,1116,5864,6164734,12149370,2048,1024
3765,19.860,14.412,5.449,3,1120,5920,6188286,12193402,2048,1024
3766,19.142,13.904,5.238,3,1108,5928,6186238,12193838,2048,1024
3767,19.677,14.130,5.548,3,1114,5942,6190334,12198632,2048,1024
3768,19.465,14.040,5.425,3,1110,5918,6198014,12219098,2048,1024
3769,19.488,14.077,5.411,3,1122,5936,6196734,12213102,2048,1024
3770,19.723,14.317,5.406,3,1124,5930,6185726,12196128,2048,1024
3771,19.708,14.290,5.417,3,1160,6050,6210302,12243392,2048,1024
3772,20.284,14.317,5.967,3,1162,6078,6231294,12291370,2048,1024
3773,20.174,14.518,5.656,3,1168,6168,6288894,12409160,2048,1024
3774,20.032,14.366,5.667,3,1164,6114,6253310,12337312,2048,1024
3775,20.272,14.607,5.665,3,1180,6228,6308350,12450714,2048,1024
3776,20.055,14.593,5.462,3,1184,6154,6274814,12382966,2048,1024
3777,20.001,14.314,5.687,3,1190,6170,6355966,12546218,2048,1024
3778,19.956,14.347,5.608,3,1190,6158,6340094,12516172,2048,1024
3779,20.325,14.668,5.657,3,1156,6110,6332670,12629146,2048,1024
3780,20.171,14.489,5.683,3,1134,6044,6300414,12562660,2048,1024
3781,20.235,14.764,5.471,3,1162,6148,6400254,12764098,2048,1024
3782,20.563,14.766,5.797,3,1156,6136,6381566,12731674,2048,1024
3783,20.508,14.817,5.690,3,1166,6240,6469630,12906292,2048,1024
3784,20.192,14.764,5.428,3,1166,6172,6413054,12789034,2048,1024
3785,20.333,14.716,5.617,3,1174,6262,6458110,12876726,2048,1024
3786,20.032,14.573,5.459,3,1160,6174,6430462,12825972,2048,1024
3787,20.447,14.659,5.788,3,1170,6190,6418942,12799822,2048,1024
3788,20.304,14.554,5.750,3,1158,6196,6383102,12727584,2048,1024
3789,21.067,15.548,5.519,3,1162,6214,6372606,12702850,2048,1024
3790,20.336,14.859,5.477,3,1154,6182,6342142,12646378,2048,1024
3791,20.163,14.588,5.575,3,1166,6214,6369278,12697728,2048,1024
3792,19.925,14.574,5.351,3,1158,6216,6385662,12730168,2048,1024
3793,20.333,14.920,5.413,3,1164,6216,6401278,12763542,2048,1024
3794,19.995,14.658,5.338,3,1152,6206,6397694,12755530,2048,1024
3795,20.016,14.659,5.357,3,1166,6202,6390782,12739090,2048,1024
3796,20.083,14.418,5.665,3,1158,6164,6390270,12737482,2048,1024
3797,20.019,14.604,5.416,3,1172,6200,6437886,12830272,2048,1024
3798,20.166,14.722,5.444,3,1178,6268,6464766,12872122,2048,1024
3799,20.301,14.790,5.510,3,1194,6332,6507262,12954562,2048,1024
3800,20.162,14.713,5.449,3,1182,6322,6506494,12958106,2048,1024
3801,20.533,14.681,5.852,3,1204,6416,6530814,13004184,2048,1024
3802,20.587,14.883,5.704,3,1204,6400,6523902,12990232,2048,1024
3803,20.350,14.735,5.615,3,1212,6420,6545918,13030728,2048,1024
3804,20.507,14.802,5.705,3,1210,6368,6550270,13039008,2048,1024
3805,20.119,14.544,5.576,3,1222,6410,6538750,13011600,2048,1024
3806,20.180,14.630,5.550,3,1220,6402,6536702,13007174,2048,1024
3807,20.745,14.935,5.809,3,1224,6442,6543102,13015726,2048,1024
3808,20.342,14.774,5.568,3,1220,6452,6528254,12985158,2048,1024
3809,20.189,14.582,5.607,3,1230,6418,6505214,12934576,2048,1024
3810,20.911,15.112,5.799,3,1224,6436,6518014,12959974,2048,1024
3811,21.613,15.979,5.634,3,1232,6450,6535934,12992048,2048,1024
3812,21.964,16.341,5.623,3,1228,6480,6634238,13184558,2048,1024
3813,21.520,15.790,5.730,3,1236,6450,6620670,13152828,2048,1024
3814,21.734,16.072,5.662,3,1230,6382,6566398,13042510,2048,1024
3815,21.584,15.878,5.706,3,1232,6334,6539518,12983004,2048,1024
3816,20.995,15.314,5.681,3,1224,6334,6521854,12946572,2048,1024
3817,20.360,14.743,5.616,3,1220,6296,6495742,12890810,2048,1024
3818,20.097,14.526,5.571,3,1208,6246,6491646,12881118,2048,1024
3819,20.302,14.620,5.682,3,1218,6244,6497790,12888088,2048,1024
3820,20.084,14.557,5.527,3,1212,6212,6488830,12871070,2048,1024
3821,20.360,14.736,5.623,3,1218,6262,6511614,12912404,2048,1024
3822,20.584,15.001,5.583,3,1212,6270,6503166,12893182,2048,1024
3823,20.596,14.738,5.858,3,1220,6310,6513150,12908922,2048,1024
3824,20.757,14.974,5.783,3,1208,6198,6511102,12907670,2048,1024
3825,20.893,15.301,5.592,3,1216,6284,6514942,12909550,2048,1024
3826,19.998,14.432,5.566,3,1210,6246,6482430,12848448,2048,1024
3827,20.154,14.523,5.631,3,1210,6268,6495230,12867830,2048,1024
3828,20.053,14.401,5.652,3,1188,6188,6421246,12715818,2048,1024
3829,19.897,14.236,5.661,3,1200,6244,6412286,12703134,2048,1024
3830,19.859,14.377,5.482,3,1196,6202,6396414,12664034,2048,1024
3831,19.714,14.141,5.572,3,1200,6232,6396670,12664712,2048,1024
3832,20.039,14.484,5.555,3,1192,6238,6399486,12666980,2048,1024
3833,20.091,14.398,5.693,3,1202,6278,6419454,12701140,2048,1024
3834,19.718,14.234,5.485,3,1164,6146,6330366,12537074,2048,1024
3835,19.660,14.150,5.510,3,1166,6078,6309118,12492174,2048,1024
3836,19.863,14.300,5.563,3,1154,5990,6278910,12423628,2048,1024
3837,19.886,14.400,5.486,3,1190,6142,6395902,12483686,2048,1024
3838,19.904,14.318,5.586,3,1218,6164,6375934,12443026,2048,1024
3839,20.990,15.292,5.698,3,1242,6366,6408958,12510350,2048,1024
3840,20.161,14.387,5.775,3,1230,6282,6373374,12435694,2048,1024
3841,19.836,14.130,5.706,3,1242,6292,6356478,12400302,2048,1024
3842,20.133,14.195,5.937,3,1234,6274,6358014,12396732,2048,1024
3843,20.036,14.116,5.919,3,1220,6208,6338814,12465850,2048,1024
3844,19.925,14.290,5.635,3,1212,6232,6332670,12457064,2048,1024
3845,20.353,14.417,5.936,3,1240,6258,6383870,12549588,2048,1024
3846,19.954,14.197,5.757,3,1218,6194,6373118,12521088,2048,1024
3847,20.152,14.482,5.670,3,1224,6192,6356990,12490728,2048,1024
3848,20.011,14.285,5.726,3,1204,6140,6361598,12496160,2048,1024
3849,20.267,14.258,6.009,3,1216,6172,6383102,12544024,2048,1024
3850,20.031,14.270,5.761,3,1208,6152,6348798,12460314,2048,1024
3851,20.289,14.529,5.761,3,1214,6154,6404606,12503990,2048,1024
3852,20.281,14.442,5.839,3,1206,6128,6424062,12524986,2048,1024
3853,20.307,14.490,5.817,3,1214,6150,6438654,12534048,2048,1024
3854,20.036,14.271,5.765,3,1194,6028,6471678,12581128,2048,1024
3855,20.580,14.562,6.018,3,1208,6056,6521086,12648768,2048,1024
3856,20.183,14.344,5.839,3,1200,6032,6504446,12596108,2048,1024
3857,20.152,14.466,5.685,3,1204,6120,6601726,12698776,2048,1024
3858,20.154,14.446,5.708,3,1180,6052,6579198,12650358,2048,1024
3859,20.104,14.355,5.749,3,1192,6068,6575358,12632348,2048,1024
3860,20.488,14.705,5.783,3,1184,6064,6602750,12639878,2048,1024
3861,20.380,14.556,5.824,3,1188,6102,6637566,12675826,2048,1024
3862,20.432,14.794,5.638,3,1170,6068,6680318,12700096,2048,1024
3863,20.090,14.325,5.765,3,1176,6080,6632190,12677730,2048,1024
3864,20.295,14.344,5.951,3,1164,6062,6627838,12674860,2048,1024
3865,20.377,14.545,5.833,3,1178,6102,6670846,12763326,2048,1024
3866,20.679,14.708,5.971,3,1168,6086,6667262,12763598,2048,1024
3867,20.355,14.597,5.758,3,1180,6114,6686462,12810254,2048,1024
3868,20.201,14.425,5.776,3,1168,6106,6701054,12819632,2048,1024
3869,20.128,14.458,5.670,3,1174,6182,6622206,12657414,2048,1024
3870,20.088,14.430,5.659,3,1156,6140,6606590,12648220,2048,1024
3871,20.400,14.363,6.037,3,1170,6166,6681598,12718724,2048,1024
3872,20.128,14.461,5.667,3,1166,6182,6692094,12753028,2048,1024
3873,20.491,14.859,5.632,3,1178,6178,6730238,12782422,2048,1024
3874,20.274,14.509,5.765,3,1162,6142,6718718,12765496,2048,1024
3875,20.714,14.780,5.934,3,1172,6162,6757630,12829086,2048,1024
3876,20.267,14.557,5.710,3,1160,6110,6724606,12764820,2048,1024
3877,20.236,14.359,5.877,3,1170,6126,6804222,12827922,2048,1024
3878,20.201,14.476,5.725,3,1148,6082,6831102,12811706,2048,1024
3879,20.077,14.474,5.603,3,1156,6078,6841598,12800206,2048,1024
3880,20.379,14.696,5.683,3,1150,6106,6837758,12811848,2048,1024
3881,20.182,14.597,5.586,3,1162,6134,6866686,12840560,2048,1024
3882,20.437,14.699,5.738,3,1148,6084,6818046,12766212,2048,1024
3883,20.037,14.340,5.697,3,1158,6092,6821118,12803916,2048,1024
3884,20.490,14.584,5.905,3,1140,5948,6801150,12778464,2048,1024
3885,20.830,15.142,5.688,3,1150,5960,6781950,12761406,2048,1024
3886,21.367,15.856,5.512,3,1136,5922,6749438,12722844,2048,1024
3887,20.863,15.277,5.587,3,1146,5920,6739198,12714700,2048,1024
3888,22.000,16.459,5.541,3,1134,5872,6690558,12643232,2048,1024
3889,21.565,16.116,5.450,3,1142,5868,6684414,12637982,2048,1024
3890,21.107,15.639,5.468,3,1128,5862,6659838,12626672,2048,1024
3891,20.036,14.461,5.575,3,1134,5854,6640382,12576040,2048,1024
3892,20.087,14.519,5.568,3,1126,5832,6622206,12583498,2048,1024
3893,19.855,14.425,5.430,3,1138,5854,6647038,12554646,2048,1024
3894,19.684,14.276,5.408,3,1124,5828,6621438,12531000,2048,1024
3895,19.957,14.388,5.569,3,1132,5834,6618878,12476378,2048,1024
3896,19.404,14.080,5.324,3,1122,5824,6608638,12471858,2048,1024
3897,19.816,14.458,5.358,3,1122,5846,6588158,12447892,2048,1024
3898,19.839,14.512,5.327,3,1108,5826,6580222,12424314,2048,1024
3899,19.870,14.457,5.413,3,1112,5852,6562302,12395620,2048,1024
3900,19.401,14.045,5.356,3,1106,5814,6556926,12408482,2048,1024
3901,19.954,13.966,5.988,3,1110,5830,6523134,12362464,2048,1024
3902,19.614,14.231,5.384,3,1100,5810,6503166,12355514,2048,1024
3903,19.631,14.241,5.390,3,1104,5856,6498302,12382596,2048,1024
3904,30.858,23.729,7.129,3,1644,7490,7323646,14083668,2048,1024
3905,29.973,22.804,7.169,3,1648,7448,7309310,14023066,2048,1024
3906,29.299,21.956,7.343,3,1640,7372,7303166,13992870,2048,1024
3907,28.513,21.296,7.216,3,1616,7216,7156222,13878514,2048,1024
3908,27.923,20.724,7.198,3,1606,7134,7132670,13797026,2048,1024
3909,26.921,19.721,7.200,3,1628,7164,7172606,13801440,2048,1024
3910,25.933,18.758,7.175,3,1622,7126,7165182,13752966,2048,1024
3911,25.702,18.448,7.254,3,1626,7062,7173118,13690590,2048,1024
3912,24.404,17.316,7.087,3,1598,6982,7132926,13597580,2048,1024
3913,23.767,16.698,7.069,3,1584,6920,7097342,13519410,2048,1024
3914,23.392,16.149,7.242,3,1548,6880,7032574,13429002,2048,1024
3915,22.688,15.677,7.010,3,1534,6892,6997502,13376382,2048,1024
3916,22.354,15.324,7.030,3,1508,6830,6961406,13326264,2048,1024
3917,22.140,15.108,7.032,3,1506,6830,6962174,13329748,2048,1024
3918,22.120,15.108,7.012,3,1466,6782,6908926,13273470,2048,1024
3919,22.028,14.961,7.066,3,1450,6692,6810110,13139980,2048,1024
3920,25.055,17.911,7.144,3,1490,7322,8313342,14643996,2048,1024
3921,24.076,16.810,7.266,3,1482,7398,8261630,14626982,2048,1024
3922,23.441,16.404,7.037,3,1454,7254,8081662,14367028,2048,1024
3923,23.494,16.274,7.220,3,1440,7220,8006910,14318136,2048,1024
3924,23.056,16.024,7.032,3,1432,7200,7988990,14292466,2048,1024
3925,23.141,16.147,6.994,3,1426,7176,7844094,14154296,2048,1024
3926,23.038,15.970,7.068,3,1404,7110,7760382,14096386,2048,1024
3927,23.237,16.155,7.081,3,1402,7098,7721726,14104436,2048,1024
3928,23.226,16.232,6.995,3,1380,7026,7633406,13983294,2048,1024
3929,23.840,15.913,7.927,3,1366,7016,7611390,14004752,2048,1024
3930,22.444,15.537,6.908,3,1356,7000,7578622,14020504,2048,1024
3931,23.036,15.908,7.128,3,1374,7006,7532030,13955210,2048,1024
3932,24.150,16.988,7.162,3,1362,6992,7542014,13958810,2048,1024
3933,23.132,16.008,7.124,3,1360,6998,7509246,13999944,2048,1024
3934,22.646,15.600,7.046,3,1354,6990,7450366,13940348,2048,1024
3935,22.659,15.655,7.004,3,1360,6896,7491838,14013672,2048,1024
3936,22.761,15.768,6.993,3,1352,6882,7527678,14055524,2048,1024
3937,19.291,14.005,5.286,3,1122,5836,6262014,12326406,2048,1024
3938,19.393,14.155,5.239,3,1110,5824,6257150,12316730,2048,1024
3939,19.609,14.238,5.371,3,1118,5860,6273790,12340802,2048,1024
3940,20.185,14.711,5.475,3,1120,5926,6307838,12409028,2048,1024
3941,19.711,14.399,5.311,3,1130,5940,6287358,12370114,2048,1024
3942,19.484,14.194,5.290,3,1128,5934,6281470,12359052,2048,1024
3943,19.770,14.455,5.315,3,1136,5916,6277374,12346244,2048,1024
3944,19.381,14.196,5.185,3,1114,5886,6258174,12315696,2048,1024
3945,19.390,14.132,5.258,3,1126,5918,6262526,12322026,2048,1024
3946,19.764,14.269,5.495,3,1120,5920,6263806,12312232,2048,1024
3947,19.861,13.988,5.874,3,1120,5878,6148350,12140822,2048,1024
3948,19.060,13.904,5.156,3,1108,5846,6138878,12118708,2048,1024
3949,19.510,13.910,5.600,3,1116,5892,6167550,12160968,2048,1024
3950,19.433,13.983,5.450,3,1112,5970,6178558,12176388,2048,1024
3951,19.448,14.021,5.427,3,1120,5990,6186750,12190854,2048,1024
3952,19.787,14.255,5.532,3,1104,5962,6184190,12178702,2048,1024
3953,19.348,14.064,5.283,3,1112,6040,6201854,12211718,2048,1024
3954,19.962,14.633,5.329,3,1102,5960,6160382,12127676,2048,1024
3955,20.821,15.376,5.445,3,1116,5996,6179582,12151494,2048,1024
3956,21.208,15.676,5.532,3,1110,6002,6191358,12172876,2048,1024
3957,20.476,14.996,5.480,3,1120,6018,6179070,12142318,2048,1024
3958,20.164,14.912,5.252,3,1106,5972,6167294,12116984,2048,1024
3959,19.865,14.349,5.516,3,1120,6020,6189822,12162330,2048,1024
3960,19.562,14.278,5.284,3,1110,5980,6168062,12115844,2048,1024
3961,19.541,14.079,5.463,3,1126,6042,6189310,12142300,2048,1024
3962,19.322,13.856,5.466,3,1116,5968,6178046,12118308,2048,1024
3963,19.461,14.155,5.306,3,1126,5988,6174206,12108350,2048,1024
3964,19.120,13.587,5.533,3,1118,5932,6161406,12067910,2048,1024
3965,19.226,13.862,5.365,3,1124,5810,6150398,12046832,2048,1024
3966,18.984,13.608,5.376,3,1104,5730,6124542,11995156,2048,1024
3967,19.237,13.849,5.388,3,1116,5786,6140926,12020262,2048,1024
3968,19.722,14.285,5.437,3,1116,5764,6137086,12015078,2048,1024
3969,19.421,14.020,5.401,3,1122,5762,6141438,12020194,2048,1024
3970,19.277,14.039,5.239,3,1104,5720,6125566,11986604,2048,1024
3971,19.177,13.813,5.364,3,1094,5668,6094590,12021370,2048,1024
3972,19.137,13.877,5.261,3,1036,5500,6041854,11981202,2048,1024
3973,19.335,13.958,5.377,3,1070,5594,6106878,12127542,2048,1024
3974,19.661,14.177,5.484,3,1092,5736,6179838,12261762,2048,1024
3975,19.519,14.227,5.293,3,1102,5786,6206206,12319030,2048,1024
3976,19.490,14.201,5.289,3,1102,5810,6207742,12327140,2048,1024
3977,19.508,14.184,5.324,3,1110,5872,6221822,12354596,2048,1024
3978,20.042,14.687,5.356,3,1104,5902,6211070,12321886,2048,1024
3979,19.687,14.385,5.302,3,1116,5956,6198782,12297518,2048,1024
3980,19.427,14.137,5.290,3,1106,5928,6201598,12302360,2048,1024
3981,19.735,14.282,5.453,3,1120,6000,6224126,12340506,2048,1024
3982,20.205,14.799,5.406,3,1118,5998,6196990,12302796,2048,1024
3983,19.951,14.497,5.454,3,1126,5988,6198270,12301894,2048,1024
3984,19.552,14.100,5.452,3,1120,5940,6192894,12290528,2048,1024
3985,19.607,14.183,5.424,3,1132,5954,6208766,12310320,2048,1024
3986,19.479,14.146,5.332,3,1130,5922,6196990,12278460,2048,1024
3987,20.058,14.525,5.533,3,1152,6000,6211582,12296728,2048,1024
3988,19.648,14.214,5.434,3,1162,5990,6232574,12330898,2048,1024
3989,19.473,13.898,5.575,3,1168,6026,6235134,12321928,2048,1024
3990,19.553,14.143,5.410,3,1164,6002,6251262,12357352,2048,1024
3991,19.562,14.136,5.426,3,1174,6062,6272766,12395868,2048,1024
3992,19.546,14.008,5.538,3,1174,6040,6279166,12397932,2048,1024
3993,19.727,14.190,5.537,3,1186,6128,6290430,12432318,2048,1024
3994,19.538,14.007,5.531,3,1178,6092,6269694,12382232,2048,1024
3995,19.631,14.151,5.479,3,1190,6126,6303998,12448194,2048,1024
3996,19.613,14.069,5.543,3,1186,6060,6277374,12383688,2048,1024
3997,19.768,14.204,5.564,3,1200,6072,6257918,12344078,2048,1024
3998,19.868,14.354,5.514,3,1192,6054,6248702,12316784,2048,1024
3999,19.902,14.322,5.580,3,1202,6082,6248190,12311422,2048,1024
4000,19.779,14.175,5.603,3,1200,6070,6218750,12246696,2048,1024
4001,19.606,13.965,5.641,3,1206,6104,6228734,12257948,2048,1024
4002,19.704,14.139,5.566,3,1198,6066,6214142,12229932,2048,1024
4003,19.707,14.157,5.550,3,1200,6074,6173694,12183736,2048,1024
4004,19.608,13.878,5.730,3,1202,6072,6174206,12184722,2048,1024
4005,19.735,14.159,5.576,3,1212,6032,6136062,12093834,2048,1024
4006,19.727,14.075,5.652,3,1204,5952,6121982,12067422,2048,1024
4007,20.159,14.490,5.668,3,1214,6008,6117374,12045396,2048,1024
4008,19.449,13.866,5.584,3,1194,5910,6087422,11982448,2048,1024
4009,20.354,14.713,5.641,3,1200,5952,6109950,12015030,2048,1024
4010,21.828,15.886,5.942,3,1188,5908,6114046,12015434,2048,1024
4011,21.475,15.788,5.686,3,1200,5924,6130174,12044438,2048,1024
4012,22.730,16.965,5.766,3,1184,5868,6103806,11989516,2048,1024
4013,20.892,15.114,5.777,3,1196,5874,6106366,11991532,2048,1024
4014,20.152,14.375,5.777,3,1186,5820,6090750,11973458,2048,1024
4015,20.944,14.955,5.989,3,1196,5892,6101502,11995828,2048,1024
4016,20.141,14.413,5.728,3,1192,5888,6088190,11966176,2048,1024
4017,20.271,14.274,5.997,3,1202,5948,6097662,11981602,2048,1024
4018,20.294,14.674,5.620,3,1186,5914,6071806,11944966,2048,1024
4019,21.184,15.268,5.916,3,1192,5930,6082302,11968434,2048,1024
4020,20.332,14.595,5.737,3,1192,5926,6090238,11983458,2048,1024
4021,20.058,14.240,5.818,3,1200,5930,6075134,11980144,2048,1024
4022,19.778,14.206,5.572,3,1196,5902,6063614,11942868,2048,1024
4023,20.242,14.640,5.602,3,1200,5932,6057982,11959788,2048,1024
4024,19.785,14.292,5.493,3,1192,5954,6060030,11962328,2048,1024
4025,19.766,14.236,5.530,3,1202,5948,6046718,11946532,2048,1024
4026,19.667,14.184,5.483,3,1190,5882,6025214,11904556,2048,1024
4027,19.952,14.366,5.585,3,1202,5914,6050046,11957968,2048,1024
4028,20.420,14.881,5.539,3,1200,5928,6040318,11939326,2048,1024
4029,20.075,14.332,5.743,3,1204,5948,6049278,11951484,2048,1024
4030,20.329,14.759,5.569,3,1192,5900,6030846,11921612,2048,1024
4031,20.599,14.813,5.786,3,1234,6062,6049278,11956466,2048,1024
4032,20.956,15.045,5.911,3,1250,6148,6094334,12054532,2048,1024
4033,21.458,15.633,5.826,3,1262,6204,6137086,12155644,2048,1024
4034,21.498,15.671,5.828,3,1254,6188,6095102,12078952,2048,1024
4035,20.783,14.997,5.787,3,1236,6144,6087422,12163596,2048,1024
4036,19.797,13.837,5.961,3,1236,6078,6050046,12093260,2048,1024
4037,19.923,14.065,5.858,3,1278,6318,6175998,12347138,2048,1024
4038,20.025,14.150,5.875,3,1270,6234,6121982,12238106,2048,1024
4039,19.821,14.053,5.768,3,1282,6364,6195710,12388810,2048,1024
4040,19.970,13.975,5.995,3,1266,6330,6174206,12343310,2048,1024
4041,20.458,14.269,6.189,3,1280,6424,6261502,12520076,2048,1024
4042,20.013,14.220,5.793,3,1282,6366,6238462,12474642,2048,1024
4043,20.449,14.434,6.015,3,1286,6382,6294526,12619644,2048,1024
4044,19.950,14.057,5.893,3,1270,6292,6251262,12530040,2048,1024
4045,20.273,14.313,5.960,3,1278,6360,6300414,12631936,2048,1024
4046,20.494,14.612,5.881,3,1270,6330,6255358,12547530,2048,1024
4047,20.791,14.754,6.037,3,1278,6396,6296062,12632764,2048,1024
4048,20.970,15.026,5.944,3,1278,6362,6324734,12677182,2048,1024
4049,20.175,14.274,5.901,3,1290,6428,6401534,12823056,2048,1024
4050,20.897,14.755,6.142,3,1288,6444,6474494,12949216,2048,1024
4051,20.567,14.572,5.996,3,1296,6446,6383614,12799316,2048,1024
4052,21.353,15.388,5.964,3,1290,6454,6414334,12851848,2048,1024
4053,20.487,14.482,6.005,3,1294,6462,6444798,12915274,2048,1024
4054,21.076,15.018,6.058,3,1290,6470,6470910,12965746,2048,1024
4055,21.015,15.018,5.998,3,1302,6534,6483198,12985984,2048,1024
4056,20.695,14.712,5.983,3,1288,6524,6465534,12952378,2048,1024
4057,20.990,15.013,5.977,3,1294,6578,6519806,13054792,2048,1024
4058,20.731,14.794,5.936,3,1288,6606,6541822,13104792,2048,1024
4059,21.057,14.880,6.177,3,1300,6666,6580734,13177376,2048,1024
4060,21.148,15.124,6.023,3,1298,6670,6577662,13174216,2048,1024
4061,21.303,15.053,6.250,3,1302,6658,6589694,13222292,2048,1024
4062,21.288,15.202,6.086,3,1274,6560,6548734,13146820,2048,1024
4063,21.069,14.983,6.085,3,1294,6578,6566910,13177696,2048,1024
4064,20.778,14.774,6.004,3,1316,6682,6619390,13198760,2048,1024
4065,21.492,15.453,6.039,3,1320,6762,6617086,13194528,2048,1024
4066,20.818,14.878,5.940,3,1304,6606,6554110,13058876,2048,1024
4067,20.977,15.004,5.973,3,1308,6620,6553086,13052514,2048,1024
4068,21.078,15.124,5.954,3,1298,6602,6551294,13050022,2048,1024
4069,20.814,14.740,6.073,3,1306,6606,6535422,13016950,2048,1024
4070,20.660,14.759,5.901,3,1292,6602,6516990,12978430,2048,1024
4071,20.898,14.815,6.084,3,1304,6624,6472958,12893432,2048,1024
4072,21.326,15.227,6.099,3,1302,6652,6478078,12914100,2048,1024
4073,20.900,14.816,6.084,3,1306,6654,6501374,12949412,2048,1024
4074,20.875,14.864,6.012,3,1288,6552,6501374,12955012,2048,1024
4075,21.072,15.110,5.963,3,1292,6568,6510590,12961716,2048,1024
4076,20.700,14.690,6.010,3,1292,6470,6488830,12922050,2048,1024
4077,20.993,14.986,6.007,3,1288,6454,6470398,12883588,2048,1024
4078,20.559,14.593,5.966,3,1276,6440,6474494,12897828,2048,1024
4079,20.702,14.698,6.004,3,1288,6494,6499838,12945676,2048,1024
4080,21.619,15.647,5.972,3,1282,6438,6485246,12925310,2048,1024
4081,21.404,15.307,6.096,3,1280,6486,6482174,12954968,2048,1024
4082,20.763,14.816,5.948,3,1270,6464,6437118,12879760,2048,1024
4083,21.112,15.088,6.024,3,1270,6420,6380286,12774564,2048,1024
4084,20.577,14.745,5.832,3,1266,6386,6367742,12747978,2048,1024
4085,20.908,14.911,5.997,3,1274,6382,6342654,12700138,2048,1024
4086,20.428,14.569,5.859,3,1256,6402,6337534,12689764,2048,1024
4087,20.686,14.663,6.024,3,1256,6384,6335486,12689242,2048,1024
4088,20.106,14.243,5.864,3,1242,6238,6257918,12531946,2048,1024
4089,20.036,14.150,5.886,3,1252,6318,6277630,12563508,2048,1024
4090,20.120,14.403,5.717,3,1242,6326,6283262,12573790,2048,1024
4091,20.062,14.283,5.780,3,1250,6334,6284798,12573788,2048,1024
4092,20.026,14.284,5.742,3,1240,6302,6265086,12531652,2048,1024
4093,19.797,14.002,5.795,3,1244,6342,6268670,12530058,2048,1024
4094,19.852,14.220,5.632,3,1224,6292,6250750,12484960,2048,1024
4095,20.010,14.209,5.801,3,1224,6332,6231550,12443530,2048,1024
4096,19.901,14.277,5.625,3,1212,6276,6198270,12372938,2048,1024
4097,19.925,14.174,5.752,3,1218,6304,6206206,12389120,2048,1024
4098,19.537,14.046,5.491,3,1202,6312,6154494,12280418,2048,1024
4099,19.576,13.805,5.772,3,1194,6264,6131710,12306202,2048,1024
4100,19.613,14.023,5.590,3,1176,6148,6074622,12186338,2048,1024
4101,20.249,14.604,5.645,3,1206,6230,6139902,12310898,2048,1024
4102,19.915,14.270,5.645,3,1208,6220,6139902,12305202,2048,1024
4103,20.489,14.914,5.575,3,1214,6224,6153982,12313490,2048,1024
4104,20.193,14.651,5.543,3,1190,6130,6076926,12154862,2048,1024
4105,20.223,14.650,5.573,3,1194,6142,6083070,12166504,2048,1024
4106,20.495,15.063,5.432,3,1178,6074,6044414,12085472,2048,1024
4107,20.954,15.358,5.597,3,1176,6058,6032894,12064714,2048,1024
4108,20.085,14.582,5.503,3,1166,6002,6028542,12056052,2048,1024
4109,19.304,13.780,5.524,3,1172,5950,6032126,12055266,2048,1024
4110,20.261,14.756,5.505,3,1166,5928,6015742,12025430,2048,1024
4111,20.395,14.726,5.669,3,1192,5938,5998846,11998064,2048,1024
4112,20.140,14.425,5.716,3,1208,5940,6028286,12057960,2048,1024
4113,20.248,14.315,5.934,3,1210,5898,6012670,12042894,2048,1024
4114,19.546,13.798,5.749,3,1178,5782,5913598,11931754,2048,1024
4115,20.455,14.689,5.766,3,1194,5826,5959422,12021678,2048,1024
4116,19.685,13.742,5.943,3,1220,5936,5990398,12079222,2048,1024
4117,20.045,14.329,5.716,3,1222,5982,6038782,12176928,2048,1024
4118,19.481,13.652,5.830,3,1208,5890,5943806,11981264,2048,1024
4119,19.601,14.011,5.591,3,1214,5962,6004222,12100526,2048,1024
4120,19.843,14.113,5.729,3,1184,5968,5930494,11947802,2048,1024
4121,19.766,13.973,5.793,3,1192,6022,5998846,12081500,2048,1024
4122,19.760,14.192,5.567,3,1174,5922,5938430,11957554,2048,1024
4123,19.603,13.914,5.689,3,1186,6008,6006526,12088844,2048,1024
4124,19.388,13.915,5.473,3,1182,5922,5962750,12000238,2048,1024
4125,20.010,14.412,5.598,3,1194,5984,6018046,12107266,2048,1024
4126,19.915,14.340,5.575,3,1166,5908,5968894,12007758,2048,1024
4127,19.933,14.316,5.617,3,1176,5928,5983998,12031934,2048,1024
4128,19.634,13.801,5.833,3,1158,5888,5964542,11993320,2048,1024
4129,20.436,14.685,5.750,3,1164,5922,5980414,12018782,2048,1024
4130,20.168,14.642,5.526,3,1144,5818,5992702,12037020,2048,1024
4131,19.483,13.989,5.494,3,1144,5810,6004222,12060652,2048,1024
4132,19.395,14.184,5.212,3,1128,5768,6003966,12055398,2048,1024
4133,19.533,14.034,5.500,3,1140,5838,6031870,12110660,2048,1024
4134,19.510,13.951,5.559,3,1118,5782,6025470,12092908,2048,1024
4135,19.370,14.030,5.340,3,1126,5816,6052350,12145012,2048,1024
4136,20.123,14.590,5.533,3,1118,5820,6052606,12140262,2048,1024
4137,19.571,14.238,5.333,3,1126,5834,6082302,12201574,2048,1024
4138,19.388,14.038,5.350,3,1108,5782,6078206,12187390,2048,1024
4139,19.262,14.108,5.154,3,1072,5726,6082302,12185128,2048,1024
4140,19.227,13.888,5.339,3,1070,5766,6102014,12225734,2048,1024
4141,19.504,14.127,5.377,3,1078,5840,6123006,12264990,2048,1024
4142,19.156,14.145,5.011,3,1074,5852,6145534,12309774,2048,1024
4143,19.288,14.102,5.186,3,1086,5886,6167294,12347542,2048,1024
4144,19.421,14.112,5.309,3,1078,5844,6147326,12299970,2048,1024
4145,19.345,14.169,5.176,3,1094,5922,6187518,12374486,2048,1024
4146,19.391,14.117,5.274,3,1090,5918,6190846,12382290,2048,1024
4147,19.536,14.284,5.252,3,1090,5876,6168830,12331108,2048,1024
4148,19.480,14.277,5.203,3,1090,5840,6149374,12286552,2048,1024
4149,19.279,14.104,5.176,3,1098,5886,6138878,12262376,2048,1024
4150,19.588,14.223,5.366,3,1094,5884,6128638,12236902,2048,1024
4151,19.673,14.401,5.272,3,1108,5934,6149886,12277248,2048,1024
4152,19.489,13.966,5.523,3,1100,5874,6137598,12245408,2048,1024
4153,19.511,14.217,5.294,3,1108,5892,6156286,12280256,2048,1024
4154,19.544,14.290,5.254,3,1116,5916,6145278,12253332,2048,1024
4155,19.775,14.297,5.478,3,1126,5938,6123262,12205438,2048,1024
4156,19.485,14.001,5.484,3,1122,5926,6126590,12210522,2048,1024
4157,19.900,14.563,5.337,3,1128,5940,6099454,12146990,2048,1024
4158,19.896,14.456,5.441,3,1124,5894,6074622,12092272,2048,1024
4159,19.267,14.015,5.252,3,1136,5974,6094078,12125076,2048,1024
4160,19.754,14.212,5.542,3,1132,5946,6075646,12090218,2048,1024
4161,19.661,14.245,5.416,3,1144,5998,6082046,12100100,2048,1024
4162,19.645,14.080,5.566,3,1134,5992,6075390,12087450,2048,1024
4163,19.274,13.825,5.449,3,1126,5918,6051838,12105436,2048,1024
4164,19.527,14.131,5.396,3,1130,5926,6050046,12101984,2048,1024
4165,19.786,14.093,5.692,3,1156,5992,6099710,12188764,2048,1024
4166,19.791,14.340,5.451,3,1140,5948,6089214,12166094,2048,1024
4167,19.950,14.400,5.551,3,1148,5958,6108926,12201574,2048,1024
4168,20.127,14.614,5.513,3,1140,5862,6037502,12053338,2048,1024
4169,19.797,14.093,5.704,3,1152,5890,6056958,12090346,2048,1024
4170,19.141,13.744,5.397,3,1134,5862,6065918,12102316,2048,1024
4171,19.403,14.090,5.313,3,1142,5882,6062590,12096224,2048,1024
4172,19.430,13.916,5.513,3,1116,5808,6012926,12080344,2048,1024
4173,19.476,14.128,5.348,3,1122,5788,6018814,12089170,2048,1024
4174,19.788,14.191,5.597,3,1140,5872,6059262,12173132,2048,1024
4175,19.454,14.002,5.451,3,1152,5900,6079230,12211064,2048,1024
4176,19.834,13.880,5.954,3,1222,6016,6084350,12225118,2048,1024
4177,20.064,14.427,5.637,3,1230,6054,6090494,12234914,2048,1024
4178,19.695,14.071,5.624,3,1228,6020,6068478,12192352,2048,1024
4179,20.293,14.632,5.661,3,1200,5966,6036734,12129252,2048,1024
4180,21.027,15.248,5.780,3,1194,5946,6021630,12110500,2048,1024
4181,21.119,15.392,5.728,3,1230,6112,6104062,12189262,2048,1024
4182,20.755,15.125,5.630,3,1230,6156,6132734,12247342,2048,1024
4183,21.286,15.459,5.826,3,1238,6262,6195198,12374858,2048,1024
4184,21.266,15.456,5.811,3,1254,6290,6219006,12423738,2048,1024
4185,21.287,15.540,5.747,3,1270,6426,6296062,12581554,2048,1024
4186,20.543,14.769,5.774,3,1260,6416,6329598,12648558,2048,1024
4187,20.937,15.031,5.906,3,1270,6424,6359294,12704360,2048,1024
4188,20.619,14.639,5.979,3,1264,6414,6364670,12719010,2048,1024
4189,20.889,14.881,6.008,3,1276,6460,6408958,12804570,2048,1024
4190,20.784,15.076,5.708,3,1264,6452,6440190,12871074,2048,1024
4191,20.674,14.924,5.750,3,1268,6502,6476286,12940842,2048,1024
4192,20.953,15.165,5.787,3,1268,6530,6506494,13001628,2048,1024
4193,21.135,15.127,6.007,3,1268,6576,6548478,13082610,2048,1024
4194,21.054,15.255,5.798,3,1258,6556,6565374,13120436,2048,1024
4195,20.744,14.998,5.746,3,1262,6548,6518014,13026154,2048,1024
4196,20.714,15.064,5.650,3,1252,6560,6516222,13021856,2048,1024
4197,21.041,15.371,5.671,3,1256,6670,6533630,13057374,2048,1024
4198,20.835,15.012,5.823,3,1234,6554,6460670,12914334,2048,1024
4199,20.803,15.051,5.752,3,1224,6518,6446334,12884412,2048,1024
4200,20.768,15.013,5.755,3,1216,6502,6449662,12890740,2048,1024
4201,21.626,15.716,5.910,3,1222,6530,6476286,12944786,2048,1024
4202,20.936,15.295,5.641,3,1210,6512,6466814,12924870,2048,1024
4203,20.703,14.910,5.793,3,1214,6522,6476542,12944528,2048,1024
4204,20.827,15.277,5.550,3,1206,6498,6477566,12949628,2048,1024
4205,21.219,15.487,5.732,3,1224,6602,6553854,13101230,2048,1024
4206,20.621,14.970,5.650,3,1204,6552,6528510,13052134,2048,1024
4207,20.903,15.434,5.469,3,1206,6526,6537726,13066848,2048,1024
4208,21.430,15.886,5.544,3,1182,6304,6505214,13003020,2048,1024
4209,20.903,15.372,5.531,3,1196,6352,6516478,13022954,2048,1024
4210,20.931,15.243,5.688,3,1186,6334,6492158,12976380,2048,1024
4211,21.002,15.306,5.696,3,1194,6360,6506238,13001452,2048,1024
4212,21.599,15.730,5.870,3,1188,6350,6519294,13030904,2048,1024
4213,21.778,15.981,5.797,3,1196,6374,6529790,13052462,2048,1024
4214,21.048,15.397,5.651,3,1184,6328,6517502,13026818,2048,1024
4215,20.798,15.313,5.485,3,1194,6348,6523902,13039944,2048,1024
4216,21.039,15.453,5.585,3,1186,6342,6514942,13021376,2048,1024
4217,21.066,15.509,5.558,3,1194,6326,6487038,12965044,2048,1024
4218,20.899,15.421,5.478,3,1180,6286,6456830,12909496,2048,1024
4219,21.241,15.406,5.835,3,1188,6382,6455038,12906400,2048,1024
4220,20.940,15.472,5.468,3,1170,6342,6434302,12863214,2048,1024
4221,21.025,15.375,5.650,3,1184,6398,6438398,12872524,2048,1024
4222,21.056,15.488,5.569,3,1172,6356,6413310,12824236,2048,1024
4223,20.852,15.354,5.497,3,1180,6368,6403838,12802152,2048,1024
4224,20.709,15.114,5.595,3,1172,6336,6385150,12767332,2048,1024
4225,21.325,15.660,5.665,3,1182,6338,6387454,12769176,2048,1024
4226,20.046,14.585,5.461,3,1164,6250,6354942,12705474,2048,1024
4227,21.117,15.305,5.812,3,1148,6186,6312702,12690028,2048,1024
4228,21.189,15.638,5.552,3,1154,6220,6342910,12748450,2048,1024
4229,21.581,15.805,5.776,3,1190,6262,6401278,12863792,2048,1024
4230,21.012,15.267,5.744,3,1172,6194,6371326,12802046,2048,1024
4231,20.749,15.301,5.447,3,1182,6190,6361854,12780080,2048,1024
4232,20.542,14.954,5.588,3,1172,6144,6345214,12742114,2048,1024
4233,21.188,15.511,5.677,3,1184,6188,6336254,12721212,2048,1024
4234,20.392,14.903,5.489,3,1180,6152,6320126,12688248,2048,1024
4235,21.005,15.296,5.710,3,1192,6208,6329086,12703406,2048,1024
4236,20.657,15.004,5.654,3,1178,6154,6302462,12648736,2048,1024
4237,20.240,14.668,5.572,3,1192,6184,6299902,12640922,2048,1024
4238,20.104,14.469,5.635,3,1182,6150,6280190,12600240,2048,1024
4239,20.088,14.495,5.594,3,1182,6068,6161150,12356572,2048,1024
4240,20.353,14.633,5.721,3,1172,6114,6145790,12324850,2048,1024
4241,20.115,14.510,5.605,3,1182,6152,6141694,12369804,2048,1024
4242,19.767,14.270,5.497,3,1168,6114,6121982,12326718,2048,1024
4243,19.792,14.228,5.564,3,1180,6146,6127358,12335582,2048,1024
4244,19.871,14.398,5.473,3,1186,6128,6133758,12348996,2048,1024
4245,20.645,14.657,5.988,3,1200,6156,6155006,12390054,2048,1024
4246,20.285,14.431,5.854,3,1192,6156,6142718,12353406,2048,1024
4247,19.811,14.284,5.527,3,1204,6194,6145022,12355742,2048,1024
4248,19.750,14.155,5.595,3,1196,6198,6140926,12347094,2048,1024
4249,20.509,14.756,5.754,3,1210,6258,6152702,12368728,2048,1024
4250,19.856,14.334,5.522,3,1198,6212,6141438,12344940,2048,1024
4251,20.305,14.657,5.647,3,1206,6152,6138878,12337096,2048,1024
4252,21.021,15.279,5.742,3,1188,6076,6115326,12288118,2048,1024
4253,20.995,15.319,5.677,3,1208,6146,6137598,12331390,2048,1024
4254,20.624,14.960,5.664,3,1208,6110,6104830,12264734,2048,1024
4255,20.645,14.892,5.753,3,1214,6144,6118398,12289432,2048,1024
4256,20.797,15.088,5.709,3,1196,6112,6094078,12238950,2048,1024
4257,20.893,15.127,5.766,3,1206,6166,6109950,12268452,2048,1024
4258,20.197,14.671,5.526,3,1198,6080,6078974,12205182,2048,1024
4259,20.160,14.483,5.677,3,1200,6096,6106878,12258388,2048,1024
4260,20.233,14.445,5.788,3,1188,6086,6120190,12284488,2048,1024
4261,19.934,14.149,5.786,3,1206,6204,6142462,12327694,2048,1024
4262,19.937,14.258,5.679,3,1194,6160,6119166,12279458,2048,1024
4263,20.204,14.578,5.626,3,1202,6198,6149374,12337854,2048,1024
4264,20.023,14.364,5.659,3,1186,6110,6135038,12307790,2048,1024
4265,20.076,14.261,5.815,3,1198,6174,6161150,12358254,2048,1024
4266,20.077,14.256,5.821,3,1182,6106,6131454,12296990,2048,1024
4267,19.827,14.140,5.688,3,1190,6134,6158334,12348538,2048,1024
4268,19.877,14.358,5.519,3,1188,6112,6128894,12288696,2048,1024
4269,19.842,14.175,5.667,3,1190,6080,6095102,12217358,2048,1024
4270,19.464,13.969,5.495,3,1176,6070,6094590,12214974,2048,1024
4271,19.619,13.899,5.720,3,1182,6106,6092030,12227318,2048,1024
4272,19.585,13.966,5.619,3,1170,6058,6076414,12194922,2048,1024
4273,19.546,14.020,5.526,3,1178,6084,6083326,12206858,2048,1024
4274,20.068,14.505,5.563,3,1174,6050,6081022,12195874,2048,1024
4275,19.667,14.149,5.518,3,1180,6058,6095358,12217410,2048,1024
4276,19.879,14.327,5.552,3,1168,6012,6059774,12145110,2048,1024
4277,19.511,13.953,5.558,3,1174,6008,6045950,12103102,2048,1024
4278,19.517,14.138,5.378,3,1160,5954,6030590,12069544,2048,1024
4279,20.455,14.854,5.601,3,1168,5956,6008830,12018668,2048,1024
4280,20.070,14.611,5.459,3,1156,5946,5994750,11989280,2048,1024
4281,19.723,14.080,5.643,3,1160,5982,6014462,12017790,2048,1024
4282,19.017,13.643,5.374,3,1148,5940,5999102,11986678,2048,1024
4283,19.463,14.002,5.461,3,1154,5984,6008318,12003224,2048,1024
4284,19.626,14.238,5.389,3,1146,5950,6005758,12002088,2048,1024
4285,19.263,13.917,5.346,3,1156,5972,6014462,12019634,2048,1024
4286,19.249,13.767,5.482,3,1144,5912,5986558,11969134,2048,1024
4287,19.742,14.122,5.620,3,1150,5906,5958910,11914622,2048,1024
4288,19.000,13.670,5.330,3,1144,5856,5940734,11883608,2048,1024
4289,19.209,13.791,5.418,3,1154,5910,5951998,11914360,2048,1024
4290,18.909,13.521,5.389,3,1142,5834,5925886,11875038,2048,1024
4291,19.402,14.117,5.285,3,1130,5740,5861118,11818750,2048,1024
4292,19.136,13.813,5.323,3,1120,5722,5861374,11818612,2048,1024
4293,19.109,13.697,5.413,3,1148,5838,5913598,11921670,2048,1024
4294,19.009,13.767,5.242,3,1140,5828,5906430,11906686,2048,1024
4295,19.171,13.794,5.377,3,1148,5848,5916414,11924894,2048,1024
4296,19.345,13.897,5.448,3,1144,5834,5912318,11916346,2048,1024
4297,19.169,13.783,5.386,3,1154,5832,5922558,11935228,2048,1024
4298,19.140,13.793,5.348,3,1144,5776,5902334,11893136,2048,1024
4299,19.358,13.955,5.403,3,1152,5776,5904126,11894896,2048,1024
4300,19.125,13.672,5.453,3,1144,5740,5883646,11853128,2048,1024
4301,18.809,13.470,5.338,3,1150,5752,5847038,11777448,2048,1024
4302,18.992,13.363,5.630,3,1142,5742,5845246,11744966,2048,1024
4303,19.066,13.676,5.390,3,1154,5782,5855742,11763974,2048,1024
4304,20.001,14.441,5.559,3,1148,5764,5851390,11754688,2048,1024
4305,19.442,13.937,5.506,3,1160,5790,5861118,11772192,2048,1024
4306,19.073,13.701,5.372,3,1146,5782,5852670,11754226,2048,1024
4307,19.084,13.647,5.437,3,1162,5792,5859582,11766134,2048,1024
4308,19.615,13.742,5.873,3,1148,5784,5852414,11750694,2048,1024
4309,18.847,13.453,5.394,3,1160,5864,5865470,11774554,2048,1024
4310,18.887,13.587,5.300,3,1150,5908,5845246,11732392,2048,1024
4311,19.291,13.770,5.521,3,1162,5940,5860606,11760892,2048,1024
4312,18.948,13.540,5.408,3,1148,5898,5848318,11734822,2048,1024
4313,19.038,13.688,5.350,3,1158,5914,5861630,11759164,2048,1024
4314,19.588,14.200,5.388,3,1148,5872,5848318,11731110,2048,1024
4315,19.924,14.372,5.552,3,1156,5908,5855998,11746272,2048,1024
4316,20.251,14.676,5.575,3,1156,5924,5862910,11760094,2048,1024
4317,19.777,14.268,5.510,3,1164,5950,5875454,11782640,2048,1024
4318,18.861,13.426,5.434,3,1156,5914,5865214,11760988,2048,1024
4319,19.469,14.017,5.452,3,1166,5966,5877502,11783086,2048,1024
4320,19.349,13.962,5.388,3,1150,5912,5862398,11750926,2048,1024
4321,19.119,13.681,5.438,3,1160,5946,5859838,11776518,2048,1024
4322,19.205,13.704,5.501,3,1146,5888,5846782,11748552,2048,1024
4323,19.220,13.769,5.451,3,1158,5910,5875966,11805540,2048,1024
4324,19.085,13.744,5.341,3,1148,5824,5863934,11780078,2048,1024
4325,19.192,13.496,5.695,3,1162,5806,5881086,11812872,2048,1024
4326,19.849,14.395,5.453,3,1154,5796,5875966,11801560,2048,1024
4327,19.300,13.758,5.542,3,1168,5838,5882110,11814196,2048,1024
4328,19.547,14.120,5.428,3,1156,5854,5877758,11806470,2048,1024
4329,19.516,14.095,5.421,3,1168,5904,5894142,11837632,2048,1024
4330,20.805,15.365,5.440,3,1152,5826,5876478,11800130,2048,1024
4331,21.037,15.521,5.516,3,1146,5876,5911038,11866084,2048,1024
4332,20.529,14.830,5.699,3,1152,5922,5944830,11934458,2048,1024
4333,20.062,14.545,5.517,3,1178,5982,5964542,11974934,2048,1024
4334,20.356,14.831,5.525,3,1176,5946,5962238,11970032,2048,1024
4335,19.329,13.648,5.681,3,1188,6004,5969918,11983856,2048,1024
4336,19.231,13.616,5.615,3,1190,5966,5968638,11981198,2048,1024
4337,19.645,13.751,5.894,3,1204,6006,5982462,12007600,2048,1024
4338,19.940,13.980,5.960,3,1186,5940,5971454,11984222,2048,1024
4339,19.226,13.760,5.465,3,1160,5942,5952766,11941208,2048,1024
4340,19.376,13.855,5.521,3,1152,5870,5926398,11887340,2048,1024
4341,19.233,13.581,5.652,3,1184,5938,5960190,11916162,2048,1024
4342,19.425,13.702,5.723,3,1188,5914,5951742,11898938,2048,1024
4343,19.599,13.724,5.876,3,1198,5952,5970174,11933876,2048,1024
4344,19.519,13.832,5.687,3,1200,6008,6021118,12037786,2048,1024
4345,20.222,14.215,6.008,3,1224,6004,6018814,12030710,2048,1024
4346,19.728,13.859,5.869,3,1218,6030,6021118,12035700,2048,1024
4347,19.641,13.806,5.834,3,1226,6054,6024958,12040160,2048,1024
4348,19.768,13.919,5.849,3,1224,6066,6033918,12058850,2048,1024
4349,19.516,13.817,5.698,3,1242,6152,6069758,12129178,2048,1024
4350,19.728,13.953,5.775,3,1240,6178,6082814,12154400,2048,1024
4351,20.183,14.402,5.780,3,1246,6212,6091518,12169002,2048,1024
4352,19.804,13.939,5.865,3,1232,6172,6093054,12173396,2048,1024
4353,19.962,14.051,5.911,3,1244,6226,6104062,12194096,2048,1024
4354,19.630,13.906,5.724,3,1232,6056,6075134,12124738,2048,1024
4355,19.685,13.880,5.805,3,1222,5964,6014206,12071450,2048,1024
4356,19.498,13.880,5.618,3,1176,5848,6010110,12061506,2048,1024
4357,19.766,14.011,5.755,3,1208,5970,6071550,12181626,2048,1024
4358,19.984,14.080,5.904,3,1210,5968,6045694,12129202,2048,1024
4359,19.711,13.882,5.829,3,1222,6026,6044414,12125138,2048,1024
4360,20.521,14.808,5.713,3,1210,5948,5975806,11985434,2048,1024
4361,19.605,13.885,5.720,3,1222,6050,6013182,12059290,2048,1024
4362,19.686,13.956,5.730,3,1218,6066,6024702,12082780,2048,1024
4363,20.032,13.955,6.077,3,1228,6124,6054910,12140090,2048,1024
4364,20.047,13.811,6.237,3,1226,6166,6059262,12149466,2048,1024
4365,19.814,13.986,5.828,3,1236,6172,6074110,12177256,2048,1024
4366,19.721,13.966,5.755,3,1230,6102,6045694,12120744,2048,1024
4367,19.777,13.928,5.849,3,1236,6122,6046974,12122772,2048,1024
4368,20.083,14.230,5.853,3,1234,6098,6055166,12138726,2048,1024
4369,19.725,13.985,5.740,3,1248,6138,6077182,12181804,2048,1024
4370,19.892,14.078,5.814,3,1242,6142,6077438,12183122,2048,1024
4371,19.394,13.703,5.691,3,1246,6136,6077950,12182088,2048,1024
4372,19.497,13.827,5.670,3,1232,6082,6055166,12136814,2048,1024
4373,19.957,14.219,5.738,3,1238,6072,6063102,12153138,2048,1024
4374,19.472,13.685,5.787,3,1228,6000,6010366,12045608,2048,1024
4375,19.989,14.073,5.917,3,1240,6042,6021118,12066004,2048,1024
4376,19.612,14.086,5.527,3,1182,5906,5983998,11985848,2048,1024
4377,19.852,14.199,5.653,3,1196,5986,6007038,12030878,2048,1024
4378,19.109,13.454,5.655,3,1200,5928,5945854,11908658,2048,1024
4379,19.260,13.649,5.611,3,1208,5910,5945598,11904764,2048,1024
4380,19.741,14.112,5.630,3,1202,5892,5934846,11883906,2048,1024
4381,20.084,14.079,6.004,3,1216,5976,5968638,11950632,2048,1024
4382,19.900,14.091,5.809,3,1226,5986,5980670,11975040,2048,1024
4383,19.976,14.308,5.668,3,1240,6040,6004222,12039680,2048,1024
4384,19.431,13.757,5.673,3,1234,6030,6011646,12055426,2048,1024
4385,19.614,13.797,5.817,3,1246,6084,6027774,12084946,2048,1024
4386,19.449,13.756,5.693,3,1238,6100,6019070,12067920,2048,1024
4387,19.468,13.569,5.898,3,1252,6182,6051326,12131244,2048,1024
4388,20.017,14.174,5.843,3,1244,6182,6060286,12149728,2048,1024
4389,19.693,14.017,5.677,3,1252,6186,6085886,12154868,2048,1024
4390,19.581,13.807,5.774,3,1244,6128,6057214,12097168,2048,1024
4391,19.506,13.593,5.913,3,1248,6098,6017534,12015378,2048,1024
4392,19.447,13.812,5.635,3,1230,6014,5980414,11940828,2048,1024
4393,19.582,13.955,5.627,3,1236,6022,5983998,11949368,2048,1024
4394,19.325,13.649,5.675,3,1234,6006,5980158,11942854,2048,1024
4395,19.396,13.730,5.666,3,1238,6028,5987582,11957274,2048,1024
4396,19.594,14.032,5.561,3,1224,6014,5970942,11925182,2048,1024
4397,19.537,13.725,5.813,3,1230,6018,5956350,11894640,2048,1024
4398,19.383,13.783,5.600,3,1232,6020,5956862,11896274,2048,1024
4399,19.141,13.570,5.571,3,1200,5926,5947134,11870732,2048,1024
4400,19.141,13.692,5.449,3,1184,5922,5964542,11906532,2048,1024
4401,19.494,13.817,5.677,3,1200,5950,5974270,11923704,2048,1024
4402,19.198,13.685,5.513,3,1198,5946,5955582,11883556,2048,1024
4403,19.243,13.625,5.619,3,1210,5980,5962494,11894416,2048,1024
4404,19.517,13.708,5.809,3,1204,5978,5977598,11925380,2048,1024
4405,20.262,14.642,5.620,3,1214,6034,5992446,11955584,2048,1024
4406,20.727,14.683,6.044,3,1216,6022,5993470,11956742,2048,1024
4407,20.314,14.620,5.694,3,1226,6068,6016510,12002834,2048,1024
4408,20.219,14.455,5.764,3,1216,6040,6015486,12001280,2048,1024
4409,20.424,14.835,5.588,3,1228,6046,6020094,12008866,2048,1024
4410,19.663,14.039,5.625,3,1226,6022,6010110,11990602,2048,1024
4411,19.423,13.794,5.629,3,1232,6050,5990910,11948308,2048,1024
4412,19.448,13.923,5.525,3,1208,5972,5961214,11889074,2048,1024
4413,19.274,13.627,5.648,3,1212,5964,5948158,11859542,2048,1024
4414,19.762,14.130,5.633,3,1212,5932,5937406,11837486,2048,1024
4415,19.490,13.817,5.673,3,1216,5934,5920254,11802268,2048,1024
4416,19.267,13.729,5.538,3,1196,5890,5911550,11783592,2048,1024
4417,19.502,13.978,5.525,3,1204,5912,5926398,11811988,2048,1024
4418,19.243,13.708,5.535,3,1196,5854,5912318,11784850,2048,1024
4419,20.903,15.111,5.792,3,1190,5828,5890302,11811138,2048,1024
4420,21.469,15.290,6.179,3,1194,5854,5918206,11869368,2048,1024
4421,21.237,15.150,6.088,3,1222,5958,5975550,11978898,2048,1024
4422,20.207,14.539,5.667,3,1204,5874,5953022,11931896,2048,1024
4423,20.267,14.374,5.893,3,1216,5942,5964030,11952872,2048,1024
4424,20.335,14.654,5.681,3,1214,5968,5987838,12000700,2048,1024
4425,20.469,14.967,5.502,3,1154,5848,5955070,11926654,2048,1024
4426,20.218,14.721,5.497,3,1156,5830,5951998,11921384,2048,1024
4427,20.229,14.679,5.550,3,1174,5892,5991422,11998562,2048,1024
4428,19.150,13.604,5.547,3,1166,5884,5969150,11955572,2048,1024
4429,19.416,13.893,5.523,3,1184,5990,6004990,12027178,2048,1024
4430,20.260,14.693,5.567,3,1182,6016,6017022,12051008,2048,1024
4431,19.981,14.387,5.594,3,1200,6006,6000638,11975230,2048,1024
4432,19.263,13.709,5.555,3,1196,5982,5993982,11963502,2048,1024
4433,19.365,13.645,5.721,3,1210,6002,6002942,11979244,2048,1024
4434,19.483,13.655,5.828,3,1204,5946,5964798,11903810,2048,1024
4435,19.496,13.852,5.644,3,1220,6022,5986558,11946802,2048,1024
4436,19.640,13.854,5.787,3,1220,6050,6003966,11983936,2048,1024
4437,19.609,13.919,5.690,3,1226,6102,6003454,12036668,2048,1024
4438,19.595,13.954,5.642,3,1226,6106,6003198,12037248,2048,1024
4439,19.900,13.920,5.980,3,1248,6208,6074110,12181730,2048,1024
4440,19.503,13.768,5.735,3,1244,6148,6065918,12166600,2048,1024
4441,19.541,13.813,5.728,3,1244,6146,6053374,12142224,2048,1024
4442,19.741,14.063,5.678,3,1236,6116,6042878,12121878,2048,1024
4443,19.709,13.991,5.718,3,1238,6088,6023422,12080984,2048,1024
4444,19.487,13.831,5.656,3,1222,6032,6016254,12050306,2048,1024
4445,19.664,13.941,5.723,3,1230,6058,6031870,12081686,2048,1024
4446,19.427,13.717,5.710,3,1220,6026,6015998,12049416,2048,1024
4447,19.416,13.855,5.560,3,1174,5904,6001406,12015920,2048,1024
4448,19.131,13.658,5.473,3,1166,5884,6004222,12022812,2048,1024
4449,19.391,13.833,5.559,3,1188,5932,6016254,12046672,2048,1024
4450,19.725,14.237,5.488,3,1188,5966,6012670,12040534,2048,1024
4451,19.454,13.690,5.764,3,1202,6032,6046206,12108822,2048,1024
4452,19.906,14.299,5.607,3,1196,6034,6063358,12143952,2048,1024
4453,19.677,14.017,5.660,3,1202,6040,6064894,12149470,2048,1024
4454,19.287,13.719,5.568,3,1196,6032,6068734,12156722,2048,1024
4455,19.623,13.959,5.664,3,1214,6114,6114046,12248008,2048,1024
4456,19.758,14.026,5.732,3,1220,6126,6120446,12261060,2048,1024
4457,19.841,14.020,5.821,3,1242,6204,6179070,12363294,2048,1024
4458,19.689,13.935,5.754,3,1236,6184,6179838,12365536,2048,1024
4459,19.852,14.175,5.677,3,1244,6226,6194686,12393240,2048,1024
4460,20.139,14.125,6.014,3,1230,6208,6184702,12374880,2048,1024
4461,20.043,14.275,5.768,3,1230,6200,6171646,12347500,2048,1024
4462,19.413,13.817,5.596,3,1224,6140,6126078,12256268,2048,1024
4463,20.230,14.378,5.852,3,1232,6124,6109950,12223496,2048,1024
4464,19.447,13.775,5.672,3,1224,6100,6086910,12176320,2048,1024
4465,19.777,14.096,5.681,3,1234,6116,6076926,12156158,2048,1024
4466,19.833,13.839,5.994,3,1224,6046,6063358,12129576,2048,1024
4467,20.799,15.039,5.760,3,1260,6618,7110910,13512926,2048,1024
4468,21.065,15.326,5.739,3,1246,6550,7072510,13436036,2048,1024
4469,21.034,15.166,5.867,3,1250,6552,7046910,13380736,2048,1024
4470,21.388,15.621,5.767,3,1240,6598,7032830,13352038,2048,1024
4471,20.980,15.153,5.828,3,1248,6626,7037182,13357502,2048,1024
4472,21.070,15.241,5.828,3,1240,6638,7039998,13362518,2048,1024
4473,21.276,15.576,5.700,3,1248,6684,7051262,13373114,2048,1024
4474,20.960,15.318,5.642,3,1234,6622,7037950,13346880,2048,1024
4475,21.091,15.294,5.798,3,1248,6658,7071998,13402926,2048,1024
4476,20.644,15.078,5.566,3,1190,6432,7031550,13308108,2048,1024
4477,21.533,15.787,5.746,3,1210,6510,7062014,13367352,2048,1024
4478,21.452,15.731,5.721,3,1216,6420,6793470,13344472,2048,1024
4479,21.689,15.594,6.095,3,1248,6630,7118846,13472386,2048,1024
4480,22.024,15.984,6.041,3,1248,6548,6861310,13471612,2048,1024
4481,23.470,17.612,5.858,3,1266,6610,6908158,13563874,2048,1024
4482,23.040,17.044,5.996,3,1266,6624,6915326,13569406,2048,1024
4483,22.448,16.435,6.013,3,1256,6574,6891518,13591474,2048,1024
4484,22.320,16.218,6.102,3,1252,6548,6909438,13618786,2048,1024
4485,22.491,16.562,5.929,3,1288,6710,6983422,13751510,2048,1024
4486,21.451,15.525,5.926,3,1284,6678,6988030,13760368,2048,1024
4487,21.373,15.472,5.901,3,1296,6762,7013630,13799588,2048,1024
4488,21.487,15.549,5.938,3,1296,6786,7030270,13833534,2048,1024
4489,21.529,15.610,5.919,3,1310,6898,7057662,13875268,2048,1024
4490,21.501,15.572,5.928,3,1308,6828,7053310,13867478,2048,1024
4491,22.086,16.080,6.007,3,1320,6900,7021822,13790426,2048,1024
4492,21.704,15.487,6.217,3,1308,6808,6951422,13649026,2048,1024
4493,21.461,15.391,6.070,3,1326,6856,6963966,13661198,2048,1024
4494,21.365,15.127,6.238,3,1328,6770,6930174,13585038,2048,1024
4495,21.610,15.296,6.315,3,1346,6802,6946302,13613376,2048,1024
4496,21.370,15.326,6.044,3,1346,6842,6984190,13680684,2048,1024
4497,21.877,15.611,6.266,3,1358,6832,6977790,13669580,2048,1024
4498,21.841,15.456,6.384,3,1360,6862,7001086,13709482,2048,1024
4499,21.583,15.487,6.096,3,1360,6902,7019518,13742954,2048,1024
4500,22.051,15.739,6.312,3,1344,6840,6977022,13646996,2048,1024
4501,22.083,15.395,6.687,3,1358,6872,6996222,13682726,2048,1024
4502,21.803,15.749,6.054,3,1354,6798,7009022,13698582,2048,1024
4503,21.966,15.583,6.383,3,1366,6938,7082750,13837884,2048,1024
4504,21.930,15.432,6.498,3,1366,6922,7037438,13748574,2048,1024
4505,21.812,15.684,6.129,3,1374,6970,7088894,13839558,2048,1024
4506,22.280,15.775,6.505,3,1366,6960,7098366,13858078,2048,1024
4507,21.872,15.661,6.211,3,1372,6998,7099646,13848344,2048,1024
4508,21.909,15.639,6.270,3,1358,6980,7091710,13831434,2048,1024
4509,22.049,15.841,6.207,3,1368,6992,7095294,13834388,2048,1024
4510,21.809,15.600,6.209,3,1366,6966,7091198,13827270,2048,1024
4511,22.067,15.773,6.294,3,1372,6954,7088126,13816552,2048,1024
4512,22.060,15.883,6.177,3,1350,6952,7082750,13803638,2048,1024
4513,21.728,15.494,6.234,3,1368,6972,7076606,13787668,2048,1024
4514,22.130,15.794,6.336,3,1366,6958,7113470,13864142,2048,1024
4515,21.499,15.394,6.104,3,1370,7008,7130366,13902670,2048,1024
4516,22.159,16.043,6.117,3,1366,7024,7088894,13819102,2048,1024
4517,22.213,15.941,6.273,3,1374,7140,7129598,13907046,2048,1024
4518,21.922,15.674,6.248,3,1364,7096,7133438,13918506,2048,1024
4519,21.968,15.786,6.182,3,1368,7084,7152382,13951342,2048,1024
4520,21.700,15.548,6.152,3,1356,7006,7111166,13877374,2048,1024
4521,22.453,16.062,6.392,3,1368,7072,7163134,13979204,2048,1024
4522,21.970,15.758,6.212,3,1360,7074,7148798,13958682,2048,1024
4523,22.022,15.856,6.165,3,1356,7062,7130878,13916376,2048,1024
4524,22.200,15.997,6.203,3,1352,7098,7174398,14011992,2048,1024
4525,22.175,15.697,6.478,3,1362,7156,7448318,14032952,2048,1024
4526,21.952,15.867,6.085,3,1340,7112,7476222,14097334,2048,1024
4527,23.243,16.993,6.250,3,1348,7054,7449086,14047918,2048,1024
4528,22.047,15.985,6.062,3,1336,7014,7433982,14015524,2048,1024
4529,22.143,15.741,6.401,3,1344,7036,7437566,14026160,2048,1024
4530,21.827,15.741,6.086,3,1344,7036,7442430,14036282,2048,1024
4531,21.982,15.915,6.068,3,1344,7052,7456510,14068518,2048,1024
4532,22.067,15.937,6.130,3,1358,7076,7446270,14048538,2048,1024
4533,22.288,15.863,6.424,3,1366,7100,7463678,14086590,2048,1024
4534,22.073,15.809,6.264,3,1354,7020,7419390,13999970,2048,1024
4535,21.972,15.677,6.294,3,1358,7086,7444478,14055224,2048,1024
4536,21.822,15.456,6.366,3,1346,6998,7343614,13859388,2048,1024
4537,21.784,15.599,6.185,3,1356,7034,7345918,13860712,2048,1024
4538,21.708,15.389,6.318,3,1346,7012,7286270,13747222,2048,1024
4539,21.998,15.697,6.301,3,1354,7040,7313406,13796332,2048,1024
4540,22.014,15.737,6.277,3,1344,6966,7267838,13711994,2048,1024
4541,21.473,15.313,6.159,3,1354,6994,7292926,13756760,2048,1024
4542,21.884,15.827,6.057,3,1348,6932,7303678,13787074,2048,1024
4543,21.760,15.680,6.080,3,1356,6984,7313406,13802374,2048,1024
4544,21.837,15.725,6.112,3,1338,6926,7308798,13792554,2048,1024
4545,21.783,15.794,5.989,3,1320,6898,7324158,13824476,2048,1024
4546,21.710,15.775,5.935,3,1308,6900,7340030,13854478,2048,1024
4547,21.803,15.882,5.921,3,1292,6796,7293438,13837868,2048,1024
4548,21.722,15.822,5.899,3,1288,6866,7318270,13888830,2048,1024
4549,24.970,16.745,8.224,3,1318,6966,7375870,13999026,2048,1024
4550,22.627,16.676,5.951,3,1304,6916,7330814,13916882,2048,1024
4551,22.734,16.512,6.222,3,1308,6944,7352062,13954382,2048,1024
4552,22.875,16.910,5.965,3,1302,6818,7326206,13903142,2048,1024
4553,22.090,15.900,6.190,3,1302,6796,7086334,13950292,2048,1024
4554,22.489,16.566,5.924,3,1302,6788,7095550,13968820,2048,1024
4555,22.060,15.748,6.312,3,1308,6820,7112190,14005554,2048,1024
4556,21.732,15.817,5.915,3,1282,6776,7076094,13930836,2048,1024
4557,21.781,15.935,5.846,3,1286,6754,7064318,13909792,2048,1024
4558,21.797,15.844,5.954,3,1282,6770,7062782,13906172,2048,1024
4559,21.446,15.499,5.947,3,1288,6778,7045630,13874504,2048,1024
4560,21.480,15.701,5.779,3,1276,6754,7028478,13838674,2048,1024
4561,21.356,15.482,5.875,3,1270,6712,7009790,13802302,2048,1024
4562,21.964,16.179,5.785,3,1252,6686,7001598,13791976,2048,1024
4563,21.570,15.566,6.005,3,1260,6814,7014142,13811724,2048,1024
4564,21.415,15.521,5.894,3,1252,6804,7014654,13819792,2048,1024
4565,21.322,15.584,5.737,3,1258,6810,6995710,13777148,2048,1024
4566,21.374,15.716,5.658,3,1252,6778,6988030,13770170,2048,1024
4567,21.161,15.479,5.681,3,1256,6778,6971902,13732386,2048,1024
4568,21.392,15.752,5.640,3,1208,6576,6855934,13504002,2048,1024
4569,21.402,15.922,5.480,3,1154,6364,6814718,13410276,2048,1024
4570,21.018,15.318,5.700,3,1180,6556,6904062,13482898,2048,1024
4571,20.786,15.155,5.631,3,1200,6616,6895102,13466736,2048,1024
4572,21.985,16.396,5.588,3,1186,6546,6855678,13386498,2048,1024
4573,21.802,16.284,5.518,3,1200,6574,6867198,13410836,2048,1024
4574,20.856,15.247,5.609,3,1198,6530,6847230,13369942,2048,1024
4575,20.777,15.081,5.696,3,1210,6550,6859006,13394550,2048,1024
4576,20.790,15.205,5.585,3,1200,6528,6848510,13372780,2048,1024
4577,21.157,15.090,6.067,3,1212,6548,6846974,13370476,2048,1024
4578,20.760,15.184,5.576,3,1212,6548,6793982,13263468,2048,1024
4579,21.298,14.971,6.327,3,1230,6596,6794750,13265622,2048,1024
4580,20.738,14.947,5.791,3,1230,6602,6785790,13254170,2048,1024
4581,20.676,14.953,5.724,3,1238,6618,6810622,13298210,2048,1024
4582,20.730,15.090,5.639,3,1240,6618,6802686,13288562,2048,1024
4583,20.528,14.861,5.668,3,1244,6650,6807038,13290818,2048,1024
4584,20.432,15.037,5.396,3,1170,6422,6698750,13070912,2048,1024
4585,20.386,14.872,5.514,3,1184,6496,6712318,13093304,2048,1024
4586,20.487,14.779,5.708,3,1192,6528,6728702,13133356,2048,1024
4587,20.620,14.932,5.688,3,1202,6534,6744830,13159934,2048,1024
4588,20.568,15.070,5.498,3,1198,6516,6746622,13169330,2048,1024
4589,20.513,14.943,5.570,3,1212,6528,6761470,13199924,2048,1024
4590,20.451,14.782,5.670,3,1212,6550,6758398,13193652,2048,1024
4591,20.557,14.973,5.584,3,1224,6616,6779390,13236564,2048,1024
4592,21.171,15.607,5.564,3,1214,6580,6782718,13242634,2048,1024
4593,20.805,15.118,5.687,3,1222,6616,6786558,13249986,2048,1024
4594,21.510,15.787,5.723,3,1214,6622,6785534,13247450,2048,1024
4595,21.224,15.459,5.764,3,1226,6564,6814462,13306186,2048,1024
4596,22.529,16.770,5.758,3,1232,6584,6841086,13360528,2048,1024
4597,21.759,15.652,6.107,3,1242,6584,6846718,13371338,2048,1024
4598,21.817,15.984,5.833,3,1234,6534,6836990,13357302,2048,1024
4599,21.262,15.674,5.588,3,1168,6352,6743550,13155316,2048,1024
4600,20.469,15.045,5.425,3,1152,6252,6711806,13096264,2048,1024
4601,20.345,14.845,5.500,3,1166,6304,6726910,13120902,2048,1024
4602,20.784,15.119,5.665,3,1182,6326,6738430,13150142,2048,1024
4603,20.819,15.175,5.644,3,1198,6374,6755838,13175954,2048,1024
4604,20.383,14.943,5.440,3,1190,6354,6746878,13149354,2048,1024
4605,20.960,15.266,5.694,3,1202,6394,6722046,13110888,2048,1024
4606,20.589,15.033,5.556,3,1196,6430,6721278,13114546,2048,1024
4607,20.665,14.928,5.737,3,1208,6462,6728446,13128926,2048,1024
4608,20.729,15.063,5.666,3,1206,6454,6724606,13121084,2048,1024
4609,20.488,14.880,5.608,3,1222,6522,6750974,13174572,2048,1024
4610,21.396,15.752,5.644,3,1214,6516,6747134,13167218,2048,1024
4611,21.146,15.188,5.958,3,1212,6490,6714110,13172948,2048,1024
4612,20.860,15.206,5.655,3,1212,6474,6701822,13148500,2048,1024
4613,21.753,15.574,6.180,3,1244,6578,6756862,13256732,2048,1024
4614,21.568,15.703,5.865,3,1244,6570,6752510,13247868,2048,1024
4615,20.750,15.002,5.748,3,1246,6592,6754302,13242382,2048,1024
4616,21.515,15.793,5.722,3,1232,6550,6749438,13237468,2048,1024
4617,20.913,15.053,5.860,3,1242,6544,6760190,13251034,2048,1024
4618,20.633,14.808,5.825,3,1230,6492,6743038,13221012,2048,1024
4619,22.212,16.581,5.631,3,1242,6396,6742270,13210868,2048,1024
4620,22.000,16.234,5.766,3,1226,6328,6728446,13178694,2048,1024
4621,21.640,15.769,5.871,3,1238,6360,6742526,13205842,2048,1024
4622,21.827,16.009,5.818,3,1224,6358,6730494,13183064,2048,1024
4623,21.843,16.068,5.775,3,1228,6426,6738686,13192626,2048,1024
4624,21.360,15.748,5.612,3,1206,6454,6724862,13162216,2048,1024
4625,20.900,15.239,5.660,3,1212,6510,6745086,13196726,2048,1024
4626,21.703,15.421,6.282,3,1212,6508,6761726,13229980,2048,1024
4627,20.928,15.218,5.710,3,1224,6540,6787582,13267608,2048,1024
4628,20.845,14.928,5.917,3,1218,6514,6783742,13260490,2048,1024
4629,20.848,15.034,5.814,3,1224,6556,6802686,13284826,2048,1024
4630,20.576,15.001,5.575,3,1216,6520,6797822,13273794,2048,1024
4631,20.794,15.006,5.788,3,1226,6538,6810366,13286106,2048,1024
4632,20.600,15.031,5.569,3,1210,6496,6809086,13281916,2048,1024
4633,20.953,15.128,5.825,3,1224,6548,6841342,13326256,2048,1024
4634,20.805,15.232,5.573,3,1216,6514,6854910,13352344,2048,1024
4635,20.959,15.127,5.833,3,1222,6560,6866174,13363908,2048,1024
4636,20.645,15.132,5.513,3,1218,6436,6854910,13332616,2048,1024
4637,20.868,15.113,5.755,3,1224,6490,6864382,13345622,2048,1024
4638,20.774,15.229,5.545,3,1216,6460,6845182,13296984,2048,1024
4639,20.660,15.066,5.595,3,1222,6470,6816510,13233324,2048,1024
4640,20.713,14.988,5.724,3,1212,6408,6798078,13187698,2048,1024
4641,20.672,15.096,5.576,3,1220,6430,6792958,13170734,2048,1024
4642,20.526,14.931,5.594,3,1208,6320,6750462,13074432,2048,1024
4643,20.912,15.156,5.756,3,1222,6504,6987006,13491794,2048,1024
4644,20.722,15.206,5.515,3,1224,6474,6960382,13431596,2048,1024
4645,21.184,15.259,5.925,3,1234,6550,6984190,13464878,2048,1024
4646,21.110,15.562,5.548,3,1224,6498,6972670,13440472,2048,1024
4647,20.680,15.128,5.552,3,1236,6652,6990590,13461808,2048,1024
4648,20.911,15.362,5.550,3,1230,6616,6978302,13436194,2048,1024
4649,21.049,15.407,5.642,3,1238,6692,7003134,13473634,2048,1024
4650,20.973,15.379,5.595,3,1224,6654,7001342,13469108,2048,1024
4651,21.318,15.445,5.873,3,1234,6682,7016446,13485158,2048,1024
4652,20.908,15.349,5.559,3,1234,6654,7013630,13479398,2048,1024
4653,21.518,15.568,5.950,3,1240,6632,7022846,13483212,2048,1024
4654,21.076,15.295,5.781,3,1222,6552,6998270,13427100,2048,1024
4655,21.018,15.223,5.795,3,1242,6648,7022846,13470452,2048,1024
4656,21.165,15.291,5.874,3,1234,6632,7020286,13457440,2048,1024
4657,21.391,15.456,5.935,3,1250,6596,7028222,13466812,2048,1024
4658,21.439,15.717,5.722,3,1234,6558,7014142,13430040,2048,1024
4659,20.985,15.176,5.809,3,1244,6588,7027454,13450014,2048,1024
4660,21.095,15.260,5.834,3,1242,6606,7031294,13450376,2048,1024
4661,21.146,15.355,5.791,3,1248,6638,7037950,13456530,2048,1024
4662,20.899,15.279,5.619,3,1244,6654,7047678,13468738,2048,1024
4663,21.413,15.588,5.825,3,1252,6680,7055614,13470562,2048,1024
4664,21.722,15.740,5.982,3,1244,6658,7060990,13480954,2048,1024
4665,21.377,15.677,5.699,3,1250,6678,7070206,13485144,2048,1024
4666,21.357,15.382,5.975,3,1240,6624,7056382,13456366,2048,1024
4667,22.383,16.207,6.176,3,1250,6682,7064062,13514326,2048,1024
4668,21.663,15.995,5.668,3,1238,6728,7055358,13495880,2048,1024
4669,21.184,15.323,5.862,3,1246,6752,7064574,13501280,2048,1024
4670,21.535,15.512,6.023,3,1236,6718,7062782,13496718,2048,1024
4671,21.519,15.589,5.930,3,1254,6804,7089918,13539008,2048,1024
4672,21.603,15.675,5.928,3,1254,6764,7084030,13519628,2048,1024
4673,21.312,15.405,5.908,3,1264,6866,7132670,13612162,2048,1024
4674,21.184,15.498,5.686,3,1262,6816,7124990,13595832,2048,1024
4675,21.299,15.540,5.759,3,1248,6742,7086846,13610596,2048,1024
4676,21.195,15.427,5.769,3,1234,6686,7099646,13635374,2048,1024
4677,21.189,15.496,5.693,3,1268,6836,7169022,13763346,2048,1024
4678,21.672,15.800,5.872,3,1252,6748,7159294,13741784,2048,1024
4679,21.271,15.581,5.691,3,1260,6798,7171582,13762198,2048,1024
4680,21.385,15.643,5.743,3,1258,6784,7180286,13779152,2048,1024
4681,21.416,15.644,5.772,3,1266,6830,7195390,13803280,2048,1024
4682,21.330,15.630,5.700,3,1248,6754,7174142,13759130,2048,1024
4683,21.526,15.448,6.078,3,1258,6784,7186174,13777044,2048,1024
4684,21.152,15.484,5.668,3,1246,6728,7171326,13745988,2048,1024
4685,21.759,15.758,6.001,3,1248,6750,7177214,13751684,2048,1024
4686,21.425,15.713,5.713,3,1246,6720,7168510,13733954,2048,1024
4687,21.444,15.688,5.756,3,1258,6692,7175678,13735306,2048,1024
4688,21.116,15.448,5.668,3,1240,6600,7118846,13618904,2048,1024
4689,21.166,15.468,5.698,3,1226,6552,7053822,13596642,2048,1024
4690,21.056,15.327,5.729,3,1212,6478,7003134,13493138,2048,1024
4691,22.407,16.483,5.924,3,1252,6646,7083518,13639948,2048,1024
4692,22.415,16.372,6.043,3,1254,6648,7085310,13642766,2048,1024
4693,22.553,16.739,5.814,3,1262,6696,7096318,13657392,2048,1024
4694,22.082,16.387,5.695,3,1242,6634,7095550,13653740,2048,1024
4695,22.251,16.311,5.939,3,1246,6698,7112958,13682554,2048,1024
4696,21.033,15.281,5.752,3,1246,6672,7106302,13668854,2048,1024
4697,21.664,15.572,6.091,3,1252,6618,7116542,13681764,2048,1024
4698,21.297,15.561,5.736,3,1236,6554,7114750,13669860,2048,1024
4699,21.293,15.627,5.666,3,1246,6580,7124478,13675098,2048,1024
4700,21.601,15.816,5.785,3,1238,6554,7116030,13657294,2048,1024
4701,21.505,15.588,5.917,3,1252,6588,7114238,13639046,2048,1024
4702,21.321,15.666,5.655,3,1242,6538,7101694,13612984,2048,1024
4703,21.363,15.534,5.829,3,1254,6554,7096830,13588778,2048,1024
4704,21.151,15.087,6.064,3,1242,6492,7020286,13433178,2048,1024
4705,20.919,15.251,5.667,3,1248,6506,6995198,13367332,2048,1024
4706,20.860,15.195,5.665,3,1240,6486,6994430,13364876,2048,1024
4707,20.705,15.035,5.670,3,1246,6636,7002366,13367926,2048,1024
4708,21.065,15.340,5.725,3,1246,6626,6997758,13350944,2048,1024
4709,21.093,15.144,5.949,3,1256,6670,7012094,13372152,2048,1024
4710,21.040,15.392,5.648,3,1214,6526,7014910,13365760,2048,1024
4711,21.631,15.410,6.221,3,1234,6576,7044350,13417700,2048,1024
4712,22.161,16.095,6.065,3,1244,6582,7048958,13418888,2048,1024
4713,22.494,16.630,5.864,3,1260,6660,7071230,13456308,2048,1024
4714,21.367,15.567,5.800,3,1248,6614,7060222,13434402,2048,1024
4715,21.302,15.535,5.767,3,1262,6672,7073022,13444404,2048,1024
4716,21.020,15.308,5.711,3,1230,6572,7059966,13417884,2048,1024
4717,21.689,15.914,5.775,3,1244,6630,7098622,13481194,2048,1024
4718,21.093,15.355,5.738,3,1246,6556,7083774,13450918,2048,1024
4719,21.098,15.203,5.894,3,1260,6628,7098622,13473126,2048,1024
4720,21.599,15.695,5.904,3,1262,6630,7098110,13464250,2048,1024
4721,21.357,15.326,6.031,3,1282,6650,7133950,13529482,2048,1024
4722,21.167,15.372,5.795,3,1272,6598,7116030,13484252,2048,1024
4723,21.345,15.244,6.101,3,1286,6664,7149310,13545548,2048,1024
4724,21.230,15.207,6.024,3,1300,6660,7149566,13545656,2048,1024
4725,21.578,15.229,6.348,3,1318,6666,7166974,13567284,2048,1024
4726,21.485,15.302,6.183,3,1326,6662,7158270,13549784,2048,1024
4727,21.591,15.542,6.049,3,1322,6660,7153662,13523796,2048,1024
4728,21.562,15.412,6.150,3,1316,6700,7176446,13569026,2048,1024
4729,21.378,15.307,6.071,3,1340,6730,7164926,13538812,2048,1024
4730,21.418,15.124,6.295,3,1346,6754,7166974,13498902,2048,1024
4731,21.630,15.568,6.062,3,1346,6702,6898942,13490344,2048,1024
4732,21.527,15.389,6.138,3,1344,6710,6900734,13483326,2048,1024
4733,21.871,15.713,6.158,3,1362,6824,6933502,13541324,2048,1024
4734,21.970,15.545,6.425,3,1348,6794,6913534,13500642,2048,1024
4735,21.849,15.490,6.359,3,1358,6820,6956286,13577290,2048,1024
4736,21.124,15.146,5.978,3,1304,6750,6919678,13496314,2048,1024
4737,21.684,15.420,6.265,3,1326,6872,6985470,13595918,2048,1024
4738,21.971,15.370,6.601,3,1332,6918,7037438,13698710,2048,1024
4739,21.706,15.607,6.099,3,1306,6832,6953726,13650148,2048,1024
4740,21.840,15.510,6.331,3,1300,6796,6964478,13667666,2048,1024
4741,21.896,15.706,6.190,3,1324,6898,7012606,13751828,2048,1024
4742,21.565,15.551,6.014,3,1318,6918,7002110,13735268,2048,1024
4743,21.826,15.664,6.161,3,1326,6872,6999294,13716678,2048,1024
4744,22.071,15.760,6.311,3,1322,6834,7005438,13731390,2048,1024
4745,22.000,15.781,6.219,3,1334,6906,7049726,13808226,2048,1024
4746,22.140,15.861,6.279,3,1348,7026,7115390,13903334,2048,1024
4747,21.786,15.709,6.077,3,1356,7034,7115262,13911408,2048,1024
4748,22.512,15.960,6.552,3,1356,7030,7140990,13949908,2048,1024
4749,21.975,15.749,6.226,3,1358,7012,7190014,14045558,2048,1024
4750,22.463,16.324,6.139,3,1350,6924,7172990,14009534,2048,1024
4751,22.732,16.459,6.273,3,1348,6966,7148542,13961530,2048,1024
4752,21.913,15.618,6.296,3,1336,6954,7152254,13973408,2048,1024
4753,21.943,15.877,6.066,3,1340,6954,7179774,14028920,2048,1024
4754,23.380,16.843,6.537,3,1338,7048,7211134,14075780,2048,1024
4755,22.283,15.889,6.394,3,1354,7082,7248126,14144564,2048,1024
4756,22.541,16.358,6.184,3,1350,7086,7273598,14205778,2048,1024
4757,22.696,16.437,6.259,3,1362,7106,7254014,14169828,2048,1024
4758,22.309,16.028,6.281,3,1362,7084,7242366,14153950,2048,1024
4759,22.582,16.344,6.238,3,1358,7098,7236094,14145288,2048,1024
4760,24.413,18.174,6.239,3,1348,7068,7252350,14174012,2048,1024
4761,23.697,17.435,6.262,3,1362,7018,7183102,14024714,2048,1024
4762,22.722,16.429,6.293,3,1364,7052,7167358,14004938,2048,1024
4763,23.174,16.909,6.265,3,1360,7028,7175166,14013144,2048,1024
4764,22.798,16.686,6.113,3,1334,6930,7059838,13790020,2048,1024
4765,22.162,15.763,6.399,3,1338,6928,7027710,13729232,2048,1024
4766,21.731,15.572,6.159,3,1336,6950,7047038,13765932,2048,1024
4767,22.050,15.849,6.201,3,1342,6958,7074046,13822818,2048,1024
4768,21.799,15.579,6.220,3,1342,7020,7094142,13852638,2048,1024
4769,22.131,15.846,6.285,3,1350,6946,7136510,13929892,2048,1024
4770,22.117,15.756,6.360,3,1334,6922,7138942,13945354,2048,1024
4771,22.407,16.041,6.366,3,1332,6914,7138302,13943694,2048,1024
4772,21.726,15.575,6.151,3,1310,6840,7103870,13883278,2048,1024
4773,22.000,15.806,6.194,3,1306,6824,7091710,13851136,2048,1024
4774,21.657,15.745,5.912,3,1294,6904,7094654,13855610,2048,1024
4775,21.375,15.462,5.913,3,1292,6862,7086590,13828656,2048,1024
4776,21.494,15.592,5.902,3,1294,6852,7060094,13775576,2048,1024
4777,21.285,15.381,5.904,3,1290,6830,7015934,13670026,2048,1024
4778,21.744,15.805,5.939,3,1280,6768,6975870,13592470,2048,1024
4779,21.518,15.343,6.175,3,1282,6734,6942206,13508416,2048,1024
4780,21.581,15.546,6.035,3,1262,6690,6921598,13464316,2048,1024
4781,21.469,15.434,6.034,3,1266,6764,6949886,13507196,2048,1024
4782,20.932,15.088,5.843,3,1244,6734,6926718,13452032,2048,1024
4783,21.218,15.507,5.712,3,1252,6746,6970110,13533562,2048,1024
4784,21.072,15.374,5.698,3,1226,6628,6993278,13570164,2048,1024
4785,21.190,15.472,5.718,3,1238,6648,7053310,13684366,2048,1024
4786,21.431,15.299,6.132,3,1256,6678,7058814,13688480,2048,1024
4787,21.308,15.448,5.861,3,1256,6722,7083262,13729898,2048,1024
4788,21.276,15.525,5.751,3,1240,6746,7088254,13710664,2048,1024
4789,21.129,15.293,5.836,3,1268,6832,7118334,13761302,2048,1024
4790,21.424,15.679,5.745,3,1234,6756,7118718,13734972,2048,1024
4791,21.399,15.629,5.770,3,1248,6824,7166462,13816946,2048,1024
4792,21.363,15.615,5.748,3,1250,6838,7214462,13912236,2048,1024
4793,21.648,15.790,5.858,3,1264,6834,7200766,13868222,2048,1024
4794,21.704,15.698,6.006,3,1250,6796,7190142,13846720,2048,1024
4795,21.710,15.535,6.175,3,1248,6778,7168766,13803284,2048,1024
4796,21.533,15.343,6.190,3,1238,6772,7137918,13744198,2048,1024
4797,21.910,16.012,5.898,3,1244,6720,7052286,13567590,2048,1024
4798,20.754,14.997,5.757,3,1212,6556,6901630,13260094,2048,1024
4799,20.645,14.971,5.674,3,1222,6592,6916606,13296596,2048,1024
4800,20.772,14.858,5.915,3,1230,6604,6916478,13304806,2048,1024
4801,21.302,15.324,5.978,3,1244,6626,6910462,13293380,2048,1024
4802,21.226,15.502,5.724,3,1226,6570,6842494,13158408,2048,1024
4803,21.025,15.301,5.723,3,1210,6442,6757630,13077366,2048,1024
4804,20.478,14.775,5.702,3,1206,6438,6748030,13065904,2048,1024
4805,21.283,15.564,5.719,3,1244,6656,6867678,13299000,2048,1024
4806,21.751,16.001,5.750,3,1226,6650,6853342,13276464,2048,1024
4807,21.346,15.585,5.761,3,1234,6640,6874782,13323226,2048,1024
4808,20.983,15.357,5.627,3,1218,6590,6847646,13265918,2048,1024
4809,20.836,15.059,5.777,3,1224,6560,6813854,13191654,2048,1024
4810,20.734,15.074,5.660,3,1212,6506,6799198,13168842,2048,1024
4811,20.960,15.291,5.669,3,1218,6518,6794078,13155558,2048,1024
4812,20.888,14.964,5.924,3,1206,6484,6770974,13118188,2048,1024
4813,20.626,14.995,5.631,3,1216,6520,6791198,13153126,2048,1024
4814,21.091,15.515,5.577,3,1204,6546,6802718,13169402,2048,1024
4815,21.412,15.283,6.129,3,1208,6452,6784222,13132028,2048,1024
4816,21.108,15.477,5.632,3,1202,6424,6780126,13126536,2048,1024
4817,20.984,15.409,5.575,3,1194,6422,6792606,13150780,2048,1024
4818,20.442,14.870,5.571,3,1188,6424,6776990,13127990,2048,1024
4819,20.597,15.025,5.572,3,1194,6396,6762078,13098716,2048,1024
4820,20.925,15.131,5.793,3,1196,6418,6778206,13096874,2048,1024
4821,20.946,15.245,5.701,3,1216,6592,7016286,13520348,2048,1024
4822,21.305,15.429,5.876,3,1198,6546,6953502,13425360,2048,1024
4823,21.189,15.258,5.931,3,1210,6532,6982430,13468214,2048,1024
4824,21.060,15.391,5.669,3,1202,6524,6978526,13459198,2048,1024
4825,21.497,15.586,5.911,3,1212,6546,6947550,13419174,2048,1024
4826,20.991,15.324,5.666,3,1206,6534,6922398,13368284,2048,1024
4827,21.075,15.209,5.866,3,1220,6570,6950046,13418458,2048,1024
4828,20.960,15.283,5.677,3,1212,6550,6945950,13409098,2048,1024
4829,21.073,15.207,5.867,3,1228,6602,6970462,13426524,2048,1024
4830,22.950,16.644,6.306,3,1216,6572,6944862,13388808,2048,1024
4831,21.471,15.786,5.685,3,1224,6620,6946334,13384072,2048,1024
4832,22.356,16.179,6.176,3,1204,6532,6866462,13235622,2048,1024
4833,22.048,16.418,5.630,3,1204,6514,6875166,13245454,2048,1024
4834,21.953,16.320,5.633,3,1184,6504,6861790,13213932,2048,1024
4835,21.898,15.906,5.991,3,1186,6474,6859742,13202546,2048,1024
4836,21.517,15.624,5.893,3,1188,6464,6863774,13189926,2048,1024
4837,20.860,15.113,5.747,3,1194,6508,6889118,13196762,2048,1024
4838,20.816,15.252,5.563,3,1190,6516,6904670,13203546,2048,1024
4839,20.924,15.188,5.736,3,1202,6544,6918238,13213934,2048,1024
4840,20.691,15.181,5.510,3,1196,6504,6923102,13221238,2048,1024
4841,21.076,15.234,5.842,3,1208,6528,6926110,13219832,2048,1024
4842,20.871,15.302,5.569,3,1192,6494,6908702,13186628,2048,1024
4843,20.445,14.948,5.497,3,1194,6504,6915294,13187348,2048,1024
4844,20.759,15.306,5.454,3,1184,6506,6915550,13192054,2048,1024
4845,21.140,15.585,5.555,3,1204,6586,6954462,13238744,2048,1024
4846,21.287,15.604,5.683,3,1198,6538,6924958,13205652,2048,1024
4847,20.972,15.100,5.872,3,1200,6506,6906014,13165016,2048,1024
4848,20.942,15.310,5.633,3,1184,6446,6894686,13150274,2048,1024
4849,20.899,15.426,5.473,3,1194,6506,6898782,13159720,2048,1024
4850,21.073,15.440,5.633,3,1182,6458,6881822,13119558,2048,1024
4851,20.715,15.156,5.559,3,1186,6452,6882846,13117396,2048,1024
4852,20.462,14.861,5.602,3,1200,6518,6891550,13138046,2048,1024
4853,21.981,16.130,5.852,3,1212,6572,6909918,13169344,2048,1024
4854,21.467,15.818,5.648,3,1202,6508,6899166,13145994,2048,1024
4855,21.000,15.164,5.836,3,1234,6566,6939294,13223468,2048,1024
4856,20.747,15.083,5.665,3,1224,6506,6912670,13183766,2048,1024
4857,20.878,15.077,5.801,3,1230,6532,6942046,13239094,2048,1024
4858,20.811,15.125,5.686,3,1234,6482,6880094,13118068,2048,1024
4859,21.211,15.184,6.027,3,1238,6516,6930782,13212248,2048,1024
4860,21.061,15.022,6.039,3,1222,6486,6935838,13223198,2048,1024
4861,20.891,15.127,5.764,3,1232,6542,6982430,13285334,2048,1024
4862,20.700,15.018,5.682,3,1228,6460,6951454,13202924,2048,1024
4863,20.899,15.182,5.717,3,1238,6494,6977502,13247426,2048,1024
4864,20.857,15.056,5.801,3,1214,6422,6967774,13237426,2048,1024
4865,20.666,14.990,5.676,3,1222,6434,6964894,13214680,2048,1024
4866,20.959,14.912,6.047,3,1220,6408,6961822,13215044,2048,1024
4867,20.781,15.119,5.663,3,1206,6358,6938270,13233936,2048,1024
4868,20.841,14.884,5.958,3,1198,6332,6905694,13170920,2048,1024
4869,21.242,15.256,5.986,3,1242,6522,6991198,13335360,2048,1024
4870,21.045,15.345,5.700,3,1242,6524,7006238,13387438,2048,1024
4871,21.198,15.218,5.980,3,1254,6594,7010846,13397332,2048,1024
4872,21.077,15.326,5.751,3,1242,6578,7018462,13409960,2048,1024
4873,21.065,15.331,5.734,3,1248,6556,7009246,13390528,2048,1024
4874,21.210,15.231,5.979,3,1246,6512,6989534,13354674,2048,1024
4875,21.155,15.373,5.782,3,1256,6574,6999198,13379296,2048,1024
4876,21.317,15.392,5.925,3,1244,6520,7005342,13367764,2048,1024
4877,21.223,15.431,5.792,3,1248,6612,6998366,13346100,2048,1024
4878,21.096,15.075,6.021,3,1236,6588,6958686,13277262,2048,1024
4879,20.880,15.140,5.740,3,1250,6652,6984990,13320188,2048,1024
4880,21.255,15.400,5.855,3,1244,6614,6969118,13298586,2048,1024
4881,20.893,15.134,5.759,3,1248,6624,6980382,13329498,2048,1024
4882,21.074,15.168,5.907,3,1242,6598,6981598,13333666,2048,1024
4883,20.964,15.014,5.950,3,1248,6600,6992350,13355810,2048,1024
4884,21.203,15.428,5.776,3,1238,6556,6988958,13350722,2048,1024
4885,21.300,15.149,6.151,3,1250,6594,6996638,13383758,2048,1024
4886,21.330,15.373,5.957,3,1250,6544,7009694,13398448,2048,1024
4887,21.103,15.234,5.869,3,1254,6562,7023198,13416096,2048,1024
4888,21.175,15.433,5.742,3,1252,6552,7040350,13465474,2048,1024
4889,21.534,15.533,6.002,3,1260,6544,7031582,13447282,2048,1024
4890,21.114,15.224,5.890,3,1252,6500,7054110,13468462,2048,1024
4891,21.270,15.195,6.076,3,1256,6388,6814174,13100710,2048,1024
4892,21.010,15.075,5.934,3,1256,6402,6808542,13091874,2048,1024
4893,20.861,14.781,6.080,3,1270,6496,6812382,13106150,2048,1024
4894,20.471,14.667,5.804,3,1266,6454,6764190,13032586,2048,1024
4895,20.703,14.998,5.705,3,1268,6466,6756254,13017070,2048,1024
4896,20.724,15.047,5.677,3,1248,6436,6736478,12990162,2048,1024
4897,20.761,14.977,5.784,3,1256,6446,6727518,12975172,2048,1024
4898,20.867,15.167,5.700,3,1246,6380,6695006,12911522,2048,1024
4899,21.531,15.606,5.925,3,1244,6374,6695454,12914412,2048,1024
4900,20.998,15.339,5.659,3,1240,6368,6705694,12925304,2048,1024
4901,21.169,15.460,5.710,3,1250,6404,6692318,12898816,2048,1024
4902,22.259,16.390,5.869,3,1248,6434,6691294,12905062,2048,1024
4903,21.693,15.855,5.838,3,1260,6456,6699678,12922492,2048,1024
4904,21.094,15.259,5.835,3,1250,6464,6681502,12887306,2048,1024
4905,21.309,15.638,5.671,3,1224,6360,6641566,12827280,2048,1024
4906,21.642,15.522,6.120,3,1234,6416,6647134,12839574,2048,1024
4907,21.188,15.083,6.105,3,1270,6558,6723422,12868618,2048,1024
4908,21.015,15.180,5.835,3,1252,6508,6714142,12853304,2048,1024
4909,20.515,14.725,5.790,3,1258,6468,6524446,12883530,2048,1024
4910,20.776,14.752,6.024,3,1244,6412,6531806,12892644,2048,1024
4911,20.273,14.430,5.843,3,1248,6408,6516702,12865556,2048,1024
4912,20.433,14.686,5.747,3,1250,6384,6507742,12849318,2048,1024
4913,20.869,15.178,5.691,3,1260,6436,6528926,12897886,2048,1024
4914,20.800,15.063,5.737,3,1252,6464,6522526,12872876,2048,1024
4915,20.384,14.621,5.763,3,1256,6466,6511198,12853278,2048,1024
4916,20.762,14.873,5.889,3,1216,6330,6449246,12849718,2048,1024
4917,20.553,14.590,5.963,3,1224,6358,6477918,12900540,2048,1024
4918,20.524,14.780,5.744,3,1218,6358,6475550,12903254,2048,1024
4919,20.532,14.784,5.748,3,1224,6342,6451998,12848626,2048,1024
4920,20.597,14.938,5.659,3,1222,6320,6425054,12791936,2048,1024
4921,20.499,14.780,5.719,3,1230,6336,6420702,12787248,2048,1024
4922,20.219,14.503,5.717,3,1216,6268,6386078,12716890,2048,1024
4923,20.077,14.459,5.618,3,1214,6252,6397342,12734908,2048,1024
4924,20.194,14.519,5.674,3,1218,6292,6428574,12781414,2048,1024
4925,20.534,14.562,5.972,3,1224,6270,6420830,12761496,2048,1024
4926,20.239,14.538,5.701,3,1214,6256,6421854,12763236,2048,1024
4927,20.689,14.750,5.939,3,1228,6276,6429726,12777234,2048,1024
4928,20.459,14.757,5.702,3,1224,6274,6407454,12735150,2048,1024
4929,20.246,14.512,5.734,3,1264,6398,6462750,12719900,2048,1024
4930,20.436,14.479,5.957,3,1256,6348,6442462,12678378,2048,1024
4931,20.255,14.456,5.799,3,1246,6304,6427358,12719016,2048,1024
4932,20.147,14.438,5.709,3,1230,6258,6409886,12685718,2048,1024
4933,20.407,14.734,5.673,3,1266,6414,6490526,12843696,2048,1024
4934,20.574,14.773,5.802,3,1260,6448,6517342,12896946,2048,1024
4935,20.808,15.060,5.748,3,1276,6482,6536286,12930088,2048,1024
4936,20.502,14.723,5.779,3,1262,6466,6549598,12955046,2048,1024
4937,20.769,14.891,5.878,3,1264,6480,6565918,12983936,2048,1024
4938,20.697,14.988,5.709,3,1262,6458,6546718,12948628,2048,1024
4939,20.927,14.917,6.009,3,1288,6496,6537182,12926048,2048,1024
4940,20.986,14.793,6.194,3,1280,6518,6542046,12934280,2048,1024
4941,21.023,15.250,5.772,3,1286,6568,6561374,12970096,2048,1024
4942,20.631,14.576,6.055,3,1290,6580,6550430,12951642,2048,1024
4943,20.530,14.530,6.000,3,1298,6590,6546078,12935598,2048,1024
4944,20.943,14.922,6.021,3,1292,6578,6544478,12932224,2048,1024
4945,21.231,15.198,6.033,3,1300,6588,6552926,12947934,2048,1024
4946,20.979,15.022,5.957,3,1296,6570,6574622,12991712,2048,1024
4947,20.892,14.776,6.117,3,1300,6560,6570526,12976618,2048,1024
4948,20.869,15.033,5.836,3,1290,6570,6581790,12992034,2048,1024
4949,22.613,16.649,5.964,3,1298,6588,6604254,13031872,2048,1024
4950,21.662,15.533,6.129,3,1286,6554,6602718,13026598,2048,1024
4951,21.413,15.516,5.897,3,1286,6596,6616734,13049956,2048,1024
4952,21.503,15.225,6.278,3,1284,6578,6597278,13006820,2048,1024
4953,20.675,14.816,5.859,3,1296,6624,6603358,13012708,2048,1024
4954,20.864,15.057,5.807,3,1282,6606,6606174,13024210,2048,1024
4955,20.639,14.759,5.880,3,1292,6666,6633566,13074838,2048,1024
4956,21.414,15.436,5.978,3,1284,6654,6624030,13055222,2048,1024
4957,21.218,15.053,6.164,3,1292,6666,6620446,13050360,2048,1024
4958,20.535,14.745,5.789,3,1284,6634,6613214,13036212,2048,1024
4959,21.079,15.175,5.904,3,1300,6656,6622174,13047044,2048,1024
4960,20.829,14.961,5.868,3,1300,6652,6640606,13083014,2048,1024
4961,20.657,14.778,5.879,3,1300,6664,6654366,13104780,2048,1024
4962,20.858,15.064,5.794,3,1298,6638,6670494,13135590,2048,1024
4963,20.529,14.707,5.821,3,1306,6652,6678366,13150336,2048,1024
4964,21.029,14.916,6.113,3,1282,6582,6661726,13117266,2048,1024
4965,20.866,15.031,5.835,3,1290,6632,6673950,13135318,2048,1024
4966,21.055,15.257,5.798,3,1284,6626,6652958,13089718,2048,1024
4967,21.757,15.786,5.971,3,1288,6600,6630430,13040364,2048,1024
4968,20.818,14.904,5.914,3,1284,6590,6602974,12987816,2048,1024
4969,20.625,14.771,5.854,3,1290,6598,6603742,12982474,2048,1024
4970,20.675,14.839,5.837,3,1286,6600,6582942,12938502,2048,1024
4971,20.607,14.756,5.851,3,1298,6646,6601118,12967766,2048,1024
4972,20.567,14.748,5.819,3,1290,6614,6601374,12960028,2048,1024
4973,20.438,14.655,5.782,3,1300,6684,6621534,12996372,2048,1024
4974,21.056,15.289,5.767,3,1286,6614,6579038,12908916,2048,1024
4975,21.704,15.935,5.769,3,1286,6656,6582814,12910862,2048,1024
4976,21.420,15.688,5.732,3,1274,6552,6555934,12857462,2048,1024
4977,21.303,15.518,5.785,3,1284,6564,6543070,12850206,2048,1024
4978,22.359,16.486,5.872,3,1298,6612,6546142,12857372,2048,1024
4979,21.603,15.578,6.025,3,1296,6578,6549726,12858700,2048,1024
4980,20.445,14.664,5.781,3,1274,6500,6538398,12836620,2048,1024
4981,20.556,14.743,5.813,3,1280,6512,6539166,12834666,2048,1024
4982,20.484,14.804,5.680,3,1274,6484,6559838,12878804,2048,1024
4983,20.547,14.723,5.824,3,1288,6516,6563934,12880410,2048,1024
4984,20.645,14.881,5.764,3,1280,6482,6559774,12872486,2048,1024
4985,20.461,14.718,5.744,3,1284,6514,6577182,12902100,2048,1024
4986,20.773,14.991,5.782,3,1278,6510,6556702,12859064,2048,1024
4987,20.528,14.727,5.801,3,1290,6530,6566622,12875094,2048,1024
4988,20.780,14.782,5.998,3,1278,6512,6553566,12846674,2048,1024
4989,20.960,15.150,5.810,3,1278,6516,6547358,12830442,2048,1024
4990,20.372,14.511,5.861,3,1266,6428,6519710,12774712,2048,1024
4991,20.422,14.649,5.772,3,1274,6472,6517662,12766400,2048,1024
4992,20.277,14.580,5.698,3,1262,6468,6493022,12715556,2048,1024
4993,21.331,14.980,6.352,3,1270,6468,6494814,12712384,2048,1024
4994,20.446,14.500,5.945,3,1238,6332,6427422,12692298,2048,1024
4995,20.393,14.651,5.741,3,1228,6310,6413086,12746014,2048,1024
4996,22.326,16.393,5.933,3,1244,6404,6473950,12859554,2048,1024
4997,20.997,15.055,5.942,3,1284,6514,6548190,13004894,2048,1024
4998,20.631,14.821,5.810,3,1276,6478,6554334,13015906,2048,1024
4999,21.055,15.096,5.958,3,1284,6590,6740382,13382918,2048,1024
5000,21.457,15.358,6.099,3,1280,6564,6714014,13329402,2048,1024
5001,21.643,15.839,5.804,3,1290,6618,6740574,13376266,2048,1024
5002,21.516,15.142,6.373,3,1290,6602,6723166,13340314,2048,1024
5003,21.245,15.171,6.074,3,1292,6602,6714974,13318332,2048,1024
5004,20.907,15.098,5.809,3,1276,6576,6686238,13262676,2048,1024
5005,21.110,14.968,6.142,3,1282,6588,6688030,13261356,2048,1024
5006,20.727,15.023,5.704,3,1274,6590,6702558,13289646,2048,1024
5007,21.332,15.505,5.827,3,1278,6600,6726110,13331816,2048,1024
5008,21.600,15.585,6.016,3,1272,6596,6719902,13318090,2048,1024
5009,21.005,15.179,5.826,3,1290,6690,6987166,13323966,2048,1024
5010,21.094,15.203,5.892,3,1278,6642,6976926,13301664,2048,1024
5011,20.985,15.171,5.814,3,1284,6670,6986846,13315006,2048,1024
5012,21.152,15.432,5.720,3,1270,6604,6981982,13307274,2048,1024
5013,20.867,15.135,5.732,3,1276,6644,7000350,13338880,2048,1024
5014,21.017,15.227,5.790,3,1256,6556,6938910,13224578,2048,1024
5015,20.986,15.148,5.837,3,1302,6716,6978526,13187572,2048,1024
5016,21.704,15.549,6.155,3,1290,6640,6953182,13135396,2048,1024
5017,21.008,15.035,5.973,3,1302,6650,6975454,13175722,2048,1024
5018,21.401,15.532,5.869,3,1290,6596,6958238,13140186,2048,1024
5019,20.969,15.102,5.866,3,1296,6600,6952094,13121050,2048,1024
5020,20.825,15.035,5.789,3,1304,6630,6977118,13171532,2048,1024
5021,20.966,15.190,5.777,3,1304,6636,6980702,13173298,2048,1024
5022,20.857,14.886,5.971,3,1284,6616,6961246,13132896,2048,1024
5023,20.980,15.165,5.816,3,1296,6644,6968094,13140866,2048,1024
5024,20.426,14.683,5.743,3,1288,6608,6941726,13087520,2048,1024
5025,20.831,15.040,5.791,3,1290,6616,6948830,13096242,2048,1024
5026,20.581,14.728,5.852,3,1286,6598,6949342,13096484,2048,1024
5027,21.289,15.066,6.223,3,1288,6606,6956958,13105792,2048,1024
5028,20.653,14.969,5.684,3,1272,6606,6954910,13100132,2048,1024
5029,20.480,14.753,5.727,3,1284,6634,6958750,13101890,2048,1024
5030,20.860,15.162,5.698,3,1276,6604,6963038,13109838,2048,1024
5031,20.938,15.221,5.717,3,1282,6636,6972254,13123374,2048,1024
5032,20.970,15.168,5.802,3,1302,6628,6988574,13157880,2048,1024
5033,21.152,15.343,5.809,3,1304,6624,6981406,13144544,2048,1024
5034,20.568,14.726,5.842,3,1294,6568,6963998,13108104,2048,1024
5035,20.886,15.097,5.789,3,1306,6570,6969822,13113648,2048,1024
5036,20.555,14.877,5.678,3,1296,6572,6970078,13113234,2048,1024
5037,21.259,15.353,5.906,3,1298,6582,6977182,13120740,2048,1024
5038,20.945,14.812,6.133,3,1288,6528,6943902,13053616,2048,1024
5039,21.244,15.459,5.784,3,1294,6532,6938206,13036258,2048,1024
5040,20.498,14.727,5.771,3,1286,6522,6912606,12983434,2048,1024
5041,20.838,14.992,5.846,3,1290,6498,6915422,12981998,2048,1024
5042,20.479,14.626,5.854,3,1280,6486,6910494,12973342,2048,1024
5043,20.685,14.914,5.771,3,1290,6528,6909470,12964988,2048,1024
5044,21.387,15.671,5.716,3,1272,6532,6915038,12975066,2048,1024
5045,20.766,14.993,5.774,3,1276,6540,6932958,13004746,2048,1024
5046,21.546,15.765,5.781,3,1270,6532,6932894,13005148,2048,1024
5047,21.619,15.621,5.998,3,1284,6568,6949022,13032026,2048,1024
5048,22.241,16.449,5.792,3,1276,6508,6916510,12965218,2048,1024
5049,21.779,16.029,5.750,3,1290,6574,6933598,12993650,2048,1024
5050,21.858,16.058,5.799,3,1306,6614,6929758,12986146,2048,1024
5051,21.407,15.618,5.789,3,1310,6612,6927646,12975280,2048,1024
5052,21.314,14.863,6.451,3,1288,6566,6919454,12956414,2048,1024
5053,20.667,14.855,5.811,3,1290,6528,6921246,12954114,2048,1024
5054,20.507,14.800,5.708,3,1282,6528,6937822,12989754,2048,1024
5055,20.724,14.952,5.772,3,1258,6430,6873310,12975990,2048,1024
5056,20.578,14.675,5.903,3,1256,6422,6874782,12978792,2048,1024
5057,20.574,14.790,5.783,3,1292,6560,6952094,13113996,2048,1024
5058,21.078,15.200,5.878,3,1288,6532,6949982,13108984,2048,1024
5059,21.147,15.300,5.848,3,1268,6464,6900574,13107900,2048,1024
5060,20.694,14.901,5.793,3,1256,6446,6875230,13055032,2048,1024
5061,20.581,14.787,5.794,3,1286,6548,6921246,13143702,2048,1024
5062,20.686,15.003,5.683,3,1270,6528,6897182,13094942,2048,1024
5063,20.563,14.865,5.698,3,1278,6514,6904798,13103274,2048,1024
5064,20.706,14.883,5.823,3,1272,6512,6901726,13097994,2048,1024
5065,20.822,14.812,6.010,3,1276,6542,6904542,13096666,2048,1024
5066,20.832,15.106,5.727,3,1280,6556,6898590,13084530,2048,1024
5067,20.569,14.781,5.788,3,1290,6584,6907806,13096424,2048,1024
5068,20.822,14.893,5.930,3,1296,6638,6942558,13168460,2048,1024
5069,20.741,14.806,5.935,3,1302,6640,6929246,13134588,2048,1024
5070,20.739,14.915,5.823,3,1290,6594,6919966,13114980,2048,1024
5071,21.038,14.882,6.156,3,1298,6582,6922014,13112240,2048,1024
5072,20.633,14.839,5.794,3,1286,6570,6900766,13067724,2048,1024
5073,20.810,14.950,5.861,3,1292,6540,6925278,13108854,2048,1024
5074,20.998,15.094,5.905,3,1296,6488,6908382,13076922,2048,1024
5075,20.530,14.681,5.850,3,1304,6528,6915998,13085396,2048,1024
5076,20.737,14.845,5.892,3,1286,6484,6900638,13052524,2048,1024
5077,20.684,14.817,5.867,3,1290,6486,6903614,13052448,2048,1024
5078,20.762,15.031,5.731,3,1284,6528,6939486,13124234,2048,1024
5079,20.780,14.772,6.008,3,1290,6546,6941534,13120722,2048,1024
5080,20.720,14.944,5.776,3,1298,6592,6925598,13087596,2048,1024
5081,20.749,14.889,5.860,3,1302,6628,6931230,13092530,2048,1024
5082,20.644,14.952,5.692,3,1284,6624,6931166,13091946,2048,1024
5083,20.953,15.018,5.935,3,1292,6642,6946014,13116482,2048,1024
5084,21.089,15.408,5.682,3,1280,6568,6904542,13031306,2048,1024
5085,21.145,15.296,5.849,3,1292,6594,6916766,13049042,2048,1024
5086,20.796,14.938,5.858,3,1288,6532,6654622,13049994,2048,1024
5087,20.775,14.992,5.784,3,1292,6546,6637150,13015430,2048,1024
5088,20.681,14.909,5.772,3,1286,6500,6634078,13008500,2048,1024
5089,20.736,14.832,5.905,3,1294,6522,6641950,13017492,2048,1024
5090,21.019,14.881,6.138,3,1290,6494,6629918,12992120,2048,1024
5091,21.689,15.627,6.062,3,1292,6524,6624798,12974514,2048,1024
5092,21.166,15.374,5.792,3,1290,6494,6647774,13020312,2048,1024
5093,20.657,14.775,5.881,3,1296,6480,6654430,13028164,2048,1024
5094,20.648,14.786,5.862,3,1284,6474,6639006,12997332,2048,1024
5095,20.715,14.955,5.759,3,1296,6514,6661278,13035560,2048,1024
5096,21.066,15.252,5.814,3,1276,6450,6625694,12962220,2048,1024
5097,21.195,14.885,6.310,3,1282,6478,6634846,12973790,2048,1024
5098,20.670,14.962,5.708,3,1282,6500,6631262,12966230,2048,1024
5099,20.418,14.702,5.716,3,1288,6504,6625566,12948796,2048,1024
5100,20.707,14.852,5.855,3,1288,6544,6627614,12952888,2048,1024
5101,21.069,14.673,6.396,3,1294,6578,6626270,12943042,2048,1024
5102,20.974,15.164,5.810,3,1282,6548,6640862,12971470,2048,1024
5103,20.888,15.125,5.763,3,1290,6530,6651102,12985182,2048,1024
5104,20.739,14.734,6.004,3,1306,6544,6660254,13003842,2048,1024
5105,20.733,14.754,5.979,3,1286,6434,6609054,12905602,2048,1024
5106,20.518,14.704,5.814,3,1300,6496,6662238,12888454,2048,1024
5107,20.796,14.791,6.005,3,1302,6522,6663006,12884284,2048,1024
5108,20.330,14.475,5.856,3,1298,6516,6657118,12871760,2048,1024
5109,20.548,14.733,5.815,3,1308,6562,6677534,12905936,2048,1024
5110,20.701,14.670,6.031,3,1308,6556,6673950,12898112,2048,1024
5111,20.577,14.734,5.843,3,1316,6592,6669278,12881630,2048,1024
5112,21.251,15.299,5.952,3,1310,6624,6730718,13005264,2048,1024
5113,20.171,14.549,5.622,3,1218,6346,6613662,12763518,2048,1024
5114,26.768,20.220,6.548,3,1426,7278,7236510,14040718,2048,1024
5115,27.766,21.264,6.502,3,1484,7520,7361438,14266282,2048,1024
5116,27.663,21.128,6.535,3,1502,7606,7423326,14380176,2048,1024
5117,32.310,25.050,7.261,3,1584,8104,7770718,15081042,2048,1024
5118,29.988,23.298,6.690,3,1558,8020,7736094,15008316,2048,1024
5119,29.738,22.220,7.519,3,1792,8850,8172062,15908456,2048,1024
5120,34.049,25.810,8.239,3,2000,10676,9978078,19442914,2048,1024
5121,33.122,24.663,8.459,3,2036,10722,10115806,19505830,2048,1024
5122,33.543,24.563,8.980,3,2044,10594,10152158,19275322,2048,1024
5123,33.861,25.190,8.671,3,2016,10570,10112158,19423954,2048,1024
5124,32.947,24.371,8.577,3,1974,10382,9994398,19121432,2048,1024
5125,32.205,23.843,8.362,3,1968,10440,9804126,19106978,2048,1024
5126,31.380,23.218,8.162,3,1956,10236,9551198,18678830,2048,1024
5127,30.802,22.596,8.206,3,1978,10186,9422174,18374694,2048,1024
5128,30.495,21.838,8.657,3,1978,10202,9422622,18416618,2048,1024
5129,30.548,21.987,8.561,3,2056,10488,9560606,18661222,2048,1024
5130,29.923,21.424,8.499,3,2006,10182,9355998,18299618,2048,1024
5131,29.501,20.932,8.570,3,1990,9980,9180062,17942120,2048,1024
5132,31.173,22.685,8.489,3,2040,10128,9288606,18140216,2048,1024
5133,29.207,20.400,8.807,3,2048,10006,9183518,17923158,2048,1024
5134,28.508,19.952,8.556,3,2070,10028,9210910,17985436,2048,1024
5135,10.768,9.851,0.917,2,24,2236,4034302,8084046,2048,1024
5136,34.702,20.212,14.490,3,2116,10192,9300702,18137828,2048,1024
5137,12.181,11.258,0.923,2,24,2236,4034302,8084046,2048,1024
5138,34.751,21.734,13.017,3,2118,10166,9271710,18070888,2048,1024
5139,11.221,10.205,1.016,2,24,2236,4034302,8084046,2048,1024
5140,36.833,22.746,14.088,3,2130,10110,9227102,17981670,2048,1024
5141,10.836,9.739,1.097,2,24,2236,4034302,8084046,2048,1024
5142,37.188,22.464,14.723,3,2186,10370,9345886,18166648,2048,1024
5143,11.462,10.502,0.960,2,24,2236,4034302,8084046,2048,1024
5144,36.364,22.227,14.137,3,2192,10346,9293278,18068572,2048,1024
5145,11.270,10.177,1.093,2,24,2236,4034302,8084046,2048,1024
5146,35.643,21.239,14.404,3,2208,10444,9335006,18153698,2048,1024
5147,11.198,10.214,0.983,2,24,2236,4034302,8084046,2048,1024
5148,37.190,22.679,14.511,3,2262,10648,9453726,18330904,2048,1024
5149,11.544,10.435,1.109,2,24,2236,4034302,8084046,2048,1024
5150,35.146,21.250,13.896,3,2170,10332,9298270,18081846,2048,1024
5151,10.751,9.774,0.976,2,24,2236,4034302,8084046,2048,1024
5152,34.568,20.345,14.223,3,2036,9844,9042206,17580430,2048,1024
5153,10.902,9.938,0.964,2,24,2236,4034302,8084046,2048,1024
5154,33.513,19.693,13.821,3,1988,9832,9111582,17595174,2048,1024
5155,10.716,9.800,0.916,2,24,2236,4034302,8084046,2048,1024
5156,33.617,19.549,14.068,3,1928,9598,9016158,17397768,2048,1024
5157,27.255,19.206,8.048,3,1912,9520,8991070,17340900,2048,1024
5158,27.768,19.587,8.181,3,1966,9656,9104606,17527180,2048,1024
5159,27.402,19.427,7.975,3,1868,9304,8946334,17206424,2048,1024
5160,26.788,18.956,7.832,3,1854,9272,8920094,17151824,2048,1024
5161,27.563,19.520,8.044,3,1896,9430,9050078,17454358,2048,1024
5162,26.802,19.023,7.779,3,1838,9198,8917342,17204684,2048,1024
5163,26.628,18.910,7.719,3,1824,9190,8909150,17108400,2048,1024
5164,26.733,18.605,8.129,3,1800,8984,8693790,16726468,2048,1024
5165,25.802,18.282,7.519,3,1734,8704,8528926,16391452,2048,1024
5166,26.783,18.847,7.936,3,1744,8728,8555294,16432050,2048,1024
5167,25.379,18.059,7.320,3,1728,8512,8301278,15967748,2048,1024
5168,25.040,17.758,7.282,3,1676,8348,8186590,15746766,2048,1024
5169,24.557,17.375,7.182,3,1674,8328,8161182,15695732,2048,1024
5170,24.610,17.212,7.398,3,1682,8190,7921822,15262298,2048,1024
5171,24.032,17.050,6.982,3,1608,7856,7719262,14867386,2048,1024
5172,24.567,17.545,7.022,3,1620,7872,7715934,14880754,2048,1024
5173,23.889,17.017,6.872,3,1604,7646,7412318,14304824,2048,1024
5174,24.105,17.100,7.006,3,1550,7420,7273758,14030000,2048,1024
5175,23.726,16.903,6.824,3,1552,7362,7202590,13871220,2048,1024
5176,23.325,16.638,6.686,3,1550,7362,7216862,13892482,2048,1024
5177,24.006,17.159,6.847,3,1468,7150,7114462,13692262,2048,1024
5178,22.976,16.261,6.715,3,1480,7218,7125406,13715862,2048,1024
5179,22.062,15.551,6.511,3,1478,7232,7115934,13696750,2048,1024
5180,21.520,15.249,6.271,3,1426,7092,7040158,13543356,2048,1024
5181,21.492,15.224,6.268,3,1418,7070,7026782,13514168,2048,1024
5182,21.888,15.655,6.233,3,1414,7056,7033950,13521760,2048,1024
5183,21.271,15.240,6.031,3,1354,6866,6920222,13290668,2048,1024
5184,21.238,15.149,6.089,3,1366,6872,6927134,13302450,2048,1024
5185,21.292,15.185,6.107,3,1356,6834,6908958,13261452,2048,1024
5186,20.825,14.985,5.839,3,1298,6660,6836190,13114294,2048,1024
5187,21.418,15.593,5.825,3,1296,6794,7102430,13559406,2048,1024
5188,21.404,15.475,5.929,3,1316,6856,7137950,13578676,2048,1024
5189,21.040,15.373,5.666,3,1242,6612,7040670,13376284,2048,1024
5190,21.571,15.862,5.709,3,1254,6654,7038302,13366476,2048,1024
5191,21.045,15.372,5.673,3,1246,6630,7028318,13336244,2048,1024
5192,20.839,15.124,5.715,3,1246,6626,7046750,13375604,2048,1024
5193,20.908,15.144,5.764,3,1236,6584,7027230,13334774,2048,1024
5194,20.760,15.170,5.590,3,1248,6624,7039518,13353522,2048,1024
5195,20.910,15.103,5.807,3,1224,6482,6940126,13152100,2048,1024
5196,20.793,15.165,5.628,3,1228,6476,6946014,13157732,2048,1024
5197,20.450,14.867,5.583,3,1212,6448,6926814,13117580,2048,1024
5198,20.574,14.727,5.847,3,1198,6396,6898078,13159692,2048,1024
5199,20.565,15.028,5.537,3,1184,6368,6889886,13143628,2048,1024
5200,20.542,14.947,5.595,3,1222,6518,6959454,13279330,2048,1024
5201,20.828,15.091,5.737,3,1218,6504,6929758,13218394,2048,1024
5202,20.844,15.202,5.642,3,1226,6508,6940702,13234658,2048,1024
5203,20.810,15.187,5.623,3,1212,6418,6896926,13144200,2048,1024
5204,20.598,15.009,5.589,3,1220,6438,6883614,13106824,2048,1024
5205,20.533,14.740,5.793,3,1190,6384,6836446,13010036,2048,1024
5206,20.491,14.830,5.661,3,1194,6438,6856926,13047420,2048,1024
5207,20.419,14.972,5.447,3,1188,6388,6841502,13015074,2048,1024
5208,20.370,14.853,5.517,3,1200,6402,6854558,13036214,2048,1024
5209,20.359,14.812,5.548,3,1196,6400,6853726,13033602,2048,1024
5210,20.844,15.120,5.724,3,1204,6422,6851678,13022866,2048,1024
5211,20.702,15.183,5.519,3,1196,6394,6825054,12967914,2048,1024
5212,20.721,15.163,5.558,3,1192,6368,6825758,12974766,2048,1024
5213,20.639,15.125,5.514,3,1174,6328,6819614,12961428,2048,1024
5214,20.221,14.735,5.485,3,1186,6346,6835678,12985628,2048,1024
5215,20.366,14.844,5.521,3,1186,6330,6825694,12967904,2048,1024
5216,20.331,14.777,5.554,3,1194,6358,6839006,12987820,2048,1024
5217,20.500,14.773,5.727,3,1174,6290,6797982,12904540,2048,1024
5218,21.172,15.617,5.555,3,1180,6320,6805150,12920228,2048,1024
5219,21.126,15.454,5.672,3,1172,6284,6793822,12897568,2048,1024
5220,20.427,14.915,5.512,3,1184,6298,6800734,12904678,2048,1024
5221,20.336,14.852,5.484,3,1178,6266,6793758,12891742,2048,1024
5222,20.103,14.553,5.551,3,1186,6294,6803998,12905246,2048,1024
5223,21.136,15.258,5.877,3,1170,6268,6792734,12882066,2048,1024
5224,20.238,14.631,5.608,3,1176,6312,6802910,12901602,2048,1024
5225,20.359,14.959,5.400,3,1162,6308,6792670,12881120,2048,1024
5226,20.210,14.644,5.566,3,1160,6322,6794142,12881648,2048,1024
5227,20.010,14.616,5.394,3,1150,6278,6775966,12845074,2048,1024
5228,20.194,14.779,5.416,3,1162,6316,6788254,12863506,2048,1024
5229,20.676,15.291,5.384,3,1150,6274,6785118,12857354,2048,1024
5230,20.313,14.904,5.409,3,1158,6236,6795358,12871428,2048,1024
5231,20.169,14.722,5.447,3,1158,6226,6786078,12853768,2048,1024
5232,20.561,14.879,5.682,3,1162,6258,6791966,12858716,2048,1024
5233,20.336,14.883,5.453,3,1146,6236,6789086,12852680,2048,1024
5234,20.147,14.676,5.470,3,1162,6324,6839518,12957058,2048,1024
5235,20.964,15.528,5.436,3,1160,6300,6831326,12941324,2048,1024
5236,20.810,15.023,5.788,3,1192,6432,6933662,13143568,2048,1024
5237,20.403,14.820,5.583,3,1172,6406,6915230,13105792,2048,1024
5238,20.831,15.326,5.505,3,1180,6420,6923102,13116534,2048,1024
5239,20.481,15.003,5.479,3,1158,6362,6895710,13059448,2048,1024
5240,20.870,15.282,5.588,3,1190,6526,7026078,13281308,2048,1024
5241,20.707,15.164,5.543,3,1192,6520,7026462,13281860,2048,1024
5242,20.619,15.142,5.478,3,1192,6534,7053598,13294286,2048,1024
5243,20.589,15.110,5.479,3,1194,6518,7047902,13283572,2048,1024
5244,21.054,15.293,5.760,3,1222,6690,7161310,13510836,2048,1024
5245,21.851,16.336,5.515,3,1210,6682,7160478,13509196,2048,1024
5246,21.787,16.230,5.556,3,1218,6726,7155358,13494792,2048,1024
5247,21.882,16.270,5.613,3,1212,6710,7149982,13484462,2048,1024
5248,22.467,16.657,5.809,3,1250,6896,7245406,13676232,2048,1024
5249,22.348,16.436,5.911,3,1238,6774,7187806,13559528,2048,1024
5250,22.276,16.541,5.736,3,1246,6804,7196446,13573024,2048,1024
5251,21.815,15.891,5.924,3,1266,6840,7228446,13639600,2048,1024
5252,23.329,16.709,6.620,3,1506,7774,7691230,14575568,2048,1024
5253,23.443,16.727,6.716,3,1490,7740,7673822,14539980,2048,1024
5254,23.573,16.951,6.621,3,1498,7756,7697118,14582816,2048,1024
5255,23.436,16.789,6.647,3,1494,7724,7683742,14543956,2048,1024
5256,23.693,17.011,6.681,3,1526,7840,7744670,14664728,2048,1024
5257,23.149,16.483,6.666,3,1522,7786,7714142,14603840,2048,1024
5258,23.940,17.101,6.840,3,1528,7810,7715422,14597548,2048,1024
5259,23.176,16.619,6.557,3,1516,7770,7693918,14555912,2048,1024
5260,23.482,16.691,6.791,3,1544,7872,7757342,14679992,2048,1024
5261,24.054,17.293,6.761,3,1536,7854,7744030,14655000,2048,1024
5262,23.822,16.974,6.847,3,1536,7806,7718110,14696426,2048,1024
5263,23.638,16.769,6.869,3,1534,7832,7737310,14738748,2048,1024
5264,23.831,16.871,6.960,3,1602,8084,7869598,14996910,2048,1024
5265,25.157,18.024,7.133,3,1594,8078,7825566,14910326,2048,1024
5266,24.823,17.477,7.346,3,1640,8264,7924382,15107296,2048,1024
5267,24.953,17.695,7.258,3,1644,8284,7935582,15133192,2048,1024
5268,24.261,17.006,7.255,3,1644,8190,7819614,14891812,2048,1024
5269,24.108,16.959,7.149,3,1616,8104,7761502,14775068,2048,1024
5270,23.743,16.628,7.114,3,1620,8156,7797598,14843240,2048,1024
5271,24.039,16.679,7.360,3,1596,8046,7765854,14779172,2048,1024
5272,23.932,16.588,7.344,3,1604,8028,7700318,14640988,2048,1024
5273,23.459,16.414,7.044,3,1604,7936,7667294,14575928,2048,1024
5274,23.557,16.518,7.039,3,1572,7792,7397726,14557508,2048,1024
5275,23.037,16.164,6.873,3,1544,7680,7323230,14413540,2048,1024
5276,23.361,16.334,7.027,3,1534,7604,7229022,14226414,2048,1024
5277,23.150,16.096,7.053,3,1510,7552,7192158,14151790,2048,1024
5278,22.744,15.992,6.753,3,1510,7594,7216734,14196014,2048,1024
5279,22.668,15.964,6.704,3,1500,7592,7229278,14221770,2048,1024
5280,23.438,16.370,7.068,3,1496,7554,7212638,14181438,2048,1024
5281,22.973,16.370,6.603,3,1452,7440,7161694,14075904,2048,1024
5282,22.683,16.012,6.670,3,1438,7342,7134302,14015618,2048,1024
5283,23.064,16.451,6.613,3,1414,7202,7095390,13937636,2048,1024
5284,22.234,15.785,6.449,3,1414,7150,7053406,13846862,2048,1024
5285,21.793,15.521,6.272,3,1370,6972,6962270,13660142,2048,1024
5286,21.623,15.460,6.164,3,1350,6896,6921822,13577628,2048,1024
5287,21.482,15.431,6.052,3,1318,6824,6898526,13527180,2048,1024
5288,21.338,15.258,6.080,3,1302,6752,6780766,13285350,2048,1024
5289,20.749,14.842,5.907,3,1264,6618,6731358,13182712,2048,1024
5290,20.668,14.888,5.780,3,1254,6614,6720094,13155422,2048,1024
5291,20.854,15.002,5.851,3,1234,6522,6675550,13063222,2048,1024
5292,20.681,14.930,5.750,3,1252,6546,6687582,13083688,2048,1024
5293,20.788,14.838,5.950,3,1234,6474,6656094,13019666,2048,1024
5294,20.824,15.126,5.698,3,1230,6434,6657118,13027694,2048,1024
5295,21.231,15.452,5.779,3,1234,6442,6663262,13041530,2048,1024
5296,20.838,14.762,6.076,3,1246,6514,6692958,13095022,2048,1024
5297,20.483,14.778,5.706,3,1234,6500,6668382,13046074,2048,1024
5298,20.680,14.840,5.840,3,1234,6476,6688350,13037968,2048,1024
5299,20.495,14.836,5.659,3,1220,6456,6687838,13036970,2048,1024
5300,21.082,14.817,6.265,3,1230,6506,6725726,13109908,2048,1024
5301,20.934,14.924,6.010,3,1218,6496,6688862,13034128,2048,1024
5302,20.749,15.071,5.678,3,1226,6484,6695774,13043940,2048,1024
5303,20.816,15.111,5.705,3,1208,6418,6665054,12981994,2048,1024
5304,20.613,14.957,5.656,3,1224,6482,6695774,13042224,2048,1024
5305,20.393,14.767,5.626,3,1214,6458,6683742,13018532,2048,1024
5306,21.538,15.834,5.704,3,1238,6502,6712414,13073608,2048,1024
5307,20.495,14.862,5.633,3,1220,6436,6668382,12984926,2048,1024
5308,20.685,14.688,5.997,3,1236,6472,6688862,13023036,2048,1024
5309,20.402,14.665,5.737,3,1236,6498,6689886,13025592,2048,1024
5310,21.021,15.093,5.927,3,1246,6508,6704990,13051442,2048,1024
5311,21.734,15.778,5.956,3,1242,6482,6720606,13083266,2048,1024
5312,21.262,15.213,6.049,3,1250,6532,6722398,13042044,2048,1024
5313,21.999,16.258,5.741,3,1238,6508,6713182,13023212,2048,1024
5314,21.770,15.926,5.844,3,1246,6550,6726494,13031542,2048,1024
5315,21.396,15.686,5.710,3,1246,6554,6744926,13072154,2048,1024
5316,21.239,15.456,5.783,3,1256,6582,6779742,13139498,2048,1024
5317,21.520,15.444,6.076,3,1264,6610,6799454,13176178,2048,1024
5318,21.186,15.379,5.808,3,1276,6646,6779998,13130638,2048,1024
5319,20.767,14.707,6.060,3,1264,6570,6746206,13059938,2048,1024
5320,21.108,15.116,5.991,3,1272,6632,6783838,13133366,2048,1024
5321,20.819,15.077,5.741,3,1256,6596,6751070,13064664,2048,1024
5322,20.739,14.762,5.977,3,1268,6680,6768734,13099474,2048,1024
5323,21.062,14.969,6.093,3,1262,6670,6767966,13092862,2048,1024
5324,20.722,14.892,5.830,3,1280,6738,6816094,13178052,2048,1024
5325,21.033,14.979,6.054,3,1272,6688,6779230,13102138,2048,1024
5326,20.628,14.755,5.874,3,1250,6614,6740318,13101726,2048,1024
5327,20.760,14.826,5.934,3,1234,6540,6730334,13076730,2048,1024
5328,21.217,15.087,6.130,3,1296,6778,6827102,13267736,2048,1024
5329,20.800,14.933,5.867,3,1292,6676,6820446,13251056,2048,1024
5330,21.054,15.093,5.960,3,1300,6624,6806110,13213950,2048,1024
5331,21.549,15.657,5.892,3,1284,6544,6788702,13178742,2048,1024
5332,20.902,14.908,5.995,3,1292,6558,6798942,13189102,2048,1024
5333,21.570,15.690,5.880,3,1290,6586,6817630,13227696,2048,1024
5334,21.042,14.952,6.090,3,1292,6586,6820446,13227134,2048,1024
5335,20.679,14.802,5.877,3,1280,6552,6795102,13172186,2048,1024
5336,20.664,14.835,5.828,3,1280,6588,6801246,13176770,2048,1024
5337,20.769,14.838,5.931,3,1276,6552,6777694,13132470,2048,1024
5338,21.038,14.967,6.071,3,1286,6610,6816606,13203198,2048,1024
5339,20.974,14.956,6.018,3,1294,6586,6799966,13170342,2048,1024
5340,21.252,15.366,5.886,3,1292,6548,6789470,13142960,2048,1024
5341,25.706,17.536,8.170,3,1270,6478,6777438,13107580,2048,1024
5342,21.003,15.058,5.945,3,1282,6506,6817374,13178192,2048,1024
5343,21.069,15.078,5.991,3,1282,6510,6802014,13141252,2048,1024
5344,22.524,16.535,5.989,3,1288,6534,6808158,13143206,2048,1024
5345,22.355,16.274,6.081,3,1282,6512,6781534,13093492,2048,1024
5346,22.577,16.704,5.872,3,1288,6578,6815326,13157214,2048,1024
5347,21.599,15.723,5.876,3,1276,6572,6813534,13153180,2048,1024
5348,21.770,15.832,5.938,3,1288,6618,6816350,13148858,2048,1024
5349,22.705,16.770,5.935,3,1284,6600,6810206,13138284,2048,1024
5350,22.931,16.910,6.021,3,1312,6686,6868574,13249464,2048,1024
5351,22.026,16.036,5.991,3,1302,6578,6819422,13153580,2048,1024
5352,21.664,15.632,6.032,3,1302,6538,6810974,13135324,2048,1024
5353,22.087,16.123,5.964,3,1294,6474,6787422,13084924,2048,1024
5354,21.989,15.891,6.098,3,1308,6546,6829406,13163538,2048,1024
5355,21.002,14.979,6.022,3,1298,6516,6808926,13122320,2048,1024
5356,21.187,15.185,6.001,3,1300,6524,6816094,13129488,2048,1024
5357,21.636,15.701,5.935,3,1286,6486,6803806,13107928,2048,1024
5358,21.466,15.496,5.970,3,1302,6558,6843486,13186178,2048,1024
5359,21.314,15.087,6.227,3,1300,6552,6823774,13145692,2048,1024
5360,20.726,14.690,6.036,3,1308,6574,6834014,13159512,2048,1024
5361,20.694,14.807,5.887,3,1306,6620,6827870,13146078,2048,1024
5362,21.142,15.084,6.058,3,1316,6662,6853470,13200542,2048,1024
5363,21.204,14.986,6.218,3,1312,6630,6842206,13181782,2048,1024
5364,21.552,15.471,6.081,3,1326,6774,7108190,13671458,2048,1024
5365,21.267,15.284,5.982,3,1316,6706,7079774,13612586,2048,1024
5366,21.546,15.341,6.205,3,1334,6810,7141982,13684808,2048,1024
5367,21.668,15.667,6.001,3,1334,6792,7140190,13678688,2048,1024
5368,21.507,15.488,6.019,3,1340,6816,7137118,13665244,2048,1024
5369,21.840,15.831,6.009,3,1318,6796,7113566,13626714,2048,1024
5370,21.447,15.524,5.922,3,1318,6818,7103070,13604508,2048,1024
5371,21.465,15.387,6.078,3,1318,6838,7120734,13639086,2048,1024
5372,21.730,15.621,6.109,3,1346,6888,7142238,13673702,2048,1024
5373,22.409,16.422,5.987,3,1330,6830,7123806,13637786,2048,1024
5374,21.468,15.381,6.087,3,1336,6830,7117662,13614772,2048,1024
5375,21.679,15.619,6.060,3,1322,6818,7123806,13640314,2048,1024
5376,23.303,17.078,6.226,3,1332,6828,7119198,13628064,2048,1024
5377,21.439,15.259,6.180,3,1320,6818,7102046,13594672,2048,1024
5378,21.613,15.637,5.976,3,1330,6798,7103070,13589936,2048,1024
5379,21.925,15.694,6.231,3,1322,6778,7120734,13633978,2048,1024
5380,21.578,15.531,6.048,3,1336,6808,7135070,13656108,2048,1024
5381,21.740,15.427,6.313,3,1322,6804,7125854,13638552,2048,1024
5382,21.460,15.486,5.973,3,1328,6822,7129694,13640382,2048,1024
5383,22.293,16.211,6.082,3,1344,6910,7168862,13719094,2048,1024
5384,22.686,16.528,6.158,3,1350,6876,7127902,13625640,2048,1024
5385,22.261,16.320,5.941,3,1330,6846,7105374,13593140,2048,1024
5386,22.310,16.353,5.957,3,1334,6870,7114334,13601716,2048,1024
5387,22.501,16.280,6.221,3,1328,6872,7135838,13643746,2048,1024
5388,21.892,15.603,6.289,3,1340,6944,7133534,13635502,2048,1024
5389,21.303,15.304,5.999,3,1320,6914,7122526,13608816,2048,1024
5390,21.420,15.469,5.952,3,1300,6816,7075422,13610790,2048,1024
5391,21.527,15.614,5.912,3,1298,6818,7077470,13610238,2048,1024
5392,21.764,15.623,6.141,3,1342,6954,7164510,13758092,2048,1024
5393,21.211,15.186,6.024,3,1322,6926,7126622,13689760,2048,1024
5394,21.292,15.158,6.134,3,1338,6974,7118174,13669962,2048,1024
5395,21.723,15.661,6.062,3,1328,6926,7124574,13683262,2048,1024
5396,21.507,15.544,5.963,3,1332,6938,7121502,13668826,2048,1024
5397,21.273,15.345,5.928,3,1328,6922,7107166,13637966,2048,1024
5398,21.864,15.943,5.921,3,1332,6900,7099998,13617934,2048,1024
5399,22.103,16.034,6.069,3,1330,6904,7115358,13655572,2048,1024
5400,21.812,15.732,6.080,3,1338,6934,7120478,13660652,2048,1024
5401,21.910,15.786,6.124,3,1320,6874,7113566,13643800,2048,1024
5402,21.375,15.449,5.926,3,1332,6940,7129950,13670330,2048,1024
5403,22.104,16.133,5.971,3,1330,6964,7124830,13662694,2048,1024
5404,22.466,16.407,6.058,3,1348,7044,7142238,13689184,2048,1024
5405,21.445,15.242,6.204,3,1362,7108,7155550,13721202,2048,1024
5406,21.500,15.343,6.156,3,1370,7088,7133790,13674442,2048,1024
5407,21.428,15.329,6.098,3,1376,7080,7141214,13681498,2048,1024
5408,21.744,15.622,6.122,3,1394,7102,7176030,13742748,2048,1024
5409,21.948,15.673,6.275,3,1380,7092,7190366,13778806,2048,1024
5410,21.738,15.557,6.181,3,1392,7120,7223134,13836520,2048,1024
5411,21.746,15.600,6.146,3,1394,7094,7233054,13856768,2048,1024
5412,22.101,15.771,6.329,3,1400,7094,7228702,13845208,2048,1024
5413,22.080,15.626,6.454,3,1396,7094,7219742,13829048,2048,1024
5414,21.907,15.681,6.227,3,1406,7132,7230942,13845672,2048,1024
5415,22.082,15.908,6.175,3,1394,7132,7224798,13834656,2048,1024
5416,21.873,15.490,6.383,3,1414,7200,7232926,13842548,2048,1024
5417,21.977,15.710,6.266,3,1412,7162,7204254,13784442,2048,1024
5418,22.369,15.796,6.573,3,1420,7186,7215198,13802814,2048,1024
5419,21.982,15.558,6.424,3,1418,7182,7230814,13831176,2048,1024
5420,22.309,15.631,6.678,3,1422,7178,7239006,13840802,2048,1024
5421,21.848,15.500,6.348,3,1418,7160,7221534,13806886,2048,1024
5422,22.785,16.334,6.452,3,1430,7184,7239966,13834806,2048,1024
5423,21.999,15.740,6.259,3,1416,7170,7235806,13835262,2048,1024
5424,22.469,16.186,6.283,3,1422,7158,7255006,13870566,2048,1024
5425,21.781,15.496,6.285,3,1420,7158,7240862,13837478,2048,1024
5426,22.231,15.523,6.708,3,1432,7176,7249566,13850402,2048,1024
5427,22.705,16.015,6.689,3,1428,7194,7253662,13864154,2048,1024
5428,21.996,15.615,6.381,3,1428,7138,7247710,13845626,2048,1024
5429,21.887,15.635,6.252,3,1422,7188,7237470,13834624,2048,1024
5430,22.200,15.733,6.467,3,1436,7224,7265822,13889222,2048,1024
5431,22.077,15.829,6.248,3,1426,7196,7248670,13855818,2048,1024
5432,21.118,14.903,6.215,3,1334,6730,6832158,13118836,2048,1024
5433,20.710,14.890,5.821,3,1324,6680,6836190,13132192,2048,1024
5434,20.749,14.853,5.896,3,1322,6696,6844382,13142076,2048,1024
5435,20.461,14.681,5.779,3,1318,6648,6823838,13100380,2048,1024
5436,20.789,14.839,5.950,3,1322,6712,6838942,13131688,2048,1024
5437,20.862,14.780,6.082,3,1318,6668,6832990,13121006,2048,1024
5438,20.694,14.860,5.834,3,1324,6716,6849886,13148346,2048,1024
5439,20.419,14.687,5.732,3,1308,6724,6844766,13144854,2048,1024
5440,20.868,14.940,5.928,3,1316,6720,6845726,13141680,2048,1024
5441,20.758,14.986,5.772,3,1312,6698,6828318,13107256,2048,1024
5442,20.739,14.935,5.804,3,1320,6754,6845406,13138902,2048,1024
5443,20.953,14.959,5.994,3,1304,6730,6848734,13143528,2048,1024
5444,21.146,15.143,6.003,3,1314,6788,6859998,13160974,2048,1024
5445,21.029,15.114,5.915,3,1310,6744,6848670,13142038,2048,1024
5446,21.144,15.234,5.910,3,1322,6790,6864030,13157804,2048,1024
5447,20.734,14.835,5.899,3,1308,6720,6840414,13113392,2048,1024
5448,21.201,15.088,6.113,3,1310,6722,6832990,13086470,2048,1024
5449,20.856,14.973,5.883,3,1300,6686,6827038,13071808,2048,1024
5450,21.509,15.632,5.877,3,1302,6696,6843422,13099056,2048,1024
5451,20.611,14.752,5.859,3,1296,6686,6834206,13081824,2048,1024
5452,21.055,15.212,5.843,3,1300,6660,6639582,13079834,2048,1024
5453,21.539,15.716,5.823,3,1294,6634,6634462,13070384,2048,1024
5454,21.682,15.841,5.841,3,1274,6592,6604446,13098032,2048,1024
5455,21.923,16.067,5.855,3,1268,6570,6609822,13103254,2048,1024
5456,23.145,17.280,5.864,3,1302,6708,6691678,13243628,2048,1024
5457,21.669,15.839,5.830,3,1290,6654,6664030,13186710,2048,1024
5458,20.767,14.914,5.854,3,1302,6704,6673246,13199414,2048,1024
5459,20.794,14.921,5.874,3,1294,6654,6662942,13177748,2048,1024
5460,21.017,15.087,5.930,3,1298,6670,6659614,13170500,2048,1024
5461,20.878,15.149,5.728,3,1298,6630,6652638,13150882,2048,1024
5462,21.144,15.133,6.011,3,1300,6642,6656734,13154202,2048,1024
5463,21.190,15.175,6.016,3,1284,6586,6654686,13148632,2048,1024
5464,20.694,14.944,5.751,3,1292,6626,6680222,13196708,2048,1024
5465,20.713,14.957,5.756,3,1292,6616,6675102,13184764,2048,1024
5466,20.773,14.892,5.881,3,1300,6644,6673758,13182980,2048,1024
5467,20.769,14.921,5.847,3,1292,6624,6659678,13149430,2048,1024
5468,20.743,15.000,5.743,3,1296,6640,6667806,13160058,2048,1024
5469,20.966,15.078,5.887,3,1284,6612,6655518,13134922,2048,1024
5470,20.844,15.060,5.784,3,1286,6612,6660638,13141084,2048,1024
5471,20.457,14.813,5.644,3,1278,6618,6661086,13141378,2048,1024
5472,20.800,14.964,5.837,3,1288,6662,6656734,13140764,2048,1024
5473,20.789,14.985,5.804,3,1280,6660,6654878,13131730,2048,1024
5474,20.765,14.948,5.817,3,1286,6720,6685598,13197076,2048,1024
5475,20.813,15.117,5.697,3,1284,6644,6672286,13171846,2048,1024
5476,21.256,14.930,6.326,3,1296,6646,6681438,13194230,2048,1024
5477,20.951,14.912,6.039,3,1288,6632,6674270,13180672,2048,1024
5478,20.693,14.825,5.867,3,1304,6646,6688542,13218934,2048,1024
5479,20.238,14.697,5.541,3,1252,6462,6630430,13095062,2048,1024
5480,20.600,14.769,5.832,3,1256,6490,6644478,13117126,2048,1024
5481,44.483,20.256,24.227,8,1768,12268,8228606,16601746,2048,1024
5482,27.476,19.643,7.833,6,1792,12210,7977982,16097124,2048,1024
5483,27.259,19.543,7.716,6,1790,12238,7983358,16114200,2048,1024
5484,27.457,19.584,7.873,6,1820,12422,8064254,16275992,2048,1024
5485,27.370,19.427,7.942,6,1828,12442,8044030,16236514,2048,1024
5486,27.475,19.554,7.921,6,1846,12610,8116478,16377964,2048,1024
5487,27.622,19.512,8.111,6,1846,12652,8159230,16464792,2048,1024
5488,27.597,19.580,8.017,6,1874,12786,8168702,16480756,2048,1024
5489,27.846,19.890,7.956,6,1860,12816,8189950,16514162,2048,1024
5490,28.340,20.171,8.169,6,1870,12834,8238334,16598618,2048,1024
5491,28.231,20.232,7.998,6,1878,12864,8278270,16678374,2048,1024
5492,28.156,20.039,8.117,6,1888,12940,8316670,16739568,2048,1024
5493,29.532,20.875,8.657,6,1880,12996,8378366,16865132,2048,1024
5494,28.101,20.102,7.999,6,1892,12934,8357886,16808024,2048,1024
5495,27.997,20.003,7.995,6,1880,12916,8347902,16781754,2048,1024
5496,28.091,20.100,7.991,6,1856,12794,8307966,16827128,2048,1024
5497,28.108,20.080,8.028,6,1852,12878,8378878,16963014,2048,1024
5498,28.339,20.273,8.066,6,1884,12834,8434942,17051352,2048,1024
5499,28.250,20.222,8.028,6,1878,12792,8442622,17045518,2048,1024
5500,28.292,20.276,8.016,6,1886,12824,8490238,17106916,2048,1024
5501,10.789,9.711,1.078,2,24,2236,4034302,8084046,2048,1024
5502,33.691,19.890,13.801,6,1866,12706,8433406,17005896,2048,1024
5503,28.311,20.364,7.947,6,1868,12656,8469758,17054836,2048,1024
5504,29.171,21.188,7.983,6,1870,12718,8537086,17141976,2048,1024
5505,29.640,21.556,8.084,6,1870,12760,8607998,17256120,2048,1024
5506,29.384,21.197,8.187,6,1854,12718,8578302,17221950,2048,1024
5507,30.387,22.177,8.211,6,1868,12808,8593406,17268282,2048,1024
5508,11.535,10.379,1.156,2,24,2236,4034302,8084046,2048,1024
5509,35.910,22.906,13.004,6,1856,12842,8600830,17260326,2048,1024
5510,11.605,10.394,1.211,2,24,2236,4034302,8084046,2048,1024
5511,34.193,21.176,13.017,6,1862,12820,8618494,17261584,2048,1024
5512,28.477,20.164,8.312,6,1864,12950,8636158,17283280,2048,1024
5513,28.935,20.761,8.173,6,1872,12914,8656382,17283776,2048,1024
5514,10.763,9.633,1.130,2,24,2236,4034302,8084046,2048,1024
5515,35.791,21.869,13.922,6,1880,12992,8708350,17359858,2048,1024
5516,11.780,10.728,1.052,2,24,2236,4034302,8084046,2048,1024
5517,34.387,21.694,12.693,6,1852,12930,8758526,17416166,2048,1024
5518,23.305,17.031,6.274,3,1370,7430,7526398,14615866,2048,1024
5519,22.759,16.483,6.276,3,1372,7324,7396606,14292668,2048,1024
5520,22.123,15.852,6.270,3,1362,7292,7364094,14186964,2048,1024
5521,22.676,16.226,6.450,3,1374,7314,7421182,14290408,2048,1024
5522,22.303,16.069,6.235,3,1374,7326,7442686,14326330,2048,1024
5523,22.066,15.724,6.342,3,1364,7202,7404542,14300540,2048,1024
5524,22.677,16.247,6.430,3,1360,7220,7399422,14361964,2048,1024
5525,22.354,16.210,6.144,3,1360,7182,7487230,14494550,2048,1024
5526,22.614,16.252,6.362,3,1356,7140,7450366,14463104,2048,1024
5527,22.639,16.303,6.336,3,1368,7198,7475198,14470012,2048,1024
5528,22.975,16.785,6.190,3,1360,7202,7492862,14545344,2048,1024
5529,22.933,16.369,6.564,3,1422,7418,7585790,14709690,2048,1024
5530,25.030,18.339,6.691,3,1420,7526,7640062,14889300,2048,1024
5531,23.957,17.394,6.564,3,1438,7598,7729918,15024976,2048,1024
5532,24.078,17.381,6.697,3,1448,7776,7835902,15191312,2048,1024
5533,23.665,16.882,6.783,3,1460,7738,7824638,15192524,2048,1024
5534,23.613,16.961,6.651,3,1458,7834,7978750,15475842,2048,1024
5535,24.262,17.586,6.676,3,1476,8062,8211198,15835188,2048,1024
5536,24.227,17.335,6.892,3,1474,8076,8102398,15709076,2048,1024
5537,24.887,18.003,6.884,3,1502,8344,8433662,16333256,2048,1024
5538,25.433,18.448,6.985,3,1510,8466,8542974,16565818,2048,1024
5539,25.277,18.477,6.800,3,1504,8486,8553470,16609594,2048,1024
5540,25.532,18.385,7.147,3,1494,8512,8610302,16692284,2048,1024
5541,25.438,18.289,7.149,3,1466,8368,8601086,16653164,2048,1024
5542,25.226,18.396,6.830,3,1450,8370,8586750,16708878,2048,1024
5543,25.601,18.850,6.751,3,1472,8506,8680190,16849670,2048,1024
5544,25.275,18.472,6.803,3,1466,8540,8707582,16881830,2048,1024
5545,25.920,19.098,6.822,3,1480,8648,8856574,17228032,2048,1024
5546,26.596,19.743,6.853,3,1486,8610,8873214,17248164,2048,1024
5547,27.678,20.660,7.018,3,1496,8812,9192190,17875642,2048,1024
5548,27.059,20.371,6.689,3,1478,8856,9186558,17898148,2048,1024
5549,26.395,19.427,6.968,3,1484,8782,9139454,17778320,2048,1024
5550,26.834,19.898,6.936,3,1490,9004,9307134,18113678,2048,1024
5551,26.933,20.027,6.906,3,1494,9002,9271806,18094164,2048,1024
5552,27.519,20.485,7.034,3,1496,9052,9483518,18520106,2048,1024
5553,26.874,20.079,6.795,3,1506,9112,9513470,18562312,2048,1024
5554,27.251,20.411,6.840,3,1496,9106,9528574,18592434,2048,1024
5555,27.316,20.560,6.756,3,1450,8934,9499390,18498588,2048,1024
5556,27.103,20.254,6.849,3,1446,8944,9527550,18545912,2048,1024
5557,26.789,20.043,6.747,3,1450,8936,9515262,18484168,2048,1024
5558,27.016,20.331,6.685,3,1408,8744,9438974,18446542,2048,1024
5559,26.721,20.058,6.664,3,1418,8742,9386494,18308556,2048,1024
5560,26.600,19.794,6.806,3,1438,8798,9357566,18203220,2048,1024
5561,26.789,20.012,6.777,3,1450,8702,9272830,17994122,2048,1024
5562,25.269,18.688,6.581,3,1406,8246,8824574,17036904,2048,1024
5563,25.755,19.177,6.578,3,1418,8378,8871422,17083124,2048,1024
5564,25.405,18.860,6.545,3,1420,8400,8851710,17081538,2048,1024
5565,25.780,18.877,6.903,3,1430,8396,8865022,17072612,2048,1024
5566,25.368,18.957,6.411,3,1412,8372,8884990,17087854,2048,1024
5567,25.855,19.343,6.512,3,1408,8262,8867070,17010824,2048,1024
5568,25.371,18.843,6.528,3,1368,8078,8759038,16844160,2048,1024
5569,25.023,18.616,6.407,3,1402,8106,8718846,16665404,2048,1024
5570,24.846,18.519,6.328,3,1382,8076,8706302,16615040,2048,1024
5571,26.331,19.969,6.362,3,1388,8046,8683262,16555064,2048,1024
5572,25.577,19.123,6.454,3,1384,8022,8691710,16548692,2048,1024
5573,24.751,18.333,6.418,3,1390,8028,8637438,16503236,2048,1024
5574,24.295,18.092,6.204,3,1364,7860,8518142,16232236,2048,1024
5575,26.212,19.944,6.268,3,1374,7892,8529662,16232786,2048,1024
5576,25.647,19.480,6.167,3,1360,7798,8464382,16147758,2048,1024
5577,26.082,19.779,6.303,3,1360,7652,8167934,15626288,2048,1024
5578,24.275,18.038,6.237,3,1346,7602,7973886,15223246,2048,1024
5579,24.615,18.354,6.261,3,1368,7664,7998462,15255124,2048,1024
5580,23.365,17.125,6.240,3,1362,7648,7997438,15242330,2048,1024
5581,10.742,9.776,0.966,2,24,2236,4034302,8084046,2048,1024
5582,28.978,17.077,11.901,3,1368,7606,7989758,15195064,2048,1024
5583,10.843,9.791,1.052,2,24,2236,4034302,8084046,2048,1024
5584,28.976,17.079,11.897,3,1366,7574,7948030,15123474,2048,1024
5585,10.917,9.778,1.139,2,24,2236,4034302,8084046,2048,1024
5586,28.915,16.958,11.957,3,1370,7544,7880446,15038472,2048,1024
5587,11.182,10.015,1.168,2,24,2236,4034302,8084046,2048,1024
5588,28.965,17.294,11.671,3,1348,7440,7777022,14823144,2048,1024
5589,11.620,10.304,1.317,2,24,2236,4034302,8084046,2048,1024
5590,27.933,16.591,11.341,3,1356,7450,7765758,14794984,2048,1024
5591,11.058,9.825,1.233,2,24,2236,4034302,8084046,2048,1024
5592,28.530,16.840,11.690,3,1344,7414,7734526,14735060,2048,1024
5593,11.218,10.104,1.114,2,24,2236,4034302,8084046,2048,1024
5594,28.062,16.532,11.530,3,1314,7272,7644670,14704086,2048,1024
5595,10.931,9.802,1.129,2,24,2236,4034302,8084046,2048,1024
5596,28.381,16.577,11.804,3,1306,7258,7642622,14685044,2048,1024
5597,10.794,9.716,1.077,2,24,2236,4034302,8084046,2048,1024
5598,28.108,16.304,11.804,3,1348,7266,7673854,14740862,2048,1024
5599,10.851,9.684,1.167,2,24,2236,4034302,8084046,2048,1024
5600,29.175,16.728,12.447,3,1334,7226,7649790,14671504,2048,1024
5601,11.711,10.422,1.289,2,24,2236,4034302,8084046,2048,1024
5602,29.044,16.516,12.528,3,1332,7134,7500542,14455638,2048,1024
5603,11.838,10.773,1.065,2,24,2236,4034302,8084046,2048,1024
5604,31.035,18.859,12.176,3,1328,7078,7438334,14312190,2048,1024
5605,12.219,10.941,1.278,2,24,2236,4034302,8084046,2048,1024
5606,26.762,16.122,10.640,3,1326,7036,7380734,14211594,2048,1024
5607,11.107,9.905,1.202,2,24,2236,4034302,8084046,2048,1024
5608,28.047,16.077,11.970,3,1318,7032,7398142,14270968,2048,1024
5609,11.005,10.028,0.977,2,24,2236,4034302,8084046,2048,1024
5610,28.562,16.524,12.038,3,1328,7008,7329022,14170178,2048,1024
5611,10.862,9.836,1.026,2,24,2236,4034302,8084046,2048,1024
5612,27.711,16.067,11.644,3,1324,7002,7332606,14162640,2048,1024
5613,10.785,9.799,0.986,2,24,2236,4034302,8084046,2048,1024
5614,34.044,21.982,12.063,5,1410,8342,10152702,18618328,2048,1024
5615,28.117,21.578,6.539,5,1398,8512,10258686,18909272,2048,1024
5616,10.974,9.743,1.232,2,24,2236,4034302,8084046,2048,1024
5617,36.338,24.021,12.317,5,1442,8794,10482942,19406636,2048,1024
5618,11.354,10.412,0.942,2,24,2236,4034302,8084046,2048,1024
5619,36.180,24.470,11.710,5,1438,8922,10606590,19747844,2048,1024
5620,10.868,9.840,1.028,2,24,2236,4034302,8084046,2048,1024
5621,35.020,22.806,12.215,5,1456,9002,10716926,19876020,2048,1024
5622,10.798,9.816,0.982,2,24,2236,4034302,8084046,2048,1024
5623,34.881,22.684,12.197,5,1416,9026,10650622,19826546,2048,1024
5624,10.723,9.717,1.005,2,24,2236,4034302,8084046,2048,1024
5625,35.423,23.096,12.327,5,1444,9188,10814718,20339868,2048,1024
5626,10.523,9.607,0.916,2,24,2236,4034302,8084046,2048,1024
5627,35.657,23.132,12.525,5,1478,9296,10802942,20372790,2048,1024
5628,10.857,9.924,0.934,2,24,2236,4034302,8084046,2048,1024
5629,35.749,23.407,12.342,5,1500,9462,10979070,20732280,2048,1024
5630,10.880,9.758,1.122,2,24,2236,4034302,8084046,2048,1024
5631,36.222,23.603,12.619,5,1512,9608,11072766,20915984,2048,1024
5632,10.999,9.740,1.259,2,24,2236,4034302,8084046,2048,1024
5633,36.518,23.874,12.644,5,1526,9684,11022590,20909522,2048,1024
5634,11.110,9.878,1.233,2,24,2236,4034302,8084046,2048,1024
5635,36.980,24.475,12.506,5,1518,9590,10982398,20892144,2048,1024
5636,11.369,10.167,1.202,2,24,2236,4034302,8084046,2048,1024
5637,36.243,23.958,12.285,5,1526,9672,11010302,20966350,2048,1024
5638,11.383,10.046,1.337,2,24,2236,4034302,8084046,2048,1024
5639,36.240,23.896,12.344,5,1528,9654,11068414,21123228,2048,1024
5640,11.254,10.098,1.156,2,24,2236,4034302,8084046,2048,1024
5641,36.553,24.212,12.341,5,1542,9704,11113982,21283782,2048,1024
5642,11.045,9.814,1.231,2,24,2236,4034302,8084046,2048,1024
5643,39.153,26.536,12.617,5,1544,9748,11206910,21566942,2048,1024
5644,11.688,10.416,1.271,2,24,2236,4034302,8084046,2048,1024
5645,39.451,27.242,12.209,5,1562,9950,11440638,22076512,2048,1024
5646,11.684,10.501,1.184,2,24,2236,4034302,8084046,2048,1024
5647,38.842,26.507,12.335,5,1546,9954,11541758,22307242,2048,1024
5648,11.501,10.166,1.335,2,24,2236,4034302,8084046,2048,1024
5649,38.007,25.544,12.462,5,1560,10098,11793918,22782898,2048,1024
5650,10.825,9.755,1.070,2,24,2236,4034302,8084046,2048,1024
5651,38.157,25.438,12.719,5,1566,10006,11660542,22518810,2048,1024
5652,10.777,9.661,1.117,2,24,2236,4034302,8084046,2048,1024
5653,38.474,25.484,12.989,5,1580,9990,11723262,22648356,2048,1024
5654,10.950,9.836,1.114,2,24,2236,4034302,8084046,2048,1024
5655,38.344,25.595,12.749,5,1576,10134,11794942,22826570,2048,1024
5656,11.741,10.532,1.208,2,24,2236,4034302,8084046,2048,1024
5657,38.080,26.039,12.041,5,1590,10208,11879678,23000236,2048,1024
5658,11.494,10.058,1.436,2,24,2236,4034302,8084046,2048,1024
5659,39.971,27.320,12.651,5,1590,10402,12080382,23423782,2048,1024
5660,11.228,10.101,1.127,2,24,2236,4034302,8084046,2048,1024
5661,39.434,26.846,12.588,5,1626,10646,12530686,23820180,2048,1024
5662,11.222,10.075,1.148,2,24,2236,4034302,8084046,2048,1024
5663,39.452,26.831,12.621,5,1612,10662,12710654,24182494,2048,1024
5664,10.966,9.755,1.211,2,24,2236,4034302,8084046,2048,1024
5665,39.854,26.950,12.903,5,1618,10742,12823294,24425934,2048,1024
5666,10.728,9.623,1.105,2,24,2236,4034302,8084046,2048,1024
5667,39.369,26.391,12.978,5,1590,10554,12590078,23972590,2048,1024
5668,10.975,9.927,1.048,2,24,2236,4034302,8084046,2048,1024
5669,38.954,26.320,12.634,5,1596,10534,12579326,23966900,2048,1024
5670,10.910,9.781,1.129,2,24,2236,4034302,8084046,2048,1024
5671,39.188,26.489,12.699,5,1582,10536,12562942,23956374,2048,1024
5672,10.894,9.824,1.070,2,24,2236,4034302,8084046,2048,1024
5673,39.065,26.280,12.784,5,1590,10504,12321278,23944748,2048,1024
5674,10.805,9.699,1.106,2,24,2236,4034302,8084046,2048,1024
5675,39.933,27.098,12.835,5,1582,10564,12566782,23931570,2048,1024
5676,11.443,10.284,1.159,2,24,2236,4034302,8084046,2048,1024
5677,39.033,26.638,12.394,5,1588,10498,12487934,23776200,2048,1024
5678,11.228,9.970,1.258,2,24,2236,4034302,8084046,2048,1024
5679,38.177,25.675,12.502,5,1532,10032,12095742,23028846,2048,1024
5680,11.118,9.988,1.130,2,24,2236,4034302,8084046,2048,1024
5681,37.541,25.185,12.357,5,1538,10056,12019966,22832698,2048,1024
5682,11.284,9.935,1.349,2,24,2236,4034302,8084046,2048,1024
5683,37.189,24.915,12.274,5,1500,9846,11726078,22253682,2048,1024
5684,10.908,9.728,1.180,2,24,2236,4034302,8084046,2048,1024
5685,37.828,25.299,12.530,5,1508,9896,11767038,22347666,2048,1024
5686,11.040,9.909,1.132,2,24,2236,4034302,8084046,2048,1024
5687,37.367,25.104,12.264,5,1488,9880,11771390,22374576,2048,1024
5688,10.969,9.847,1.122,2,24,2236,4034302,8084046,2048,1024
5689,37.740,25.346,12.394,5,1492,9832,11558142,22440078,2048,1024
5690,10.889,9.790,1.099,2,24,2236,4034302,8084046,2048,1024
5691,37.492,25.010,12.483,5,1478,9812,11613182,22559814,2048,1024
5692,10.677,9.629,1.048,2,24,2236,4034302,8084046,2048,1024
5693,37.833,25.288,12.545,5,1492,9846,11646974,22621926,2048,1024
5694,10.892,9.814,1.078,2,24,2236,4034302,8084046,2048,1024
5695,37.374,25.047,12.327,5,1456,9736,11569662,22500310,2048,1024
5696,11.063,9.946,1.117,2,24,2236,4034302,8084046,2048,1024
5697,37.743,25.398,12.346,5,1476,9804,11605758,22536390,2048,1024
5698,11.767,10.381,1.385,2,24,2236,4034302,8084046,2048,1024
5699,38.319,26.409,11.910,5,1466,9764,11588350,22525534,2048,1024
5700,10.822,9.660,1.162,2,24,2236,4034302,8084046,2048,1024
5701,37.907,25.361,12.545,5,1508,9914,11685630,22572904,2048,1024
5702,11.335,10.079,1.256,2,24,2236,4034302,8084046,2048,1024
5703,37.253,25.088,12.165,5,1492,9876,11700478,22609012,2048,1024
5704,11.077,9.965,1.112,2,24,2236,4034302,8084046,2048,1024
5705,39.295,26.974,12.321,5,1502,9830,11700990,22617034,2048,1024
5706,11.042,9.946,1.096,2,24,2236,4034302,8084046,2048,1024
5707,38.745,26.445,12.299,5,1486,9860,11725566,22679940,2048,1024
5708,11.544,10.421,1.123,2,24,2236,4034302,8084046,2048,1024
5709,37.687,25.836,11.851,5,1502,9934,11764222,22763286,2048,1024
5710,10.819,9.817,1.002,2,24,2236,4034302,8084046,2048,1024
5711,37.257,24.868,12.389,5,1490,9736,11727870,22709696,2048,1024
5712,10.610,9.689,0.921,2,24,2236,4034302,8084046,2048,1024
5713,37.523,25.015,12.508,5,1502,9732,11717630,22685240,2048,1024
5714,10.725,9.736,0.989,2,24,2236,4034302,8084046,2048,1024
5715,37.140,24.738,12.402,5,1488,9730,11698430,22661810,2048,1024
5716,10.693,9.747,0.946,2,24,2236,4034302,8084046,2048,1024
5717,37.012,24.601,12.410,5,1496,9728,11703806,22672592,2048,1024
5718,11.108,10.191,0.918,2,24,2236,4034302,8084046,2048,1024
5719,36.509,24.566,11.942,5,1474,9698,11710974,22699706,2048,1024
5720,10.754,9.749,1.005,2,24,2236,4034302,8084046,2048,1024
5721,37.248,24.505,12.744,5,1446,9610,11650046,22729498,2048,1024
5722,10.636,9.713,0.923,2,24,2236,4034302,8084046,2048,1024
5723,36.300,23.904,12.396,5,1430,9568,11658494,22755808,2048,1024
5724,10.809,9.809,1.001,2,24,2236,4034302,8084046,2048,1024
5725,36.285,24.054,12.231,5,1462,9664,11727358,22913078,2048,1024
5726,10.800,9.803,0.997,2,24,2236,4034302,8084046,2048,1024
5727,37.247,24.786,12.461,5,1458,9658,11705598,22876984,2048,1024
5728,10.999,10.004,0.995,2,24,2236,4034302,8084046,2048,1024
5729,31.170,19.237,11.933,3,1444,8220,8929534,17346206,2048,1024
5730,10.593,9.582,1.011,2,24,2236,4034302,8084046,2048,1024
5731,31.440,19.155,12.285,3,1438,8210,8904958,17321640,2048,1024
5732,10.655,9.684,0.972,2,24,2236,4034302,8084046,2048,1024
5733,31.780,18.961,12.819,3,1452,8348,8891646,17288638,2048,1024
5734,10.724,9.708,1.016,2,24,2236,4034302,8084046,2048,1024
5735,31.068,18.824,12.244,3,1446,8354,8886270,17283828,2048,1024
5736,10.682,9.704,0.978,2,24,2236,4034302,8084046,2048,1024
5737,31.299,19.012,12.287,3,1460,8382,8892926,17287618,2048,1024
5738,10.947,9.796,1.151,2,24,2236,4034302,8084046,2048,1024
5739,30.999,18.837,12.162,3,1446,8296,8800510,17117892,2048,1024
5740,11.451,10.446,1.004,2,24,2236,4034302,8084046,2048,1024
5741,30.421,18.862,11.559,3,1464,8374,8816382,17136966,2048,1024
5742,10.729,9.730,0.999,2,24,2236,4034302,8084046,2048,1024
5743,31.876,19.675,12.201,3,1446,8322,8806654,17133424,2048,1024
5744,11.617,10.497,1.120,2,24,2236,4034302,8084046,2048,1024
5745,30.288,18.734,11.554,3,1450,8378,8838654,17185800,2048,1024
5746,10.807,9.795,1.012,2,24,2236,4034302,8084046,2048,1024
5747,30.899,18.658,12.241,3,1444,8266,8776958,17055298,2048,1024
5748,10.786,9.786,1.000,2,24,2236,4034302,8084046,2048,1024
5749,30.712,18.472,12.240,3,1450,8274,8727294,16968214,2048,1024
5750,10.822,9.825,0.997,2,24,2236,4034302,8084046,2048,1024
5751,30.200,18.166,12.034,3,1424,8122,8586750,16680714,2048,1024
5752,10.658,9.741,0.917,2,24,2236,4034302,8084046,2048,1024
5753,30.299,18.183,12.115,3,1426,8118,8559614,16621658,2048,1024
5754,10.739,9.777,0.962,2,24,2236,4034302,8084046,2048,1024
5755,30.229,18.142,12.086,3,1418,8092,8534526,16565914,2048,1024
5756,10.806,9.803,1.003,2,24,2236,4034302,8084046,2048,1024
5757,30.417,18.364,12.053,3,1422,8034,8484094,16438994,2048,1024
5758,10.478,9.554,0.924,2,24,2236,4034302,8084046,2048,1024
5759,30.131,17.837,12.294,3,1404,7926,8432638,16343532,2048,1024
5760,10.621,9.705,0.916,2,24,2236,4034302,8084046,2048,1024
5761,30.014,17.918,12.096,3,1408,7844,8415486,16301714,2048,1024
5762,11.028,9.733,1.294,2,24,2236,4034302,8084046,2048,1024
5763,29.679,17.607,12.073,3,1382,7730,8322302,16127354,2048,1024
5764,10.757,9.660,1.096,2,24,2236,4034302,8084046,2048,1024
5765,29.872,17.844,12.027,3,1380,7754,8285438,16049950,2048,1024
5766,11.203,9.842,1.360,2,24,2236,4034302,8084046,2048,1024
5767,30.570,18.376,12.194,3,1356,7638,8240382,15968040,2048,1024
5768,10.802,9.682,1.120,2,24,2236,4034302,8084046,2048,1024
5769,29.495,17.463,12.032,3,1370,7704,8249342,15997170,2048,1024
5770,11.147,10.039,1.108,2,24,2236,4034302,8084046,2048,1024
5771,29.401,17.782,11.619,3,1360,7692,8240638,15982946,2048,1024
5772,10.882,9.761,1.121,2,24,2236,4034302,8084046,2048,1024
5773,30.300,18.366,11.934,3,1382,7704,8215806,15932468,2048,1024
5774,11.673,10.651,1.022,2,24,2236,4034302,8084046,2048,1024
5775,29.827,18.183,11.644,3,1356,7526,7979774,15503384,2048,1024
5776,11.602,10.551,1.051,2,24,2236,4034302,8084046,2048,1024
5777,29.369,18.209,11.160,3,1368,7510,7992574,15519144,2048,1024
5778,11.419,10.295,1.124,2,24,2236,4034302,8084046,2048,1024
5779,28.102,16.803,11.299,3,1362,7444,7927806,15393006,2048,1024
5780,10.997,9.855,1.142,2,24,2236,4034302,8084046,2048,1024
5781,28.621,16.756,11.866,3,1362,7370,7799294,15129340,2048,1024
5782,10.619,9.639,0.980,2,24,2236,4034302,8084046,2048,1024
5783,28.816,16.706,12.110,3,1350,7304,7725310,14972252,2048,1024
5784,11.040,9.721,1.319,2,24,2236,4034302,8084046,2048,1024
5785,28.424,16.578,11.846,3,1356,7344,7710462,14939870,2048,1024
5786,10.828,9.764,1.063,2,24,2236,4034302,8084046,2048,1024
5787,28.544,16.744,11.800,3,1346,7318,7688702,14911090,2048,1024
5788,11.516,10.420,1.097,2,24,2236,4034302,8084046,2048,1024
5789,27.959,16.767,11.192,3,1348,7270,7659006,14833898,2048,1024
5790,11.087,9.983,1.104,2,24,2236,4034302,8084046,2048,1024
5791,28.714,17.180,11.534,3,1320,7092,7389438,14288980,2048,1024
5792,11.775,10.373,1.402,2,24,2236,4034302,8084046,2048,1024
5793,27.318,16.047,11.271,3,1338,7106,7385342,14280548,2048,1024
5794,11.075,10.019,1.056,2,24,2236,4034302,8084046,2048,1024
5795,27.534,15.968,11.566,3,1320,6938,7337214,14183616,2048,1024
5796,10.728,9.766,0.962,2,24,2236,4034302,8084046,2048,1024
5797,27.920,16.119,11.801,3,1322,6866,7247870,13994862,2048,1024
5798,10.804,9.831,0.973,2,24,2236,4034302,8084046,2048,1024
5799,27.429,15.704,11.725,3,1310,6814,7148798,13820068,2048,1024
5800,21.512,15.499,6.013,3,1326,6862,7164670,13843102,2048,1024
5801,21.750,15.614,6.136,3,1300,6828,7123966,13762844,2048,1024
5802,21.420,15.402,6.018,3,1306,6826,7071230,13662792,2048,1024
5803,21.107,15.279,5.827,3,1282,6740,7021310,13559004,2048,1024
5804,21.492,15.578,5.914,3,1294,6726,7037438,13579444,2048,1024
5805,21.679,15.839,5.840,3,1288,6708,7031806,13560940,2048,1024
5806,21.305,15.455,5.850,3,1296,6728,7022078,13547322,2048,1024
5807,21.176,15.342,5.833,3,1286,6816,7008766,13521280,2048,1024
5808,21.496,15.601,5.895,3,1298,6882,7045118,13581674,2048,1024
5809,21.964,16.023,5.941,3,1282,6840,7023102,13542540,2048,1024
5810,25.429,18.572,6.858,3,1288,6838,7032318,13537732,2048,1024
5811,23.819,17.380,6.439,3,1270,6798,7017726,13506258,2048,1024
5812,24.014,17.903,6.111,3,1282,6852,7054334,13547686,2048,1024
5813,25.685,19.280,6.404,3,1280,6862,7064574,13561968,2048,1024
5814,25.449,17.297,8.151,3,1298,6916,7085822,13597944,2048,1024
5815,22.568,16.268,6.300,3,1282,6864,7078654,13572658,2048,1024
5816,22.371,16.181,6.190,3,1298,6922,7112958,13630316,2048,1024
5817,24.517,17.360,7.157,3,1294,6910,7128062,13654252,2048,1024
5818,22.008,15.319,6.688,3,1308,6878,7143166,13677172,2048,1024
5819,21.827,15.841,5.986,3,1298,6814,7099390,13584122,2048,1024
5820,21.763,15.444,6.320,3,1306,6828,7073278,13533562,2048,1024
5821,21.431,15.223,6.209,3,1296,6782,7056126,13503524,2048,1024
5822,21.358,15.291,6.067,3,1310,6844,7064318,13520280,2048,1024
5823,21.544,15.332,6.212,3,1304,6842,7084542,13560278,2048,1024
5824,21.984,15.691,6.293,3,1284,6760,7018750,13541282,2048,1024
5825,21.543,15.409,6.134,3,1286,6740,6985214,13472520,2048,1024
5826,21.745,15.501,6.244,3,1338,6896,7064318,13610774,2048,1024
5827,21.645,15.400,6.245,3,1324,6858,7053822,13586684,2048,1024
5828,21.150,15.064,6.087,3,1338,6878,7068414,13602330,2048,1024
5829,21.612,15.510,6.102,3,1340,6990,7103486,13673236,2048,1024
5830,21.581,15.391,6.190,3,1350,6998,7081470,13612300,2048,1024
5831,21.694,15.516,6.178,3,1338,6940,7067646,13575098,2048,1024
5832,22.268,15.506,6.762,3,1354,6994,7133950,13699398,2048,1024
5833,21.674,15.668,6.005,3,1346,6966,7100158,13625938,2048,1024
5834,22.776,16.505,6.271,3,1362,7158,7377662,14079912,2048,1024
5835,22.944,16.528,6.416,3,1336,7014,7328510,13969334,2048,1024
5836,22.016,15.675,6.341,3,1342,7050,7322878,13949800,2048,1024
5837,21.989,15.763,6.226,3,1302,6914,7256318,13963852,2048,1024
5838,23.483,16.717,6.765,3,1314,6952,7229694,13910722,2048,1024
5839,22.457,16.194,6.263,3,1330,6980,7282942,14006886,2048,1024
5840,21.857,15.741,6.116,3,1336,7020,7299582,14025226,2048,1024
5841,22.140,15.981,6.159,3,1338,6998,7281150,14008850,2048,1024
5842,22.210,15.953,6.257,3,1346,6982,7273214,13976376,2048,1024
5843,22.675,16.528,6.147,3,1338,6946,7270142,13970010,2048,1024
5844,23.064,16.784,6.280,3,1350,6976,7308542,14031086,2048,1024
5845,22.705,16.382,6.323,3,1354,6972,7307774,14028272,2048,1024
5846,23.029,16.747,6.282,3,1364,7008,7325182,14057266,2048,1024
5847,23.280,16.969,6.312,3,1332,6992,7351550,14107826,2048,1024
5848,23.177,16.701,6.476,3,1334,7060,7381758,14152498,2048,1024
5849,22.572,15.958,6.613,3,1324,7034,7370750,14127400,2048,1024
5850,22.219,15.938,6.280,3,1344,7060,7364350,14107312,2048,1024
5851,22.065,15.927,6.138,3,1340,7082,7324158,14029542,2048,1024
5852,22.057,15.804,6.253,3,1350,7090,7330302,14025252,2048,1024
5853,21.956,15.988,5.968,3,1316,6990,7345918,14056798,2048,1024
5854,21.976,15.922,6.054,3,1334,7084,7394814,14149568,2048,1024
5855,22.114,16.040,6.074,3,1322,7026,7387134,14127602,2048,1024
5856,22.684,16.500,6.184,3,1346,7084,7343870,14033216,2048,1024
5857,22.180,16.118,6.062,3,1328,7058,7342334,14034360,2048,1024
5858,22.761,16.646,6.115,3,1332,7110,7367166,14077748,2048,1024
5859,21.950,15.896,6.054,3,1330,7098,7392254,14127586,2048,1024
5860,22.194,16.010,6.184,3,1338,7084,7391742,14110378,2048,1024
5861,22.363,16.169,6.194,3,1330,7058,7428862,14183442,2048,1024
5862,22.154,16.026,6.128,3,1338,7118,7451134,14208854,2048,1024
5863,21.838,15.738,6.101,3,1320,7028,7379198,14061620,2048,1024
5864,22.355,16.079,6.276,3,1328,7116,7396350,14091166,2048,1024
5865,22.675,16.277,6.398,3,1324,7114,7405054,14104626,2048,1024
5866,22.492,16.241,6.250,3,1334,7106,7438078,14165882,2048,1024
5867,22.223,15.962,6.261,3,1326,7034,7443966,14167742,2048,1024
5868,22.156,15.876,6.280,3,1342,7094,7463678,14197960,2048,1024
5869,22.090,16.005,6.085,3,1318,7018,7420926,14115522,2048,1024
5870,22.235,16.080,6.155,3,1322,7044,7430398,14118646,2048,1024
5871,22.075,15.679,6.396,3,1320,7036,7432446,14122676,2048,1024
5872,21.972,15.722,6.250,3,1328,7020,7414270,14068164,2048,1024
5873,22.167,15.870,6.296,3,1322,6964,7408126,14055290,2048,1024
5874,22.049,15.767,6.281,3,1334,6982,7411710,14051680,2048,1024
5875,22.019,15.914,6.105,3,1334,6976,7391486,14006610,2048,1024
5876,22.185,15.800,6.385,3,1350,7014,7426302,14069512,2048,1024
5877,22.175,15.787,6.389,3,1344,7002,7457022,14119838,2048,1024
5878,22.221,15.978,6.243,3,1352,7070,7490046,14179078,2048,1024
5879,22.544,16.134,6.410,3,1346,7020,7468286,14135302,2048,1024
5880,22.923,16.420,6.503,3,1358,7030,7461886,14106640,2048,1024
5881,22.215,15.931,6.284,3,1352,7062,7436798,14063506,2048,1024
5882,23.581,17.020,6.561,3,1362,7096,7442174,14069382,2048,1024
5883,22.845,16.427,6.418,3,1368,7130,7430142,14031566,2048,1024
5884,22.115,15.763,6.352,3,1372,7152,7425534,14016336,2048,1024
5885,22.170,15.799,6.371,3,1360,7072,7383038,13916848,2048,1024
5886,21.870,15.608,6.262,3,1330,6988,7355134,13849734,2048,1024
5887,22.053,15.976,6.077,3,1326,6946,7353342,13854034,2048,1024
5888,22.140,15.710,6.430,3,1322,6860,7301630,13827766,2048,1024
5889,21.876,15.625,6.252,3,1320,6878,7294718,13813682,2048,1024
5890,21.668,15.438,6.229,3,1364,6994,7366654,13930408,2048,1024
5891,21.928,15.596,6.332,3,1354,6966,7365118,13928870,2048,1024
5892,22.357,15.927,6.429,3,1366,6970,7388670,13960506,2048,1024
5893,22.104,15.860,6.244,3,1360,6970,7389182,13946388,2048,1024
5894,22.133,15.755,6.377,3,1366,7048,7393278,13947218,2048,1024
5895,21.985,15.661,6.324,3,1364,7078,7399422,13958462,2048,1024
5896,22.038,15.828,6.210,3,1364,7004,7383038,13916846,2048,1024
5897,22.105,15.748,6.358,3,1352,7020,7357182,13875122,2048,1024
5898,21.802,15.517,6.285,3,1358,7024,7357438,13843202,2048,1024
5899,21.648,15.544,6.103,3,1342,6968,7342334,13811342,2048,1024
5900,21.643,15.495,6.148,3,1348,6926,7332094,13782224,2048,1024
5901,22.322,15.948,6.375,3,1344,6886,7331838,13739152,2048,1024
5902,21.901,15.503,6.398,3,1348,7002,7313918,13695288,2048,1024
5903,21.480,15.414,6.066,3,1338,6974,7310590,13686594,2048,1024
5904,21.467,15.343,6.124,3,1352,7018,7343614,13751512,2048,1024
5905,21.508,15.368,6.140,3,1336,6944,7298558,13663120,2048,1024
5906,21.950,15.684,6.266,3,1342,6912,7288830,13649586,2048,1024
5907,22.347,16.262,6.084,3,1328,6874,7271422,13630172,2048,1024
5908,21.737,15.596,6.140,3,1338,6896,7279102,13651048,2048,1024
5909,21.736,15.480,6.257,3,1324,6812,7243006,13586816,2048,1024
5910,21.558,15.368,6.190,3,1328,6856,7253502,13593122,2048,1024
5911,21.390,15.321,6.068,3,1298,6758,7220478,13538412,2048,1024
5912,22.579,16.466,6.114,3,1306,6684,7227390,13544996,2048,1024
5913,22.580,16.417,6.163,3,1306,6642,7211006,13494884,2048,1024
5914,22.212,16.245,5.967,3,1318,6686,7222782,13518822,2048,1024
5915,21.944,15.990,5.954,3,1286,6596,7211518,13508814,2048,1024
5916,22.652,16.325,6.328,3,1298,6648,7222782,13518386,2048,1024
5917,22.056,16.155,5.900,3,1284,6622,7202558,13500054,2048,1024
5918,21.312,15.306,6.007,3,1294,6668,7216382,13535432,2048,1024
5919,21.453,15.552,5.901,3,1286,6666,7216382,13535234,2048,1024
5920,21.163,15.143,6.020,3,1304,6684,7231998,13561604,2048,1024
5921,21.116,15.127,5.989,3,1308,6670,6945022,13510422,2048,1024
5922,21.346,15.342,6.005,3,1322,6726,6967038,13559784,2048,1024
5923,21.384,15.382,6.001,3,1316,6770,6960638,13553670,2048,1024
5924,21.248,15.266,5.983,3,1322,6732,6916606,13471152,2048,1024
5925,21.832,15.537,6.294,3,1316,6766,6941438,13521420,2048,1024
5926,22.079,15.953,6.127,3,1326,6778,6954238,13561824,2048,1024
5927,23.412,16.980,6.432,3,1310,6706,6917630,13498562,2048,1024
5928,22.024,15.851,6.173,3,1324,6752,6950910,13559638,2048,1024
5929,21.499,15.277,6.223,3,1306,6684,6916094,13505898,2048,1024
5930,21.577,15.339,6.238,3,1318,6704,6934014,13537650,2048,1024
5931,21.186,15.159,6.027,3,1298,6694,6927870,13498632,2048,1024
5932,21.076,15.112,5.965,3,1308,6690,6937854,13513638,2048,1024
5933,21.679,15.515,6.164,3,1306,6692,6930942,13516512,2048,1024
5934,21.706,15.479,6.227,3,1316,6648,6950142,13546648,2048,1024
5935,21.472,15.579,5.893,3,1300,6586,6923262,13505096,2048,1024
5936,21.293,15.181,6.112,3,1310,6648,6934526,13531658,2048,1024
5937,21.356,15.364,5.992,3,1294,6618,6925310,13515092,2048,1024
5938,21.102,15.269,5.832,3,1282,6636,6971646,13561938,2048,1024
5939,21.362,15.289,6.073,3,1274,6652,6981118,13582888,2048,1024
5940,21.468,15.312,6.155,3,1282,6678,6995454,13617704,2048,1024
5941,21.069,15.258,5.810,3,1262,6666,6985982,13599252,2048,1024
5942,21.647,15.694,5.953,3,1270,6650,6991102,13615378,2048,1024
5943,21.357,15.396,5.960,3,1276,6666,6992382,13622402,2048,1024
5944,21.121,15.261,5.860,3,1286,6704,6978814,13597244,2048,1024
5945,21.540,15.556,5.984,3,1284,6728,6975998,13590476,2048,1024
5946,21.396,15.370,6.027,3,1298,6788,7032830,13697226,2048,1024
5947,21.976,15.946,6.029,3,1306,6816,7052542,13735026,2048,1024
5948,21.662,15.615,6.046,3,1290,6720,7005694,13631732,2048,1024
5949,21.418,15.462,5.956,3,1256,6604,6960638,13565974,2048,1024
5950,21.653,15.631,6.023,3,1266,6652,6986238,13612680,2048,1024
5951,21.593,15.601,5.991,3,1288,6760,7036414,13577414,2048,1024
5952,21.287,15.396,5.891,3,1270,6674,6984446,13598138,2048,1024
5953,21.299,15.209,6.090,3,1268,6658,6964222,13550528,2048,1024
5954,21.946,15.797,6.150,3,1312,6810,7041790,13697988,2048,1024
5955,21.573,15.537,6.036,3,1312,6784,7056894,13731596,2048,1024
5956,21.534,15.378,6.155,3,1318,6784,7036670,13695698,2048,1024
5957,21.847,15.707,6.141,3,1314,6808,7034366,13690766,2048,1024
5958,22.054,16.002,6.052,3,1328,6818,7046910,13722484,2048,1024
5959,22.096,15.760,6.337,3,1316,6784,7031294,13690088,2048,1024
5960,21.817,15.484,6.333,3,1332,6844,7062270,13758216,2048,1024
5961,21.413,15.422,5.991,3,1334,6842,7072510,13780446,2048,1024
5962,22.254,15.960,6.294,3,1350,6882,7098878,13838288,2048,1024
5963,21.786,15.573,6.214,3,1338,6874,7075070,13799680,2048,1024
5964,21.486,15.428,6.058,3,1344,6898,7063550,13772154,2048,1024
5965,21.898,15.639,6.259,3,1340,6902,7056126,13767330,2048,1024
5966,21.922,15.635,6.287,3,1354,6942,7080190,13810624,2048,1024
5967,21.729,15.588,6.141,3,1354,6996,7115006,13890648,2048,1024
5968,22.017,15.664,6.354,3,1368,6996,7116798,13890258,2048,1024
5969,22.127,15.767,6.361,3,1368,7036,7125502,13918646,2048,1024
5970,21.397,15.367,6.030,3,1368,6884,7020030,13698558,2048,1024
5971,21.961,15.765,6.195,3,1366,6918,7023614,13716432,2048,1024
5972,22.348,15.769,6.578,3,1376,6966,7055102,13784154,2048,1024
5973,22.561,16.450,6.111,3,1356,6886,6954494,13579378,2048,1024
5974,22.607,16.222,6.386,3,1376,6946,7013630,13703258,2048,1024
5975,21.564,15.400,6.164,3,1380,7024,7046398,13769166,2048,1024
5976,22.055,15.819,6.236,3,1384,7092,7119614,13907554,2048,1024
5977,21.555,15.519,6.037,3,1360,6960,6980094,13640138,2048,1024
5978,21.922,15.656,6.266,3,1382,6962,7050494,13776868,2048,1024
5979,21.773,15.473,6.301,3,1370,6908,7025918,13735268,2048,1024
5980,22.008,15.764,6.243,3,1350,6858,7034622,13748198,2048,1024
5981,22.878,16.728,6.150,3,1334,6814,6991870,13661838,2048,1024
5982,23.110,16.862,6.248,3,1350,6854,7009534,13699662,2048,1024
5983,22.659,16.521,6.138,3,1342,6862,7016446,13713378,2048,1024
5984,22.440,16.382,6.058,3,1362,6908,7018494,13721454,2048,1024
5985,22.853,16.586,6.267,3,1354,6898,7037438,13760826,2048,1024
5986,21.664,15.613,6.052,3,1346,6898,7035646,13750034,2048,1024
5987,21.404,15.437,5.968,3,1346,6890,7047422,13748356,2048,1024
5988,21.367,15.363,6.005,3,1352,6962,7074558,13795180,2048,1024
5989,21.520,15.487,6.033,3,1348,6960,7097342,13851376,2048,1024
5990,21.558,15.337,6.222,3,1352,6994,7115006,13880540,2048,1024
5991,21.509,15.466,6.043,3,1320,6904,7100670,13850568,2048,1024
5992,21.386,15.513,5.873,3,1324,6916,7121150,13894782,2048,1024
5993,21.603,15.739,5.864,3,1302,6944,7106046,13863854,2048,1024
5994,21.289,15.463,5.827,3,1306,6968,7099902,13842218,2048,1024
5995,21.149,15.391,5.758,3,1290,6918,7081470,13815636,2048,1024
5996,21.290,15.395,5.895,3,1298,6940,7071742,13788400,2048,1024
5997,21.297,15.399,5.898,3,1270,6866,7070462,13782924,2048,1024
5998,21.811,15.859,5.953,3,1284,6912,7108350,13850272,2048,1024
5999,21.470,15.461,6.009,3,1282,6914,7115518,13866930,2048,1024
6000,21.964,15.817,6.148,3,1292,6946,7147518,13922564,2048,1024
6001,23.353,16.893,6.459,3,1294,6968,7199742,14021902,2048,1024
6002,21.588,15.586,6.002,3,1320,6960,7222526,14046290,2048,1024
6003,21.673,15.536,6.138,3,1322,6986,7182590,13985168,2048,1024
6004,21.727,15.552,6.175,3,1336,7042,7224062,14041826,2048,1024
6005,21.967,15.928,6.039,3,1330,7010,7166718,13965910,2048,1024
6006,21.777,15.544,6.233,3,1344,7064,7195134,14018088,2048,1024
6007,22.005,15.721,6.284,3,1342,7086,7197182,14022036,2048,1024
6008,21.901,15.632,6.269,3,1350,7080,7169278,13955726,2048,1024
6009,21.672,15.643,6.029,3,1332,7020,7169278,13949684,2048,1024
6010,22.338,16.074,6.264,3,1350,7032,7197438,13999984,2048,1024
6011,21.702,15.695,6.007,3,1320,6944,7146750,13897868,2048,1024
6012,22.147,16.105,6.042,3,1336,7130,7393790,14353732,2048,1024
6013,22.225,16.262,5.962,3,1326,7096,7378686,14321350,2048,1024
6014,22.212,16.165,6.048,3,1342,7128,7405310,14361238,2048,1024
6015,22.018,15.942,6.076,3,1326,7038,7353086,14239516,2048,1024
6016,21.972,15.976,5.996,3,1308,6950,7302398,14261186,2048,1024
6017,22.108,15.875,6.233,3,1294,6866,7263230,14163480,2048,1024
6018,22.054,15.970,6.084,3,1338,6944,7343614,14319270,2048,1024
6019,21.969,16.005,5.965,3,1326,6952,7335934,14283470,2048,1024
6020,22.890,16.840,6.050,3,1338,6952,7356414,14319140,2048,1024
6021,22.297,16.407,5.890,3,1322,6858,7319294,14233502,2048,1024
6022,21.879,15.910,5.968,3,1350,6944,7357182,14300656,2048,1024
6023,22.302,16.082,6.219,3,1334,6948,7356158,14278068,2048,1024
6024,22.129,16.124,6.005,3,1332,6926,7370238,14278914,2048,1024
6025,21.886,15.870,6.016,3,1310,6890,7351038,14236662,2048,1024
6026,21.904,15.903,6.001,3,1328,6918,7383550,14277434,2048,1024
6027,22.052,16.081,5.971,3,1312,6900,7378430,14256320,2048,1024
6028,22.047,16.095,5.952,3,1322,6952,7383294,14237648,2048,1024
6029,22.173,16.047,6.126,3,1312,7008,7384574,14230422,2048,1024
6030,21.936,16.011,5.925,3,1332,7094,7418110,14267736,2048,1024
6031,21.852,15.835,6.017,3,1310,7032,7389694,14195890,2048,1024
6032,21.801,15.878,5.923,3,1322,7032,7416062,14226310,2048,1024
6033,22.209,16.140,6.070,3,1322,7088,7460862,14289460,2048,1024
6034,22.416,16.242,6.174,3,1340,7152,7480318,14327114,2048,1024
6035,22.120,15.892,6.228,3,1328,7076,7469566,14286720,2048,1024
6036,22.051,15.849,6.202,3,1350,7138,7452926,14261896,2048,1024
6037,22.022,16.006,6.017,3,1334,7114,7425278,14195488,2048,1024
6038,22.196,16.195,6.001,3,1352,7126,7447806,14254310,2048,1024
6039,22.204,15.879,6.325,3,1340,7028,7378430,14121192,2048,1024
6040,21.787,15.606,6.180,3,1348,6978,7348222,14056532,2048,1024
6041,21.429,15.588,5.841,3,1322,6928,7319038,14017112,2048,1024
6042,22.052,15.732,6.319,3,1334,6936,7315198,14003776,2048,1024
6043,21.977,15.697,6.280,3,1314,6922,7275774,13969616,2048,1024
6044,21.808,15.951,5.857,3,1326,6934,7290110,13974896,2048,1024
6045,21.831,15.755,6.076,3,1316,6870,7279870,13945128,2048,1024
6046,22.125,15.807,6.318,3,1330,6908,7283710,13937358,2048,1024
6047,21.786,15.874,5.912,3,1322,6924,7282686,13934254,2048,1024
6048,21.883,15.777,6.107,3,1334,6936,7287038,13920160,2048,1024
6049,22.109,16.108,6.001,3,1322,6936,7297278,13939688,2048,1024
6050,22.748,16.744,6.004,3,1334,7032,7313406,13949124,2048,1024
6051,22.880,16.862,6.017,3,1314,6946,7281406,13866978,2048,1024
6052,22.544,16.480,6.064,3,1334,6996,7318014,13935220,2048,1024
6053,23.084,17.040,6.044,3,1326,6952,7309310,13905842,2048,1024
6054,23.414,17.088,6.326,3,1342,6938,7337726,13955080,2048,1024
6055,21.739,15.457,6.282,3,1320,6868,7286014,13873326,2048,1024
6056,22.056,16.067,5.988,3,1330,6898,7290366,13877348,2048,1024
6057,22.223,16.358,5.865,3,1316,6902,7273726,13834408,2048,1024
6058,21.627,15.477,6.151,3,1328,6922,7291390,13866600,2048,1024
6059,21.562,15.748,5.814,3,1312,6910,7290366,13862284,2048,1024
6060,21.828,15.721,6.107,3,1288,6816,7234814,13883380,2048,1024
6061,21.823,15.746,6.077,3,1284,6788,7235838,13891586,2048,1024
6062,21.995,16.047,5.948,3,1316,6944,7299838,13988504,2048,1024
6063,21.558,15.691,5.867,3,1312,6896,7275774,13945476,2048,1024
6064,21.783,15.837,5.946,3,1288,6758,7225598,13840032,2048,1024
6065,22.309,16.508,5.802,3,1294,6784,7275518,13929602,2048,1024
6066,22.209,16.318,5.891,3,1320,6836,7284222,13963538,2048,1024
6067,21.808,15.946,5.862,3,1310,6794,7286526,13951220,2048,1024
6068,21.773,15.702,6.071,3,1320,6880,7311870,13995872,2048,1024
6069,21.686,15.566,6.120,3,1320,6872,7288062,13954236,2048,1024
6070,22.015,15.668,6.347,3,1340,6952,7308030,13977466,2048,1024
6071,21.778,15.808,5.970,3,1340,7016,7342334,14047576,2048,1024
6072,22.459,16.459,6.000,3,1358,7086,7393790,14134878,2048,1024
6073,22.409,15.852,6.557,3,1354,7056,7405822,14148310,2048,1024
6074,21.812,15.723,6.089,3,1364,7108,7428350,14187182,2048,1024
6075,22.495,16.442,6.053,3,1346,7076,7423998,14166964,2048,1024
6076,22.095,15.987,6.109,3,1360,7142,7411454,14133310,2048,1024
6077,21.720,15.738,5.982,3,1348,7136,7415038,14128718,2048,1024
6078,21.937,15.899,6.038,3,1342,7094,7374078,14036376,2048,1024
6079,21.645,15.651,5.994,3,1336,7062,7383038,14048624,2048,1024
6080,21.556,15.537,6.018,3,1314,6934,7309566,14021698,2048,1024
6081,22.058,15.920,6.139,3,1334,7030,7394302,14188708,2048,1024
6082,22.251,15.971,6.280,3,1374,7140,7447806,14287520,2048,1024
6083,21.967,15.855,6.113,3,1360,7092,7413246,14216196,2048,1024
6084,22.074,15.830,6.245,3,1332,6984,7329534,14021198,2048,1024
6085,21.386,15.452,5.935,3,1320,6916,7280638,13924352,2048,1024
6086,22.099,15.874,6.224,3,1330,6976,7324414,13997486,2048,1024
6087,21.909,15.891,6.018,3,1326,6878,7306238,13959734,2048,1024
6088,21.931,15.679,6.252,3,1340,6958,7361790,14064456,2048,1024
6089,21.937,15.836,6.101,3,1350,7078,7450622,14243270,2048,1024
6090,22.284,15.973,6.311,3,1364,7146,7441662,14208842,2048,1024
6091,22.009,15.883,6.127,3,1356,7064,7414526,14143616,2048,1024
6092,22.373,16.054,6.319,3,1368,7104,7449598,14206132,2048,1024
6093,22.401,15.947,6.454,3,1360,7116,7437566,14173184,2048,1024
6094,21.991,15.816,6.175,3,1366,7084,7392766,14074010,2048,1024
6095,22.024,15.957,6.067,3,1350,7076,7405310,14099116,2048,1024
6096,22.126,16.026,6.099,3,1352,7096,7424510,14124354,2048,1024
6097,22.002,15.962,6.040,3,1346,7118,7450878,14177084,2048,1024
6098,21.899,15.780,6.119,3,1352,7038,7186430,14157430,2048,1024
6099,21.847,15.797,6.050,3,1344,7030,7178750,14141006,2048,1024
6100,22.429,16.146,6.283,3,1366,7164,7290878,14349612,2048,1024
6101,22.358,16.043,6.316,3,1352,7074,7257086,14268620,2048,1024
6102,22.348,16.081,6.266,3,1360,7120,7265534,14278044,2048,1024
6103,22.430,16.253,6.178,3,1342,7012,7189246,14114916,2048,1024
6104,22.116,15.916,6.200,3,1348,7078,7195646,14120098,2048,1024
6105,22.047,15.922,6.124,3,1334,7004,7159294,14034260,2048,1024
6106,21.872,15.804,6.068,3,1336,7004,7157758,14030410,2048,1024
6107,22.298,16.239,6.060,3,1326,6966,7174142,14061624,2048,1024
6108,21.863,15.751,6.112,3,1334,7008,7195902,14084536,2048,1024
6109,21.880,15.905,5.974,3,1322,6936,7137534,13965508,2048,1024
6110,23.459,17.395,6.065,3,1330,6924,7176190,14017544,2048,1024
6111,22.416,16.381,6.035,3,1316,6862,7146238,13955828,2048,1024
6112,21.925,15.637,6.288,3,1318,6846,7110142,13861506,2048,1024
6113,21.644,15.687,5.957,3,1304,6814,7101182,13841302,2048,1024
6114,21.755,15.752,6.002,3,1306,6906,7137790,13901236,2048,1024
6115,21.763,15.635,6.128,3,1290,6844,7119102,13849128,2048,1024
6116,21.616,15.709,5.907,3,1300,6892,7156734,13907858,2048,1024
6117,21.732,15.684,6.048,3,1278,6846,7137534,13905448,2048,1024
6118,22.918,16.798,6.121,3,1290,6916,7162878,13949116,2048,1024
6119,22.642,16.381,6.261,3,1284,6874,7172094,13955638,2048,1024
6120,22.943,16.961,5.982,3,1292,6938,7204606,14013370,2048,1024
6121,22.877,16.915,5.962,3,1276,6900,7192574,13987820,2048,1024
6122,23.028,16.848,6.180,3,1290,6986,7203582,13978256,2048,1024
6123,22.087,16.104,5.983,3,1284,6984,7163646,13896998,2048,1024
6124,21.383,15.421,5.962,3,1254,6798,7021310,13731730,2048,1024
6125,21.316,15.550,5.766,3,1236,6730,7006462,13701890,2048,1024
6126,21.398,15.391,6.006,3,1244,6744,7003646,13697500,2048,1024
6127,21.797,15.451,6.345,3,1254,6762,7035902,13744824,2048,1024
6128,21.204,15.392,5.812,3,1262,6786,7019774,13706472,2048,1024
6129,21.936,15.996,5.940,3,1248,6762,6995454,13656114,2048,1024
6130,21.399,15.607,5.792,3,1264,6780,7003646,13663704,2048,1024
6131,20.913,15.168,5.745,3,1248,6666,6949374,13553596,2048,1024
6132,20.966,15.149,5.817,3,1234,6602,6914814,13492840,2048,1024
6133,21.368,15.669,5.699,3,1220,6548,6899710,13459944,2048,1024
6134,20.957,15.136,5.820,3,1264,6698,6995454,13497706,2048,1024
6135,21.032,15.089,5.943,3,1250,6698,6983678,13484748,2048,1024
6136,20.845,15.146,5.699,3,1262,6698,6970878,13450772,2048,1024
6137,21.065,15.326,5.739,3,1254,6630,6922750,13364740,2048,1024
6138,21.008,15.256,5.752,3,1264,6650,6925054,13361394,2048,1024
6139,20.979,15.214,5.765,3,1256,6624,6934014,13340936,2048,1024
6140,21.085,15.142,5.944,3,1274,6662,6970366,13397274,2048,1024
6141,21.424,15.481,5.943,3,1260,6584,6945534,13360662,2048,1024
6142,21.284,15.455,5.829,3,1274,6710,6960382,13382640,2048,1024
6143,20.720,14.972,5.748,3,1252,6620,6924542,13335892,2048,1024
6144,20.597,14.904,5.693,3,1220,6454,6798590,13224012,2048,1024
6145,21.214,15.265,5.949,3,1208,6414,6792446,13210552,2048,1024
6146,21.188,15.290,5.898,3,1250,6588,6886654,13397830,2048,1024
6147,21.096,14.948,6.148,3,1234,6540,6864126,13350250,2048,1024
6148,21.106,15.285,5.821,3,1242,6546,6865918,13359640,2048,1024
6149,20.854,15.162,5.692,3,1234,6510,6860798,13361178,2048,1024
6150,21.200,15.406,5.794,3,1242,6518,6859518,13356602,2048,1024
6151,20.978,15.323,5.655,3,1226,6470,6832382,13300852,2048,1024
6152,21.124,15.409,5.715,3,1244,6534,6869758,13374676,2048,1024
6153,21.745,15.862,5.883,3,1230,6420,6853630,13358486,2048,1024
6154,21.244,15.207,6.036,3,1244,6458,6872062,13388380,2048,1024
6155,20.977,15.270,5.707,3,1236,6458,6873854,13390184,2048,1024
6156,22.794,16.842,5.952,3,1250,6510,6888958,13426930,2048,1024
6157,21.561,15.600,5.961,3,1230,6452,6872830,13391362,2048,1024
6158,21.290,15.339,5.951,3,1240,6462,6886910,13407190,2048,1024
6159,20.998,15.373,5.626,3,1224,6422,6860798,13354268,2048,1024
6160,20.713,15.061,5.652,3,1232,6432,6857726,13340804,2048,1024
6161,20.583,14.904,5.679,3,1222,6388,6846462,13326354,2048,1024
6162,20.924,15.125,5.799,3,1226,6400,6851070,13326978,2048,1024
6163,20.823,15.258,5.565,3,1212,6352,6819838,13277702,2048,1024
6164,20.896,15.267,5.629,3,1222,6390,6863102,13351350,2048,1024
6165,21.154,15.315,5.839,3,1216,6406,6871038,13365200,2048,1024
6166,21.140,15.170,5.970,3,1222,6402,6864894,13355882,2048,1024
6167,20.967,15.311,5.655,3,1226,6434,6882302,13390034,2048,1024
6168,21.011,15.227,5.784,3,1238,6480,6895358,13420858,2048,1024
6169,21.152,15.460,5.693,3,1234,6496,6893310,13416066,2048,1024
6170,21.052,15.040,6.013,3,1254,6574,6932478,13493886,2048,1024
6171,20.937,15.105,5.832,3,1246,6638,6938622,13516650,2048,1024
6172,21.193,15.418,5.775,3,1260,6678,6954494,13548594,2048,1024
6173,21.379,15.290,6.090,3,1252,6712,6953982,13553780,2048,1024
6174,21.141,15.356,5.785,3,1262,6724,6966014,13571880,2048,1024
6175,21.383,15.563,5.820,3,1262,6744,6959102,13556272,2048,1024
6176,21.317,15.516,5.802,3,1276,6736,6978814,13585348,2048,1024
6177,21.130,15.383,5.746,3,1270,6728,6956286,13554216,2048,1024
6178,21.216,15.379,5.837,3,1288,6754,6979070,13593654,2048,1024
6179,21.216,15.385,5.831,3,1282,6804,7001854,13647250,2048,1024
6180,21.544,15.415,6.129,3,1292,6830,7001598,13639210,2048,1024
6181,21.128,15.279,5.849,3,1294,6824,6998782,13634222,2048,1024
6182,21.676,15.660,6.016,3,1318,6892,7034878,13709868,2048,1024
6183,21.590,15.638,5.952,3,1312,6888,7072766,13785786,2048,1024
6184,21.283,15.355,5.928,3,1314,6802,6908158,13518168,2048,1024
6185,21.430,15.145,6.285,3,1314,6758,6850302,13405166,2048,1024
6186,21.123,15.150,5.973,3,1322,6766,6872062,13443392,2048,1024
6187,21.202,15.190,6.012,3,1328,6790,6859006,13427472,2048,1024
6188,23.057,16.721,6.337,3,1350,6984,7070206,13815122,2048,1024
6189,22.750,16.728,6.022,3,1334,6938,7051262,13791276,2048,1024
6190,22.712,16.541,6.171,3,1340,6990,7045118,13770666,2048,1024
6191,22.888,16.781,6.107,3,1332,6986,7074814,13829398,2048,1024
6192,22.747,16.095,6.652,3,1342,7016,7086846,13859730,2048,1024
6193,22.609,16.229,6.380,3,1332,6978,7087614,13860384,2048,1024
6194,22.587,16.072,6.514,3,1348,7038,7146494,13984476,2048,1024
6195,22.189,15.790,6.400,3,1334,7000,7116286,13921382,2048,1024
6196,22.048,15.581,6.467,3,1348,7008,7138046,13970804,2048,1024
6197,22.159,16.146,6.013,3,1336,6970,7143166,13982102,2048,1024
6198,21.911,15.806,6.105,3,1340,6944,7131902,13962968,2048,1024
6199,21.880,15.801,6.079,3,1338,7012,7119870,13938294,2048,1024
6200,22.219,15.927,6.292,3,1348,7116,7175166,14053184,2048,1024
6201,21.954,15.850,6.104,3,1332,7060,7178750,14059120,2048,1024
6202,21.654,15.668,5.986,3,1324,6982,7106046,13915786,2048,1024
6203,22.123,16.146,5.977,3,1288,6820,7042302,13801826,2048,1024
6204,23.705,17.617,6.088,3,1296,6860,7065342,13841784,2048,1024
6205,22.690,16.589,6.100,3,1328,6950,7130878,13828224,2048,1024
6206,21.814,15.612,6.202,3,1338,6994,7177470,13915694,2048,1024
6207,21.939,15.934,6.004,3,1328,6974,7183102,13936824,2048,1024
6208,20.471,14.304,6.167,3,1276,6392,6298366,12592516,2048,1024
6209,20.503,14.293,6.210,3,1274,6380,6301438,12605370,2048,1024
6210,20.484,14.560,5.924,3,1308,6454,6371838,12739142,2048,1024
6211,20.346,14.350,5.996,3,1294,6378,6286078,12571256,2048,1024
6212,20.838,14.705,6.133,3,1304,6484,6321406,12645934,2048,1024
6213,20.507,14.363,6.144,3,1298,6484,6319870,12642248,2048,1024
6214,20.809,14.574,6.235,3,1306,6546,6341118,12688074,2048,1024
6215,21.080,15.097,5.982,3,1296,6502,6326782,12658496,2048,1024
6216,20.587,14.648,5.940,3,1306,6534,6332926,12673842,2048,1024
6217,20.215,14.247,5.968,3,1290,6500,6302974,12612418,2048,1024
6218,20.820,14.543,6.276,3,1302,6494,6303486,12616262,2048,1024
6219,20.479,14.485,5.994,3,1298,6390,6251518,12509894,2048,1024
6220,20.051,14.158,5.893,3,1298,6404,6214142,12435734,2048,1024
6221,20.323,14.274,6.050,3,1290,6438,6228222,12468432,2048,1024
6222,20.099,14.252,5.848,3,1296,6476,6235902,12481912,2048,1024
6223,21.578,15.773,5.805,3,1290,6396,6231550,12477898,2048,1024
6224,19.947,14.006,5.941,3,1288,6278,6141438,12290976,2048,1024
6225,19.700,13.966,5.734,3,1286,6292,6147070,12309342,2048,1024
6226,19.826,14.032,5.793,3,1300,6356,6179326,12371316,2048,1024
6227,19.740,13.907,5.832,3,1294,6266,6107646,12231190,2048,1024
6228,19.890,14.001,5.888,3,1316,6362,6135038,12283798,2048,1024
6229,20.054,14.090,5.964,3,1308,6364,6149886,12317042,2048,1024
6230,20.142,14.255,5.887,3,1306,6420,6226686,12468900,2048,1024
6231,19.654,13.888,5.766,3,1290,6222,6091262,12198010,2048,1024
6232,20.165,14.185,5.980,3,1310,6268,6170878,12358862,2048,1024
6233,19.994,14.173,5.821,3,1284,6208,6159358,12331986,2048,1024
6234,20.636,14.545,6.091,3,1292,6258,6190590,12398084,2048,1024
6235,19.835,14.019,5.816,3,1286,6238,6142974,12300140,2048,1024
6236,19.706,13.806,5.899,3,1290,6220,6097662,12210544,2048,1024
6237,20.354,14.254,6.100,3,1282,6170,6092286,12192024,2048,1024
6238,19.584,13.786,5.798,3,1282,6188,6080254,12163854,2048,1024
6239,19.955,14.248,5.708,3,1256,6172,6065662,12131548,2048,1024
6240,20.095,14.079,6.016,3,1264,6160,6082302,12155300,2048,1024
6241,19.738,13.798,5.940,3,1260,6148,6092286,12179630,2048,1024
6242,19.692,13.917,5.776,3,1268,6184,6106622,12203966,2048,1024
6243,20.113,14.085,6.029,3,1250,6178,6099454,12187214,2048,1024
6244,19.616,13.901,5.715,3,1260,6218,6134270,12252564,2048,1024
6245,19.597,13.698,5.899,3,1236,6160,6130942,12251454,2048,1024
6246,19.886,14.015,5.871,3,1238,6128,6128638,12250428,2048,1024
6247,19.569,13.999,5.570,3,1222,6074,6112766,12227278,2048,1024
6248,20.265,14.657,5.608,3,1222,6084,6091006,12179952,2048,1024
6249,19.453,13.862,5.591,3,1208,6060,6089982,12178122,2048,1024
6250,20.602,15.000,5.602,3,1210,6042,6104318,12202368,2048,1024
6251,20.353,14.603,5.751,3,1186,6022,6089726,12170228,2048,1024
6252,19.759,14.267,5.492,3,1190,6036,6117118,12222986,2048,1024
6253,19.434,13.994,5.440,3,1182,5998,6100990,12189106,2048,1024
6254,19.810,13.955,5.855,3,1192,6028,6120958,12224800,2048,1024
6255,19.425,13.891,5.534,3,1174,5994,6095870,12173940,2048,1024
6256,19.463,14.008,5.455,3,1182,6034,6113534,12200978,2048,1024
6257,19.267,13.780,5.487,3,1184,6054,6129150,12232192,2048,1024
6258,19.479,14.056,5.422,3,1184,6058,6132990,12230844,2048,1024
6259,19.490,13.927,5.563,3,1172,6018,6117374,12196042,2048,1024
6260,19.697,14.032,5.665,3,1176,6070,6111230,12179782,2048,1024
6261,19.954,14.476,5.479,3,1164,6002,6043646,12037900,2048,1024
6262,20.000,14.419,5.581,3,1170,5976,6010366,11965884,2048,1024
6263,19.982,14.723,5.259,3,1160,5926,5997822,11934192,2048,1024
6264,20.291,14.917,5.374,3,1166,6050,6006526,11947806,2048,1024
6265,19.983,14.632,5.351,3,1162,6030,5985022,11904978,2048,1024
6266,20.016,14.475,5.541,3,1164,6026,5967870,11866516,2048,1024
6267,19.366,13.833,5.533,3,1164,5968,5946110,11824458,2048,1024
6268,18.815,13.467,5.348,3,1168,5976,5922814,11784250,2048,1024
6269,18.986,13.690,5.295,3,1162,5970,5915390,11766746,2048,1024
6270,19.139,13.588,5.551,3,1168,5994,5920510,11769406,2048,1024
6271,18.922,13.476,5.446,3,1164,5962,5915646,11759094,2048,1024
6272,18.866,13.595,5.271,3,1128,5860,5884926,11810240,2048,1024
6273,19.528,14.037,5.490,3,1134,5902,5937662,11917218,2048,1024
6274,19.463,14.054,5.410,3,1176,6070,6032894,12092558,2048,1024
6275,19.376,13.837,5.539,3,1172,5946,6024702,12075366,2048,1024
6276,19.392,13.898,5.493,3,1190,5998,6055166,12127444,2048,1024
6277,19.601,14.001,5.600,3,1178,5940,6043390,12102244,2048,1024
6278,19.346,13.850,5.496,3,1188,6004,6056702,12117374,2048,1024
6279,19.110,13.710,5.400,3,1190,6004,6045182,12086612,2048,1024
6280,19.807,14.056,5.751,3,1212,6052,6073086,12138654,2048,1024
6281,19.753,13.969,5.784,3,1202,6024,6077950,12139700,2048,1024
6282,19.688,14.020,5.668,3,1208,6078,6095102,12172860,2048,1024
6283,19.713,13.959,5.754,3,1210,6042,6055678,12088466,2048,1024
6284,19.803,13.983,5.820,3,1222,6088,6071038,12114668,2048,1024
6285,19.493,13.837,5.655,3,1216,6046,6039294,12042310,2048,1024
6286,19.766,13.975,5.791,3,1226,6150,6055166,12069324,2048,1024
6287,19.834,14.273,5.561,3,1212,6122,6044926,12039498,2048,1024
6288,19.910,13.910,6.000,3,1226,6140,6044158,12027128,2048,1024
6289,19.714,13.857,5.858,3,1246,6150,6057982,12036770,2048,1024
6290,19.364,13.669,5.694,3,1264,6198,6058750,12028872,2048,1024
6291,20.011,13.799,6.212,3,1264,6224,6074622,12061816,2048,1024
6292,19.583,13.657,5.926,3,1278,6234,6037758,11980158,2048,1024
6293,19.748,13.775,5.974,3,1278,6246,6047998,12001386,2048,1024
6294,20.032,14.137,5.895,3,1250,6136,5979134,11980238,2048,1024
6295,19.385,13.628,5.757,3,1242,6062,5961214,11946122,2048,1024
6296,19.613,13.697,5.916,3,1272,6150,6029054,12077010,2048,1024
6297,19.537,13.626,5.912,3,1260,6060,5986046,11980122,2048,1024
6298,20.019,14.090,5.929,3,1268,6068,5997566,12001086,2048,1024
6299,20.284,13.853,6.431,3,1252,6030,5974782,11950976,2048,1024
6300,19.450,13.726,5.725,3,1250,6012,5954558,11927930,2048,1024
6301,19.787,13.711,6.075,3,1234,5944,5939710,11890070,2048,1024
6302,19.311,13.522,5.789,3,1238,5976,5941246,11895436,2048,1024
6303,20.337,14.382,5.955,3,1232,5968,5933566,11873182,2048,1024
6304,20.633,14.728,5.905,3,1236,5976,5942270,11887734,2048,1024
6305,19.744,14.095,5.649,3,1246,6040,6009854,12017582,2048,1024
6306,19.374,13.671,5.703,3,1244,6052,6014462,12014900,2048,1024
6307,19.532,13.894,5.638,3,1236,6068,6013694,12015112,2048,1024
6308,19.551,13.847,5.704,3,1238,6088,6016510,12017218,2048,1024
6309,19.693,13.993,5.700,3,1224,6076,6010878,12007574,2048,1024
6310,19.543,13.979,5.564,3,1206,6040,6046974,12068712,2048,1024
6311,19.582,13.912,5.671,3,1202,6014,6083326,12143364,2048,1024
6312,19.581,13.771,5.809,3,1212,6070,6107902,12180748,2048,1024
6313,19.920,13.880,6.041,3,1218,6112,6086398,12140964,2048,1024
6314,20.032,14.192,5.840,3,1234,6178,6115582,12189930,2048,1024
6315,20.091,14.268,5.822,3,1228,6154,6141438,12233918,2048,1024
6316,20.277,14.413,5.864,3,1252,6184,6120702,12191692,2048,1024
6317,20.038,14.274,5.764,3,1254,6202,6118654,12179262,2048,1024
6318,20.001,14.056,5.945,3,1272,6220,6148606,12239444,2048,1024
6319,19.940,14.077,5.863,3,1266,6188,6146814,12235104,2048,1024
6320,20.069,14.244,5.825,3,1270,6212,6159614,12260590,2048,1024
6321,20.386,14.526,5.860,3,1266,6228,6155518,12243462,2048,1024
6322,20.147,14.208,5.939,3,1268,6256,6149374,12227742,2048,1024
6323,20.070,14.306,5.764,3,1254,6188,6115582,12150582,2048,1024
6324,19.955,14.292,5.663,3,1258,6194,6093054,12103160,2048,1024
6325,19.683,13.856,5.828,3,1252,6162,6086910,12086170,2048,1024
6326,19.766,14.072,5.694,3,1260,6192,6073342,12054882,2048,1024
6327,19.319,13.730,5.588,3,1242,6108,6047742,12004238,2048,1024
6328,19.943,14.051,5.892,3,1256,6150,6063870,12024860,2048,1024
6329,20.043,14.121,5.922,3,1236,6100,6086654,12071292,2048,1024
6330,19.744,14.027,5.717,3,1248,6136,6120958,12130516,2048,1024
6331,20.040,14.114,5.925,3,1254,6182,6110974,12111910,2048,1024
6332,19.686,14.011,5.675,3,1264,6216,6134526,12156682,2048,1024
6333,20.343,14.582,5.761,3,1258,6198,6154750,12187972,2048,1024
6334,20.926,14.679,6.247,3,1266,6220,6172670,12232102,2048,1024
6335,19.925,14.120,5.805,3,1272,6242,6149630,12176558,2048,1024
6336,20.001,14.245,5.756,3,1256,6226,6142974,12276326,2048,1024
6337,20.435,14.583,5.852,3,1256,6290,6203134,12388598,2048,1024
6338,21.273,15.427,5.846,3,1304,6426,6236670,12448066,2048,1024
6339,21.130,15.127,6.003,3,1286,6360,6223870,12421514,2048,1024
6340,21.036,15.058,5.978,3,1292,6414,6250494,12465086,2048,1024
6341,20.518,14.783,5.735,3,1266,6304,6208254,12381318,2048,1024
6342,20.745,14.992,5.753,3,1278,6256,6232062,12427606,2048,1024
6343,20.440,14.536,5.904,3,1270,6276,6250238,12462014,2048,1024
6344,20.329,14.488,5.842,3,1270,6300,6302718,12554094,2048,1024
6345,20.695,14.947,5.748,3,1266,6296,6285054,12521972,2048,1024
6346,20.271,14.441,5.830,3,1290,6340,6289662,12520498,2048,1024
6347,20.315,14.477,5.839,3,1292,6330,6284030,12502828,2048,1024
6348,21.000,14.915,6.085,3,1312,6426,6333182,12600072,2048,1024
6349,20.596,14.719,5.877,3,1300,6406,6298110,12519652,2048,1024
6350,20.377,14.425,5.952,3,1314,6416,6295294,12513802,2048,1024
6351,20.108,14.292,5.816,3,1294,6348,6257406,12426442,2048,1024
6352,21.110,14.859,6.251,3,1302,6382,6271742,12454974,2048,1024
6353,21.465,15.521,5.944,3,1284,6278,6189822,12288076,2048,1024
6354,20.721,14.615,6.105,3,1298,6302,6191102,12289690,2048,1024
6355,20.462,14.572,5.889,3,1278,6266,6175998,12258674,2048,1024
6356,20.226,14.264,5.962,3,1288,6320,6191614,12289116,2048,1024
6357,19.852,14.177,5.675,3,1264,6252,6165758,12235236,2048,1024
6358,20.186,14.197,5.989,3,1280,6348,6188030,12279018,2048,1024
6359,19.609,13.939,5.669,3,1264,6314,6173438,12258454,2048,1024
6360,19.851,14.174,5.677,3,1272,6306,6162942,12235298,2048,1024
6361,20.085,14.279,5.806,3,1258,6238,6149118,12216058,2048,1024
6362,20.138,14.415,5.724,3,1276,6292,6187518,12298928,2048,1024
6363,19.630,13.928,5.702,3,1256,6244,6153470,12230096,2048,1024
6364,19.762,14.104,5.658,3,1266,6300,6146302,12220382,2048,1024
6365,19.769,14.133,5.636,3,1242,6248,6121214,12169306,2048,1024
6366,19.843,14.073,5.770,3,1254,6272,6145278,12231180,2048,1024
6367,19.563,13.900,5.664,3,1232,6222,6116606,12171510,2048,1024
6368,19.587,14.008,5.579,3,1238,6260,6129918,12204276,2048,1024
6369,19.906,14.214,5.692,3,1232,6220,6126590,12197070,2048,1024
6370,20.009,14.280,5.729,3,1240,6272,6141438,12232062,2048,1024
6371,19.852,14.288,5.565,3,1228,6232,6116606,12179328,2048,1024
6372,19.630,14.012,5.619,3,1242,6268,6104830,12153018,2048,1024
6373,19.851,14.218,5.633,3,1230,6220,6093822,12137754,2048,1024
6374,19.450,13.812,5.637,3,1242,6234,6104062,12155874,2048,1024
6375,19.538,14.000,5.538,3,1224,6118,6087166,12127552,2048,1024
6376,19.581,14.039,5.543,3,1232,6094,6049790,12050048,2048,1024
6377,18.983,13.499,5.484,3,1216,6064,6025470,12006608,2048,1024
6378,19.833,14.290,5.543,3,1230,6076,6034430,12022330,2048,1024
6379,19.234,13.747,5.487,3,1222,6058,6004222,11967586,2048,1024
6380,19.701,13.920,5.781,3,1232,6066,6011902,11986384,2048,1024
6381,19.329,13.755,5.574,3,1218,6032,5997054,11955394,2048,1024
6382,19.390,13.743,5.647,3,1236,6108,6033918,12033944,2048,1024
6383,19.356,13.860,5.496,3,1232,6158,6098686,12165116,2048,1024
6384,19.723,14.114,5.609,3,1242,6190,6104062,12179014,2048,1024
6385,25.948,18.946,7.002,3,1448,7154,6683134,13366164,2048,1024
6386,27.268,20.601,6.667,3,1540,7650,6959614,13934572,2048,1024
6387,27.780,21.005,6.775,3,1536,7760,7000318,14016940,2048,1024
6388,28.894,21.931,6.963,3,1614,8210,7361022,14745974,2048,1024
6389,28.028,21.084,6.943,3,1600,8168,7347710,14723128,2048,1024
6390,28.858,21.054,7.804,3,1834,9096,7807486,15667918,2048,1024
6391,32.779,24.301,8.478,3,2038,11026,9593598,19299704,2048,1024
6392,10.815,9.735,1.080,2,24,2236,4034302,8084046,2048,1024
6393,39.220,24.515,14.705,3,2068,11182,9696254,19505938,2048,1024
6394,33.582,24.950,8.632,3,2074,11236,9765118,19650820,2048,1024
6395,10.925,9.864,1.060,2,24,2236,4034302,8084046,2048,1024
6396,40.603,26.275,14.328,3,2124,11460,9963518,20035746,2048,1024
6397,11.538,10.409,1.129,2,24,2236,4034302,8084046,2048,1024
6398,38.588,25.082,13.506,3,2076,11038,9788670,19569014,2048,1024
6399,11.005,9.827,1.178,2,24,2236,4034302,8084046,2048,1024
6400,39.027,24.660,14.367,3,2080,10738,9707774,19112758,2048,1024
6401,10.850,9.719,1.131,2,24,2236,4034302,8084046,2048,1024
6402,38.204,23.881,14.323,3,2100,10776,9758974,19029924,2048,1024
6403,10.773,9.717,1.056,2,24,2236,4034302,8084046,2048,1024
6404,37.497,23.463,14.034,3,2030,10292,9166334,18130156,2048,1024
6405,33.883,23.024,10.859,3,1950,9844,8732158,17370666,2048,1024
6406,30.190,21.736,8.455,3,1976,9908,8676350,17502142,2048,1024
6407,11.522,10.444,1.078,2,24,2236,4034302,8084046,2048,1024
6408,34.552,21.198,13.354,3,1972,9900,8660990,17513602,2048,1024
6409,11.572,10.526,1.046,2,24,2236,4034302,8084046,2048,1024
6410,33.613,20.343,13.271,3,2016,9990,8725502,17641892,2048,1024
6411,10.888,9.840,1.048,2,24,2236,4034302,8084046,2048,1024
6412,34.448,20.320,14.128,3,2062,10214,8796670,17799924,2048,1024
6413,10.799,9.677,1.123,2,24,2236,4034302,8084046,2048,1024
6414,34.758,20.306,14.451,3,2084,10158,8749822,17705624,2048,1024
6415,11.208,10.130,1.078,2,24,2236,4034302,8084046,2048,1024
6416,34.143,20.302,13.841,3,2068,10082,8737790,17678136,2048,1024
6417,10.730,9.697,1.032,2,24,2236,4034302,8084046,2048,1024
6418,35.703,21.081,14.622,3,2134,10286,8831230,17872270,2048,1024
6419,10.898,9.750,1.148,2,24,2236,4034302,8084046,2048,1024
6420,35.185,20.560,14.625,3,2136,10370,8805374,17821654,2048,1024
6421,10.841,9.722,1.119,2,24,2236,4034302,8084046,2048,1024
6422,34.614,20.059,14.556,3,2160,10438,8836094,17881590,2048,1024
6423,10.683,9.604,1.079,2,24,2236,4034302,8084046,2048,1024
6424,35.348,20.422,14.926,3,2216,10694,8970238,18179620,2048,1024
6425,10.862,9.572,1.290,2,24,2236,4034302,8084046,2048,1024
6426,34.920,20.100,14.820,3,2228,10718,8925438,18087170,2048,1024
6427,10.899,9.852,1.046,2,24,2236,4034302,8084046,2048,1024
6428,35.363,20.749,14.614,3,2208,10704,8932862,18062058,2048,1024
6429,10.761,9.718,1.043,2,24,2236,4034302,8084046,2048,1024
6430,35.920,20.772,15.148,3,2286,11064,9134334,18470884,2048,1024
6431,10.898,9.813,1.085,2,24,2236,4034302,8084046,2048,1024
6432,35.401,20.775,14.626,3,2206,10818,9000446,18111814,2048,1024
6433,11.035,9.954,1.082,2,24,2236,4034302,8084046,2048,1024
6434,35.719,20.500,15.219,3,2040,10148,8639742,17363792,2048,1024
6435,10.880,9.780,1.100,2,24,2236,4034302,8084046,2048,1024
6436,35.712,20.732,14.980,3,2050,10276,8759550,17608058,2048,1024
6437,11.944,10.933,1.011,2,24,2236,4034302,8084046,2048,1024
6438,33.732,20.939,12.793,3,1990,10022,8653310,17392378,2048,1024
6439,12.072,10.926,1.146,2,24,2236,4034302,8084046,2048,1024
6440,33.814,21.056,12.759,3,1976,9914,8661246,17406370,2048,1024
6441,11.199,10.044,1.155,2,24,2236,4034302,8084046,2048,1024
6442,36.273,22.387,13.887,3,2046,10182,8840446,17774552,2048,1024
6443,11.652,10.396,1.256,2,24,2236,4034302,8084046,2048,1024
6444,34.384,21.277,13.107,3,1942,9772,8703742,17583796,2048,1024
6445,11.680,10.588,1.092,2,24,2236,4034302,8084046,2048,1024
6446,34.385,21.256,13.130,3,1940,9782,8712446,17601378,2048,1024
6447,28.965,20.457,8.509,3,1976,9998,8854526,17797110,2048,1024
6448,11.605,10.461,1.144,2,24,2236,4034302,8084046,2048,1024
6449,33.902,20.690,13.212,3,1908,9696,8693758,17466366,2048,1024
6450,28.678,20.522,8.155,3,1870,9566,8716542,17500000,2048,1024
6451,28.139,19.817,8.322,3,1872,9448,8534782,17138856,2048,1024
6452,26.721,18.884,7.837,3,1780,9104,8402430,16875910,2048,1024
6453,26.507,18.910,7.598,3,1794,9140,8392190,16851654,2048,1024
6454,26.055,18.235,7.820,3,1780,9006,8167678,16358694,2048,1024
6455,25.638,18.110,7.528,3,1728,8836,8033534,16078418,2048,1024
6456,25.375,17.946,7.429,3,1714,8748,7941630,15939146,2048,1024
6457,25.081,17.643,7.438,3,1722,8632,7732734,15512994,2048,1024
6458,24.029,16.882,7.148,3,1636,8206,7499262,15033668,2048,1024
6459,24.015,16.933,7.082,3,1648,8182,7473918,14974104,2048,1024
6460,23.189,16.045,7.144,3,1624,7836,7067902,14156504,2048,1024
6461,22.289,15.564,6.725,3,1574,7580,6912254,13837642,2048,1024
6462,22.245,15.456,6.789,3,1550,7434,6796030,13600376,2048,1024
6463,22.167,15.375,6.792,3,1566,7474,6818046,13641036,2048,1024
6464,21.449,15.050,6.399,3,1486,7184,6662910,13323606,2048,1024
6465,21.727,15.288,6.439,3,1500,7212,6682878,13370656,2048,1024
6466,21.363,14.983,6.380,3,1482,7138,6634494,13271176,2048,1024
6467,21.388,14.832,6.555,3,1430,6972,6555134,13102292,2048,1024
6468,21.437,15.178,6.259,3,1412,6860,6498302,12975436,2048,1024
6469,21.890,15.625,6.265,3,1432,6938,6539262,13050748,2048,1024
6470,21.585,15.564,6.021,3,1360,6740,6473726,12908232,2048,1024
6471,21.284,15.298,5.986,3,1362,6738,6460670,12878578,2048,1024
6472,22.503,16.196,6.307,3,1364,6764,6479358,12911604,2048,1024
6473,21.226,15.380,5.845,3,1308,6534,6401534,12746240,2048,1024
6474,20.498,14.723,5.775,3,1296,6504,6375934,12688190,2048,1024
6475,20.220,14.455,5.765,3,1310,6552,6394110,12721250,2048,1024
6476,19.937,14.326,5.611,3,1230,6260,6257918,12437128,2048,1024
6477,19.565,14.033,5.532,3,1244,6320,6259198,12435892,2048,1024
6478,20.106,14.344,5.761,3,1238,6334,6259710,12430844,2048,1024
6479,20.078,14.234,5.844,3,1246,6336,6269182,12442218,2048,1024
6480,20.229,14.361,5.868,3,1242,6312,6256382,12414332,2048,1024
6481,20.008,14.356,5.652,3,1252,6350,6281470,12454758,2048,1024
6482,19.517,13.879,5.638,3,1240,6228,6176510,12240578,2048,1024
6483,20.159,14.180,5.980,3,1248,6234,6184958,12248530,2048,1024
6484,19.549,13.944,5.605,3,1244,6288,6191358,12255350,2048,1024
6485,21.198,14.855,6.343,3,1258,6308,6183678,12236918,2048,1024
6486,20.645,14.809,5.836,3,1256,6312,6198014,12265126,2048,1024
6487,19.860,14.170,5.690,3,1262,6364,6225662,12319552,2048,1024
6488,19.722,13.980,5.741,3,1250,6342,6216446,12294652,2048,1024
6489,19.748,14.061,5.687,3,1254,6326,6215422,12287356,2048,1024
6490,19.720,13.949,5.771,3,1252,6326,6223358,12299568,2048,1024
6491,19.872,13.981,5.891,3,1228,6196,6159102,12295196,2048,1024
6492,19.782,13.883,5.899,3,1182,6078,6089470,12278890,2048,1024
6493,20.371,14.364,6.007,3,1226,6282,6215422,12530962,2048,1024
6494,20.041,14.376,5.665,3,1250,6340,6270974,12638956,2048,1024
6495,20.387,14.284,6.103,3,1254,6336,6265342,12630182,2048,1024
6496,20.445,14.456,5.990,3,1254,6346,6295294,12685030,2048,1024
6497,19.794,14.159,5.635,3,1262,6384,6280446,12644770,2048,1024
6498,20.236,14.367,5.870,3,1262,6392,6299390,12682198,2048,1024
6499,20.431,14.403,6.028,3,1280,6462,6318334,12717520,2048,1024
6500,20.248,14.521,5.726,3,1260,6444,6318846,12716208,2048,1024
6501,20.246,14.401,5.845,3,1272,6516,6377470,12824688,2048,1024
6502,20.667,14.882,5.784,3,1278,6472,6392062,12853960,2048,1024
6503,20.591,14.548,6.044,3,1280,6486,6411006,12883270,2048,1024
6504,20.140,14.336,5.804,3,1266,6422,6382334,12823724,2048,1024
6505,20.326,14.504,5.822,3,1278,6530,6402814,12872044,2048,1024
6506,20.765,14.878,5.887,3,1282,6562,6422270,12905736,2048,1024
6507,20.547,14.650,5.897,3,1286,6560,6436094,12928334,2048,1024
6508,20.683,14.777,5.907,3,1280,6578,6486526,13023696,2048,1024
6509,20.602,14.507,6.095,3,1292,6586,6467582,12980592,2048,1024
6510,20.049,14.247,5.802,3,1276,6512,6375422,12787424,2048,1024
6511,20.720,14.787,5.933,3,1292,6576,6407934,12855034,2048,1024
6512,20.461,14.518,5.942,3,1296,6564,6386942,12807522,2048,1024
6513,20.539,14.661,5.878,3,1302,6538,6322174,12672020,2048,1024
6514,20.353,14.336,6.017,3,1294,6490,6329598,12681060,2048,1024
6515,20.520,14.486,6.034,3,1304,6502,6332158,12677166,2048,1024
6516,20.503,14.573,5.930,3,1298,6418,6299390,12610204,2048,1024
6517,20.306,14.076,6.230,3,1292,6314,6123006,12253398,2048,1024
6518,19.806,13.681,6.125,3,1274,6180,6023166,12049148,2048,1024
6519,19.593,13.741,5.853,3,1282,6190,6042366,12080652,2048,1024
6520,19.409,13.612,5.797,3,1268,6112,5953534,11899990,2048,1024
6521,19.331,13.649,5.681,3,1274,6182,5996030,11976916,2048,1024
6522,19.504,13.721,5.783,3,1268,6178,5992190,11967750,2048,1024
6523,19.293,13.476,5.818,3,1278,6188,6038014,12050808,2048,1024
6524,19.452,13.588,5.864,3,1250,6030,5901566,11768830,2048,1024
6525,19.316,13.558,5.758,3,1270,6108,5980670,11925242,2048,1024
6526,19.613,13.759,5.854,3,1248,6084,5980414,11922396,2048,1024
6527,19.505,13.752,5.753,3,1248,6098,6004478,11966248,2048,1024
6528,19.566,13.974,5.592,3,1236,6072,5955838,11866736,2048,1024
6529,19.558,13.921,5.636,3,1244,6110,5972478,11905174,2048,1024
6530,20.079,14.153,5.927,3,1244,6112,5966334,11897126,2048,1024
6531,19.446,13.675,5.771,3,1246,6116,5981438,11923232,2048,1024
6532,19.639,13.518,6.121,3,1212,6072,5955070,11872918,2048,1024
6533,19.144,13.460,5.684,3,1224,6032,5944830,11848390,2048,1024
6534,19.593,14.115,5.478,3,1214,5978,5934846,11827260,2048,1024
6535,19.953,14.295,5.658,3,1210,5990,5940990,11840030,2048,1024
6536,19.077,13.572,5.505,3,1196,5966,5941246,11839340,2048,1024
6537,19.103,13.597,5.506,3,1208,6072,5951486,11861032,2048,1024
6538,19.054,13.441,5.613,3,1190,6054,5956862,11870326,2048,1024
6539,19.018,13.611,5.408,3,1200,6090,5967870,11888176,2048,1024
6540,19.037,13.646,5.391,3,1188,6074,5987326,11932016,2048,1024
6541,19.297,13.717,5.580,3,1186,6040,5988094,11928650,2048,1024
6542,19.503,13.810,5.693,3,1184,5978,5991166,11938902,2048,1024
6543,19.484,13.831,5.653,3,1194,6032,6007550,11967414,2048,1024
6544,20.110,14.667,5.443,3,1176,5968,5987326,11924852,2048,1024
6545,21.206,15.792,5.415,3,1184,6004,6031102,12012952,2048,1024
6546,20.370,14.881,5.488,3,1180,5954,6017790,11985124,2048,1024
6547,20.130,14.617,5.513,3,1188,5968,6031870,12013688,2048,1024
6548,20.253,14.848,5.405,3,1162,5916,6024190,11995722,2048,1024
6549,19.837,14.587,5.249,3,1174,5970,6047486,12039716,2048,1024
6550,19.675,14.409,5.265,3,1164,5962,6039294,12026762,2048,1024
6551,19.920,14.626,5.294,3,1178,5996,6059774,12066094,2048,1024
6552,19.744,14.493,5.251,3,1166,5886,6052606,12050498,2048,1024
6553,19.758,14.437,5.321,3,1178,5900,6062334,12070894,2048,1024
6554,20.168,14.479,5.689,3,1168,5870,6039806,12024416,2048,1024
6555,19.986,14.691,5.295,3,1140,5688,5932030,11945294,2048,1024
6556,19.726,14.356,5.371,3,1128,5694,5926398,11933090,2048,1024
6557,19.663,14.247,5.416,3,1170,5846,6008062,12092180,2048,1024
6558,19.554,14.074,5.480,3,1170,5832,5989374,12059528,2048,1024
6559,19.498,14.145,5.353,3,1178,5876,5971198,12018142,2048,1024
6560,19.490,14.037,5.453,3,1168,5858,5947902,11975308,2048,1024
6561,19.317,13.866,5.452,3,1180,5902,5949694,11974700,2048,1024
6562,18.908,13.653,5.255,3,1158,5804,5870334,11812364,2048,1024
6563,19.145,13.636,5.508,3,1168,5810,5884670,11841256,2048,1024
6564,19.003,13.533,5.470,3,1156,5808,5870334,11810830,2048,1024
6565,19.338,13.651,5.688,3,1170,5846,5888766,11848386,2048,1024
6566,18.726,13.360,5.366,3,1152,5906,5868286,11806472,2048,1024
6567,18.655,13.449,5.207,3,1162,5932,5877246,11832776,2048,1024
6568,18.456,13.280,5.176,3,1152,5910,5854974,11786670,2048,1024
6569,18.690,13.496,5.194,3,1162,5950,5865214,11809042,2048,1024
6570,18.471,13.224,5.247,3,1148,5912,5841918,11760644,2048,1024
6571,18.508,13.291,5.218,3,1126,5808,5788670,11654900,2048,1024
6572,18.855,13.356,5.499,3,1130,5842,5831166,11740964,2048,1024
6573,18.786,13.283,5.503,3,1176,5996,5917950,11778336,2048,1024
6574,18.525,13.224,5.302,3,1160,5938,5891838,11723836,2048,1024
6575,19.070,13.548,5.521,3,1174,5994,5903102,11748548,2048,1024
6576,18.924,13.595,5.329,3,1156,5904,5880830,11702190,2048,1024
6577,18.790,13.325,5.465,3,1162,5898,5893118,11727114,2048,1024
6578,18.706,13.406,5.300,3,1146,5742,5862398,11663606,2048,1024
6579,18.505,13.194,5.311,3,1154,5770,5874942,11688882,2048,1024
6580,18.620,13.331,5.289,3,1136,5676,5858814,11654972,2048,1024
6581,18.481,13.252,5.228,3,1148,5728,5875198,11683908,2048,1024
6582,19.251,13.979,5.272,3,1142,5708,5865982,11669074,2048,1024
6583,18.695,13.290,5.405,3,1146,5720,5853694,11639490,2048,1024
6584,18.890,13.544,5.346,3,1140,5688,5844478,11624640,2048,1024
6585,18.637,13.404,5.234,3,1148,5718,5853950,11639364,2048,1024
6586,18.968,13.718,5.250,3,1136,5708,5837054,11604052,2048,1024
6587,19.688,14.261,5.426,3,1142,5690,5831678,11592862,2048,1024
6588,19.082,13.564,5.518,3,1144,5786,5927934,11790050,2048,1024
6589,19.303,13.841,5.462,3,1156,5828,5939710,11809394,2048,1024
6590,18.853,13.664,5.190,3,1138,5784,5922302,11777140,2048,1024
6591,18.947,13.721,5.226,3,1150,5830,5929214,11786512,2048,1024
6592,18.953,13.656,5.297,3,1138,5812,5916158,11763236,2048,1024
6593,18.811,13.453,5.358,3,1150,5944,5932542,11793806,2048,1024
6594,18.869,13.635,5.234,3,1138,5890,5907966,11743138,2048,1024
6595,18.915,13.520,5.395,3,1146,5950,5950206,11828098,2048,1024
6596,19.070,13.771,5.299,3,1142,5982,5976830,11881694,2048,1024
6597,19.082,13.683,5.399,3,1164,6036,5973502,11884182,2048,1024
6598,19.458,14.020,5.438,3,1166,6048,5994750,11927480,2048,1024
6599,19.664,14.192,5.472,3,1184,6120,6032894,12009514,2048,1024
6600,19.302,13.804,5.498,3,1180,6090,6031102,12009882,2048,1024
6601,19.835,14.083,5.752,3,1184,6108,6025214,11993366,2048,1024
6602,20.270,14.349,5.921,3,1172,6056,6029054,12004534,2048,1024
6603,20.473,14.774,5.699,3,1176,6042,6013950,11969418,2048,1024
6604,19.215,13.803,5.412,3,1170,6016,6004990,11950756,2048,1024
6605,20.227,14.554,5.673,3,1192,6154,6090494,12124870,2048,1024
6606,19.726,14.253,5.473,3,1150,5990,6042878,12024988,2048,1024
6607,20.776,15.255,5.521,3,1160,6008,6059006,12057760,2048,1024
6608,19.639,14.114,5.525,3,1162,6012,6091262,12123138,2048,1024
6609,19.730,14.258,5.472,3,1184,6030,6099710,12136856,2048,1024
6610,19.694,14.005,5.689,3,1180,6002,6074622,12090140,2048,1024
6611,19.824,14.142,5.682,3,1198,6074,6097406,12132774,2048,1024
6612,20.403,14.744,5.659,3,1200,6124,6128894,12200904,2048,1024
6613,20.186,14.275,5.912,3,1198,6104,6123262,12184054,2048,1024
6614,19.778,14.301,5.476,3,1198,6122,6145790,12229558,2048,1024
6615,19.935,14.153,5.782,3,1222,6136,6162430,12264142,2048,1024
6616,20.494,14.596,5.898,3,1224,6196,6201854,12344112,2048,1024
6617,20.744,14.757,5.987,3,1250,6266,6208254,12353874,2048,1024
6618,20.324,14.486,5.838,3,1248,6260,6232574,12406904,2048,1024
6619,20.491,14.596,5.895,3,1216,6164,6160894,12396102,2048,1024
6620,20.329,14.345,5.985,3,1204,6178,6181374,12440720,2048,1024
6621,21.786,15.638,6.148,3,1242,6302,6255870,12580378,2048,1024
6622,20.789,15.028,5.761,3,1232,6254,6242046,12551332,2048,1024
6623,21.519,15.671,5.848,3,1238,6276,6246142,12560808,2048,1024
6624,20.623,14.902,5.721,3,1230,6256,6229758,12526082,2048,1024
6625,21.141,15.299,5.842,3,1238,6282,6246398,12554154,2048,1024
6626,21.216,15.363,5.853,3,1234,6288,6254078,12569762,2048,1024
6627,21.526,15.762,5.764,3,1242,6350,6254078,12566408,2048,1024
6628,20.673,14.505,6.168,3,1232,6348,6246910,12549212,2048,1024
6629,20.268,14.338,5.930,3,1232,6348,6211582,12470346,2048,1024
6630,19.973,14.363,5.610,3,1216,6256,6141694,12328718,2048,1024
6631,20.005,14.389,5.616,3,1224,6268,6146558,12327770,2048,1024
6632,20.660,15.071,5.589,3,1218,6278,6171902,12377224,2048,1024
6633,20.469,14.749,5.720,3,1216,6252,6178558,12383506,2048,1024
6634,20.396,14.787,5.609,3,1208,6220,6176254,12374456,2048,1024
6635,20.895,15.222,5.673,3,1228,6350,6209022,12441750,2048,1024
6636,20.983,15.212,5.771,3,1214,6318,6226430,12470840,2048,1024
6637,20.676,14.980,5.696,3,1220,6320,6216958,12447184,2048,1024
6638,20.326,14.694,5.632,3,1234,6386,6270462,12550098,2048,1024
6639,20.892,15.208,5.685,3,1240,6406,6281214,12562362,2048,1024
6640,20.624,14.968,5.656,3,1228,6368,6279934,12536750,2048,1024
6641,20.726,14.677,6.049,3,1236,6386,6270462,12545606,2048,1024
6642,20.215,14.559,5.656,3,1218,6246,6205694,12407310,2048,1024
6643,19.976,14.390,5.585,3,1230,6262,6219006,12430494,2048,1024
6644,20.007,14.495,5.512,3,1214,6178,6190078,12366518,2048,1024
6645,19.897,14.351,5.546,3,1226,6206,6190846,12365960,2048,1024
6646,19.837,14.318,5.518,3,1210,6154,6161406,12305300,2048,1024
6647,19.987,14.378,5.609,3,1220,6186,6174718,12322922,2048,1024
6648,20.229,14.764,5.465,3,1212,6062,6133246,12237570,2048,1024
6649,20.149,14.542,5.606,3,1214,6082,6113022,12184788,2048,1024
6650,19.879,14.391,5.487,3,1202,6010,6080766,12120148,2048,1024
6651,19.969,14.241,5.728,3,1214,6086,6136318,12228588,2048,1024
6652,20.075,14.549,5.526,3,1210,6156,6229246,12411600,2048,1024
6653,20.531,15.020,5.511,3,1214,6202,6254590,12460628,2048,1024
6654,20.311,14.771,5.540,3,1210,6192,6239230,12422876,2048,1024
6655,20.489,14.770,5.718,3,1222,6248,6266878,12475168,2048,1024
6656,21.144,15.340,5.804,3,1214,6260,6269438,12479244,2048,1024
6657,20.448,14.791,5.657,3,1222,6282,6275582,12481698,2048,1024
6658,20.206,14.622,5.584,3,1218,6282,6298366,12529138,2048,1024
6659,20.463,14.813,5.650,3,1228,6346,6318334,12555984,2048,1024
6660,20.572,14.740,5.832,3,1218,6316,6307070,12532154,2048,1024
6661,20.101,14.466,5.634,3,1230,6344,6323454,12555862,2048,1024
6662,20.439,14.737,5.702,3,1216,6336,6315518,12531102,2048,1024
6663,20.271,14.617,5.655,3,1224,6386,6324734,12547046,2048,1024
6664,20.405,14.790,5.616,3,1222,6478,6335230,12562214,2048,1024
6665,20.941,14.992,5.948,3,1228,6506,6345470,12579016,2048,1024
6666,20.805,15.085,5.720,3,1216,6454,6332414,12551736,2048,1024
6667,20.471,14.619,5.851,3,1230,6488,6361086,12601402,2048,1024
6668,20.687,15.041,5.646,3,1220,6428,6325758,12529228,2048,1024
6669,20.839,14.912,5.927,3,1226,6418,6317310,12503472,2048,1024
6670,20.379,14.845,5.534,3,1222,6404,6321406,12517676,2048,1024
6671,20.264,14.639,5.625,3,1230,6432,6341374,12547978,2048,1024
6672,20.232,14.549,5.682,3,1216,6350,6305022,12479658,2048,1024
6673,20.177,14.322,5.855,3,1192,6224,6237182,12479720,2048,1024
6674,20.156,14.653,5.503,3,1214,6286,6303742,12602384,2048,1024
6675,20.590,14.897,5.693,3,1220,6228,6304510,12599682,2048,1024
6676,20.221,14.643,5.578,3,1212,6180,6284286,12553710,2048,1024
6677,20.641,15.021,5.620,3,1216,6172,6270974,12522478,2048,1024
6678,20.462,14.883,5.579,3,1212,6138,6258430,12489868,2048,1024
6679,20.122,14.474,5.648,3,1224,6202,6271998,12513508,2048,1024
6680,20.265,14.746,5.518,3,1214,6206,6285310,12533002,2048,1024
6681,20.883,15.237,5.646,3,1226,6256,6305278,12569454,2048,1024
6682,20.517,14.760,5.757,3,1228,6244,6301950,12555728,2048,1024
6683,20.287,14.584,5.703,3,1200,6152,6245630,12555582,2048,1024
6684,20.436,14.774,5.662,3,1186,6086,6204670,12471724,2048,1024
6685,21.211,15.613,5.598,3,1228,6248,6277886,12611164,2048,1024
6686,20.909,15.287,5.622,3,1222,6314,6288382,12631954,2048,1024
6687,20.709,14.978,5.731,3,1234,6382,6309374,12664622,2048,1024
6688,20.917,15.209,5.708,3,1226,6366,6327038,12701436,2048,1024
6689,20.392,14.643,5.749,3,1238,6366,6319614,12676778,2048,1024
6690,20.440,14.772,5.668,3,1240,6362,6320638,12678824,2048,1024
6691,21.023,14.971,6.052,3,1258,6424,6334206,12696970,2048,1024
6692,20.306,14.623,5.683,3,1242,6384,6323710,12668666,2048,1024
6693,20.323,14.636,5.687,3,1256,6414,6350078,12716138,2048,1024
6694,20.554,14.948,5.606,3,1246,6414,6345214,12702850,2048,1024
6695,21.360,15.624,5.736,3,1232,6332,6323710,12654400,2048,1024
6696,20.972,15.211,5.761,3,1236,6282,6294526,12588304,2048,1024
6697,21.617,15.824,5.793,3,1254,6324,6319870,12637270,2048,1024
6698,21.976,15.742,6.234,3,1246,6296,6324990,12639906,2048,1024
6699,21.114,15.362,5.752,3,1258,6348,6323966,12634922,2048,1024
6700,20.537,14.641,5.896,3,1264,6380,6350846,12682284,2048,1024
6701,20.529,14.811,5.717,3,1278,6428,6386942,12745378,2048,1024
6702,20.380,14.636,5.744,3,1262,6384,6346750,12663122,2048,1024
6703,20.446,14.649,5.797,3,1278,6428,6349566,12659258,2048,1024
6704,20.305,14.606,5.699,3,1278,6396,6361598,12683224,2048,1024
6705,20.957,15.232,5.725,3,1290,6428,6343934,12637316,2048,1024
6706,20.439,14.615,5.824,3,1276,6402,6332926,12613902,2048,1024
6707,20.607,14.748,5.859,3,1282,6440,6366974,12672162,2048,1024
6708,20.291,14.563,5.728,3,1270,6428,6342398,12621454,2048,1024
6709,20.228,14.439,5.789,3,1276,6430,6334206,12615416,2048,1024
6710,20.386,14.535,5.851,3,1276,6408,6329342,12600038,2048,1024
6711,20.730,14.905,5.826,3,1284,6418,6339070,12616834,2048,1024
6712,20.079,14.386,5.693,3,1272,6376,6351614,12634404,2048,1024
6713,21.159,15.456,5.703,3,1278,6442,6373118,12674854,2048,1024
6714,20.554,14.799,5.755,3,1268,6360,6324990,12569838,2048,1024
6715,20.560,14.684,5.876,3,1286,6446,6340350,12598532,2048,1024
6716,20.906,14.811,6.096,3,1298,6534,6451966,12783760,2048,1024
6717,20.682,14.896,5.786,3,1306,6554,6453758,12784644,2048,1024
6718,20.968,15.164,5.803,3,1296,6516,6467582,12802922,2048,1024
6719,20.606,14.787,5.818,3,1298,6410,6367998,12588792,2048,1024
6720,20.425,14.637,5.788,3,1282,6354,6338046,12527144,2048,1024
6721,20.800,14.889,5.912,3,1300,6450,6395390,12639926,2048,1024
6722,20.589,14.745,5.845,3,1302,6402,6342142,12512636,2048,1024
6723,21.048,14.713,6.335,3,1324,6530,6376446,12617724,2048,1024
6724,20.625,14.605,6.020,3,1316,6574,6409982,12684820,2048,1024
6725,20.783,14.843,5.940,3,1328,6684,6517758,12898554,2048,1024
6726,20.770,14.846,5.923,3,1320,6570,6378238,12617010,2048,1024
6727,21.031,14.975,6.056,3,1330,6612,6443774,12747384,2048,1024
6728,20.972,14.955,6.017,3,1322,6550,6458366,12742692,2048,1024
6729,21.706,15.540,6.167,3,1336,6616,6481406,12787094,2048,1024
6730,20.817,14.815,6.002,3,1312,6614,6426110,12649248,2048,1024
6731,21.377,15.424,5.953,3,1324,6654,6447102,12689072,2048,1024
6732,22.136,16.156,5.980,3,1266,6448,6350334,12627720,2048,1024
6733,21.596,15.593,6.003,3,1280,6464,6364926,12661252,2048,1024
6734,21.247,15.345,5.902,3,1280,6438,6393342,12669932,2048,1024
6735,21.100,15.137,5.963,3,1294,6470,6399486,12667976,2048,1024
6736,20.783,14.970,5.813,3,1268,6406,6381310,12629286,2048,1024
6737,21.245,15.407,5.838,3,1270,6444,6407934,12670602,2048,1024
6738,21.000,15.024,5.976,3,1248,6386,6379518,12612378,2048,1024
6739,21.317,15.527,5.791,3,1256,6414,6385662,12649878,2048,1024
6740,20.854,15.190,5.664,3,1234,6364,6400766,12650804,2048,1024
6741,21.204,15.460,5.744,3,1246,6388,6399742,12646256,2048,1024
6742,21.075,15.012,6.063,3,1238,6310,6381054,12604064,2048,1024
6743,21.691,15.962,5.729,3,1250,6366,6418174,12676580,2048,1024
6744,21.479,15.726,5.753,3,1226,6298,6395134,12627684,2048,1024
6745,21.037,15.200,5.837,3,1232,6346,6402046,12648420,2048,1024
6746,20.910,15.196,5.713,3,1218,6318,6384382,12584530,2048,1024
6747,22.565,16.782,5.784,3,1222,6878,7946750,14748782,2048,1024
6748,22.369,16.638,5.731,3,1216,6864,7948798,14748320,2048,1024
6749,22.637,16.908,5.730,3,1260,7016,8018430,14904828,2048,1024
6750,22.984,17.220,5.764,3,1250,7238,9019902,15733444,2048,1024
6751,23.550,17.749,5.801,3,1258,7274,9047038,15792962,2048,1024
6752,23.112,17.301,5.812,3,1248,7172,9053182,15770372,2048,1024
6753,23.154,17.332,5.822,3,1246,7198,9048062,15782482,2048,1024
6754,23.139,17.220,5.919,3,1272,7328,9121790,15778552,2048,1024
6755,22.929,17.038,5.891,3,1290,7416,9148414,15819494,2048,1024
6756,23.276,17.485,5.790,3,1284,7368,9102846,15733308,2048,1024
6757,23.132,17.242,5.890,3,1290,7372,9050878,15632618,2048,1024
6758,22.600,16.723,5.877,3,1278,7322,9045758,15597346,2048,1024
6759,22.906,17.041,5.865,3,1294,7374,9062910,15620916,2048,1024
6760,22.693,16.852,5.841,3,1282,7352,9047294,15607018,2048,1024
6761,22.933,17.113,5.820,3,1294,7352,9050110,15607482,2048,1024
6762,23.475,17.528,5.947,3,1294,7328,9044734,15553964,2048,1024
6763,23.741,17.886,5.855,3,1306,7546,9596670,15920676,2048,1024
6764,23.817,18.005,5.813,3,1296,7506,9578238,15854186,2048,1024
6765,25.169,19.100,6.069,3,1312,7562,9582846,15884534,2048,1024
6766,25.176,19.203,5.973,3,1302,7550,9585662,15877544,2048,1024
6767,25.171,19.019,6.152,3,1314,7584,9617918,15952680,2048,1024
6768,25.328,19.275,6.053,3,1304,7542,9581566,15868790,2048,1024
6769,24.997,19.040,5.957,3,1314,7500,9594110,15900292,2048,1024
6770,24.023,18.012,6.010,3,1304,7430,9567230,15814418,2048,1024
6771,24.071,17.749,6.322,3,1314,7478,9561854,15821246,2048,1024
6772,23.939,17.887,6.052,3,1308,7464,9556222,15817050,2048,1024
6773,23.814,17.819,5.994,3,1314,7500,9562366,15821686,2048,1024
6774,24.541,18.382,6.158,3,1300,7382,9539326,15772820,2048,1024
6775,23.858,17.692,6.166,3,1304,7400,9545214,15774596,2048,1024
6776,25.831,19.659,6.173,3,1264,7284,9514750,15684626,2048,1024
6777,24.263,18.330,5.933,3,1272,7286,9512190,15663062,2048,1024
6778,23.720,17.811,5.910,3,1262,7266,9511678,15665310,2048,1024
6779,23.740,17.673,6.067,3,1276,7342,9528062,15697358,2048,1024
6780,23.872,17.943,5.930,3,1270,7294,9490174,15623108,2048,1024
6781,23.154,17.434,5.720,3,1260,7214,9394174,15434118,2048,1024
6782,23.366,17.341,6.025,3,1260,7168,9415678,15448932,2048,1024
6783,23.231,17.258,5.973,3,1274,7196,9427710,15475154,2048,1024
6784,22.995,17.183,5.812,3,1260,7178,9359358,15324652,2048,1024
6785,23.152,17.210,5.942,3,1274,7230,9385982,15392916,2048,1024
6786,23.263,17.358,5.905,3,1280,7252,9413886,15431002,2048,1024
6787,23.683,17.786,5.897,3,1294,7346,9497342,15600184,2048,1024
6788,23.178,17.210,5.968,3,1288,7282,9386494,15354560,2048,1024
6789,23.183,17.180,6.003,3,1296,7322,9434878,15451932,2048,1024
6790,23.446,17.444,6.002,3,1262,7212,9377534,15448394,2048,1024
6791,23.593,17.581,6.013,3,1294,7344,9455102,15598356,2048,1024
6792,22.973,17.116,5.857,3,1278,7212,9366014,15398074,2048,1024
6793,23.069,17.191,5.878,3,1280,7212,9345534,15349660,2048,1024
6794,23.711,17.964,5.747,3,1278,7210,9357310,15344204,2048,1024
6795,23.142,17.057,6.085,3,1286,7200,9349118,15311608,2048,1024
6796,22.785,17.035,5.751,3,1274,7168,9341950,15294030,2048,1024
6797,23.150,17.283,5.867,3,1282,7184,9344766,15279486,2048,1024
6798,22.827,17.158,5.669,3,1266,7128,9334014,15256270,2048,1024
6799,22.795,17.030,5.765,3,1272,7044,9331966,15239074,2048,1024
6800,22.923,17.087,5.835,3,1266,7030,9331710,15229774,2048,1024
6801,22.783,16.990,5.793,3,1274,7006,9332222,15208500,2048,1024
6802,23.416,17.586,5.830,3,1256,7136,10104574,15715142,2048,1024
6803,23.427,17.778,5.649,3,1264,7172,10130942,15780096,2048,1024
6804,23.464,17.750,5.714,3,1254,7134,10119678,15755424,2048,1024
6805,23.469,17.746,5.723,3,1250,7132,10119934,15765256,2048,1024
6806,23.308,17.747,5.561,3,1236,7132,10131454,15776548,2048,1024
6807,23.755,17.753,6.002,3,1242,7184,10143742,15810454,2048,1024
6808,23.118,17.476,5.642,3,1230,7114,10114302,15749820,2048,1024
6809,23.375,17.771,5.604,3,1238,7182,10144254,15822584,2048,1024
6810,23.470,17.882,5.588,3,1224,7216,10123774,15774994,2048,1024
6811,23.135,17.604,5.531,3,1224,7228,10116350,15781016,2048,1024
6812,23.360,17.719,5.641,3,1216,7202,10119422,15797204,2048,1024
6813,23.455,17.945,5.509,3,1222,7208,10135038,15824478,2048,1024
6814,23.188,17.566,5.622,3,1172,7038,10051582,15662962,2048,1024
6815,23.350,17.750,5.600,3,1180,7084,10077950,15708402,2048,1024
6816,23.496,17.971,5.526,3,1212,7220,10143486,15695984,2048,1024
6817,23.454,17.570,5.884,3,1220,7222,10148094,15701484,2048,1024
6818,23.468,17.704,5.763,3,1176,7108,10127614,15663412,2048,1024
6819,23.414,17.912,5.502,3,1186,7100,10103038,15608698,2048,1024
6820,24.835,18.977,5.858,3,1182,7042,10084862,15583894,2048,1024
6821,24.223,18.362,5.860,3,1192,7088,10100990,15623398,2048,1024
6822,23.431,17.863,5.568,3,1182,7054,10083326,15582160,2048,1024
6823,23.531,17.899,5.632,3,1192,7102,10086398,15596118,2048,1024
6824,23.646,17.863,5.783,3,1194,7120,10106366,15635916,2048,1024
6825,24.155,17.711,6.444,3,1206,7132,10104574,15639712,2048,1024
6826,23.393,17.782,5.611,3,1198,7076,10078462,15576976,2048,1024
6827,23.477,17.645,5.832,3,1208,7104,10081534,15590764,2048,1024
6828,23.970,18.255,5.715,3,1206,7096,9304318,15594344,2048,1024
6829,24.428,18.529,5.899,3,1220,7166,9334270,15637446,2048,1024
6830,24.942,19.391,5.551,3,1208,7162,9321726,15592694,2048,1024
6831,24.511,18.758,5.753,3,1208,7176,8805630,15571000,2048,1024
6832,24.964,19.187,5.777,3,1204,7158,8798462,15539422,2048,1024
6833,23.913,18.066,5.847,3,1186,7054,8741118,15512762,2048,1024
6834,23.521,17.727,5.794,3,1222,7170,8770558,15539354,2048,1024
6835,23.658,17.876,5.782,3,1236,7192,8769278,15502908,2048,1024
6836,23.175,17.352,5.823,3,1232,7162,8780542,15501278,2048,1024
6837,23.583,17.926,5.657,3,1242,7184,8794878,15499940,2048,1024
6838,23.811,17.872,5.938,3,1240,7178,8796158,15480200,2048,1024
6839,23.276,17.469,5.808,3,1240,7154,8812798,15488086,2048,1024
6840,23.309,17.694,5.614,3,1234,7120,8784382,15402816,2048,1024
6841,23.043,17.157,5.886,3,1246,7154,8777214,15363244,2048,1024
6842,22.994,17.176,5.818,3,1236,7154,8785406,15339566,2048,1024
6843,23.294,17.352,5.942,3,1248,7186,8811774,15367554,2048,1024
6844,23.050,17.270,5.780,3,1236,7096,8783358,15273606,2048,1024
6845,23.374,17.446,5.928,3,1252,7122,8816382,15315156,2048,1024
6846,23.016,17.094,5.922,3,1252,7112,8799742,15250846,2048,1024
6847,22.848,17.118,5.730,3,1270,7082,8781566,15177316,2048,1024
6848,22.774,17.041,5.733,3,1266,7054,8781310,15134782,2048,1024
6849,22.926,17.173,5.753,3,1272,7050,8812798,15152344,2048,1024
6850,23.250,17.484,5.767,3,1278,7188,9549566,15590114,2048,1024
6851,23.538,17.732,5.807,3,1290,7242,9567998,15620996,2048,1024
6852,23.506,17.584,5.923,3,1278,7234,9574142,15615284,2048,1024
6853,23.276,17.288,5.988,3,1284,7164,9467646,15385438,2048,1024
6854,22.907,17.242,5.665,3,1268,7138,9448702,15341250,2048,1024
6855,23.128,17.407,5.721,3,1278,7138,9467646,15367170,2048,1024
6856,23.291,17.473,5.818,3,1268,7094,9397758,15209142,2048,1024
6857,23.145,17.367,5.778,3,1278,7152,9449470,15317842,2048,1024
6858,23.363,17.671,5.692,3,1274,7184,9475838,15372796,2048,1024
6859,23.790,17.934,5.855,3,1296,7282,9571070,15545380,2048,1024
6860,22.967,17.188,5.779,3,1240,7048,9389054,15179004,2048,1024
6861,23.358,17.345,6.013,3,1262,7152,9463550,15316504,2048,1024
6862,23.848,17.985,5.863,3,1260,7120,9483518,15349842,2048,1024
6863,23.878,18.071,5.807,3,1258,7146,9486078,15345966,2048,1024
6864,23.006,17.320,5.687,3,1242,7096,9445886,15254472,2048,1024
6865,23.359,17.515,5.845,3,1224,7012,9405182,15302916,2048,1024
6866,23.520,17.706,5.815,3,1230,7118,9468158,15414134,2048,1024
6867,23.006,17.387,5.619,3,1234,7086,9480702,15437342,2048,1024
6868,23.310,17.724,5.586,3,1222,7026,9472766,15417110,2048,1024
6869,23.332,17.625,5.707,3,1234,7062,9496830,15451222,2048,1024
6870,23.115,17.304,5.811,3,1222,7022,9475582,15404494,2048,1024
6871,23.227,17.406,5.821,3,1234,7044,8719870,15419634,2048,1024
6872,23.074,17.401,5.672,3,1232,7040,8748030,15439934,2048,1024
6873,23.033,17.357,5.676,3,1246,7044,8705534,15355474,2048,1024
6874,22.729,17.082,5.647,3,1232,7048,8727550,15365636,2048,1024
6875,23.165,17.413,5.751,3,1242,7076,8724478,15335728,2048,1024
6876,22.936,17.151,5.784,3,1228,6946,8711934,15268294,2048,1024
6877,22.857,17.181,5.676,3,1236,6930,8705022,15226954,2048,1024
6878,22.956,17.190,5.766,3,1224,6910,8688894,15168290,2048,1024
6879,22.701,17.025,5.677,3,1254,7028,8705278,15157946,2048,1024
6880,22.817,17.178,5.639,3,1248,6976,8704254,15107818,2048,1024
6881,22.892,17.219,5.672,3,1262,6902,8754174,15149862,2048,1024
6882,23.174,17.488,5.686,3,1252,6842,8666622,14962386,2048,1024
6883,22.755,16.864,5.890,3,1264,6890,8689406,14975756,2048,1024
6884,23.013,16.998,6.014,3,1246,6836,8661502,14883222,2048,1024
6885,22.491,16.770,5.721,3,1248,6872,8670974,14877886,2048,1024
6886,22.721,16.974,5.747,3,1252,6874,8670206,14840464,2048,1024
6887,22.587,16.830,5.757,3,1268,6904,8681726,14829064,2048,1024
6888,22.320,16.609,5.711,3,1258,6862,8675326,14778422,2048,1024
6889,22.358,16.440,5.919,3,1272,6892,8683262,14761108,2048,1024
6890,22.171,16.477,5.694,3,1248,6834,8652798,14658792,2048,1024
6891,22.126,16.354,5.772,3,1250,6810,8624382,14570544,2048,1024
6892,22.376,16.753,5.622,3,1230,6786,9122814,14820862,2048,1024
6893,23.768,17.875,5.892,3,1236,6986,9940734,15418276,2048,1024
6894,24.662,18.887,5.775,3,1234,7018,9915646,15362564,2048,1024
6895,24.502,18.783,5.719,3,1236,7002,9911550,15347318,2048,1024
6896,24.191,18.765,5.426,3,1212,6912,9860862,15249012,2048,1024
6897,23.973,18.298,5.675,3,1186,6778,9823230,15300504,2048,1024
6898,23.105,17.690,5.415,3,1180,6820,9839870,15327736,2048,1024
6899,23.525,18.188,5.338,3,1182,6906,9846782,15324280,2048,1024
6900,22.514,17.211,5.303,3,1164,6874,9831166,15287546,2048,1024
6901,23.016,17.308,5.708,3,1176,6916,9853694,15319308,2048,1024
6902,23.398,17.875,5.522,3,1190,7082,9979134,15573326,2048,1024
6903,23.194,17.584,5.610,3,1208,7142,9995262,15577002,2048,1024
6904,22.980,17.389,5.591,3,1198,7084,9974014,15537250,2048,1024
6905,24.461,18.929,5.532,3,1216,7090,9967614,15516532,2048,1024
6906,23.899,18.381,5.518,3,1186,6988,9943550,15444470,2048,1024
6907,23.140,17.585,5.555,3,1204,7028,9978110,15503966,2048,1024
6908,23.093,17.543,5.550,3,1196,6976,9968126,15470482,2048,1024
6909,24.202,18.534,5.668,3,1212,7002,9970174,15469834,2048,1024
6910,23.662,18.189,5.473,3,1196,6898,9950462,15410528,2048,1024
6911,23.032,17.536,5.496,3,1216,6950,9961470,15435042,2048,1024
6912,22.885,17.356,5.530,3,1202,6922,9946878,15388626,2048,1024
6913,22.645,17.061,5.584,3,1220,6976,9962750,15421270,2048,1024
6914,23.348,17.879,5.469,3,1192,6872,9126398,15283038,2048,1024
6915,23.192,17.216,5.977,3,1208,6884,9153790,15288686,2048,1024
6916,22.943,17.215,5.728,3,1188,6826,9108734,15193060,2048,1024
6917,22.826,17.190,5.636,3,1200,6872,9127422,15187500,2048,1024
6918,22.408,16.917,5.491,3,1184,6798,9108734,15115482,2048,1024
6919,22.639,16.963,5.675,3,1204,6810,9099006,15058732,2048,1024
6920,22.373,16.845,5.528,3,1192,6774,9082622,14998354,2048,1024
6921,22.346,16.889,5.457,3,1188,6890,9074942,14955272,2048,1024
6922,22.584,17.105,5.479,3,1168,6828,9069566,14913414,2048,1024
6923,23.099,17.268,5.830,3,1166,6792,9036798,14940644,2048,1024
6924,22.032,16.710,5.322,3,1164,6758,9035006,14895710,2048,1024
6925,22.445,16.966,5.478,3,1174,6796,9047806,14896152,2048,1024
6926,22.132,16.691,5.441,3,1156,6714,9024254,14806388,2048,1024
6927,22.181,16.824,5.356,3,1166,6738,9027070,14780724,2048,1024
6928,22.278,16.789,5.489,3,1154,6690,9010942,14706296,2048,1024
6929,22.233,16.559,5.675,3,1160,6690,9004798,14676598,2048,1024
6930,21.820,16.519,5.301,3,1140,6620,8986366,14601440,2048,1024
6931,21.886,16.482,5.404,3,1144,6566,8989438,14578132,2048,1024
6932,21.662,16.307,5.356,3,1132,6530,8971006,14505812,2048,1024
6933,21.577,16.317,5.260,3,1138,6536,8983038,14491590,2048,1024
6934,21.694,16.216,5.478,3,1126,6484,8964862,14424646,2048,1024
6935,21.723,16.345,5.378,3,1138,6508,8980222,14413054,2048,1024
6936,22.458,17.111,5.347,3,1128,6638,9749246,14915898,2048,1024
6937,22.422,17.030,5.391,3,1142,6702,9767678,14944000,2048,1024
6938,22.180,16.743,5.437,3,1122,6640,9749246,14900904,2048,1024
6939,22.456,17.127,5.329,3,1126,6652,9756158,14898286,2048,1024
6940,22.046,16.825,5.221,3,1120,6634,9751294,14883540,2048,1024
6941,22.096,16.892,5.203,3,1132,6680,9764606,14901380,2048,1024
6942,21.947,16.799,5.148,3,1116,6616,9739006,14843856,2048,1024
6943,22.197,17.022,5.174,3,1130,6674,9757438,14877406,2048,1024
6944,22.001,16.849,5.152,3,1118,6724,9748222,14844038,2048,1024
6945,22.025,16.878,5.146,3,1126,6754,9751038,14850328,2048,1024
6946,22.461,17.188,5.274,3,1080,6562,9652990,14792404,2048,1024
6947,22.409,17.089,5.319,3,1086,6578,9659134,14804316,2048,1024
6948,22.062,16.764,5.298,3,1050,6432,9587454,14785412,2048,1024
6949,22.154,16.966,5.187,3,1118,6698,9717502,15043712,2048,1024
6950,23.619,18.077,5.542,3,1238,7334,10263294,16145034,2048,1024
6951,24.738,19.217,5.521,3,1220,7264,10211838,16022500,2048,1024
6952,24.725,19.108,5.617,3,1196,7166,9664254,15961210,2048,1024
6953,23.726,17.811,5.914,3,1208,7190,9674494,15971586,2048,1024
6954,25.104,19.193,5.911,3,1306,7580,9888510,16399060,2048,1024
6955,24.872,19.207,5.665,3,1260,7406,9791230,16186710,2048,1024
6956,24.166,18.436,5.730,3,1248,7362,9775870,16137810,2048,1024
6957,24.066,18.208,5.858,3,1246,7314,8985086,16094386,2048,1024
6958,24.153,18.183,5.971,3,1344,7686,9201406,16497662,2048,1024
6959,25.924,20.067,5.857,3,1302,7562,9106174,16269032,2048,1024
6960,24.709,18.869,5.840,3,1294,7540,9086718,16187304,2048,1024
6961,25.552,19.658,5.894,3,1296,7524,9082622,16143020,2048,1024
6962,25.936,19.776,6.159,3,1386,7814,9289470,16522162,2048,1024
6963,24.465,18.541,5.924,3,1344,7650,9191934,16284628,2048,1024
6964,23.864,17.965,5.899,3,1336,7618,9183998,16229354,2048,1024
6965,23.987,17.974,6.013,3,1306,7460,9073150,15964892,2048,1024
6966,23.600,17.780,5.820,3,1290,7408,9053694,15881716,2048,1024
6967,23.400,17.457,5.943,3,1278,7324,9019902,15783486,2048,1024
6968,23.720,18.002,5.718,3,1270,7260,9003518,15707494,2048,1024
6969,23.210,17.492,5.718,3,1274,7256,9002238,15667998,2048,1024
6970,23.041,17.436,5.605,3,1244,7176,8968702,15691182,2048,1024
6971,23.390,17.643,5.747,3,1256,7206,8984062,15685626,2048,1024
6972,23.359,17.676,5.683,3,1244,7140,8968702,15611014,2048,1024
6973,23.216,17.502,5.715,3,1258,7152,8987134,15611860,2048,1024
6974,22.984,17.334,5.650,3,1248,7122,8970750,15535202,2048,1024
6975,23.228,17.585,5.643,3,1258,7146,8979710,15528738,2048,1024
6976,23.161,17.381,5.780,3,1246,7128,8963582,15451698,2048,1024
6977,23.239,17.558,5.681,3,1260,7200,8986110,15535238,2048,1024
6978,22.993,17.231,5.762,3,1242,7110,8965630,15449852,2048,1024
6979,23.674,18.013,5.661,3,1260,7318,9767422,16012684,2048,1024
6980,23.548,17.931,5.616,3,1252,7308,9760254,15983232,2048,1024
6981,23.708,17.846,5.862,3,1266,7352,9776382,16004030,2048,1024
6982,23.483,17.854,5.629,3,1250,7306,9753086,15937526,2048,1024
6983,23.445,17.831,5.614,3,1260,7330,9764350,15956562,2048,1024
6984,23.748,18.037,5.712,3,1248,7292,9748990,15909570,2048,1024
6985,23.781,18.122,5.659,3,1260,7298,9763326,15935138,2048,1024
6986,23.674,17.879,5.795,3,1242,7274,9748990,15890988,2048,1024
6987,23.487,17.863,5.624,3,1254,7302,9762046,15905628,2048,1024
6988,23.844,18.223,5.621,3,1242,7272,9748990,15860752,2048,1024
6989,23.762,18.077,5.685,3,1256,7284,9767422,15886434,2048,1024
6990,23.901,17.973,5.929,3,1250,7254,9750014,15832956,2048,1024
6991,24.627,18.917,5.710,3,1228,7162,9695742,15850306,2048,1024
6992,24.063,18.277,5.786,3,1232,7234,9725438,15897336,2048,1024
6993,23.810,18.135,5.676,3,1246,7270,9741566,15914502,2048,1024
6994,23.804,18.217,5.587,3,1232,7212,9725438,15866772,2048,1024
6995,23.340,17.693,5.647,3,1244,7252,9740798,15886556,2048,1024
6996,23.690,18.000,5.691,3,1240,7226,9729534,15846776,2048,1024
6997,23.321,17.729,5.593,3,1252,7270,9743870,15868582,2048,1024
6998,23.643,17.973,5.669,3,1238,7216,9725438,15814208,2048,1024
6999,23.979,18.344,5.635,3,1250,7248,9738494,15832976,2048,1024
7000,23.188,17.571,5.617,3,1228,7170,8940030,15768972,2048,1024
7001,23.414,17.636,5.779,3,1242,7202,8958462,15769190,2048,1024
7002,23.373,17.711,5.662,3,1228,7146,8936958,15683644,2048,1024
7003,23.196,17.573,5.622,3,1240,7178,8952318,15677488,2048,1024
7004,23.161,17.573,5.589,3,1226,7180,8932862,15679656,2048,1024
7005,23.455,17.793,5.662,3,1240,7166,8948990,15669118,2048,1024
7006,23.132,17.435,5.696,3,1226,7124,8935934,15601536,2048,1024
7007,23.047,17.418,5.629,3,1238,7162,8951294,15599660,2048,1024
7008,23.091,17.482,5.609,3,1226,7140,8932862,15521008,2048,1024
7009,23.405,17.821,5.584,3,1210,7064,8889854,15520086,2048,1024
7010,23.126,17.578,5.547,3,1226,7066,8923646,15547884,2048,1024
7011,23.216,17.587,5.630,3,1238,7106,8936702,15538376,2048,1024
7012,22.955,17.396,5.559,3,1222,7072,8924670,15471792,2048,1024
7013,23.124,17.504,5.620,3,1236,7120,8943102,15471490,2048,1024
7014,23.171,17.551,5.620,3,1222,7070,8927742,15398220,2048,1024
7015,22.643,17.044,5.599,3,1234,7074,8943102,15393352,2048,1024
7016,22.722,17.155,5.566,3,1226,7016,8926718,15318296,2048,1024
7017,23.076,17.507,5.569,3,1240,7056,8942846,15310814,2048,1024
7018,23.006,17.287,5.719,3,1222,7018,8921598,15227824,2048,1024
7019,22.723,17.147,5.576,3,1234,7036,8936958,15222956,2048,1024
7020,22.363,16.882,5.482,3,1218,7002,8922622,15151732,2048,1024
7021,23.151,17.539,5.611,3,1236,7100,9465342,15485440,2048,1024
7022,24.199,18.670,5.529,3,1232,7242,10238462,15990010,2048,1024
7023,24.616,19.010,5.606,3,1244,7282,10251518,16010206,2048,1024
7024,24.768,19.149,5.619,3,1234,7250,10234110,15967558,2048,1024
7025,24.805,19.223,5.582,3,1246,7280,10248446,15994644,2048,1024
7026,24.970,19.436,5.534,3,1228,7210,10224894,15934690,2048,1024
7027,25.071,19.511,5.560,3,1240,7250,10240254,15959782,2048,1024
7028,23.574,17.964,5.610,3,1220,7204,10214654,16028482,2048,1024
7029,23.392,17.812,5.580,3,1234,7252,10230782,16050956,2048,1024
7030,23.582,18.065,5.517,3,1220,7198,10198270,16003118,2048,1024
7031,24.030,18.371,5.659,3,1236,7278,10228990,16100106,2048,1024
7032,23.796,18.173,5.623,3,1228,7236,10218750,16068330,2048,1024
7033,23.552,18.053,5.499,3,1194,7096,10138878,15893814,2048,1024
7034,24.616,19.130,5.486,3,1180,7066,10120446,15845008,2048,1024
7035,23.925,18.424,5.501,3,1192,7098,10133502,15861860,2048,1024
7036,23.250,17.786,5.464,3,1176,7064,10115326,15813468,2048,1024
7037,23.537,18.306,5.232,3,1142,6900,10035454,15638952,2048,1024
7038,23.239,17.769,5.470,3,1128,6870,10023166,15602690,2048,1024
7039,22.881,17.650,5.230,3,1140,6902,10038526,15624182,2048,1024
7040,22.830,17.510,5.320,3,1124,6876,10018046,15571150,2048,1024
7041,22.980,17.916,5.065,3,1090,6728,9935870,15391994,2048,1024
7042,22.531,17.434,5.096,3,1080,6684,9931006,15370744,2048,1024
7043,22.749,17.736,5.013,3,1086,6680,9159934,15369664,2048,1024
7044,22.416,17.174,5.242,3,1074,6660,9147646,15432788,2048,1024
7045,22.611,17.530,5.081,3,1088,6708,9166078,15436538,2048,1024
7046,22.481,17.310,5.171,3,1070,6662,9142526,15352960,2048,1024
7047,22.389,17.367,5.023,3,1082,6694,9155582,15345668,2048,1024
7048,22.365,17.223,5.142,3,1078,6628,9149694,15290536,2048,1024
7049,22.628,17.565,5.062,3,1092,6660,9168126,15294286,2048,1024
7050,22.163,17.136,5.027,3,1074,6626,9147646,15216980,2048,1024
7051,22.075,17.031,5.044,3,1086,6658,9158910,15206008,2048,1024
7052,22.576,17.466,5.110,3,1070,6620,9141502,15135104,2048,1024
7053,22.498,17.291,5.207,3,1118,6768,9264382,15353064,2048,1024
7054,22.807,17.656,5.152,3,1108,6730,9247230,15282838,2048,1024
7055,23.349,17.832,5.517,3,1120,6770,9262590,15280186,2048,1024
7056,22.456,17.125,5.331,3,1104,6752,9248254,15214254,2048,1024
7057,22.624,17.402,5.222,3,1118,6820,9266686,15292264,2048,1024
7058,22.506,17.257,5.249,3,1108,6744,9250302,15219566,2048,1024
7059,22.613,17.432,5.181,3,1120,6778,9263358,15220546,2048,1024
7060,22.611,17.131,5.480,3,1108,6746,9247230,15268074,2048,1024
7061,22.606,17.408,5.198,3,1122,6796,9265662,15271312,2048,1024
7062,22.267,17.169,5.099,3,1108,6766,9253374,15206518,2048,1024
7063,22.465,17.294,5.172,3,1120,6802,9268734,15203354,2048,1024
7064,22.085,17.009,5.076,3,1104,6708,9248254,15125666,2048,1024
7065,23.283,17.889,5.394,3,1124,6932,10050814,15688564,2048,1024
7066,22.920,17.789,5.131,3,1114,6898,10036734,15644846,2048,1024
7067,22.899,17.677,5.222,3,1126,6942,10052094,15666306,2048,1024
7068,22.160,17.118,5.042,3,1100,6642,9721342,14987832,2048,1024
7069,22.289,17.149,5.140,3,1114,6682,9739774,15015370,2048,1024
7070,22.046,16.993,5.052,3,1096,6632,9713150,14943812,2048,1024
7071,22.039,16.930,5.109,3,1108,6680,9726206,14953936,2048,1024
7072,22.165,16.968,5.198,3,1104,6666,9723390,14934804,2048,1024
7073,22.376,17.230,5.146,3,1118,6704,9741822,14960074,2048,1024
7074,22.286,17.244,5.043,3,1104,6658,9726462,15034748,2048,1024
7075,22.683,17.413,5.270,3,1116,6710,9741822,15053616,2048,1024
7076,22.209,16.993,5.216,3,1126,6760,9771518,15100954,2048,1024
7077,22.591,17.178,5.413,3,1140,6810,9787646,15117156,2048,1024
7078,23.216,17.997,5.218,3,1132,6748,9780734,15084920,2048,1024
7079,23.101,17.848,5.254,3,1140,6796,9783294,15103950,2048,1024
7080,22.518,17.210,5.308,3,1152,6842,9826302,15179850,2048,1024
7081,22.714,17.435,5.278,3,1166,6888,9844734,15205930,2048,1024
7082,22.878,17.563,5.315,3,1160,6882,9830398,15154972,2048,1024
7083,23.483,17.747,5.737,3,1172,6914,9841406,15163416,2048,1024
7084,22.573,17.288,5.285,3,1156,6884,9826302,15191994,2048,1024
7085,22.741,17.399,5.342,3,1170,6916,9844734,15216292,2048,1024
7086,22.600,17.321,5.279,3,1150,6806,9036798,15130846,2048,1024
7087,22.591,17.287,5.304,3,1160,6852,9045758,15120338,2048,1024
7088,24.245,18.759,5.486,3,1122,6726,8974078,15060084,2048,1024
7089,23.844,18.525,5.319,3,1156,6860,8513022,15147500,2048,1024
7090,23.575,18.310,5.265,3,1136,6768,8491518,15061756,2048,1024
7091,23.904,18.534,5.370,3,1146,6764,8500478,15032542,2048,1024
7092,23.498,18.174,5.324,3,1134,6720,8482046,14953818,2048,1024
7093,24.122,18.658,5.465,3,1144,6760,8487678,14932054,2048,1024
7094,22.305,16.968,5.337,3,1130,6712,8466174,14847592,2048,1024
7095,22.215,16.939,5.276,3,1138,6740,8466430,14806032,2048,1024
7096,22.131,16.976,5.155,3,1114,6600,8428798,14702082,2048,1024
7097,21.890,16.627,5.263,3,1126,6628,8440830,14685658,2048,1024
7098,21.275,16.388,4.887,3,1004,6182,8195070,14136882,2048,1024
7099,21.168,16.265,4.902,3,1016,6244,8210430,14127194,2048,1024
7100,21.166,16.231,4.935,3,1008,6204,8200190,14067346,2048,1024
7101,21.056,16.117,4.939,3,1022,6194,8214014,14153052,2048,1024
7102,20.752,15.965,4.787,3,1004,6116,8189694,14062898,2048,1024
7103,20.906,15.956,4.950,3,1016,6164,8205054,14047818,2048,1024
7104,20.646,15.861,4.785,3,998,6122,8181246,13958864,2048,1024
7105,21.215,16.335,4.880,3,1010,6124,8193278,13940948,2048,1024
7106,20.678,15.777,4.901,3,1000,6060,8175870,13865250,2048,1024
7107,21.047,16.299,4.748,3,1012,6076,8188926,13849414,2048,1024
7108,21.022,16.194,4.829,3,980,5952,8816638,14048544,2048,1024
7109,21.105,16.331,4.774,3,988,5996,8826878,14050516,2048,1024
7110,21.054,16.204,4.849,3,980,5952,8803326,14016972,2048,1024
7111,20.893,16.125,4.768,3,992,6042,8828926,14095220,2048,1024
7112,20.914,16.172,4.742,3,976,5980,8814590,14047904,2048,1024
7113,20.872,16.134,4.738,3,984,6010,8824830,14050656,2048,1024
7114,20.812,16.161,4.651,3,976,6008,8814590,14127320,2048,1024
7115,20.781,16.068,4.713,3,984,6040,8824830,14131648,2048,1024
7116,21.209,16.445,4.764,3,976,6016,8811518,14087192,2048,1024
7117,20.869,16.232,4.638,3,984,6036,8821758,14094616,2048,1024
7118,21.042,16.212,4.830,3,980,6028,8813566,14060788,2048,1024
7119,20.728,16.061,4.667,3,988,6064,8823806,14065116,2048,1024
7120,21.160,16.484,4.676,3,980,6038,8813566,14023344,2048,1024
7121,21.121,16.418,4.703,3,988,6066,8823806,14030784,2048,1024
7122,20.753,16.091,4.662,3,980,6008,8801278,13965340,2048,1024
7123,20.945,16.143,4.802,3,988,6026,8811518,13969684,2048,1024
7124,21.436,16.696,4.740,3,980,6002,8807422,13944060,2048,1024
7125,21.680,17.010,4.670,3,988,6048,8817662,13951500,2048,1024
7126,20.731,16.019,4.711,3,980,6030,8810494,14019066,2048,1024
7127,20.884,16.158,4.726,3,988,6056,8820734,14019942,2048,1024
7128,21.056,16.410,4.646,3,980,6014,8810494,13981790,2048,1024
7129,20.889,16.075,4.814,3,982,5998,8034302,13964238,2048,1024
7130,20.825,16.185,4.640,3,974,5964,8024062,13901462,2048,1024
7131,20.736,16.075,4.662,3,982,5984,8034302,13881198,2048,1024
7132,20.686,15.884,4.802,3,974,5942,8020990,13812150,2048,1024
7133,20.549,15.848,4.701,3,982,5948,8031230,13794982,2048,1024
7134,20.542,15.886,4.656,3,982,5918,8025086,13736814,2048,1024
7135,20.809,16.091,4.717,3,990,5918,8035326,13714114,2048,1024
7136,20.369,15.655,4.714,3,978,5886,8026110,13651954,2048,1024
7137,20.454,15.742,4.712,3,962,5866,7987198,13704200,2048,1024
7138,20.427,15.678,4.749,3,984,5934,8038398,13767764,2048,1024
7139,20.439,15.748,4.690,3,992,5934,8048638,13747480,2048,1024
7140,20.408,15.724,4.684,3,984,5922,8035326,13678412,2048,1024
7141,20.239,15.559,4.680,3,992,5974,8045566,13655700,2048,1024
7142,20.481,15.575,4.906,3,980,5942,8039422,13601092,2048,1024
7143,20.253,15.558,4.695,3,988,5980,8049662,13580808,2048,1024
7144,20.721,16.027,4.694,3,980,5906,8039422,13518012,2048,1024
7145,20.196,15.444,4.752,3,988,5934,8049662,13497728,2048,1024
7146,20.519,15.794,4.726,3,984,5932,8041470,13436860,2048,1024
7147,20.170,15.448,4.722,3,992,5962,8051710,13416576,2048,1024
7148,20.276,15.565,4.711,3,992,5948,8054782,13479984,2048,1024
7149,20.473,15.527,4.946,3,1000,5958,8065022,13458920,2048,1024
7150,20.520,15.818,4.702,3,992,5954,8577022,13705414,2048,1024
7151,21.216,16.317,4.899,3,1006,6158,9374718,14259786,2048,1024
7152,21.271,16.555,4.715,3,1006,6168,9371646,14240674,2048,1024
7153,21.308,16.372,4.936,3,1014,6188,9381886,14249090,2048,1024
7154,21.118,16.296,4.823,3,1006,6138,9371646,14214994,2048,1024
7155,20.931,16.155,4.777,3,1014,6160,9381886,14223410,2048,1024
7156,20.837,16.151,4.686,3,1006,6122,9368574,14183042,2048,1024
7157,21.007,16.248,4.759,3,1014,6154,9378814,14191458,2048,1024
7158,21.212,16.270,4.941,3,1002,6100,9366526,14153006,2048,1024
7159,21.183,16.423,4.761,3,1016,6148,9389054,14293508,2048,1024
7160,22.275,17.512,4.763,3,1008,6120,9375742,14252360,2048,1024
7161,22.035,17.252,4.783,3,1016,6156,9385982,14259996,2048,1024
7162,21.868,17.114,4.753,3,1012,6152,9380862,14235488,2048,1024
7163,21.896,16.986,4.910,3,1020,6176,9391102,14241564,2048,1024
7164,22.121,17.281,4.840,3,1012,6202,9383934,14287740,2048,1024
7165,22.084,17.211,4.873,3,1020,6220,9394174,14295376,2048,1024
7166,21.302,16.470,4.831,3,1012,6192,9387006,14266512,2048,1024
7167,21.190,16.328,4.862,3,1020,6222,9397246,14274148,2048,1024
7168,21.691,16.851,4.840,3,1022,6236,9406462,14246584,2048,1024
7169,21.259,16.323,4.935,3,1002,6152,9359358,14262682,2048,1024
7170,21.076,16.196,4.879,3,1018,6214,9407486,14353412,2048,1024
7171,22.590,17.704,4.886,3,1026,6238,9417726,14370704,2048,1024
7172,22.018,16.989,5.029,3,1028,6222,8647678,14329738,2048,1024
7173,20.761,16.074,4.687,3,1004,6032,8506366,14039290,2048,1024
7174,20.742,16.015,4.727,3,1000,6010,8500222,14001282,2048,1024
7175,20.614,15.914,4.700,3,1008,6032,8510462,13994890,2048,1024
7176,20.764,16.075,4.689,3,1006,6026,8515582,13942558,2048,1024
7177,20.800,16.072,4.728,3,1014,6012,8525822,13928682,2048,1024
7178,20.964,16.241,4.723,3,1002,5974,8519678,13889762,2048,1024
7179,21.312,16.524,4.788,3,1010,6002,8529918,14006190,2048,1024
7180,20.553,15.801,4.752,3,1016,6026,8539134,13953632,2048,1024
7181,20.748,15.998,4.750,3,1024,6058,8549374,13946152,2048,1024
7182,20.926,16.175,4.751,3,1016,6014,8539134,13894860,2048,1024
7183,20.781,15.969,4.812,3,1024,6038,8549374,13887380,2048,1024
7184,20.832,15.959,4.873,3,1022,6050,8551422,13835698,2048,1024
7185,21.016,16.126,4.890,3,1026,6056,8037374,13822344,2048,1024
7186,20.612,15.820,4.793,3,1014,6018,8022014,13760912,2048,1024
7187,21.206,16.075,5.131,3,1020,6012,8028158,13856724,2048,1024
7188,20.543,15.779,4.765,3,1020,5996,8025086,13815312,2048,1024
7189,20.980,16.198,4.782,3,1028,6038,8035326,13795698,2048,1024
7190,20.677,15.890,4.786,3,1016,6000,8023038,13728754,2048,1024
7191,20.640,15.867,4.773,3,1024,6026,8033278,13712034,2048,1024
7192,20.429,15.686,4.743,3,1016,5996,8023038,13649446,2048,1024
7193,20.505,15.689,4.815,3,1024,5982,8033278,13633786,2048,1024
7194,21.098,16.346,4.752,3,1018,6114,8546302,14243394,2048,1024
7195,20.950,16.230,4.720,3,1026,6134,8556542,14249170,2048,1024
7196,20.866,16.216,4.650,3,1010,6076,8532990,14188002,2048,1024
7197,21.208,16.449,4.759,3,1018,6098,8543230,14189674,2048,1024
7198,20.749,16.087,4.662,3,1008,6052,8519678,14125672,2048,1024
7199,21.101,16.177,4.924,3,1016,6074,8529918,14135552,2048,1024
7200,20.765,16.081,4.684,3,984,5942,8473598,14103410,2048,1024
7201,21.860,16.572,5.288,3,1020,6076,8541182,14221302,2048,1024
7202,21.169,16.454,4.715,3,1012,6052,8527870,14173638,2048,1024
7203,21.002,16.288,4.714,3,1020,6088,8538110,14178114,2048,1024
7204,20.978,16.290,4.688,3,1014,6076,8527870,14140208,2048,1024
7205,21.074,16.371,4.702,3,1022,6112,8538110,14141328,2048,1024
7206,21.227,16.220,5.007,3,984,5980,8479742,14111720,2048,1024
7207,21.135,16.245,4.890,3,1016,6106,8539134,14211900,2048,1024
7208,20.705,16.055,4.650,3,1004,6072,8523774,14161936,2048,1024
7209,21.034,16.378,4.656,3,1012,6100,8534014,14157392,2048,1024
7210,20.985,16.084,4.901,3,1004,6068,8004606,14131550,2048,1024
7211,20.986,16.087,4.899,3,1012,6092,8014846,14126158,2048,1024
7212,20.852,16.154,4.698,3,996,6048,7994366,14159848,2048,1024
7213,20.939,16.240,4.699,3,1004,6082,8004606,14137576,2048,1024
7214,20.878,16.144,4.735,3,996,6020,7991294,14070752,2048,1024
7215,21.086,16.358,4.728,3,1000,6012,7477246,14034794,2048,1024
7216,21.154,16.490,4.664,3,998,6004,7473150,13963308,2048,1024
7217,20.807,15.889,4.918,3,978,5916,7426046,13915868,2048,1024
7218,20.557,15.898,4.659,3,990,5968,7475198,13950182,2048,1024
7219,20.722,16.084,4.637,3,990,5952,7469054,13873506,2048,1024
7220,22.099,17.018,5.082,3,992,5982,7540734,13951044,2048,1024
7221,22.668,17.311,5.357,3,1144,6606,7813118,14446180,2048,1024
7222,22.896,17.548,5.348,3,1162,6788,7985150,14853196,2048,1024
7223,23.029,17.668,5.361,3,1208,7022,8110078,15041904,2048,1024
7224,24.922,19.166,5.756,3,1278,7348,8407038,15580230,2048,1024
7225,25.246,19.380,5.866,3,1306,7472,8519678,15742886,2048,1024
7226,26.692,20.276,6.416,3,1470,8206,8933374,16529086,2048,1024
7227,28.680,21.890,6.790,3,1610,9668,10360830,19486672,2048,1024
7228,28.835,21.698,7.137,3,1642,9866,10564606,19838380,2048,1024
7229,29.450,22.456,6.994,3,1666,9994,10656766,19956494,2048,1024
7230,32.867,25.843,7.024,3,1666,9986,10773502,20055622,2048,1024
7231,30.484,23.202,7.282,3,1674,9990,10831358,19940388,2048,1024
7232,35.043,27.830,7.212,3,1704,10028,10833662,19892242,2048,1024
7233,29.785,22.777,7.008,3,1602,9298,10247934,18720202,2048,1024
7234,28.758,22.040,6.718,3,1558,8946,9989630,17985588,2048,1024
7235,27.884,21.231,6.653,3,1508,8700,9626110,17453324,2048,1024
7236,27.526,21.076,6.450,3,1476,8500,9409790,17218200,2048,1024
7237,26.948,20.483,6.465,3,1510,8734,9868286,17615400,2048,1024
7238,26.940,20.379,6.561,3,1530,8760,9878526,17606928,2048,1024
7239,27.182,20.480,6.702,3,1538,8762,9833470,17481432,2048,1024
7240,26.390,19.746,6.644,3,1562,8854,9888254,17565552,2048,1024
7241,26.310,19.702,6.608,3,1564,8786,9760766,17384394,2048,1024
7242,26.485,19.744,6.741,3,1584,8860,9792510,17422908,2048,1024
7243,26.636,19.925,6.711,3,1592,8800,9738238,17285528,2048,1024
7244,26.551,19.654,6.897,3,1640,9006,9821182,17437876,2048,1024
7245,26.707,19.799,6.908,3,1640,8912,9768958,17422488,2048,1024
7246,27.341,19.610,7.732,3,1666,8976,9819134,17461070,2048,1024
7247,26.719,19.604,7.115,3,1674,8946,9804798,17406702,2048,1024
7248,26.682,19.690,6.992,3,1678,8984,9828350,17468158,2048,1024
7249,26.816,19.588,7.227,3,1680,8958,9807870,17483340,2048,1024
7250,26.646,19.689,6.957,3,1678,8984,9843710,17537978,2048,1024
7251,26.547,19.608,6.939,3,1674,8998,9814014,17459674,2048,1024
7252,26.740,19.572,7.168,3,1658,9000,9857534,17526670,2048,1024
7253,26.856,19.855,7.001,3,1646,8958,9817598,17423630,2048,1024
7254,26.817,19.825,6.992,3,1624,8928,9832958,17509670,2048,1024
7255,26.837,19.879,6.959,3,1636,9000,9857534,17551010,2048,1024
7256,26.657,19.780,6.877,3,1618,8962,9864190,17586458,2048,1024
7257,27.092,20.311,6.781,3,1586,8820,9780222,17495376,2048,1024
7258,27.265,20.397,6.868,3,1606,8908,9329662,17602390,2048,1024
7259,26.593,19.452,7.141,3,1602,8828,9299966,17503502,2048,1024
7260,26.294,19.441,6.853,3,1592,8804,9313278,17481804,2048,1024
7261,26.839,20.000,6.839,3,1594,8856,9289726,17382064,2048,1024
7262,26.145,19.427,6.718,3,1594,8912,9313406,17435256,2048,1024
7263,26.150,19.363,6.787,3,1606,8890,9301246,17361554,2048,1024
7264,26.244,19.460,6.783,3,1584,8846,9280894,17294658,2048,1024
7265,26.297,19.475,6.822,3,1600,8856,9276926,17235486,2048,1024
7266,26.965,19.868,7.097,3,1630,8968,9386622,17492888,2048,1024
7267,26.485,19.589,6.897,3,1638,8996,9372414,17413244,2048,1024
7268,26.267,19.361,6.907,3,1628,8932,9382782,17370686,2048,1024
7269,26.301,19.397,6.904,3,1642,8922,9374718,17303630,2048,1024
7270,26.804,19.735,7.068,3,1642,8912,9399422,17352568,2048,1024
7271,26.642,19.556,7.086,3,1658,8934,9389310,17280812,2048,1024
7272,26.322,19.346,6.975,3,1650,8898,9400702,17277188,2048,1024
7273,26.238,19.239,6.999,3,1660,8868,9387518,17193152,2048,1024
7274,26.461,19.534,6.927,3,1654,8862,9409150,17284488,2048,1024
7275,26.056,19.069,6.987,3,1660,8850,9390846,17194668,2048,1024
7276,26.389,19.386,7.003,3,1676,8956,9454462,17258958,2048,1024
7277,26.298,19.129,7.169,3,1686,8926,9444350,17182888,2048,1024
7278,26.245,19.203,7.042,3,1646,8796,9396350,17105880,2048,1024
7279,27.120,19.922,7.198,3,1690,9000,9968894,17477470,2048,1024
7280,27.658,20.494,7.164,3,1676,9076,10473854,17957338,2048,1024
7281,27.090,20.036,7.053,3,1688,9098,10461694,17902302,2048,1024
7282,27.279,19.980,7.299,3,1698,9166,10506878,17961182,2048,1024
7283,27.675,20.469,7.206,3,1714,9252,10554622,18148652,2048,1024
7284,27.709,20.590,7.119,3,1714,9298,10579326,18170688,2048,1024
7285,28.809,21.547,7.263,3,1724,9300,10576382,18139626,2048,1024
7286,28.675,21.428,7.247,3,1720,9280,10592894,18112942,2048,1024
7287,28.831,21.588,7.242,3,1720,9246,10568446,18147184,2048,1024
7288,28.777,21.384,7.393,3,1714,9252,10580862,18194272,2048,1024
7289,27.907,20.559,7.349,3,1734,9330,10655742,18318880,2048,1024
7290,28.106,20.848,7.258,3,1724,9338,10663038,18314192,2048,1024
7291,27.769,20.504,7.265,3,1730,9298,10650878,18363368,2048,1024
7292,28.049,20.736,7.313,3,1724,9278,10681726,18406984,2048,1024
7293,27.712,20.340,7.372,3,1728,9228,10662398,18341802,2048,1024
7294,29.920,22.687,7.233,3,1722,9228,10671742,18306910,2048,1024
7295,27.989,20.518,7.471,3,1742,9272,10678526,18398766,2048,1024
7296,27.771,20.590,7.181,3,1708,9240,10652030,18364532,2048,1024
7297,27.519,20.294,7.224,3,1716,9266,10634750,18296698,2048,1024
7298,27.580,20.403,7.177,3,1732,9324,10673790,18354948,2048,1024
7299,27.806,20.534,7.272,3,1738,9326,10655486,18290840,2048,1024
7300,27.705,20.494,7.211,3,1724,9346,10663806,18397306,2048,1024
7301,27.812,20.491,7.320,3,1732,9382,10130430,18327770,2048,1024
7302,27.819,20.299,7.520,3,1724,9384,10141822,18266308,2048,1024
7303,27.689,20.478,7.210,3,1728,9364,10122494,18177720,2048,1024
7304,28.496,21.256,7.240,3,1716,9362,10125694,18284440,2048,1024
7305,27.559,20.300,7.259,3,1722,9344,10110462,18194090,2048,1024
7306,27.380,20.160,7.220,3,1712,9356,10126462,18172808,2048,1024
7307,27.434,20.155,7.279,3,1726,9386,10115070,18099148,2048,1024
7308,27.996,20.753,7.244,3,1720,9360,10127486,18191426,2048,1024
7309,27.365,20.090,7.275,3,1720,9316,10104062,18087292,2048,1024
7310,27.614,20.361,7.253,3,1714,9312,10121086,18027784,2048,1024
7311,27.191,19.906,7.284,3,1720,9274,10102782,17938744,2048,1024
7312,26.708,19.481,7.228,3,1658,8998,9912190,17661882,2048,1024
7313,26.704,19.479,7.225,3,1672,9004,9907966,17593872,2048,1024
7314,27.602,20.479,7.123,3,1696,9230,10105470,17935402,2048,1024
7315,27.071,19.931,7.139,3,1696,9224,10087934,17847346,2048,1024
7316,26.602,19.559,7.043,3,1634,8908,9878142,17495090,2048,1024
7317,27.448,20.234,7.214,3,1734,9430,10249726,18197420,2048,1024
7318,27.413,20.001,7.412,3,1692,9224,10105470,17813190,2048,1024
7319,26.948,19.801,7.147,3,1700,9204,10093822,17744260,2048,1024
7320,27.179,19.987,7.193,3,1692,9316,10206590,18073966,2048,1024
7321,27.255,20.069,7.186,3,1724,9418,10247550,18095880,2048,1024
7322,27.129,19.991,7.138,3,1686,9220,10091902,17756254,2048,1024
7323,28.601,21.290,7.311,3,1762,9772,10923390,18855536,2048,1024
7324,27.934,20.699,7.235,3,1720,9664,10877310,18729510,2048,1024
7325,28.019,20.801,7.218,3,1732,9698,10886526,18838846,2048,1024
7326,28.391,21.042,7.349,3,1746,9744,10955134,18912576,2048,1024
7327,28.664,21.080,7.584,3,1752,9712,10915198,18801634,2048,1024
7328,28.363,20.877,7.486,3,1712,9564,10839422,18651494,2048,1024
7329,28.423,21.021,7.402,3,1774,9794,10966398,19004448,2048,1024
7330,31.694,23.607,8.086,3,1788,9824,10995582,19038954,2048,1024
7331,29.125,21.370,7.755,3,1802,9866,11011966,19050384,2048,1024
7332,29.286,21.506,7.780,3,1846,10070,11152254,19303496,2048,1024
7333,29.536,21.559,7.977,3,1854,9976,11113342,19288830,2048,1024
7334,29.224,21.356,7.869,3,1842,9934,11124606,19244866,2048,1024
7335,30.022,21.881,8.141,3,1910,10178,11263870,19476404,2048,1024
7336,29.328,21.338,7.990,3,1888,10078,11221886,19401186,2048,1024
7337,30.636,22.186,8.450,3,1962,10548,11566974,20144194,2048,1024
7338,33.966,25.823,8.143,3,1930,10304,11364222,19702962,2048,1024
7339,31.984,23.280,8.704,3,2002,10670,11650942,20215716,2048,1024
7340,11.873,10.964,0.909,2,24,2236,4034302,8084046,2048,1024
7341,37.554,24.359,13.196,3,2028,10782,11715454,20326838,2048,1024
7342,10.970,10.011,0.959,2,24,2236,4034302,8084046,2048,1024
7343,37.148,22.956,14.192,3,2098,11032,11846526,20522912,2048,1024
7344,11.502,10.429,1.073,2,24,2236,4034302,8084046,2048,1024
7345,36.650,23.096,13.554,3,2040,10830,11733886,20333738,2048,1024
7346,10.784,9.819,0.964,2,24,2236,4034302,8084046,2048,1024
7347,37.436,22.990,14.446,3,2118,11252,12077950,20964548,2048,1024
7348,10.938,9.814,1.124,2,24,2236,4034302,8084046,2048,1024
7349,37.206,22.730,14.476,3,2092,11074,11334526,20534366,2048,1024
7350,11.206,9.832,1.374,2,24,2236,4034302,8084046,2048,1024
7351,37.667,23.192,14.476,3,2100,11224,11539326,20863054,2048,1024
7352,10.998,9.904,1.093,2,24,2236,4034302,8084046,2048,1024
7353,37.499,23.107,14.392,3,2102,11266,11550590,20946252,2048,1024
7354,10.718,9.645,1.073,2,24,2236,4034302,8084046,2048,1024
7355,37.804,22.966,14.838,3,2166,11538,11165566,21189372,2048,1024
7356,11.374,10.190,1.184,2,24,2236,4034302,8084046,2048,1024
7357,37.260,23.111,14.149,3,2088,11236,11021182,20855200,2048,1024
7358,10.762,9.655,1.108,2,24,2236,4034302,8084046,2048,1024
7359,37.805,23.028,14.778,3,2158,11470,11151230,21085240,2048,1024
7360,10.924,9.844,1.080,2,24,2236,4034302,8084046,2048,1024
7361,37.705,23.037,14.668,3,2156,11350,11093886,20989490,2048,1024
7362,11.141,9.694,1.448,2,24,2236,4034302,8084046,2048,1024
7363,37.723,23.231,14.492,3,2160,11430,11140990,21069206,2048,1024
7364,10.796,9.708,1.088,2,24,2236,4034302,8084046,2048,1024
7365,38.571,23.787,14.784,3,2174,11454,11123582,21034454,2048,1024
7366,11.249,10.087,1.162,2,24,2236,4034302,8084046,2048,1024
7367,38.301,23.504,14.797,3,2238,11716,11247486,21266068,2048,1024
7368,11.986,10.707,1.279,2,24,2236,4034302,8084046,2048,1024
7369,37.797,23.831,13.967,3,2172,11460,11129726,21078762,2048,1024
7370,10.869,9.769,1.100,2,24,2236,4034302,8084046,2048,1024
7371,39.278,23.602,15.676,3,2246,11774,11267966,21341354,2048,1024
7372,10.860,9.800,1.061,2,24,2236,4034302,8084046,2048,1024
7373,38.878,23.646,15.233,3,2246,11712,11231102,21216374,2048,1024
7374,10.853,9.804,1.050,2,24,2236,4034302,8084046,2048,1024
7375,39.244,23.983,15.261,3,2308,12196,11602814,21939528,2048,1024
7376,11.303,10.218,1.085,2,24,2236,4034302,8084046,2048,1024
7377,38.727,24.039,14.688,3,2310,12092,11555710,21863340,2048,1024
7378,10.788,9.730,1.058,2,24,2236,4034302,8084046,2048,1024
7379,40.514,24.682,15.831,3,2442,12742,12003198,22731396,2048,1024
7380,10.829,9.750,1.079,2,24,2236,4034302,8084046,2048,1024
7381,40.868,25.531,15.337,3,2358,12748,12238718,23186748,2048,1024
7382,10.876,9.819,1.058,2,24,2236,4034302,8084046,2048,1024
7383,42.494,26.781,15.713,3,2498,13484,12705662,24081850,2048,1024
7384,11.268,10.118,1.150,2,24,2236,4034302,8084046,2048,1024
7385,45.183,28.911,16.272,3,2584,14136,13246334,25248712,2048,1024
7386,10.842,9.729,1.113,2,24,2236,4034302,8084046,2048,1024
7387,49.314,32.851,16.462,3,2680,14738,13727102,26175588,2048,1024
7388,10.990,9.900,1.090,2,24,2236,4034302,8084046,2048,1024
7389,53.207,36.392,16.815,3,2806,15570,14390238,27465444,2048,1024
7390,10.894,9.809,1.085,2,24,2236,4034302,8084046,2048,1024
7391,55.848,38.923,16.925,3,2878,16076,14807454,28262466,2048,1024
7392,11.201,10.133,1.068,2,24,2236,4034302,8084046,2048,1024
7393,60.937,43.655,17.282,3,3022,17068,15979678,29999920,2048,1024
7394,10.997,9.872,1.125,2,24,2236,4034302,8084046,2048,1024
7395,59.649,42.025,17.625,3,3108,17674,16415134,30970054,2048,1024
7396,11.808,10.480,1.328,2,24,2236,4034302,8084046,2048,1024
7397,61.289,43.703,17.586,3,3216,18396,17009822,32190570,2048,1024
7398,11.641,10.521,1.120,2,24,2236,4034302,8084046,2048,1024
7399,60.650,42.672,17.978,3,3294,18842,17230686,32609122,2048,1024
7400,11.029,9.833,1.196,2,24,2236,4034302,8084046,2048,1024
7401,63.812,45.200,18.613,3,3306,18738,17157470,32423994,2048,1024
7402,10.905,9.799,1.106,2,24,2236,4034302,8084046,2048,1024
7403,59.642,40.732,18.910,3,3256,18306,16718430,31606668,2048,1024
7404,10.998,9.847,1.151,2,24,2236,4034302,8084046,2048,1024
7405,57.090,38.141,18.949,3,3214,17580,16047198,30216298,2048,1024
7406,11.031,9.958,1.073,2,24,2236,4034302,8084046,2048,1024
7407,54.865,36.744,18.121,3,3156,16958,15466078,29005544,2048,1024
7408,10.809,9.892,0.918,2,24,2236,4034302,8084046,2048,1024
7409,53.466,35.371,18.095,3,3158,16596,14987870,28007530,2048,1024
7410,10.802,9.791,1.011,2,24,2236,4034302,8084046,2048,1024
7411,51.823,34.079,17.744,3,3092,15920,14374494,26829930,2048,1024
7412,10.931,9.818,1.113,2,24,2236,4034302,8084046,2048,1024
7413,49.104,31.389,17.715,3,3084,15440,13883230,25787650,2048,1024
7414,10.960,9.854,1.105,2,24,2236,4034302,8084046,2048,1024
7415,46.093,28.703,17.391,3,3006,14760,13238110,24449008,2048,1024
7416,11.200,10.215,0.985,2,24,2236,4034302,8084046,2048,1024
7417,43.807,26.716,17.091,3,3014,14318,12757854,23447456,2048,1024
7418,11.222,10.285,0.937,2,24,2236,4034302,8084046,2048,1024
7419,42.080,25.385,16.694,3,2954,13678,12157790,22300838,2048,1024
7420,10.810,9.833,0.976,2,24,2236,4034302,8084046,2048,1024
7421,41.439,24.254,17.186,3,2948,13292,11688798,21309392,2048,1024
7422,10.692,9.706,0.986,2,24,2236,4034302,8084046,2048,1024
7423,40.875,23.514,17.361,3,2882,12690,11082590,20043982,2048,1024
7424,10.569,9.644,0.925,2,24,2236,4034302,8084046,2048,1024
7425,40.097,22.774,17.323,3,2904,12656,11055646,19956740,2048,1024
7426,10.548,9.620,0.928,2,24,2236,4034302,8084046,2048,1024
7427,39.532,22.571,16.961,3,2816,12362,10923550,19766766,2048,1024
7428,10.517,9.604,0.913,2,24,2236,4034302,8084046,2048,1024
7429,39.665,22.654,17.011,3,2852,12472,11029790,19946526,2048,1024
7430,10.547,9.633,0.914,2,24,2236,4034302,8084046,2048,1024
7431,39.039,22.207,16.831,3,2746,12096,10909470,19656000,2048,1024
7432,10.651,9.635,1.015,2,24,2236,4034302,8084046,2048,1024
7433,39.108,22.341,16.767,3,2754,12122,10951966,19713860,2048,1024
7434,11.199,10.129,1.070,2,24,2236,4034302,8084046,2048,1024
7435,37.763,21.916,15.847,3,2598,11572,10189086,19283142,2048,1024
7436,11.034,9.696,1.338,2,24,2236,4034302,8084046,2048,1024
7437,37.467,21.752,15.715,3,2456,11092,9998110,18827510,2048,1024
7438,11.321,10.233,1.087,2,24,2236,4034302,8084046,2048,1024
7439,35.228,20.576,14.653,3,2266,10600,9779486,18313936,2048,1024
7440,10.711,9.804,0.907,2,24,2236,4034302,8084046,2048,1024
7441,34.968,20.149,14.819,3,2122,10088,9559838,17802352,2048,1024
7442,10.658,9.679,0.978,2,24,2236,4034302,8084046,2048,1024
7443,35.192,20.049,15.142,3,2028,9820,9511966,17643502,2048,1024
7444,10.683,9.732,0.951,2,24,2236,4034302,8084046,2048,1024
7445,33.552,19.642,13.909,3,1938,9586,9458206,17588964,2048,1024
7446,10.638,9.692,0.946,2,24,2236,4034302,8084046,2048,1024
7447,33.038,19.270,13.768,3,1820,9130,9296158,17187374,2048,1024
7448,25.986,18.574,7.412,3,1684,8610,9055006,16634054,2048,1024
7449,25.574,18.727,6.848,3,1558,8172,8819230,16090456,2048,1024
7450,25.746,19.255,6.491,3,1400,7632,8573214,15650036,2048,1024
7451,24.981,18.939,6.043,3,1322,7502,8594462,15631338,2048,1024
7452,24.823,18.717,6.106,3,1310,7438,8550174,15482430,2048,1024
7453,24.102,18.149,5.954,3,1306,7314,8443614,15209362,2048,1024
7454,23.253,17.464,5.789,3,1292,7268,8411358,15214074,2048,1024
7455,22.880,17.010,5.870,3,1292,7222,8328926,14988998,2048,1024
7456,22.465,16.730,5.735,3,1282,7146,8278494,14832252,2048,1024
7457,22.764,16.690,6.074,3,1294,7196,8314590,14851288,2048,1024
7458,23.262,17.258,6.005,3,1286,7148,8298206,14873220,2048,1024
7459,22.881,16.760,6.121,3,1292,7126,8307422,14836522,2048,1024
7460,22.943,17.108,5.835,3,1286,7098,8307358,14779836,2048,1024
7461,22.535,16.521,6.014,3,1296,7102,8304286,14719438,2048,1024
7462,22.700,16.900,5.800,3,1302,7176,8802718,14916350,2048,1024
7463,24.157,18.292,5.864,3,1314,7336,9330334,15485492,2048,1024
7464,23.350,17.528,5.822,3,1306,7326,9323166,15444272,2048,1024
7465,23.948,17.849,6.099,3,1322,7378,9327262,15423456,2048,1024
7466,23.351,17.301,6.051,3,1318,7394,9319070,15376572,2048,1024
7467,23.152,17.242,5.910,3,1322,7358,9308830,15446644,2048,1024
7468,23.086,17.387,5.699,3,1284,7252,9301342,15405190,2048,1024
7469,23.454,17.666,5.788,3,1298,7308,9332830,15448440,2048,1024
7470,22.866,17.186,5.680,3,1264,7238,9303134,15361974,2048,1024
7471,23.452,17.689,5.763,3,1272,7240,9310302,15441442,2048,1024
7472,23.108,17.352,5.755,3,1260,7126,9282654,15357390,2048,1024
7473,23.333,17.611,5.722,3,1264,7126,9293406,15350182,2048,1024
7474,22.966,17.399,5.567,3,1256,7138,9284446,15305130,2048,1024
7475,23.251,17.491,5.760,3,1246,7138,9290782,15401956,2048,1024
7476,23.342,17.712,5.630,3,1238,7102,9274398,15341492,2048,1024
7477,23.194,17.556,5.638,3,1238,7146,9265182,15302156,2048,1024
7478,23.165,17.277,5.888,3,1248,7200,9280030,15309334,2048,1024
7479,23.559,17.511,6.048,3,1256,7258,9290782,15401212,2048,1024
7480,24.591,18.968,5.624,3,1248,7250,9287454,15388512,2048,1024
7481,23.566,17.860,5.706,3,1256,7270,9306142,15400160,2048,1024
7482,22.964,17.279,5.684,3,1240,7210,9271838,15320866,2048,1024
7483,23.390,17.630,5.760,3,1246,7278,9295838,15344264,2048,1024
7484,22.982,17.248,5.734,3,1250,7258,8787422,15430418,2048,1024
7485,23.254,17.556,5.698,3,1266,7320,8814302,15454630,2048,1024
7486,22.964,17.340,5.624,3,1248,7336,8796382,15374620,2048,1024
7487,23.437,17.834,5.604,3,1250,7260,8732126,15209178,2048,1024
7488,22.752,17.137,5.615,3,1244,7206,8722910,15242444,2048,1024
7489,22.749,17.105,5.644,3,1246,7168,8714654,15170794,2048,1024
7490,23.219,17.237,5.982,3,1250,7168,8735134,15178180,2048,1024
7491,22.997,16.935,6.062,3,1258,7164,8733086,15123800,2048,1024
7492,22.677,17.053,5.624,3,1252,7124,8706206,15124004,2048,1024
7493,22.890,17.201,5.689,3,1274,7192,8749470,15174504,2048,1024
7494,22.522,16.863,5.659,3,1262,7122,8735134,15098494,2048,1024
7495,22.842,17.012,5.831,3,1268,7110,8731998,15051900,2048,1024
7496,22.916,17.042,5.875,3,1262,7076,8735070,15128886,2048,1024
7497,23.241,17.302,5.940,3,1272,7158,8761182,15125440,2048,1024
7498,23.307,17.261,6.046,3,1266,7120,8740958,15048922,2048,1024
7499,22.689,16.910,5.779,3,1274,7108,8762718,15033482,2048,1024
7500,22.762,16.986,5.776,3,1234,6970,8686878,14961832,2048,1024
7501,23.051,16.938,6.113,3,1238,6894,8667422,14873316,2048,1024
7502,23.506,17.618,5.888,3,1236,6866,8675102,14840786,2048,1024
7503,23.195,17.348,5.847,3,1284,7044,8780062,14854578,2048,1024
7504,22.434,16.723,5.711,3,1272,7042,8750110,14767818,2048,1024
7505,22.529,16.748,5.781,3,1288,7034,8785182,14891796,2048,1024
7506,23.220,17.517,5.703,3,1284,7144,9293086,15319540,2048,1024
7507,23.230,17.438,5.792,3,1298,7174,9299678,15297750,2048,1024
7508,23.185,17.223,5.961,3,1300,7182,9298142,15286120,2048,1024
7509,23.593,17.576,6.017,3,1296,7192,9286878,15342444,2048,1024
7510,23.011,17.312,5.698,3,1282,7194,9280478,15328816,2048,1024
7511,23.013,17.292,5.721,3,1278,7180,9283806,15301898,2048,1024
7512,23.131,17.215,5.916,3,1278,7266,9271006,15269466,2048,1024
7513,23.591,17.730,5.861,3,1290,7288,9291934,15386384,2048,1024
7514,24.827,18.657,6.170,3,1280,7272,9269918,15328976,2048,1024
7515,24.534,18.670,5.864,3,1284,7260,9268894,15305276,2048,1024
7516,24.160,18.197,5.963,3,1274,7252,9253278,15261794,2048,1024
7517,25.320,18.727,6.593,3,1270,7256,9268894,15371222,2048,1024
7518,23.830,18.125,5.706,3,1258,7236,9259678,15327258,2048,1024
7519,23.544,17.631,5.913,3,1270,7194,9253470,15278854,2048,1024
7520,23.375,17.564,5.810,3,1268,7128,9255518,15270972,2048,1024
7521,23.115,17.358,5.757,3,1276,7138,9259614,15350708,2048,1024
7522,23.397,17.456,5.942,3,1254,7090,8712542,15275208,2048,1024
7523,24.110,18.326,5.784,3,1256,7086,8737374,15282270,2048,1024
7524,23.770,17.545,6.225,3,1250,7022,8709662,15186696,2048,1024
7525,23.328,17.575,5.753,3,1258,7074,8716830,15172982,2048,1024
7526,23.253,17.572,5.680,3,1248,7092,8720414,15259334,2048,1024
7527,22.791,17.072,5.718,3,1256,7084,8208926,15223294,2048,1024
7528,22.823,17.200,5.623,3,1246,7058,8200990,15161384,2048,1024
7529,22.996,17.305,5.691,3,1248,7042,8210462,15115754,2048,1024
7530,23.582,17.857,5.725,3,1242,6994,8184798,15130732,2048,1024
7531,22.783,17.120,5.663,3,1250,7008,8197598,15095976,2048,1024
7532,22.558,16.933,5.625,3,1248,6970,8184798,15013364,2048,1024
7533,22.631,16.917,5.714,3,1256,7000,8191966,14968508,2048,1024
7534,22.460,16.815,5.645,3,1238,6960,8162014,14985822,2048,1024
7535,22.974,17.079,5.894,3,1252,7014,8171486,14933798,2048,1024
7536,22.482,16.861,5.620,3,1236,7006,8165854,14884082,2048,1024
7537,22.680,16.824,5.856,3,1234,6962,8177566,14842850,2048,1024
7538,22.844,16.921,5.924,3,1228,6928,8186782,14940556,2048,1024
7539,22.605,16.727,5.878,3,1236,6944,8197022,14902168,2048,1024
7540,22.402,16.797,5.605,3,1224,6938,8151710,14784506,2048,1024
7541,22.977,17.351,5.627,3,1224,6930,8155550,14749252,2048,1024
7542,22.838,17.192,5.646,3,1212,6860,8140638,14783712,2048,1024
7543,22.738,16.996,5.742,3,1228,6922,8177758,14807484,2048,1024
7544,22.383,16.689,5.694,3,1232,6942,8164190,14730160,2048,1024
7545,22.675,16.648,6.027,3,1242,6926,8169310,14689794,2048,1024
7546,22.421,16.723,5.699,3,1196,6730,8091230,14613298,2048,1024
7547,22.520,16.810,5.709,3,1240,6848,8176222,14708410,2048,1024
7548,22.320,16.486,5.834,3,1232,6792,8162910,14633850,2048,1024
7549,22.635,16.973,5.662,3,1236,6940,8693342,15085764,2048,1024
7550,23.060,17.048,6.013,3,1238,6958,8700510,15071178,2048,1024
7551,23.045,17.327,5.718,3,1246,6984,8699166,15142136,2048,1024
7552,22.822,17.055,5.767,3,1232,6976,8683550,15099314,2048,1024
7553,23.401,17.413,5.988,3,1246,6998,8684574,15052324,2048,1024
7554,22.721,16.998,5.723,3,1228,6902,8676126,15018866,2048,1024
7555,22.973,17.286,5.687,3,1240,6860,8672030,15041292,2048,1024
7556,22.592,16.800,5.792,3,1244,6910,8691486,15039712,2048,1024
7557,22.944,17.210,5.734,3,1246,6902,8704798,15030646,2048,1024
7558,22.846,17.113,5.732,3,1232,6906,8689950,14985406,2048,1024
7559,22.869,17.209,5.660,3,1246,6958,8711646,15089498,2048,1024
7560,22.780,17.067,5.713,3,1236,6974,8713438,15076212,2048,1024
7561,23.583,17.438,6.145,3,1230,6974,8715486,15045582,2048,1024
7562,22.561,16.921,5.640,3,1228,6944,8699102,14993448,2048,1024
7563,23.543,17.664,5.880,3,1236,6964,8709342,15067760,2048,1024
7564,22.836,17.094,5.742,3,1226,6956,8711134,15055804,2048,1024
7565,22.660,16.999,5.661,3,1238,6958,8716510,15037260,2048,1024
7566,23.514,17.800,5.714,3,1220,6892,8685726,14953638,2048,1024
7567,23.436,17.454,5.982,3,1202,6802,8630430,14911020,2048,1024
7568,22.641,17.029,5.612,3,1230,6920,8684702,14997914,2048,1024
7569,22.813,17.131,5.682,3,1232,6932,8691870,14980000,2048,1024
7570,22.593,16.977,5.616,3,1220,6862,8155038,14916080,2048,1024
7571,22.830,17.007,5.822,3,1228,6926,8189086,14925182,2048,1024
7572,22.832,16.907,5.925,3,1228,6912,8176798,14945784,2048,1024
7573,22.488,16.847,5.641,3,1232,6916,8166558,14874080,2048,1024
7574,23.281,17.690,5.591,3,1230,6920,8177822,14852896,2048,1024
7575,22.534,16.900,5.634,3,1228,6896,8179806,14795900,2048,1024
7576,22.494,16.863,5.631,3,1230,6938,8187742,14872282,2048,1024
7577,22.651,16.932,5.720,3,1242,6932,8211550,14861524,2048,1024
7578,22.270,16.662,5.609,3,1226,6896,8203358,14799524,2048,1024
7579,22.904,17.160,5.743,3,1234,6914,8225886,14790734,2048,1024
7580,23.822,17.974,5.848,3,1242,6884,8233054,14846266,2048,1024
7581,24.137,18.382,5.755,3,1240,6910,8241246,14813276,2048,1024
7582,24.253,18.299,5.954,3,1236,6904,8218462,14718596,2048,1024
7583,23.587,17.937,5.650,3,1250,6934,8234078,14685810,2048,1024
7584,23.480,17.584,5.896,3,1236,6920,8220702,14721494,2048,1024
7585,22.689,16.706,5.983,3,1246,6906,8218654,14659968,2048,1024
7586,22.570,16.931,5.638,3,1258,6946,8230942,14636760,2048,1024
7587,22.246,16.565,5.680,3,1256,6942,8236062,14595510,2048,1024
7588,22.156,16.446,5.710,3,1224,6830,8164638,14523962,2048,1024
7589,22.665,16.749,5.916,3,1252,6938,8255006,14659374,2048,1024
7590,22.097,16.378,5.719,3,1252,6920,8241694,14577282,2048,1024
7591,22.532,16.737,5.795,3,1256,7014,8769054,14876338,2048,1024
7592,23.291,17.611,5.680,3,1264,7172,9281054,15282374,2048,1024
7593,23.156,17.475,5.681,3,1260,7176,9275870,15359626,2048,1024
7594,23.392,17.548,5.845,3,1250,7158,9262302,15309678,2048,1024
7595,23.308,17.257,6.051,3,1246,7130,9242078,15245828,2048,1024
7596,22.694,17.004,5.690,3,1244,7152,9231838,15199918,2048,1024
7597,23.223,17.348,5.875,3,1238,7148,9247198,15310288,2048,1024
7598,22.991,17.147,5.844,3,1248,7186,9252318,15294314,2048,1024
7599,23.132,17.347,5.785,3,1248,7206,9270750,15305702,2048,1024
7600,22.853,17.263,5.590,3,1246,7168,9267422,15273346,2048,1024
7601,23.236,17.563,5.673,3,1254,7148,9267678,15356598,2048,1024
7602,23.558,17.722,5.835,3,1252,7108,9242078,15273370,2048,1024
7603,23.124,17.349,5.775,3,1250,7128,9244062,15253944,2048,1024
7604,23.162,17.526,5.637,3,1252,7146,9235870,15207212,2048,1024
7605,23.073,17.435,5.638,3,1242,7098,9209246,15237070,2048,1024
7606,22.831,17.050,5.782,3,1242,7096,9197726,15184954,2048,1024
7607,23.376,17.662,5.714,3,1244,7134,9225630,15215514,2048,1024
7608,22.767,17.109,5.657,3,1240,7116,9214366,15166600,2048,1024
7609,22.988,17.282,5.705,3,1208,6948,9176478,15181894,2048,1024
7610,24.797,19.168,5.629,3,1240,7088,9232798,15240670,2048,1024
7611,23.683,17.676,6.007,3,1238,7066,9222558,15185154,2048,1024
7612,22.655,16.950,5.705,3,1230,7016,9203806,15116846,2048,1024
7613,22.731,17.112,5.619,3,1230,7012,8708446,15135528,2048,1024
7614,22.760,17.257,5.503,3,1218,6950,8702302,15176688,2048,1024
7615,22.445,16.863,5.582,3,1218,6954,8690014,15101228,2048,1024
7616,22.566,16.994,5.571,3,1222,6960,8706910,15087636,2048,1024
7617,22.703,17.134,5.569,3,1220,6966,8705374,15034122,2048,1024
7618,23.099,17.523,5.577,3,1202,6884,8675422,15047570,2048,1024
7619,23.024,17.101,5.923,3,1214,6922,8709470,15063238,2048,1024
7620,22.326,16.677,5.649,3,1210,6888,8679774,14949686,2048,1024
7621,22.790,17.161,5.629,3,1222,6904,8676126,14893894,2048,1024
7622,22.757,16.982,5.775,3,1216,6882,8666398,14960690,2048,1024
7623,22.591,17.099,5.492,3,1216,6860,8672542,14923294,2048,1024
7624,22.736,16.843,5.894,3,1208,6850,8672286,14875286,2048,1024
7625,22.730,16.826,5.905,3,1222,6910,8690974,14865226,2048,1024
7626,22.840,17.303,5.537,3,1214,6868,8683294,14914294,2048,1024
7627,23.631,17.879,5.752,3,1210,6888,8676638,14849920,2048,1024
7628,24.309,18.420,5.889,3,1208,6822,8678686,14807576,2048,1024
7629,22.336,16.771,5.565,3,1214,6854,8685854,14773626,2048,1024
7630,23.284,17.801,5.483,3,1168,6668,8586270,14653424,2048,1024
7631,22.909,17.252,5.658,3,1216,6820,8661726,14735504,2048,1024
7632,22.091,16.548,5.543,3,1208,6800,8661214,14688180,2048,1024
7633,22.247,16.454,5.793,3,1206,6794,8654046,14620018,2048,1024
7634,22.345,16.565,5.781,3,1200,6772,8641758,14551664,2048,1024
7635,22.943,17.098,5.846,3,1210,6926,9143518,15038074,2048,1024
7636,22.628,17.139,5.489,3,1208,6944,9151454,15036152,2048,1024
7637,22.682,17.065,5.617,3,1218,6932,9183454,15063338,2048,1024
7638,22.829,17.325,5.505,3,1218,6912,9192670,15061174,2048,1024
7639,22.746,17.202,5.544,3,1226,6972,9206942,15122816,2048,1024
7640,23.019,17.390,5.629,3,1218,6954,9199774,15095048,2048,1024
7641,23.096,17.431,5.665,3,1228,6910,9217182,15090032,2048,1024
7642,22.646,17.100,5.546,3,1220,6896,9201566,15031860,2048,1024
7643,23.214,17.247,5.967,3,1230,6922,9218206,15122358,2048,1024
7644,22.488,16.982,5.507,3,1212,6932,9202846,15073776,2048,1024
7645,24.359,18.496,5.863,3,1220,6972,9203358,15055968,2048,1024
7646,24.152,18.591,5.562,3,1210,6956,9204830,15040408,2048,1024
7647,24.424,17.960,6.464,3,1222,7012,9210974,15110958,2048,1024
7648,24.986,19.017,5.968,3,1214,6986,9188702,15039942,2048,1024
7649,23.560,17.865,5.695,3,1232,7034,9222750,15084104,2048,1024
7650,23.122,17.312,5.809,3,1226,7014,9203806,15025426,2048,1024
7651,22.828,17.042,5.786,3,1208,6942,9170526,15038096,2048,1024
7652,22.737,17.063,5.674,3,1226,7044,9231966,15138148,2048,1024
7653,24.364,18.479,5.886,3,1234,7078,9239070,15127856,2048,1024
7654,23.289,17.710,5.579,3,1234,7110,9230622,15087884,2048,1024
7655,22.844,17.151,5.693,3,1246,7154,9248798,15096608,2048,1024
7656,22.579,16.997,5.582,3,1230,7082,8703518,15108048,2048,1024
7657,22.539,16.970,5.569,3,1236,7060,8678942,15013014,2048,1024
7658,22.521,16.965,5.556,3,1236,7028,8675870,14961458,2048,1024
7659,22.522,16.880,5.643,3,1234,7038,8174110,14951290,2048,1024
7660,22.477,16.889,5.588,3,1240,7076,8185630,15018574,2048,1024
7661,23.025,17.432,5.593,3,1254,7012,8192478,14983508,2048,1024
7662,22.730,16.955,5.775,3,1250,6984,8196830,14942308,2048,1024
7663,22.746,16.929,5.817,3,1262,7028,8211934,14919044,2048,1024
7664,22.921,16.947,5.974,3,1262,7034,8224222,14984884,2048,1024
7665,22.770,17.050,5.720,3,1264,7076,8231390,14947650,2048,1024
7666,22.826,16.673,6.153,3,1254,7012,8214750,14862272,2048,1024
7667,22.782,16.680,6.101,3,1264,7054,8210910,14784250,2048,1024
7668,22.534,16.826,5.708,3,1258,7016,8183198,14776898,2048,1024
7669,22.581,16.866,5.715,3,1228,6904,8133022,14769788,2048,1024
7670,22.243,16.534,5.708,3,1226,6904,8119710,14693022,2048,1024
7671,22.621,16.926,5.695,3,1268,7040,8178078,14735182,2048,1024
7672,22.909,16.781,6.129,3,1222,6896,8108190,14657998,2048,1024
7673,22.489,16.610,5.879,3,1262,7030,8204702,14787930,2048,1024
7674,22.268,16.504,5.764,3,1258,7030,8205150,14734626,2048,1024
7675,22.591,16.893,5.698,3,1266,7042,8225118,14725928,2048,1024
7676,22.271,16.554,5.717,3,1268,7040,8229214,14683038,2048,1024
7677,22.429,16.675,5.754,3,1272,7032,8228190,14741880,2048,1024
7678,22.680,16.831,5.848,3,1264,7126,8744030,15119098,2048,1024
7679,23.605,17.680,5.926,3,1276,7156,8758046,15113874,2048,1024
7680,22.925,17.049,5.876,3,1268,7132,8739102,15045142,2048,1024
7681,23.009,17.035,5.974,3,1282,7162,8761630,15158038,2048,1024
7682,23.201,17.071,6.130,3,1276,7088,8738078,15075444,2048,1024
7683,23.520,17.620,5.900,3,1276,7124,8731934,15030388,2048,1024
7684,23.029,17.146,5.883,3,1270,7106,8738270,15012994,2048,1024
7685,23.602,17.439,6.164,3,1284,7172,8769758,15154330,2048,1024
7686,23.245,17.088,6.157,3,1280,7146,8746206,15069118,2048,1024
7687,22.745,16.989,5.756,3,1286,7130,8755422,15048572,2048,1024
7688,22.893,17.133,5.759,3,1286,7142,8764894,15037106,2048,1024
7689,22.792,17.071,5.722,3,1284,7110,8738526,15065216,2048,1024
7690,23.044,17.186,5.858,3,1266,7018,8718238,14993058,2048,1024
7691,22.502,16.782,5.719,3,1278,7082,8738974,15001274,2048,1024
7692,22.882,16.983,5.898,3,1268,7026,8721566,14930936,2048,1024
7693,22.776,17.076,5.701,3,1242,6940,8680606,14927478,2048,1024
7694,23.090,17.141,5.948,3,1266,7026,8729758,14992860,2048,1024
7695,22.933,16.976,5.956,3,1276,7034,8736862,14966324,2048,1024
7696,23.290,17.076,6.214,3,1258,6968,8695646,14850774,2048,1024
7697,24.250,18.178,6.072,3,1280,7034,8723550,14872756,2048,1024
7698,23.630,17.566,6.064,3,1268,7042,8717406,14945500,2048,1024
7699,22.495,16.807,5.688,3,1270,7058,8208478,14920630,2048,1024
7700,22.841,16.904,5.938,3,1276,7004,8208414,14866630,2048,1024
7701,22.746,17.019,5.726,3,1274,6982,8185886,14763528,2048,1024
7702,22.288,16.603,5.685,3,1260,6918,8148766,14764544,2048,1024
7703,22.599,16.855,5.744,3,1280,7012,8176158,14757426,2048,1024
7704,22.387,16.606,5.782,3,1256,6924,8140830,14630626,2048,1024
7705,22.511,16.575,5.936,3,1258,6920,8157150,14609182,2048,1024
7706,22.420,16.729,5.692,3,1264,6924,8160222,14691974,2048,1024
7707,22.568,16.790,5.778,3,1274,6976,8180702,14677924,2048,1024
7708,22.346,16.630,5.717,3,1258,6932,8185054,14634260,2048,1024
7709,22.039,16.328,5.711,3,1268,6936,8177630,14571906,2048,1024
7710,22.662,16.676,5.985,3,1258,6854,8157150,14594288,2048,1024
7711,23.065,17.241,5.823,3,1258,6870,8166302,14553788,2048,1024
7712,23.519,17.551,5.968,3,1250,6898,8159134,14486494,2048,1024
7713,23.189,17.442,5.747,3,1258,6920,8171934,14459578,2048,1024
7714,23.299,17.461,5.838,3,1244,6878,8150686,14486338,2048,1024
7715,23.489,17.712,5.777,3,1260,6874,8173470,14491510,2048,1024
7716,22.405,16.230,6.175,3,1242,6836,8142686,14373900,2048,1024
7717,21.894,16.204,5.690,3,1246,6854,8154974,14345482,2048,1024
7718,22.323,16.582,5.741,3,1242,6854,8149342,14284960,2048,1024
7719,22.364,16.277,6.086,3,1242,6834,8146782,14351404,2048,1024
7720,22.635,16.907,5.729,3,1248,6906,8676190,14633208,2048,1024
7721,22.640,16.924,5.716,3,1270,7102,9202526,15029434,2048,1024
7722,22.926,16.884,6.042,3,1260,7016,9185118,14969746,2048,1024
7723,22.943,16.985,5.958,3,1262,7030,9195294,15060224,2048,1024
7724,22.622,17.030,5.591,3,1260,7048,9197342,15034598,2048,1024
7725,22.940,17.105,5.835,3,1266,7032,9203486,15022950,2048,1024
7726,23.145,17.492,5.653,3,1242,6922,9171486,14929890,2048,1024
7727,22.523,16.850,5.674,3,1260,6966,9192222,15057242,2048,1024
7728,22.916,17.128,5.788,3,1260,6944,9179934,15009690,2048,1024
7729,23.606,17.883,5.723,3,1270,6972,9181918,14987548,2048,1024
7730,22.601,16.886,5.715,3,1258,6962,9181918,14962898,2048,1024
7731,22.650,16.943,5.707,3,1252,7040,9200350,15077526,2048,1024
7732,22.584,16.953,5.631,3,1250,7080,9190366,15031646,2048,1024
7733,22.991,17.351,5.640,3,1262,7124,9208542,15046598,2048,1024
7734,22.640,16.824,5.816,3,1256,7072,9197278,14998672,2048,1024
7735,23.036,17.362,5.674,3,1234,6962,9161438,15008878,2048,1024
7736,22.606,16.877,5.730,3,1230,6930,9171678,15010946,2048,1024
7737,23.000,17.316,5.683,3,1272,7062,9235614,14990742,2048,1024
7738,22.981,17.149,5.832,3,1254,6998,9203102,14912312,2048,1024
7739,22.817,17.017,5.801,3,1266,6988,9217694,14917292,2048,1024
7740,22.396,16.756,5.640,3,1262,6986,9214622,14979456,2048,1024
7741,23.623,17.902,5.721,3,1268,7002,9212574,14955348,2048,1024
7742,23.453,17.605,5.848,3,1266,6946,8691870,14924608,2048,1024
7743,22.789,16.949,5.840,3,1268,7004,8708766,14911070,2048,1024
7744,22.544,16.874,5.670,3,1268,6988,8714590,14987604,2048,1024
7745,22.918,17.084,5.834,3,1282,7042,8736350,14988682,2048,1024
7746,22.764,16.938,5.826,3,1294,7050,8761438,15008862,2048,1024
7747,22.824,17.094,5.730,3,1290,7006,8741982,14920866,2048,1024
7748,22.842,16.903,5.940,3,1294,6976,8726110,14949966,2048,1024
7749,22.962,17.159,5.803,3,1302,7026,8720990,14897386,2048,1024
7750,22.870,17.095,5.775,3,1290,6976,8703262,14814574,2048,1024
7751,22.575,16.799,5.776,3,1298,6988,8728094,14815530,2048,1024
7752,22.744,16.769,5.975,3,1290,6940,8720926,14864058,2048,1024
7753,23.060,17.050,6.010,3,1300,6976,8744478,14865494,2048,1024
7754,22.523,16.771,5.752,3,1294,6958,8741406,14811866,2048,1024
7755,22.672,16.626,6.046,3,1302,6966,8736286,14754850,2048,1024
7756,22.507,16.613,5.894,3,1288,6944,8723742,14794782,2048,1024
7757,22.549,16.713,5.836,3,1308,6948,8736286,14780032,2048,1024
7758,22.423,16.610,5.812,3,1298,6918,8725022,14710652,2048,1024
7759,22.737,16.919,5.818,3,1300,6972,8738270,14691986,2048,1024
7760,22.372,16.371,6.001,3,1288,6944,8729054,14634040,2048,1024
7761,22.466,16.695,5.771,3,1290,6948,8732638,14709444,2048,1024
7762,22.066,16.360,5.706,3,1278,6944,8715486,14633294,2048,1024
7763,22.164,16.411,5.753,3,1286,6964,8734174,14629066,2048,1024
7764,22.822,16.971,5.850,3,1280,7080,9241054,14979526,2048,1024
7765,23.548,17.596,5.952,3,1290,7088,9264606,15103174,2048,1024
7766,22.901,17.128,5.773,3,1298,7114,9265118,15078198,2048,1024
7767,23.422,17.084,6.338,3,1298,7112,9250270,15021054,2048,1024
7768,22.756,16.928,5.828,3,1296,7068,9237662,14971762,2048,1024
7769,22.955,16.940,6.015,3,1306,7106,9254302,15083238,2048,1024
7770,23.727,17.974,5.753,3,1294,7064,9256350,15060290,2048,1024
7771,22.933,17.109,5.824,3,1302,7092,9265054,15055250,2048,1024
7772,22.756,17.009,5.747,3,1296,7078,9251230,15002346,2048,1024
7773,22.715,16.940,5.775,3,1304,7108,9243038,15067744,2048,1024
7774,23.495,17.623,5.872,3,1294,7072,9226398,15006610,2048,1024
7775,23.353,17.208,6.145,3,1308,7118,9263518,15051928,2048,1024
7776,23.228,17.091,6.137,3,1292,7064,9245598,14997688,2048,1024
7777,24.357,18.497,5.860,3,1294,7092,9253214,15088192,2048,1024
7778,24.384,18.584,5.800,3,1290,7098,9270878,15085680,2048,1024
7779,24.084,17.855,6.229,3,1288,7084,9254238,15023636,2048,1024
7780,25.144,19.129,6.014,3,1282,7056,8705118,14944352,2048,1024
7781,24.053,18.262,5.791,3,1298,7142,8740190,14991240,2048,1024
7782,23.214,17.303,5.910,3,1290,7118,8742238,15069202,2048,1024
7783,23.182,17.211,5.971,3,1298,7170,8746334,15038866,2048,1024
7784,24.169,18.266,5.903,3,1290,7124,8714590,14944100,2048,1024
7785,23.205,17.395,5.811,3,1292,7132,8190302,14892294,2048,1024
7786,23.170,16.906,6.265,3,1276,7048,8176734,14937906,2048,1024
7787,22.879,17.037,5.842,3,1292,7088,8199454,14928382,2048,1024
7788,22.615,16.858,5.757,3,1286,7078,8193310,14862920,2048,1024
7789,22.721,16.882,5.839,3,1286,7056,8185630,14795530,2048,1024
7790,22.822,16.618,6.204,3,1268,6964,8154910,14822942,2048,1024
7791,22.903,17.070,5.833,3,1264,7004,8150814,14761608,2048,1024
7792,22.402,16.691,5.711,3,1262,7004,8141342,14699354,2048,1024
7793,22.911,17.231,5.680,3,1268,7066,8171294,14713864,2048,1024
7794,22.614,16.991,5.623,3,1252,7028,8163102,14755402,2048,1024
7795,22.636,16.947,5.689,3,1254,7006,8164126,14705438,2048,1024
7796,22.255,16.615,5.640,3,1252,7004,8147678,14621358,2048,1024
7797,22.551,16.525,6.026,3,1262,7058,8155870,14593892,2048,1024
7798,22.497,16.713,5.784,3,1238,6916,8135134,14612198,2048,1024
7799,22.225,16.574,5.651,3,1254,6972,8171230,14631402,2048,1024
7800,22.403,16.416,5.986,3,1254,6960,8174302,14587652,2048,1024
7801,22.445,16.293,6.152,3,1258,6960,8170206,14526208,2048,1024
7802,22.110,16.446,5.664,3,1220,6886,8113886,14484972,2048,1024
7803,22.191,16.467,5.724,3,1254,7046,8186590,14576364,2048,1024
7804,22.539,16.241,6.298,3,1298,7114,8205534,14574934,2048,1024
7805,22.570,16.642,5.928,3,1312,7142,8185502,14492860,2048,1024
7806,21.955,16.225,5.730,3,1284,7052,8174238,14426580,2048,1024
7807,23.293,17.124,6.169,3,1296,7182,8727198,14928700,2048,1024
7808,23.696,17.820,5.875,3,1300,7198,8731294,14913380,2048,1024
7809,23.317,17.209,6.109,3,1308,7190,8738462,14897620,2048,1024
7810,24.095,18.038,6.056,3,1306,7240,8735134,14859802,2048,1024
7811,23.056,17.079,5.976,3,1318,7336,8740510,14944586,2048,1024
7812,22.211,16.395,5.816,3,1258,7082,8607134,14644562,2048,1024
7813,26.491,19.919,6.572,3,1540,8550,9431710,16292396,2048,1024
7814,26.700,20.116,6.584,3,1538,8492,9456286,16317024,2048,1024
7815,25.729,19.177,6.552,3,1538,8128,9148062,15749242,2048,1024
7816,26.140,19.309,6.832,3,1536,8004,9152158,15732550,2048,1024
7817,25.519,18.821,6.698,3,1540,7878,8951454,15296922,2048,1024
7818,26.030,18.950,7.080,3,1542,7838,8930974,15225956,2048,1024
7819,25.262,18.330,6.932,3,1540,7866,8933534,15305562,2048,1024
7820,24.679,18.129,6.550,3,1530,7844,8936606,15285214,2048,1024
7821,24.297,17.782,6.515,3,1532,7790,8934558,15259364,2048,1024
7822,24.072,17.561,6.511,3,1532,7814,8923806,15207352,2048,1024
7823,23.863,17.349,6.514,3,1500,7636,8806046,15042670,2048,1024
7824,23.657,17.034,6.623,3,1522,7788,8881822,15158020,2048,1024
7825,23.870,16.770,7.099,3,1524,7728,8806046,14973550,2048,1024
7826,23.289,16.636,6.652,3,1510,7620,8772254,14873520,2048,1024
7827,24.399,17.578,6.821,3,1506,7572,8731294,14756372,2048,1024
7828,23.442,16.982,6.460,3,1506,7518,8189598,14769268,2048,1024
7829,22.930,16.462,6.468,3,1512,7610,8217246,14784024,2048,1024
7830,22.867,16.425,6.442,3,1508,7524,8183966,14669180,2048,1024
7831,22.898,16.481,6.417,3,1508,7526,8161438,14572080,2048,1024
7832,23.099,16.593,6.506,3,1508,7548,8170654,14633720,2048,1024
7833,23.260,16.593,6.667,3,1492,7458,8144030,14530112,2048,1024
7834,22.733,16.366,6.367,3,1484,7396,8159390,14511012,2048,1024
7835,23.248,17.006,6.243,3,1402,7342,8651934,14931162,2048,1024
7836,22.975,16.913,6.062,3,1404,7360,8665246,15003778,2048,1024
7837,22.564,16.870,5.694,3,1304,7200,8610974,14834526,2048,1024
7838,22.440,16.749,5.691,3,1294,7194,8611998,14780140,2048,1024
7839,22.185,16.685,5.500,3,1240,7062,8572062,14638548,2048,1024
7840,22.141,16.443,5.698,3,1218,6988,8516766,14582740,2048,1024
7841,22.924,17.459,5.465,3,1222,6976,8538270,14570926,2048,1024
7842,23.170,17.636,5.533,3,1208,6948,8530078,14496908,2048,1024
7843,22.947,17.548,5.399,3,1208,6888,8536222,14459418,2048,1024
7844,22.999,17.518,5.481,3,1166,6744,8457374,14358848,2048,1024
7845,23.032,17.732,5.300,3,1182,6790,8477854,14345206,2048,1024
7846,21.435,16.223,5.212,3,1138,6658,8433822,14201902,2048,1024
7847,21.117,15.954,5.163,3,1132,6616,8418462,14116552,2048,1024
7848,20.812,15.712,5.100,3,1120,6544,8390814,14010294,2048,1024
7849,21.638,16.261,5.377,3,1120,6552,8900766,14361508,2048,1024
7850,22.076,16.978,5.098,3,1128,6744,9688222,14881202,2048,1024
7851,22.057,16.932,5.126,3,1122,6740,9675934,14832640,2048,1024
7852,21.940,16.870,5.070,3,1108,6682,9668766,14791130,2048,1024
7853,22.472,17.243,5.229,3,1094,6644,9661598,14857992,2048,1024
7854,21.769,16.798,4.972,3,1088,6646,9655454,14819648,2048,1024
7855,22.017,16.849,5.167,3,1076,6604,9643166,14767706,2048,1024
7856,22.025,17.079,4.946,3,1076,6598,9646238,14750898,2048,1024
7857,21.982,16.917,5.065,3,1068,6584,9629854,14792590,2048,1024
7858,22.337,17.502,4.835,3,1058,6558,9615518,14740052,2048,1024
7859,22.011,16.907,5.104,3,1058,6564,9618590,14723838,2048,1024
7860,21.534,16.673,4.861,3,1048,6490,9610398,14680940,2048,1024
7861,21.740,16.955,4.784,3,1036,6464,9595038,14728116,2048,1024
7862,22.447,17.536,4.911,3,1028,6442,9597086,14704256,2048,1024
7863,22.279,17.282,4.997,3,1014,6394,9586846,14654914,2048,1024
7864,21.867,16.952,4.915,3,1014,6376,9583774,14624362,2048,1024
7865,21.564,16.834,4.730,3,984,6250,9528478,14600562,2048,1024
7866,21.449,16.747,4.702,3,1000,6274,9570462,14649738,2048,1024
7867,21.213,16.577,4.635,3,992,6258,9566366,14614702,2048,1024
7868,21.758,16.932,4.826,3,992,6256,9572510,14597218,2048,1024
7869,21.750,16.797,4.953,3,978,6260,9565342,14555516,2048,1024
7870,21.211,16.634,4.576,3,964,6220,9548958,14613088,2048,1024
7871,21.406,16.545,4.861,3,962,6206,8770718,14575374,2048,1024
7872,22.466,17.716,4.749,3,954,6196,8763550,14509272,2048,1024
7873,21.638,17.075,4.563,3,948,6180,8760478,14446270,2048,1024
7874,21.060,16.452,4.608,3,954,6192,8763550,14534818,2048,1024
7875,21.867,16.905,4.962,3,1058,6320,8819870,14536676,2048,1024
7876,35.531,28.326,7.205,3,1612,7986,9765278,16441454,2048,1024
7877,35.386,28.357,7.029,3,1620,8130,9781662,16433196,2048,1024
7878,33.736,26.819,6.917,3,1616,8186,9778078,16488620,2048,1024
7879,32.866,25.995,6.872,3,1622,8288,9781150,16447568,2048,1024
7880,31.011,24.087,6.923,3,1628,8354,9787294,16412260,2048,1024
7881,29.813,22.915,6.898,3,1628,8368,9793438,16380122,2048,1024
7882,28.887,21.736,7.150,3,1626,8396,9789342,16434120,2048,1024
7883,27.215,20.261,6.954,3,1636,8398,9806750,16426076,2048,1024
7884,26.457,19.315,7.142,3,1634,8382,9799582,16362144,2048,1024
7885,26.083,19.127,6.956,3,1640,8374,9805726,16327186,2048,1024
7886,25.451,18.533,6.918,3,1618,8250,9754526,16289420,2048,1024
7887,25.868,18.572,7.297,3,1652,8288,9811870,16335406,2048,1024
7888,25.362,18.154,7.208,3,1650,8248,9810846,16276342,2048,1024
7889,25.497,18.343,7.154,3,1662,8276,9826206,16240350,2048,1024
7890,25.538,18.547,6.991,3,1658,8254,9811870,16139116,2048,1024
7891,25.267,18.274,6.992,3,1668,8264,9832350,16181962,2048,1024
7892,28.142,20.936,7.206,3,1662,9230,11392158,18838410,2048,1024
7893,28.258,21.259,6.999,3,1670,9410,12185758,19306952,2048,1024
7894,28.958,21.413,7.545,3,1662,9346,12172958,19201696,2048,1024
7895,28.706,21.320,7.386,3,1670,9346,12182430,19245212,2048,1024
7896,28.500,21.394,7.106,3,1656,9284,12167838,19138668,2048,1024
7897,28.162,21.111,7.050,3,1652,9250,12165022,19063416,2048,1024
7898,28.706,21.429,7.278,3,1646,9206,12129950,18984972,2048,1024
7899,28.250,21.360,6.890,3,1582,9074,12073630,18953606,2048,1024
7900,28.359,21.523,6.836,3,1568,9008,12040606,18855066,2048,1024
7901,29.093,22.111,6.982,3,1600,9134,12162718,19045496,2048,1024
7902,31.541,23.961,7.580,3,1666,9206,12230558,19157894,2048,1024
7903,30.814,23.034,7.780,3,1662,9208,12190366,19209472,2048,1024
7904,30.624,23.144,7.480,3,1650,9144,12104862,19013198,2048,1024
7905,28.662,21.342,7.320,3,1648,9124,12071838,18948164,2048,1024
7906,28.479,21.251,7.227,3,1636,9044,11979678,18735476,2048,1024
7907,27.981,20.716,7.265,3,1620,8964,11942558,18705320,2048,1024
7908,28.907,21.669,7.239,3,1646,9086,11984798,18740234,2048,1024
7909,23.322,17.805,5.517,3,1214,6904,9885598,15260510,2048,1024
7910,23.123,17.608,5.515,3,1216,6872,9886622,15236548,2048,1024
7911,22.479,17.124,5.356,3,1156,6796,9857182,15148946,2048,1024
7912,22.669,17.204,5.465,3,1154,6796,9853086,15212348,2048,1024
7913,23.038,17.619,5.418,3,1186,6984,9982110,15451180,2048,1024
7914,23.682,18.053,5.629,3,1226,7124,9316510,15649622,2048,1024
7915,23.481,17.838,5.643,3,1234,7170,9326494,15620262,2048,1024
7916,23.607,17.708,5.899,3,1240,7184,9289886,15588028,2048,1024
7917,23.928,18.150,5.778,3,1246,7184,8778910,15563984,2048,1024
7918,23.302,17.638,5.665,3,1246,7164,8731806,15411184,2048,1024
7919,23.891,17.994,5.897,3,1308,7394,8923294,15742062,2048,1024
7920,23.712,17.523,6.189,3,1310,7394,8939678,15818470,2048,1024
7921,23.924,17.768,6.156,3,1312,7368,8910686,15705418,2048,1024
7922,24.066,17.902,6.164,3,1316,7384,8914014,15654812,2048,1024
7923,23.690,17.571,6.119,3,1310,7360,8878174,15532062,2048,1024
7924,23.840,17.766,6.074,3,1304,7270,8853598,15538518,2048,1024
7925,24.316,17.735,6.582,3,1318,7300,8882270,15539788,2048,1024
7926,24.520,18.639,5.881,3,1296,7242,8867934,15454982,2048,1024
7927,23.833,17.723,6.110,3,1306,7250,8855390,15374480,2048,1024
7928,23.548,17.569,5.979,3,1266,7144,8784926,15295030,2048,1024
7929,23.182,17.354,5.828,3,1298,7202,8825886,15317896,2048,1024
7930,23.211,17.206,6.005,3,1282,7126,8814622,15240056,2048,1024
7931,23.384,17.327,6.057,3,1300,7216,8839198,15240538,2048,1024
7932,23.033,17.095,5.939,3,1302,7188,8815646,15139648,2048,1024
7933,23.761,17.853,5.907,3,1312,7212,8827678,15207366,2048,1024
7934,23.287,17.392,5.895,3,1310,7216,8825886,15143188,2048,1024
7935,22.912,16.972,5.940,3,1310,7250,8835038,15109676,2048,1024
7936,23.521,17.722,5.799,3,1296,7376,9605086,15587998,2048,1024
7937,24.770,18.327,6.444,3,1310,7312,9581534,15612336,2048,1024
7938,23.695,17.827,5.868,3,1288,7270,9573342,15563938,2048,1024
7939,23.800,17.595,6.205,3,1298,7252,9594590,15571554,2048,1024
7940,23.634,17.796,5.838,3,1288,7240,9604062,15559172,2048,1024
7941,24.123,18.087,6.036,3,1272,7188,9589726,15594324,2048,1024
7942,23.811,18.078,5.733,3,1264,7144,9560990,15492480,2048,1024
7943,23.631,17.954,5.677,3,1264,7216,9588638,15517880,2048,1024
7944,24.523,18.346,6.178,3,1210,7008,9496478,15447600,2048,1024
7945,24.475,18.712,5.764,3,1202,6988,9502366,15529242,2048,1024
7946,24.873,19.200,5.674,3,1196,6974,9513886,15519748,2048,1024
7947,23.651,17.800,5.851,3,1204,7004,9514910,15493034,2048,1024
7948,23.241,17.456,5.785,3,1204,7000,9502558,15434986,2048,1024
7949,24.642,18.810,5.832,3,1186,6940,9456478,15415398,2048,1024
7950,23.584,17.850,5.734,3,1194,6992,9482078,15433086,2048,1024
7951,23.427,17.744,5.683,3,1200,7026,9477726,15392794,2048,1024
7952,22.868,17.250,5.618,3,1192,7018,9474910,15355970,2048,1024
7953,23.050,17.425,5.626,3,1200,7030,9488158,15348630,2048,1024
7954,23.166,17.438,5.728,3,1178,6972,9465630,15380908,2048,1024
7955,23.034,17.447,5.588,3,1196,7002,9487134,15391886,2048,1024
7956,22.874,17.355,5.520,3,1184,6972,9462558,15305488,2048,1024
7957,23.040,17.426,5.614,3,1182,6932,8666654,15228312,2048,1024
7958,22.989,17.256,5.733,3,1168,6934,8664862,15293408,2048,1024
7959,23.246,17.555,5.691,3,1166,6926,8676062,15257310,2048,1024
7960,23.009,17.503,5.506,3,1164,6936,8665822,15183824,2048,1024
7961,23.473,17.491,5.982,3,1176,6980,8696542,15194372,2048,1024
7962,22.904,17.407,5.497,3,1172,6938,8688350,15216848,2048,1024
7963,23.009,17.486,5.522,3,1176,6908,8681950,15148216,2048,1024
7964,24.094,18.403,5.691,3,1168,6950,8683230,15093288,2048,1024
7965,24.811,19.135,5.675,3,1176,6976,8702622,15080664,2048,1024
7966,24.592,18.930,5.662,3,1168,6956,8670878,15065886,2048,1024
7967,23.759,18.139,5.620,3,1188,6948,8678046,15022574,2048,1024
7968,23.829,18.132,5.697,3,1182,6956,8681118,14970316,2048,1024
7969,22.695,16.980,5.715,3,1184,6902,8670622,14890218,2048,1024
7970,22.609,17.065,5.544,3,1176,6878,8656542,14919628,2048,1024
7971,22.579,16.953,5.627,3,1178,6898,8672350,14913032,2048,1024
7972,22.250,16.737,5.512,3,1162,6868,8661086,14840326,2048,1024
7973,22.357,16.801,5.556,3,1174,6916,8673374,14815834,2048,1024
7974,22.463,16.720,5.743,3,1168,6888,8670302,14758780,2048,1024
7975,22.703,17.042,5.661,3,1180,6892,8689502,14827376,2048,1024
7976,22.381,16.743,5.638,3,1180,6872,8679518,14755904,2048,1024
7977,22.411,16.830,5.581,3,1180,6836,8682526,14707648,2048,1024
7978,22.223,16.770,5.452,3,1164,6880,9187358,14930558,2048,1024
7979,23.661,18.126,5.535,3,1182,7078,9970718,15549506,2048,1024
7980,23.603,17.745,5.858,3,1176,7100,9970718,15528252,2048,1024
7981,23.073,17.506,5.568,3,1184,7124,9985822,15541316,2048,1024
7982,23.219,17.665,5.554,3,1184,7150,9988126,15525220,2048,1024
7983,25.380,19.652,5.728,3,1198,7214,10019870,15651554,2048,1024
7984,23.093,17.533,5.560,3,1186,7158,9992158,15574738,2048,1024
7985,23.626,18.042,5.584,3,1194,7212,10017758,15604282,2048,1024
7986,23.302,17.690,5.612,3,1186,7194,10001374,15547666,2048,1024
7987,23.520,17.823,5.697,3,1198,7224,10005214,15627770,2048,1024
7988,23.276,17.594,5.682,3,1190,7230,10003422,15600850,2048,1024
7989,24.066,18.329,5.737,3,1194,7180,10002398,15578942,2048,1024
7990,23.659,17.758,5.901,3,1188,7102,9983966,15518456,2048,1024
7991,26.574,20.687,5.887,3,1202,7182,10012638,15645630,2048,1024
7992,23.698,18.070,5.628,3,1222,7240,10071966,15734892,2048,1024
7993,23.499,17.874,5.625,3,1232,7298,10080926,15726742,2048,1024
7994,23.861,18.050,5.811,3,1228,7314,10082974,15695434,2048,1024
7995,24.441,18.701,5.740,3,1234,7316,10082974,15672432,2048,1024
7996,26.526,20.945,5.581,3,1234,7292,10098334,15772852,2048,1024
7997,24.258,18.060,6.198,3,1246,7318,10110558,15764376,2048,1024
7998,25.169,18.916,6.253,3,1232,7250,10079582,15676050,2048,1024
7999,24.227,18.524,5.703,3,1240,7288,10084446,15657562,2048,1024
8000,25.085,19.272,5.813,3,1236,7236,9292894,15713428,2048,1024
8001,24.304,18.469,5.835,3,1236,7288,9299806,15672292,2048,1024
8002,25.540,19.739,5.801,3,1224,7248,9281374,15579144,2048,1024
8003,25.845,20.111,5.733,3,1240,7308,9311006,15588660,2048,1024
8004,25.417,19.745,5.671,3,1236,7262,9287454,15608912,2048,1024
8005,24.019,18.235,5.785,3,1242,7240,9304350,15589522,2048,1024
8006,24.382,18.533,5.848,3,1236,7210,9315870,15559004,2048,1024
8007,24.624,18.901,5.723,3,1242,7226,9310494,15495090,2048,1024
8008,24.492,18.428,6.064,3,1224,7178,9285854,15513398,2048,1024
8009,25.190,19.403,5.787,3,1234,7218,9290974,15473456,2048,1024
8010,24.600,18.560,6.040,3,1218,7148,9279710,15398672,2048,1024
8011,23.573,17.730,5.843,3,1224,7144,9280478,15352786,2048,1024
8012,23.440,17.638,5.802,3,1218,7112,9279710,15406964,2048,1024
8013,24.410,18.667,5.744,3,1224,7206,9301150,15404778,2048,1024
8014,24.581,18.513,6.069,3,1218,7144,9282718,15317876,2048,1024
8015,22.904,17.320,5.585,3,1230,7160,9316510,15342232,2048,1024
8016,23.906,18.123,5.782,3,1216,7120,9310878,15284130,2048,1024
8017,23.026,17.209,5.817,3,1222,7118,9305502,15320314,2048,1024
8018,23.233,17.621,5.611,3,1230,7120,9318046,15294866,2048,1024
8019,22.958,17.299,5.658,3,1232,7146,9322078,15255400,2048,1024
8020,22.847,17.258,5.589,3,1222,7086,9298526,15156046,2048,1024
8021,23.389,17.508,5.880,3,1234,7080,9310814,15242408,2048,1024
8022,23.459,17.756,5.703,3,1232,7242,10087006,15736388,2048,1024
8023,23.660,18.037,5.623,3,1238,7248,10093918,15722282,2048,1024
8024,23.449,17.859,5.590,3,1222,7216,10094110,15696674,2048,1024
8025,23.967,18.123,5.844,3,1226,7246,10083870,15761668,2048,1024
8026,23.582,17.891,5.692,3,1218,7206,10061342,15686748,2048,1024
8027,24.866,18.964,5.902,3,1238,7294,10093086,15731052,2048,1024
8028,24.909,19.287,5.622,3,1232,7252,10076702,15668550,2048,1024
8029,25.015,19.199,5.816,3,1232,7280,10088670,15782248,2048,1024
8030,24.099,18.527,5.572,3,1228,7262,10088926,15751620,2048,1024
8031,24.878,18.895,5.983,3,1232,7218,10081758,15706504,2048,1024
8032,23.446,17.797,5.649,3,1220,7172,10069470,15657948,2048,1024
8033,23.766,18.149,5.617,3,1228,7204,10079710,15771604,2048,1024
8034,24.694,18.765,5.929,3,1212,7162,10046942,15671556,2048,1024
8035,25.086,19.425,5.662,3,1220,7166,10051742,15653148,2048,1024
8036,23.548,17.549,5.999,3,1220,7134,10051486,15628260,2048,1024
8037,23.619,17.715,5.904,3,1230,7134,10055582,15612446,2048,1024
8038,23.596,17.869,5.727,3,1214,7098,9529246,15705646,2048,1024
8039,23.253,17.669,5.585,3,1224,7146,9556382,15723440,2048,1024
8040,23.511,17.828,5.683,3,1228,7128,9563998,15705260,2048,1024
8041,23.635,17.978,5.658,3,1236,7160,9566302,15672588,2048,1024
8042,23.317,17.705,5.611,3,1228,7156,9551710,15743454,2048,1024
8043,23.504,17.921,5.583,3,1222,7108,8765790,15691670,2048,1024
8044,23.561,17.982,5.578,3,1216,7134,8752990,15606824,2048,1024
8045,23.222,17.586,5.636,3,1232,7180,8752478,15551852,2048,1024
8046,23.525,17.728,5.796,3,1230,7170,8753950,15610598,2048,1024
8047,23.348,17.654,5.694,3,1228,7194,8754206,15550748,2048,1024
8048,23.492,17.606,5.886,3,1226,7116,8761118,15508082,2048,1024
8049,23.119,17.498,5.621,3,1238,7156,8773918,15474374,2048,1024
8050,23.260,17.462,5.798,3,1220,7112,8758046,15503868,2048,1024
8051,23.609,17.919,5.691,3,1238,7142,8786142,15505234,2048,1024
8052,22.974,17.313,5.661,3,1234,7134,8762078,15395862,2048,1024
8053,23.485,17.619,5.866,3,1236,7096,8761310,15341784,2048,1024
8054,23.344,17.415,5.929,3,1224,7048,8766174,15414668,2048,1024
8055,23.227,17.610,5.617,3,1228,7060,8764638,15357384,2048,1024
8056,22.878,17.301,5.577,3,1222,7048,8745630,15267334,2048,1024
8057,22.827,17.204,5.623,3,1230,7020,8745118,15212486,2048,1024
8058,22.829,17.220,5.609,3,1200,6868,8667806,15102652,2048,1024
8059,22.965,17.366,5.599,3,1234,6986,8723358,15161066,2048,1024
8060,22.788,17.116,5.672,3,1236,7014,8738462,15133396,2048,1024
8061,23.412,17.110,6.302,3,1244,7032,8743070,15088420,2048,1024
8062,22.989,17.113,5.876,3,1244,7034,8736414,15026972,2048,1024
8063,23.027,17.062,5.965,3,1258,7108,8753246,15122062,2048,1024
8064,23.480,17.610,5.870,3,1246,6976,8732766,15040682,2048,1024
8065,23.570,17.839,5.731,3,1260,7180,9524574,15566014,2048,1024
8066,23.816,17.601,6.215,3,1230,7030,9473118,15452752,2048,1024
8067,23.728,17.749,5.979,3,1236,7054,9479774,15525278,2048,1024
8068,23.572,17.668,5.904,3,1236,7056,9473054,15483694,2048,1024
8069,23.199,17.415,5.783,3,1246,7066,9475614,15464564,2048,1024
8070,24.107,18.025,6.082,3,1232,7064,9458718,15405450,2048,1024
8071,23.657,17.841,5.816,3,1244,7046,9466142,15484658,2048,1024
8072,23.315,17.539,5.776,3,1244,7052,9480222,15490574,2048,1024
8073,23.803,17.930,5.873,3,1252,7134,9498078,15499158,2048,1024
8074,23.122,17.351,5.771,3,1244,7124,9471966,15417846,2048,1024
8075,23.710,17.497,6.213,3,1262,7172,9512414,15566736,2048,1024
8076,24.412,18.496,5.915,3,1254,7158,9523166,15558096,2048,1024
8077,24.628,18.598,6.029,3,1262,7152,9513182,15514960,2048,1024
8078,23.363,17.537,5.826,3,1260,7130,9526174,15511004,2048,1024
8079,23.482,17.646,5.836,3,1232,7058,9484702,15496670,2048,1024
8080,23.652,17.743,5.909,3,1256,7178,9539486,15582026,2048,1024
8081,23.567,17.677,5.890,3,1264,7176,9541022,15555194,2048,1024
8082,23.711,17.684,6.027,3,1256,7154,9527198,15498070,2048,1024
8083,23.467,17.586,5.880,3,1266,7174,9524382,15465752,2048,1024
8084,23.786,17.926,5.860,3,1274,7152,9511774,15508064,2048,1024
8085,23.537,17.504,6.033,3,1278,7148,9511262,15480624,2048,1024
8086,23.770,17.365,6.405,3,1268,7158,8724318,15426274,2048,1024
8087,23.927,17.958,5.969,3,1280,7192,8747358,15420170,2048,1024
8088,23.357,17.270,6.087,3,1272,7160,8739678,15458642,2048,1024
8089,23.664,17.489,6.175,3,1276,7220,8742942,15408378,2048,1024
8090,24.588,18.296,6.292,3,1282,7182,8747806,15361256,2048,1024
8091,24.749,18.711,6.038,3,1282,7132,8729886,15269592,2048,1024
8092,24.161,18.382,5.779,3,1258,7064,8723230,15308444,2048,1024
8093,24.215,18.367,5.848,3,1266,7074,8744222,15299812,2048,1024
8094,23.940,17.886,6.054,3,1260,7060,8719070,15193838,2048,1024
8095,23.979,18.056,5.923,3,1264,7098,8734686,15171050,2048,1024
8096,23.353,17.181,6.172,3,1260,7088,8761054,15275402,2048,1024
8097,23.257,17.393,5.864,3,1270,7136,8769758,15240706,2048,1024
8098,22.968,17.140,5.828,3,1264,7158,8756958,15161384,2048,1024
8099,22.989,17.142,5.846,3,1268,7146,8753374,15104380,2048,1024
8100,22.966,17.142,5.824,3,1238,7026,8712862,15058564,2048,1024
8101,23.239,17.075,6.164,3,1266,7076,8762270,15112998,2048,1024
8102,22.831,16.925,5.906,3,1274,7082,8755870,15045862,2048,1024
8103,22.858,16.970,5.888,3,1274,7088,8764574,15008990,2048,1024
8104,22.903,16.862,6.041,3,1266,7052,8750750,14928918,2048,1024
8105,23.064,17.009,6.055,3,1274,7074,8770718,15014710,2048,1024
8106,22.615,16.774,5.841,3,1264,7072,8774302,14969280,2048,1024
8107,23.320,17.440,5.880,3,1272,7164,9294686,15243922,2048,1024
8108,23.943,17.643,6.300,3,1272,7328,10079838,15759690,2048,1024
8109,24.212,18.164,6.048,3,1280,7290,10062942,15803296,2048,1024
8110,23.928,17.858,6.070,3,1274,7292,10043998,15739214,2048,1024
8111,24.381,18.365,6.016,3,1288,7342,10073182,15773520,2048,1024
8112,23.902,17.899,6.002,3,1278,7308,10058334,15720582,2048,1024
8113,24.939,18.819,6.120,3,1276,7304,10055454,15789384,2048,1024
8114,24.020,17.691,6.329,3,1280,7394,10059294,15768632,2048,1024
8115,24.276,18.207,6.069,3,1288,7396,10066974,15758188,2048,1024
8116,24.066,17.946,6.120,3,1274,7374,10056222,15707762,2048,1024
8117,24.099,17.951,6.147,3,1274,7408,10069022,15818062,2048,1024
8118,25.048,19.155,5.894,3,1266,7368,10054174,15755160,2048,1024
8119,24.234,18.184,6.049,3,1270,7356,10051294,15722092,2048,1024
8120,24.109,18.004,6.105,3,1268,7310,10064350,15717898,2048,1024
8121,24.212,18.117,6.095,3,1234,7192,9998302,15668734,2048,1024
8122,23.639,17.747,5.892,3,1258,7276,10028510,15697562,2048,1024
8123,23.894,17.928,5.966,3,1268,7270,10024926,15660158,2048,1024
8124,23.984,17.905,6.079,3,1254,7224,10026462,15626360,2048,1024
8125,24.140,17.951,6.189,3,1258,7222,10042078,15634180,2048,1024
8126,23.672,17.852,5.820,3,1254,7184,10047902,15728082,2048,1024
8127,23.911,17.906,6.005,3,1258,7172,10053534,15711296,2048,1024
8128,23.691,17.634,6.057,3,1260,7156,10032542,15633222,2048,1024
8129,24.321,18.093,6.228,3,1264,7112,9257886,15606368,2048,1024
8130,23.249,17.434,5.814,3,1246,7040,9177502,15496454,2048,1024
8131,23.622,17.904,5.718,3,1246,7002,9175710,15441416,2048,1024
8132,23.407,17.501,5.907,3,1274,7124,9240990,15498666,2048,1024
8133,23.190,17.393,5.796,3,1284,7184,9246622,15446258,2048,1024
8134,23.527,17.463,6.064,3,1276,7160,9215838,15436048,2048,1024
8135,23.328,17.495,5.833,3,1282,7172,9243998,15426594,2048,1024
8136,23.135,17.298,5.837,3,1282,7178,9260894,15390206,2048,1024
8137,23.081,17.244,5.837,3,1282,7142,9242206,15282440,2048,1024
8138,23.200,17.328,5.871,3,1278,7126,9229662,15324414,2048,1024
8139,23.205,17.359,5.846,3,1276,7108,9226078,15270634,2048,1024
8140,22.796,16.991,5.805,3,1266,7090,9222430,15207336,2048,1024
8141,23.273,17.503,5.770,3,1268,7108,9233182,15183808,2048,1024
8142,23.055,17.180,5.876,3,1236,6994,9179422,15142794,2048,1024
8143,23.153,17.114,6.039,3,1258,7120,9244190,15211284,2048,1024
8144,22.922,17.059,5.863,3,1256,7044,9244894,15156628,2048,1024
8145,22.916,17.174,5.742,3,1256,6992,9236190,15077812,2048,1024
8146,22.616,16.924,5.692,3,1250,6960,9223390,14999002,2048,1024
8147,23.038,17.079,5.959,3,1264,7010,9232094,15076036,2048,1024
8148,23.072,17.072,5.999,3,1256,7012,9230558,15034196,2048,1024
8149,22.826,17.054,5.772,3,1258,7014,9232798,14983522,2048,1024
8150,22.979,17.034,5.945,3,1252,6960,9219230,14914208,2048,1024
8151,23.700,17.894,5.806,3,1270,7190,10015390,15542990,2048,1024
8152,23.372,17.462,5.909,3,1262,7128,9998494,15492174,2048,1024
8153,23.594,17.756,5.838,3,1276,7150,10018462,15499208,2048,1024
8154,25.290,19.494,5.797,3,1266,7138,10018910,15481594,2048,1024
8155,25.361,19.396,5.965,3,1276,7196,10032478,15577866,2048,1024
8156,24.367,18.544,5.823,3,1276,7222,10034270,15560526,2048,1024
8157,25.510,19.648,5.862,3,1280,7252,10049118,15567666,2048,1024
8158,25.110,19.097,6.012,3,1274,7230,10033182,15518848,2048,1024
8159,24.341,18.337,6.005,3,1294,7246,10053150,15623326,2048,1024
8160,24.604,18.722,5.883,3,1290,7202,10044446,15586890,2048,1024
8161,24.373,18.172,6.201,3,1292,7172,10041630,15549260,2048,1024
8162,23.928,18.000,5.929,3,1294,7220,10055198,15554326,2048,1024
8163,23.740,17.575,6.165,3,1264,7120,9997342,15512030,2048,1024
8164,23.670,17.808,5.862,3,1292,7176,10069470,15650134,2048,1024
8165,23.844,17.896,5.948,3,1310,7238,10088414,15653712,2048,1024
8166,23.452,17.489,5.963,3,1292,7196,10067934,15610542,2048,1024
8167,23.687,17.886,5.801,3,1286,7128,10069214,15579732,2048,1024
8168,23.283,17.525,5.758,3,1278,7128,10048478,15634940,2048,1024
8169,23.660,17.867,5.793,3,1278,7094,10058206,15614120,2048,1024
8170,23.563,17.688,5.875,3,1240,6956,9995230,15487490,2048,1024
8171,23.385,17.518,5.867,3,1252,7040,10011038,15483158,2048,1024
8172,23.391,17.527,5.864,3,1264,7128,9294238,15544404,2048,1024
8173,23.544,17.758,5.786,3,1268,7158,9272478,15458122,2048,1024
8174,23.261,17.426,5.835,3,1258,7140,9269662,15400248,2048,1024
8175,23.687,17.784,5.903,3,1256,7132,8761758,15379028,2048,1024
8176,23.007,17.242,5.765,3,1252,7108,8728926,15380828,2048,1024
8177,23.437,17.419,6.018,3,1264,7122,8749406,15364148,2048,1024
8178,23.477,17.750,5.727,3,1256,7050,8725854,15264860,2048,1024
8179,23.142,17.341,5.801,3,1262,7040,8720478,15208344,2048,1024
8180,23.345,17.504,5.841,3,1244,7018,8701278,15227722,2048,1024
8181,23.064,17.315,5.750,3,1250,7008,8719710,15211284,2048,1024
8182,23.130,17.186,5.944,3,1238,6956,8725854,15183762,2048,1024
8183,23.081,17.206,5.875,3,1248,7000,8749342,15167844,2048,1024
8184,22.737,17.097,5.640,3,1212,6880,8691998,15126456,2048,1024
8185,23.280,17.378,5.902,3,1248,6948,8729630,15130000,2048,1024
8186,22.924,17.120,5.804,3,1244,6962,8729886,15072556,2048,1024
8187,22.861,17.076,5.785,3,1248,6936,8738078,15027966,2048,1024
8188,23.010,16.926,6.084,3,1232,6912,8702238,14912282,2048,1024
8189,22.504,16.780,5.724,3,1236,6860,8701214,14952012,2048,1024
8190,22.738,16.802,5.936,3,1216,6806,8678622,14861802,2048,1024
8191,23.462,17.848,5.614,3,1220,6814,8696798,14841486,2048,1024
8192,24.299,18.351,5.948,3,1224,6822,8707294,14798414,2048,1024
8193,23.319,17.429,5.890,3,1222,6750,8709342,14833556,2048,1024
8194,24.999,19.264,5.735,3,1228,6976,9510622,15385332,2048,1024
8195,25.742,19.848,5.894,3,1226,6998,9509598,15334354,2048,1024
8196,24.533,18.869,5.664,3,1218,6962,9492190,15270062,2048,1024
8197,23.337,17.618,5.719,3,1226,6912,9509278,15363958,2048,1024
8198,24.353,18.411,5.942,3,1220,6886,9511582,15338528,2048,1024
8199,24.933,19.023,5.910,3,1228,6900,9518750,15304388,2048,1024
8200,25.417,19.668,5.749,3,1218,6872,9509534,15253046,2048,1024
8201,24.977,18.825,6.152,3,1228,6946,9523870,15339802,2048,1024
8202,25.512,19.785,5.727,3,1218,6924,9552542,15366422,2048,1024
8203,25.541,19.714,5.826,3,1230,6888,9550238,15318794,2048,1024
8204,25.679,19.910,5.769,3,1230,6890,9543262,15258394,2048,1024
8205,24.245,18.384,5.861,3,1204,6764,9512798,15285712,2048,1024
8206,23.747,18.089,5.659,3,1232,6872,9569118,15366612,2048,1024
8207,23.798,18.028,5.770,3,1236,6894,9579102,15331948,2048,1024
8208,24.598,18.806,5.791,3,1220,6946,9646174,15426372,2048,1024
8209,23.629,17.929,5.699,3,1224,6922,9641310,15370614,2048,1024
8210,23.224,17.655,5.569,3,1202,6924,9633886,15463404,2048,1024
8211,23.741,18.153,5.588,3,1208,6902,9611358,15377688,2048,1024
8212,23.224,17.602,5.622,3,1200,6864,9615198,15355608,2048,1024
8213,22.930,17.355,5.575,3,1204,6876,9616222,15318338,2048,1024
8214,23.226,17.732,5.495,3,1198,6780,9512990,15190908,2048,1024
8215,22.864,17.239,5.625,3,1192,6762,8741406,15155354,2048,1024
8216,22.665,17.161,5.503,3,1178,6752,8742686,15109596,2048,1024
8217,23.917,18.424,5.493,3,1182,6750,8715294,14985080,2048,1024
8218,23.752,18.249,5.503,3,1166,6726,8704030,15020130,2048,1024
8219,24.436,18.965,5.471,3,1172,6748,8724510,14995540,2048,1024
8220,23.646,18.186,5.459,3,1162,6656,8706846,14908162,2048,1024
8221,23.684,18.273,5.411,3,1166,6664,8722974,14881298,2048,1024
8222,22.763,17.333,5.430,3,1150,6646,8706590,14902264,2048,1024
8223,22.271,16.886,5.386,3,1154,6666,8699678,14819756,2048,1024
8224,22.047,16.692,5.355,3,1140,6630,8661278,14704976,2048,1024
8225,22.084,16.778,5.306,3,1136,6600,8659486,14641440,2048,1024
8226,21.867,16.559,5.308,3,1124,6504,8600862,14553698,2048,1024
8227,22.036,16.790,5.245,3,1124,6522,8604190,14499242,2048,1024
8228,21.803,16.349,5.454,3,1116,6504,8583966,14411198,2048,1024
8229,21.640,16.382,5.258,3,1120,6520,8596510,14367870,2048,1024
8230,21.482,16.261,5.221,3,1106,6466,8588510,14298884,2048,1024
8231,21.677,16.373,5.304,3,1104,6480,8613598,14391542,2048,1024
8232,21.449,16.265,5.183,3,1098,6496,8628190,14381620,2048,1024
8233,21.646,16.424,5.222,3,1106,6464,8636126,14342608,2048,1024
8234,21.325,16.123,5.201,3,1082,6376,8549342,14212132,2048,1024
8235,21.416,16.238,5.178,3,1092,6360,8555486,14242292,2048,1024
8236,20.943,15.962,4.981,3,1062,6260,8973278,14300940,2048,1024
8237,22.251,17.199,5.052,3,1070,6478,9785310,14866826,2048,1024
8238,22.000,16.843,5.158,3,1066,6476,9762270,14809238,2048,1024
8239,22.469,17.093,5.376,3,1072,6508,9772254,14904066,2048,1024
8240,21.904,16.809,5.095,3,1064,6494,9779678,14888958,2048,1024
8241,22.564,17.406,5.158,3,1096,6702,9950686,15201706,2048,1024
8242,22.555,17.438,5.117,3,1092,6726,10042526,15370702,2048,1024
8243,23.992,18.457,5.535,3,1110,6770,10072990,15489962,2048,1024
8244,23.568,18.371,5.196,3,1100,6800,10135198,15601704,2048,1024
8245,22.748,17.564,5.184,3,1058,6534,9987486,15403692,2048,1024
8246,23.415,18.270,5.145,3,1046,6550,9992862,15388676,2048,1024
8247,24.564,19.309,5.255,3,1060,6594,10051486,15560254,2048,1024
8248,23.061,17.830,5.231,3,1086,6736,10131614,15705338,2048,1024
8249,22.975,17.806,5.170,3,1096,6834,10182814,15764120,2048,1024
8250,22.828,17.626,5.202,3,1084,6840,10178974,15733536,2048,1024
8251,23.083,17.728,5.355,3,1094,6840,10186910,15709818,2048,1024
8252,23.210,17.966,5.244,3,1092,6930,10281630,15951732,2048,1024
8253,23.626,18.364,5.262,3,1106,6962,10296990,15944402,2048,1024
8254,23.235,17.913,5.323,3,1102,6940,10267230,15872830,2048,1024
8255,23.146,17.864,5.281,3,1104,6926,9503582,15884486,2048,1024
8256,23.533,18.261,5.272,3,1110,6980,9631070,16212032,2048,1024
8257,23.629,18.196,5.433,3,1110,6942,9622878,16168152,2048,1024
8258,23.558,18.381,5.177,3,1092,6900,9076318,16072460,2048,1024
8259,23.253,17.904,5.348,3,1104,6888,9079390,16017820,2048,1024
8260,23.364,18.143,5.221,3,1106,6962,9183326,16161006,2048,1024
8261,23.570,18.283,5.287,3,1116,6992,9197662,16250254,2048,1024
8262,23.491,18.214,5.277,3,1112,6998,9195614,16205278,2048,1024
8263,23.771,18.232,5.539,3,1118,6946,9216862,16183242,2048,1024
8264,23.934,18.546,5.389,3,1122,6960,9341534,16361144,2048,1024
8265,24.024,18.552,5.472,3,1128,6998,9351518,16432742,2048,1024
8266,23.861,18.431,5.430,3,1112,6976,9327966,16368918,2048,1024
8267,23.572,18.285,5.286,3,1116,6922,9220638,16098154,2048,1024
8268,23.682,18.232,5.450,3,1126,6964,9332766,16274128,2048,1024
8269,23.254,17.944,5.310,3,1130,6902,9235486,16030176,2048,1024
8270,23.180,17.875,5.305,3,1088,6736,9148702,15926814,2048,1024
8271,23.452,18.035,5.417,3,1100,6768,9173278,15923506,2048,1024
8272,23.611,18.050,5.561,3,1142,7012,9385758,16165338,2048,1024
8273,23.888,18.254,5.634,3,1146,6928,9303838,15952076,2048,1024
8274,23.325,17.988,5.337,3,1142,6932,9304862,15910060,2048,1024
8275,23.657,18.195,5.462,3,1146,6926,9292318,15933824,2048,1024
8276,23.644,18.221,5.424,3,1146,6980,9399582,16093806,2048,1024
8277,23.818,18.344,5.474,3,1152,6946,9321502,15922844,2048,1024
8278,23.128,17.784,5.345,3,1148,6948,9316382,15872268,2048,1024
8279,23.234,17.903,5.331,3,1152,6910,9312222,15808392,2048,1024
8280,24.312,18.885,5.426,3,1154,7174,9940446,16629130,2048,1024
8281,24.193,18.689,5.504,3,1148,7110,9841374,16437084,2048,1024
8282,25.045,19.703,5.342,3,1140,7102,9845726,16431784,2048,1024
8283,25.110,19.768,5.342,3,1148,7086,9846750,16406524,2048,1024
8284,25.625,20.267,5.358,3,1152,7162,9958878,16602074,2048,1024
8285,26.122,20.326,5.796,3,1150,7100,9852894,16488616,2048,1024
8286,25.689,20.294,5.396,3,1146,7112,9841630,16458192,2048,1024
8287,24.682,19.104,5.579,3,1154,7154,9850334,16447444,2048,1024
8288,24.702,18.984,5.718,3,1158,7226,9966814,16657750,2048,1024
8289,25.050,19.621,5.430,3,1150,7118,9836254,16394112,2048,1024
8290,24.512,19.100,5.412,3,1140,7092,9800414,16408284,2048,1024
8291,23.779,18.357,5.422,3,1148,7098,9813726,16400632,2048,1024
8292,24.360,18.990,5.370,3,1148,7188,9927838,16600762,2048,1024
8293,23.797,18.359,5.438,3,1148,7114,9823646,16394260,2048,1024
8294,24.097,18.697,5.400,3,1144,7132,9830046,16389396,2048,1024
8295,24.226,18.659,5.567,3,1148,7116,9818526,16455388,2048,1024
8296,24.230,18.821,5.410,3,1148,7170,9407390,16649316,2048,1024
8297,24.786,19.425,5.360,3,1140,7114,9304478,16425326,2048,1024
8298,25.167,19.678,5.488,3,1132,7106,9278878,16361358,2048,1024
8299,23.886,18.518,5.367,3,1140,7126,9296030,16363590,2048,1024
8300,24.588,19.191,5.398,3,1110,7066,9338782,16545328,2048,1024
8301,24.079,18.671,5.408,3,1126,7062,8744350,16360662,2048,1024
8302,23.555,18.257,5.298,3,1118,7060,8743326,16322690,2048,1024
8303,23.693,18.354,5.339,3,1130,7086,8758686,16293630,2048,1024
8304,24.094,18.593,5.501,3,1138,7170,8879966,16485996,2048,1024
8305,23.740,18.453,5.286,3,1130,7052,8759390,16207210,2048,1024
8306,23.797,18.507,5.291,3,1118,6972,8740190,16225126,2048,1024
8307,23.649,18.310,5.340,3,1130,7004,8755550,16196462,2048,1024
8308,23.728,18.378,5.350,3,1138,7130,8879966,16391180,2048,1024
8309,23.838,18.507,5.331,3,1132,7038,8766814,16128444,2048,1024
8310,23.860,18.373,5.487,3,1148,7122,8781150,16122024,2048,1024
8311,23.750,18.197,5.553,3,1150,7080,8775774,16057686,2048,1024
8312,24.001,18.613,5.388,3,1142,7114,8879966,16316170,2048,1024
8313,23.812,18.212,5.600,3,1158,7100,8787806,16092908,2048,1024
8314,23.676,18.210,5.466,3,1150,7076,8755550,15984812,2048,1024
8315,23.422,17.994,5.428,3,1162,7060,8743262,15901384,2048,1024
8316,24.022,18.374,5.648,3,1188,7182,8887582,16141300,2048,1024
8317,23.925,18.429,5.497,3,1180,7064,8769566,15864226,2048,1024
8318,23.555,18.052,5.502,3,1168,7010,8747294,15887624,2048,1024
8319,23.820,18.034,5.787,3,1204,7144,8774174,15888978,2048,1024
8320,24.270,18.689,5.581,3,1200,7184,8875038,16052054,2048,1024
8321,23.448,17.862,5.586,3,1200,7112,8779294,15825536,2048,1024
8322,23.452,17.877,5.574,3,1212,7108,8789022,15814096,2048,1024
8323,24.380,18.689,5.692,3,1220,7282,9318686,16329318,2048,1024
8324,24.933,19.154,5.779,3,1232,7358,9445406,16628228,2048,1024
8325,24.284,18.536,5.748,3,1250,7360,9352222,16428384,2048,1024
8326,26.057,20.314,5.742,3,1242,7342,9347614,16406592,2048,1024
8327,25.616,19.677,5.939,3,1250,7348,9347870,16372592,2048,1024
8328,26.772,20.867,5.905,3,1272,7510,9468190,16595010,2048,1024
8329,25.695,19.527,6.169,3,1266,7372,9345502,16338258,2048,1024
8330,26.070,20.155,5.915,3,1260,7394,9338590,16412612,2048,1024
8331,26.183,19.951,6.232,3,1286,7428,9349342,16406986,2048,1024
8332,26.162,20.135,6.027,3,1284,7538,9452766,16619666,2048,1024
8333,25.894,19.865,6.030,3,1284,7438,9359070,16421900,2048,1024
8334,26.082,20.185,5.897,3,1274,7522,9344734,16408544,2048,1024
8335,24.902,18.623,6.279,3,1282,7506,9353438,16402040,2048,1024
8336,24.820,18.797,6.023,3,1278,7620,9468894,16610016,2048,1024
8337,24.561,18.593,5.967,3,1276,7560,9365470,16471792,2048,1024
8338,23.959,18.154,5.805,3,1268,7544,9340382,16406232,2048,1024
8339,24.498,18.664,5.834,3,1280,7566,9368030,16432672,2048,1024
8340,24.637,18.619,6.018,3,1278,7692,9472990,16628242,2048,1024
8341,24.926,18.921,6.005,3,1270,7570,9351326,16375164,2048,1024
8342,24.037,18.218,5.820,3,1266,7554,9336222,16328170,2048,1024
8343,24.783,18.874,5.909,3,1276,7572,9336222,16301758,2048,1024
8344,25.982,19.950,6.032,3,1276,7670,8941470,16619380,2048,1024
8345,25.690,19.842,5.848,3,1278,7564,8821150,16337034,2048,1024
8346,26.045,20.091,5.954,3,1276,7532,8803230,16275090,2048,1024
8347,25.402,19.446,5.956,3,1278,7524,8817822,16260136,2048,1024
8348,24.252,18.328,5.924,3,1282,7612,8931230,16442092,2048,1024
8349,24.217,18.381,5.836,3,1274,7480,8819102,16170334,2048,1024
8350,23.733,18.002,5.731,3,1260,7418,8805790,16112098,2048,1024
8351,24.061,18.254,5.807,3,1246,7316,8764830,16082942,2048,1024
8352,24.519,18.674,5.845,3,1278,7536,8933278,16381954,2048,1024
8353,23.870,18.090,5.780,3,1268,7464,8800414,16078040,2048,1024
8354,23.671,17.843,5.828,3,1264,7466,8815966,16061560,2048,1024
8355,23.842,18.055,5.786,3,1280,7536,8829790,16036112,2048,1024
8356,24.493,18.494,5.999,3,1280,7650,8927070,16201888,2048,1024
8357,23.797,17.944,5.853,3,1278,7530,8820062,15946646,2048,1024
8358,23.650,17.865,5.785,3,1270,7480,8800606,15870082,2048,1024
8359,23.905,18.054,5.851,3,1286,7462,8836190,15986096,2048,1024
8360,24.259,18.422,5.837,3,1284,7540,8931166,16138382,2048,1024
8361,23.918,18.079,5.838,3,1286,7448,8835422,15904812,2048,1024
8362,24.037,18.051,5.986,3,1280,7436,8834398,15868878,2048,1024
8363,23.700,17.824,5.876,3,1288,7424,8816990,15783686,2048,1024
8364,24.589,18.568,6.021,3,1290,7522,8929630,15977180,2048,1024
8365,24.155,18.188,5.966,3,1286,7472,9348190,16063374,2048,1024
8366,24.358,18.477,5.881,3,1280,7656,9877790,16583182,2048,1024
8367,25.001,19.103,5.898,3,1256,7546,9831710,16570178,2048,1024
8368,25.117,18.821,6.296,3,1278,7634,9991966,16872292,2048,1024
8369,24.840,18.819,6.021,3,1276,7510,9871646,16615078,2048,1024
8370,25.702,19.837,5.865,3,1268,7516,9858334,16583074,2048,1024
8371,25.164,19.319,5.845,3,1274,7564,9868318,16586128,2048,1024
8372,24.690,18.736,5.954,3,1276,7698,9983774,16772934,2048,1024
8373,24.458,18.547,5.910,3,1278,7556,9872158,16514376,2048,1024
8374,24.546,18.702,5.844,3,1276,7574,9861918,16494066,2048,1024
8375,24.794,18.978,5.816,3,1242,7396,9805086,16485220,2048,1024
8376,24.727,18.848,5.879,3,1222,7354,9869086,16704714,2048,1024
8377,24.517,18.748,5.769,3,1274,7444,9864222,16667740,2048,1024
8378,24.300,18.526,5.775,3,1264,7386,9852126,16635802,2048,1024
8379,24.535,18.738,5.797,3,1276,7438,9865950,16614578,2048,1024
8380,24.992,19.162,5.830,3,1276,7524,9986782,16836788,2048,1024
8381,24.480,18.600,5.880,3,1282,7454,9897182,16621770,2048,1024
8382,25.022,19.189,5.833,3,1266,7404,9872094,16543582,2048,1024
8383,24.596,18.696,5.900,3,1284,7442,9877982,16537158,2048,1024
8384,24.738,18.848,5.890,3,1292,7560,9999582,16731086,2048,1024
8385,24.605,18.745,5.860,3,1282,7466,9901278,16641212,2048,1024
8386,24.405,18.546,5.859,3,1292,7468,9917662,16642936,2048,1024
8387,24.661,18.760,5.902,3,1294,7432,9386718,16587576,2048,1024
8388,25.049,18.831,6.217,3,1300,7522,9491678,16720598,2048,1024
8389,24.729,18.573,6.155,3,1320,7472,9403870,16526028,2048,1024
8390,24.338,18.366,5.972,3,1312,7440,9377438,16446684,2048,1024
8391,24.368,18.296,6.072,3,1318,7476,9392286,16428812,2048,1024
8392,24.958,18.838,6.119,3,1332,7562,9511582,16612202,2048,1024
8393,24.238,18.260,5.977,3,1322,7468,9391774,16350716,2048,1024
8394,24.707,18.552,6.155,3,1310,7464,9378974,16411966,2048,1024
8395,24.449,18.271,6.178,3,1332,7510,9382814,16390946,2048,1024
8396,24.808,18.805,6.003,3,1336,7602,9485470,16545210,2048,1024
8397,24.391,18.364,6.027,3,1330,7496,9383582,16326616,2048,1024
8398,24.475,18.337,6.137,3,1338,7496,9391262,16322000,2048,1024
8399,24.298,18.286,6.012,3,1334,7484,9391710,16276668,2048,1024
8400,24.809,18.808,6.001,3,1340,7598,9523806,16495248,2048,1024
8401,24.914,18.402,6.511,3,1354,7576,9415518,16262812,2048,1024
8402,24.277,18.083,6.194,3,1350,7544,9393758,16189016,2048,1024
8403,24.919,18.747,6.173,3,1362,7574,9415262,16290950,2048,1024
8404,24.947,18.692,6.254,3,1390,7722,9550430,16508520,2048,1024
8405,25.546,19.425,6.121,3,1370,7588,9410142,16214448,2048,1024
8406,28.312,19.387,8.925,3,1366,7596,9396830,16155296,2048,1024
8407,26.384,19.618,6.766,3,1378,7660,9409886,16143288,2048,1024
8408,26.887,20.444,6.443,3,1384,7680,9541214,16353660,2048,1024
8409,26.973,20.474,6.499,3,1388,7746,9969758,16688846,2048,1024
8410,26.085,19.859,6.225,3,1380,7692,9963102,16657762,2048,1024
8411,25.071,18.591,6.479,3,1376,7682,9963614,16670474,2048,1024
8412,25.277,19.084,6.194,3,1382,7728,10059294,16929568,2048,1024
8413,26.028,19.828,6.200,3,1376,7646,9945374,16734488,2048,1024
8414,25.447,18.884,6.563,3,1364,7618,9948190,16724254,2048,1024
8415,25.293,18.921,6.372,3,1372,7628,9958430,16722736,2048,1024
8416,25.319,19.009,6.310,3,1378,7728,10075678,16917470,2048,1024
8417,24.927,18.877,6.050,3,1356,7616,9942046,16654110,2048,1024
8418,24.712,18.457,6.255,3,1362,7644,9916446,16586926,2048,1024
8419,24.995,18.813,6.182,3,1370,7682,9922334,16585866,2048,1024
8420,24.858,18.734,6.124,3,1342,7658,9993758,16802312,2048,1024
8421,24.748,18.679,6.069,3,1364,7670,9918494,16650510,2048,1024
8422,25.178,19.083,6.095,3,1358,7610,9906206,16615670,2048,1024
8423,24.801,18.677,6.123,3,1364,7640,9930270,16641278,2048,1024
8424,24.788,18.678,6.109,3,1368,7708,10043870,16837608,2048,1024
8425,24.816,18.715,6.101,3,1358,7572,9937630,16631802,2048,1024
8426,24.774,18.673,6.101,3,1346,7530,9927646,16596238,2048,1024
8427,24.890,18.737,6.153,3,1362,7588,9929182,16576206,2048,1024
8428,25.042,18.933,6.109,3,1370,7664,10043358,16769186,2048,1024
8429,24.520,18.449,6.071,3,1338,7466,9870302,16537368,2048,1024
8430,24.732,18.479,6.253,3,1352,7518,9395166,16610636,2048,1024
8431,24.937,18.713,6.224,3,1364,7578,9414366,16608644,2048,1024
8432,25.947,18.837,7.110,3,1366,7612,9519582,16754282,2048,1024
8433,24.560,18.530,6.029,3,1344,7486,8865758,16468248,2048,1024
8434,24.552,18.521,6.031,3,1334,7474,8856542,16409740,2048,1024
8435,24.319,18.253,6.067,3,1344,7490,8870878,16387834,2048,1024
8436,24.697,18.587,6.110,3,1356,7606,9004958,16593544,2048,1024
8437,24.552,18.482,6.070,3,1352,7510,8883870,16329088,2048,1024
8438,24.628,18.231,6.397,3,1340,7378,8867742,16374548,2048,1024
8439,24.319,18.190,6.128,3,1342,7352,8887198,16387326,2048,1024
8440,24.542,18.546,5.996,3,1338,7362,8971678,16497482,2048,1024
8441,24.469,18.462,6.006,3,1332,7336,8835998,16221958,2048,1024
8442,24.357,18.148,6.209,3,1330,7340,8840606,16209556,2048,1024
8443,24.397,18.254,6.144,3,1330,7368,8849054,16183174,2048,1024
8444,24.756,18.659,6.097,3,1300,7364,8894878,16242782,2048,1024
8445,24.237,18.227,6.010,3,1302,7274,8775070,15977450,2048,1024
8446,24.675,18.521,6.154,3,1328,7338,8841118,15938696,2048,1024
8447,25.378,18.900,6.478,3,1334,7370,8855966,16045070,2048,1024
8448,24.629,18.478,6.150,3,1338,7436,8978846,16236772,2048,1024
8449,24.295,18.076,6.219,3,1328,7362,8875614,16004812,2048,1024
8450,24.960,18.980,5.980,3,1308,7298,8856414,15922082,2048,1024
8451,24.708,18.753,5.955,3,1316,7262,8860510,15884224,2048,1024
8452,24.611,18.616,5.996,3,1330,7518,9506654,16593666,2048,1024
8453,24.692,18.691,6.001,3,1326,7456,9388894,16352748,2048,1024
8454,24.575,18.370,6.204,3,1318,7452,9378142,16310752,2048,1024
8455,24.969,19.006,5.964,3,1318,7440,9376350,16277126,2048,1024
8456,24.836,18.818,6.018,3,1330,7584,9487198,16606022,2048,1024
8457,24.946,18.840,6.106,3,1326,7552,9373022,16372682,2048,1024
8458,24.795,18.565,6.230,3,1318,7554,9357150,16330436,2048,1024
8459,24.615,18.602,6.014,3,1344,7622,9392478,16381088,2048,1024
8460,24.919,18.806,6.113,3,1342,7690,9492830,16552868,2048,1024
8461,24.474,18.409,6.066,3,1340,7588,9376286,16314656,2048,1024
8462,24.292,18.277,6.015,3,1346,7580,9403166,16357316,2048,1024
8463,25.439,19.313,6.126,3,1350,7552,9395486,16313218,2048,1024
8464,24.815,18.653,6.162,3,1348,7594,9501982,16502246,2048,1024
8465,25.690,19.597,6.093,3,1364,7572,9434398,16472834,2048,1024
8466,25.629,19.493,6.136,3,1354,7544,9417502,16423488,2048,1024
8467,25.951,19.635,6.316,3,1354,7578,9433630,16437226,2048,1024
8468,26.987,20.750,6.237,3,1382,7704,9583390,16704468,2048,1024
8469,26.172,19.750,6.422,3,1370,7594,9441054,16423442,2048,1024
8470,24.768,18.647,6.120,3,1370,7550,9431838,16380066,2048,1024
8471,24.700,18.551,6.149,3,1398,7594,9462046,16414188,2048,1024
8472,25.076,18.891,6.184,3,1398,7654,9556766,16580510,2048,1024
8473,25.669,19.353,6.316,3,1382,7776,9314334,17169886,2048,1024
8474,26.001,19.550,6.451,3,1430,8032,9489118,17481594,2048,1024
8475,26.185,19.680,6.504,3,1430,8070,9473246,17410892,2048,1024
8476,26.865,20.202,6.663,3,1454,8250,9682142,17769802,2048,1024
8477,26.415,19.874,6.541,3,1460,8266,9599710,17600662,2048,1024
8478,26.132,19.734,6.397,3,1452,8160,9555166,17484628,2048,1024
8479,26.041,19.615,6.426,3,1420,8026,9479646,17401814,2048,1024
8480,26.223,19.772,6.451,3,1432,8092,9618142,17635498,2048,1024
8481,26.818,20.094,6.724,3,1462,8196,9576670,17503204,2048,1024
8482,25.909,19.434,6.475,3,1454,8150,9528542,17481676,2048,1024
8483,25.941,19.535,6.406,3,1454,8122,9546974,17483942,2048,1024
8484,26.527,19.898,6.630,3,1474,8270,9734622,17796986,2048,1024
8485,26.580,20.113,6.467,3,1462,8160,9611998,17538104,2048,1024
8486,26.624,20.015,6.610,3,1464,8174,9553310,17378944,2048,1024
8487,26.431,19.887,6.544,3,1474,8228,9571230,17376950,2048,1024
8488,27.431,20.813,6.618,3,1488,8310,9737886,17655774,2048,1024
8489,27.510,20.847,6.663,3,1486,8210,9604254,17369198,2048,1024
8490,27.706,20.880,6.825,3,1496,8198,9577118,17276228,2048,1024
8491,27.283,20.372,6.910,3,1502,8234,9580958,17340052,2048,1024
8492,26.718,19.997,6.720,3,1486,8274,9712286,17551504,2048,1024
8493,26.232,19.668,6.564,3,1478,8136,9610398,17326322,2048,1024
8494,26.341,19.833,6.509,3,1476,8238,10156190,17651358,2048,1024
8495,26.835,20.294,6.542,3,1482,8392,10666142,18090960,2048,1024
8496,27.603,20.953,6.649,3,1500,8556,10856606,18446002,2048,1024
8497,27.420,20.659,6.761,3,1490,8452,10732446,18198774,2048,1024
8498,27.010,20.401,6.609,3,1492,8534,10735710,18191644,2048,1024
8499,27.503,20.680,6.823,3,1502,8572,10740318,18184408,2048,1024
8500,27.693,21.096,6.597,3,1510,8698,10895966,18569938,2048,1024
8501,28.103,21.507,6.596,3,1498,8596,10735710,18256428,2048,1024
8502,27.214,20.526,6.688,3,1492,8552,10732638,18228150,2048,1024
8503,27.316,20.743,6.573,3,1498,8514,10724190,18197140,2048,1024
8504,28.215,21.356,6.859,3,1518,8648,10912350,18547202,2048,1024
8505,27.097,20.433,6.664,3,1512,8438,10615902,17955440,2048,1024
8506,27.142,20.308,6.833,3,1512,8472,10631262,17967848,2048,1024
8507,27.317,20.437,6.881,3,1514,8518,10641502,17977184,2048,1024
8508,27.619,20.844,6.776,3,1516,8632,10812510,18280768,2048,1024
8509,26.887,20.360,6.527,3,1506,8494,10629982,18024912,2048,1024
8510,27.265,20.438,6.827,3,1512,8480,10627678,17995774,2048,1024
8511,26.966,20.278,6.689,3,1510,8468,10639390,18006976,2048,1024
8512,27.272,20.425,6.847,3,1514,8510,10795550,18288062,2048,1024
8513,27.304,20.646,6.658,3,1506,8314,10609694,17890106,2048,1024
8514,26.906,20.170,6.736,3,1504,8380,10617886,17895560,2048,1024
8515,26.841,20.164,6.678,3,1516,8364,10618142,17857172,2048,1024
8516,26.932,20.276,6.655,3,1528,8458,10236446,18084444,2048,1024
8517,26.512,19.791,6.722,3,1512,8364,10092062,17763014,2048,1024
8518,26.903,20.214,6.689,3,1498,8356,10079262,17803290,2048,1024
8519,26.774,20.029,6.746,3,1502,8370,10090526,17757732,2048,1024
8520,27.160,20.425,6.736,3,1510,8462,10251294,18023028,2048,1024
8521,27.380,20.669,6.712,3,1498,8294,10076894,17661274,2048,1024
8522,27.539,21.011,6.528,3,1484,8232,10068958,17598958,2048,1024
8523,27.702,21.158,6.544,3,1492,8234,10087390,17600462,2048,1024
8524,27.901,21.043,6.857,3,1488,8328,10212830,17783730,2048,1024
8525,28.859,22.123,6.737,3,1478,8174,10031582,17416718,2048,1024
8526,27.932,21.164,6.768,3,1452,8012,9947614,17313752,2048,1024
8527,27.110,20.346,6.764,3,1486,8096,10012382,17406454,2048,1024
8528,26.723,20.099,6.623,3,1486,8144,10137566,17590076,2048,1024
8529,26.278,19.484,6.794,3,1480,8084,9971678,17251956,2048,1024
8530,25.739,19.023,6.717,3,1478,8074,9937502,17147188,2048,1024
8531,26.931,20.187,6.745,3,1474,8052,9947038,17139010,2048,1024
8532,26.190,19.453,6.738,3,1472,8126,10075550,17324176,2048,1024
8533,25.758,19.160,6.598,3,1458,7978,9881246,16937688,2048,1024
8534,26.142,19.549,6.593,3,1462,8026,9916318,16973012,2048,1024
8535,26.093,19.433,6.660,3,1462,7980,9937310,17083132,2048,1024
8536,26.382,19.771,6.611,3,1482,8300,10198430,17553714,2048,1024
8537,26.264,19.472,6.792,3,1458,8138,10020766,17218762,2048,1024
8538,27.042,20.500,6.542,3,1462,8330,10584990,17751546,2048,1024
8539,26.158,19.740,6.418,3,1464,8300,10577566,17724894,2048,1024
8540,26.672,20.230,6.442,3,1474,8560,10848670,18234520,2048,1024
8541,26.710,20.270,6.440,3,1446,8446,10689438,17937910,2048,1024
8542,27.238,20.663,6.575,3,1448,8572,10824542,18198156,2048,1024
8543,26.891,20.424,6.467,3,1448,8576,10833758,18199088,2048,1024
8544,27.480,20.755,6.724,3,1476,8852,11096926,18809328,2048,1024
8545,26.795,20.382,6.413,3,1464,8700,10904158,18438616,2048,1024
8546,27.151,20.503,6.648,3,1498,8828,10936926,18495378,2048,1024
8547,27.608,20.886,6.722,3,1494,8856,10956382,18519132,2048,1024
8548,27.661,21.001,6.660,3,1498,8946,11091806,18743372,2048,1024
8549,27.502,20.831,6.671,3,1490,8814,10902878,18393588,2048,1024
8550,27.280,20.481,6.799,3,1488,8786,10869342,18312448,2048,1024
8551,27.574,20.950,6.624,3,1498,8812,10872094,18298776,2048,1024
8552,27.627,20.766,6.861,3,1504,8938,11004702,18520170,2048,1024
8553,27.496,20.635,6.861,3,1508,8908,10855198,18366026,2048,1024
8554,26.974,20.314,6.660,3,1494,8760,10237470,18165734,2048,1024
8555,27.130,20.306,6.825,3,1492,8682,10212894,18097184,2048,1024
8556,27.150,20.376,6.774,3,1502,8760,10337054,18293096,2048,1024
8557,27.085,20.457,6.628,3,1502,8640,10187806,18013950,2048,1024
8558,27.056,20.363,6.694,3,1486,8642,10163742,17946862,2048,1024
8559,26.427,19.775,6.652,3,1492,8602,9623070,17872336,2048,1024
8560,27.649,20.702,6.947,3,1512,8714,9799454,18163082,2048,1024
8561,27.257,20.526,6.731,3,1494,8572,9632990,17816342,2048,1024
8562,27.755,20.892,6.863,3,1496,8584,9609182,17841012,2048,1024
8563,27.743,20.800,6.943,3,1516,8610,9630942,17847338,2048,1024
8564,27.720,20.893,6.827,3,1522,8690,9793502,18097262,2048,1024
8565,26.824,20.077,6.747,3,1512,8556,9607646,17720482,2048,1024
8566,26.612,19.794,6.818,3,1508,8516,9628894,17728110,2048,1024
8567,26.634,19.826,6.808,3,1504,8578,9671902,17773784,2048,1024
8568,26.914,20.061,6.853,3,1508,8616,9819102,17999592,2048,1024
8569,26.744,19.914,6.830,3,1498,8362,9587934,17524170,2048,1024
8570,26.430,19.758,6.671,3,1472,8294,9532638,17481974,2048,1024
8571,26.602,20.006,6.596,3,1486,8350,9573086,17529514,2048,1024
8572,26.668,20.009,6.659,3,1488,8382,9693150,17698808,2048,1024
8573,26.468,19.679,6.788,3,1484,8276,9534878,17376810,2048,1024
8574,26.219,19.655,6.564,3,1468,8204,9517214,17302776,2048,1024
8575,26.434,19.854,6.580,3,1472,8168,9535390,17297072,2048,1024
8576,26.881,20.371,6.510,3,1480,8302,9715614,17597486,2048,1024
8577,25.925,19.428,6.497,3,1452,8154,9537950,17229960,2048,1024
8578,26.967,20.471,6.496,3,1444,8194,9538718,17190712,2048,1024
8579,27.979,21.467,6.512,3,1436,8136,9494686,17166942,2048,1024
8580,27.492,20.866,6.626,3,1488,8338,9728414,17563382,2048,1024
8581,28.778,22.253,6.525,3,1480,8342,10093726,17714354,2048,1024
8582,26.477,19.735,6.742,3,1472,8284,10078366,17673748,2048,1024
8583,26.228,19.672,6.556,3,1494,8332,10098846,17684934,2048,1024
8584,26.953,20.323,6.630,3,1502,8450,10273694,17984628,2048,1024
8585,26.664,19.924,6.741,3,1498,8394,10128734,17718046,2048,1024
8586,26.289,19.689,6.600,3,1498,8400,10115166,17670744,2048,1024
8587,26.392,19.738,6.654,3,1502,8376,10086238,17608282,2048,1024
8588,26.724,19.991,6.733,3,1512,8420,10217054,17924648,2048,1024
8589,27.027,20.015,7.013,3,1520,8352,10066526,17641174,2048,1024
8590,26.430,19.590,6.839,3,1502,8276,10044510,17581672,2048,1024
8591,26.186,19.567,6.619,3,1498,8248,10048606,17566942,2048,1024
8592,26.853,20.032,6.821,3,1502,8396,10218078,17833496,2048,1024
8593,26.419,19.605,6.814,3,1488,8252,10042206,17499400,2048,1024
8594,26.672,20.086,6.586,3,1462,8230,10031198,17455528,2048,1024
8595,26.288,19.709,6.579,3,1466,8286,10054750,17482802,2048,1024
8596,26.669,19.972,6.697,3,1476,8346,10223198,17777362,2048,1024
8597,26.489,19.848,6.641,3,1464,8220,10041438,17544966,2048,1024
8598,26.526,19.963,6.563,3,1450,8154,9999902,17439240,2048,1024
8599,26.482,19.880,6.601,3,1450,8164,9999134,17415370,2048,1024
8600,26.646,19.799,6.846,3,1478,8340,10184478,17749856,2048,1024
8601,26.515,19.887,6.627,3,1464,8192,10002462,17394172,2048,1024
8602,27.608,21.089,6.518,3,1448,8166,9499678,17396910,2048,1024
8603,26.362,19.553,6.810,3,1454,8194,9505822,17376816,2048,1024
8604,26.751,20.109,6.642,3,1460,8242,9650718,17601156,2048,1024
8605,26.197,19.515,6.682,3,1446,8102,9488158,17270830,2048,1024
8606,26.259,19.822,6.438,3,1432,8106,9501726,17378838,2048,1024
8607,26.135,19.703,6.432,3,1442,8098,9475614,17276428,2048,1024
8608,26.334,19.689,6.645,3,1440,8196,9616926,17496284,2048,1024
8609,25.733,19.391,6.342,3,1420,8046,9458718,17169618,2048,1024
8610,26.006,19.509,6.497,3,1402,7944,9404638,17025106,2048,1024
8611,25.892,19.476,6.416,3,1412,7982,9429982,17033720,2048,1024
8612,26.161,19.731,6.430,3,1424,8112,9615582,17339110,2048,1024
8613,26.955,20.567,6.388,3,1414,7970,9459422,17028178,2048,1024
8614,25.682,19.180,6.502,3,1402,7922,9439454,16946240,2048,1024
8615,25.637,19.159,6.478,3,1410,7956,9449694,17044576,2048,1024
8616,26.251,19.854,6.397,3,1426,8130,9640670,17366272,2048,1024
8617,25.948,19.464,6.483,3,1416,7950,9455326,16989642,2048,1024
8618,25.789,19.286,6.503,3,1412,7960,9467870,16974266,2048,1024
8619,25.659,19.139,6.520,3,1420,7988,9468894,16933694,2048,1024
8620,26.015,19.585,6.430,3,1424,8094,9615838,17171778,2048,1024
8621,25.353,18.986,6.367,3,1420,8002,9475038,16879858,2048,1024
8622,25.401,19.040,6.361,3,1416,7964,9463774,16812422,2048,1024
8623,25.856,19.512,6.344,3,1392,7964,9937566,17131016,2048,1024
8624,26.689,20.237,6.452,3,1438,8376,10704286,18029612,2048,1024
8625,26.264,19.853,6.411,3,1434,8256,10532254,17693642,2048,1024
8626,26.204,19.753,6.450,3,1420,8200,10507166,17622750,2048,1024
8627,26.574,19.916,6.658,3,1424,8220,10512286,17625358,2048,1024
8628,26.675,20.213,6.461,3,1440,8388,10693022,17950396,2048,1024
8629,26.334,20.040,6.294,3,1416,8190,10486430,17546864,2048,1024
8630,26.112,19.639,6.473,3,1402,8128,10456990,17476628,2048,1024
8631,26.183,19.594,6.589,3,1418,8126,10492830,17526988,2048,1024
8632,27.189,20.373,6.816,3,1390,8116,10601886,17814540,2048,1024
8633,26.066,19.759,6.307,3,1410,8142,10493854,17592304,2048,1024
8634,26.900,20.316,6.584,3,1410,8148,10484126,17555272,2048,1024
8635,29.091,22.599,6.492,3,1422,8174,10476126,17496788,2048,1024
8636,28.488,21.924,6.563,3,1428,8338,10650974,17815420,2048,1024
8637,27.509,21.051,6.458,3,1426,8256,10517342,17562816,2048,1024
8638,26.979,20.640,6.339,3,1410,8188,10499934,17507960,2048,1024
8639,27.081,20.726,6.355,3,1412,8242,10510174,17515234,2048,1024
8640,27.584,21.188,6.396,3,1418,8384,10670430,17799382,2048,1024
8641,26.684,20.197,6.487,3,1410,8254,10500446,17582300,2048,1024
8642,26.605,20.156,6.449,3,1404,8208,10495070,17564202,2048,1024
8643,26.439,20.035,6.404,3,1418,8220,10483294,17523308,2048,1024
8644,26.797,20.344,6.453,3,1432,8364,10645534,17808612,2048,1024
8645,26.322,19.967,6.355,3,1422,8210,9951774,17470550,2048,1024
8646,26.578,19.918,6.660,3,1414,8160,9949214,17427324,2048,1024
8647,26.570,20.036,6.534,3,1426,8238,9973534,17434264,2048,1024
8648,26.683,20.218,6.466,3,1424,8332,10136606,17679020,2048,1024
8649,26.311,19.971,6.339,3,1416,8214,10000158,17393734,2048,1024
8650,26.365,19.828,6.537,3,1418,8216,9995038,17436632,2048,1024
8651,26.739,20.287,6.452,3,1408,8192,9988382,17396346,2048,1024
8652,26.618,20.221,6.396,3,1414,8368,10165790,17662112,2048,1024
8653,26.023,19.616,6.408,3,1414,8250,10009886,17319244,2048,1024
8654,25.962,19.671,6.291,3,1418,8262,10017246,17304268,2048,1024
8655,26.141,19.545,6.596,3,1430,8294,10044894,17291618,2048,1024
8656,26.102,19.641,6.461,3,1404,8314,10154974,17442806,2048,1024
8657,25.957,19.412,6.545,3,1396,8226,9953758,17017026,2048,1024
8658,25.707,19.451,6.255,3,1396,8190,9947614,16966094,2048,1024
8659,26.156,19.568,6.588,3,1402,8178,9950430,17041168,2048,1024
8660,26.022,19.763,6.259,3,1408,8302,10103774,17278196,2048,1024
8661,25.491,19.221,6.270,3,1408,8224,9946078,16933690,2048,1024
8662,25.724,19.249,6.475,3,1398,8240,9932254,16857876,2048,1024
8663,25.462,19.206,6.256,3,1400,8248,9930206,16819758,2048,1024
8664,26.194,19.446,6.748,3,1402,8410,10104798,17076728,2048,1024
8665,25.622,19.312,6.310,3,1388,8212,9931998,16741220,2048,1024
8666,25.351,19.137,6.214,3,1388,8110,9901726,16651338,2048,1024
8667,25.770,19.493,6.277,3,1406,8252,10426782,17065328,2048,1024
8668,26.269,19.723,6.547,3,1416,8362,10601374,17484804,2048,1024
8669,26.034,19.747,6.288,3,1400,8248,10420638,17144210,2048,1024
8670,25.888,19.573,6.315,3,1402,8156,10433438,17176968,2048,1024
8671,26.027,19.628,6.399,3,1414,8256,10465438,17223028,2048,1024
8672,26.368,19.992,6.376,3,1422,8420,10618782,17507292,2048,1024
8673,26.074,19.439,6.635,3,1410,8294,10459294,17204782,2048,1024
8674,26.539,19.871,6.668,3,1410,8320,10482334,17234714,2048,1024
8675,26.075,19.628,6.447,3,1416,8352,10476190,17211168,2048,1024
8676,26.877,20.265,6.612,3,1392,8358,10576542,17469272,2048,1024
8677,26.870,20.419,6.450,3,1412,8316,10454942,17239774,2048,1024
8678,27.642,21.200,6.442,3,1396,8404,10530462,17385994,2048,1024
8679,25.309,19.608,5.700,3,1216,7818,10317982,16923506,2048,1024
8680,30.491,23.903,6.589,3,1444,8860,11099486,18465362,2048,1024
8681,31.811,24.859,6.952,3,1492,9014,11086686,18455708,2048,1024
8682,31.038,24.302,6.736,3,1492,9082,11121246,18501918,2048,1024
8683,33.259,26.295,6.964,3,1562,9510,11451742,19160226,2048,1024
8684,33.127,25.997,7.130,3,1570,9654,11660638,19535614,2048,1024
8685,33.211,25.472,7.739,3,1744,10164,11823966,20017434,2048,1024
8686,38.573,30.012,8.561,3,1980,12158,13691486,23703418,2048,1024
8687,10.828,9.803,1.025,2,24,2236,4034302,8084046,2048,1024
8688,43.396,29.374,14.023,3,1990,12086,13722206,23576214,2048,1024
8689,10.990,9.814,1.176,2,24,2236,4034302,8084046,2048,1024
8690,43.763,29.449,14.314,3,1998,12104,13427550,23745632,2048,1024
8691,11.508,10.457,1.051,2,24,2236,4034302,8084046,2048,1024
8692,45.000,30.628,14.372,3,1926,11748,12982622,23091286,2048,1024
8693,11.709,10.572,1.137,2,24,2236,4034302,8084046,2048,1024
8694,41.979,29.066,12.913,3,1882,11520,12777566,22746022,2048,1024
8695,10.841,9.851,0.990,2,24,2236,4034302,8084046,2048,1024
8696,41.528,27.978,13.551,3,1862,11340,12150622,22471156,2048,1024
8697,10.713,9.756,0.956,2,24,2236,4034302,8084046,2048,1024
8698,41.731,27.845,13.886,3,1932,11642,12456030,22816114,2048,1024
8699,10.719,9.780,0.939,2,24,2236,4034302,8084046,2048,1024
8700,40.077,26.426,13.651,3,1860,11122,11915102,21882678,2048,1024
8701,11.028,9.703,1.324,2,24,2236,4034302,8084046,2048,1024
8702,39.254,25.560,13.694,3,1858,11066,11833950,21891444,2048,1024
8703,10.621,9.673,0.948,2,24,2236,4034302,8084046,2048,1024
8704,38.563,24.718,13.845,3,1916,11272,11911966,22040598,2048,1024
8705,10.582,9.664,0.918,2,24,2236,4034302,8084046,2048,1024
8706,37.762,24.004,13.758,3,1882,11038,11775006,21666768,2048,1024
8707,11.384,10.069,1.315,2,24,2236,4034302,8084046,2048,1024
8708,36.835,23.406,13.428,3,1860,10794,11481118,21143982,2048,1024
8709,31.774,23.500,8.274,3,1916,10924,11544094,21223190,2048,1024
8710,10.677,9.709,0.968,2,24,2236,4034302,8084046,2048,1024
8711,37.344,23.393,13.951,3,1924,10882,11480606,21054154,2048,1024
8712,11.093,9.936,1.158,2,24,2236,4034302,8084046,2048,1024
8713,37.675,23.929,13.745,3,1926,10974,11591710,21209128,2048,1024
8714,11.355,10.413,0.941,2,24,2236,4034302,8084046,2048,1024
8715,37.654,24.267,13.387,3,1972,11022,11485918,21022266,2048,1024
8716,10.808,9.858,0.950,2,24,2236,4034302,8084046,2048,1024
8717,37.588,23.760,13.828,3,1974,10994,11424734,20859122,2048,1024
8718,10.827,9.841,0.986,2,24,2236,4034302,8084046,2048,1024
8719,37.362,23.347,14.015,3,1994,10958,11456478,21001622,2048,1024
8720,10.704,9.703,1.002,2,24,2236,4034302,8084046,2048,1024
8721,38.164,23.749,14.415,3,2070,11340,11717086,21411764,2048,1024
8722,10.710,9.785,0.925,2,24,2236,4034302,8084046,2048,1024
8723,37.658,23.291,14.366,3,2058,11158,11493342,20987880,2048,1024
8724,10.512,9.573,0.939,2,24,2236,4034302,8084046,2048,1024
8725,37.819,23.419,14.400,3,2056,11118,11464158,20920894,2048,1024
8726,10.574,9.660,0.915,2,24,2236,4034302,8084046,2048,1024
8727,38.526,24.001,14.525,3,2114,11354,11582174,21077524,2048,1024
8728,10.661,9.706,0.955,2,24,2236,4034302,8084046,2048,1024
8729,37.917,23.588,14.330,3,2048,11158,11594206,21003750,2048,1024
8730,10.662,9.672,0.990,2,24,2236,4034302,8084046,2048,1024
8731,36.196,22.263,13.933,3,1888,10484,11130782,20075416,2048,1024
8732,30.735,22.735,8.000,3,1876,10678,11739038,20659958,2048,1024
8733,11.216,10.100,1.116,2,24,2236,4034302,8084046,2048,1024
8734,35.898,22.632,13.267,3,1820,10372,11618206,20392034,2048,1024
8735,31.244,23.427,7.818,3,1814,10410,11769246,20766960,2048,1024
8736,31.203,23.025,8.177,3,1864,10456,11724382,20662856,2048,1024
8737,30.099,22.242,7.858,3,1776,10098,11564894,20347176,2048,1024
8738,30.219,22.477,7.742,3,1788,10154,11576670,20380334,2048,1024
8739,30.752,22.706,8.046,3,1840,10390,11847006,20799470,2048,1024
8740,30.379,22.729,7.650,3,1760,10034,11541342,20231504,2048,1024
8741,29.850,22.112,7.738,3,1766,10088,11589214,20218980,2048,1024
8742,29.755,22.051,7.704,3,1778,10014,11433310,19946742,2048,1024
8743,29.216,21.809,7.408,3,1730,9936,11467038,19967806,2048,1024
8744,29.431,22.036,7.396,3,1732,9818,11304734,19743038,2048,1024
8745,28.834,21.454,7.379,3,1720,9616,11104798,19359454,2048,1024
8746,28.598,21.425,7.172,3,1672,9476,11018782,19173892,2048,1024
8747,30.002,22.619,7.383,3,1690,9626,11201054,19492398,2048,1024
8748,31.330,23.750,7.580,3,1690,9390,10845470,18824728,2048,1024
8749,31.104,23.665,7.440,3,1626,9194,10715422,18550914,2048,1024
8750,29.468,22.121,7.347,3,1642,9210,10711326,18528302,2048,1024
8751,30.423,23.181,7.242,3,1654,9186,10673182,18430916,2048,1024
8752,27.634,20.425,7.209,3,1590,8848,10412574,17921568,2048,1024
8753,27.566,20.366,7.200,3,1596,8834,10405150,17980272,2048,1024
8754,27.510,20.515,6.996,3,1610,8840,9881630,17944310,2048,1024
8755,27.575,20.715,6.860,3,1566,8856,9995486,18104300,2048,1024
8756,27.082,20.134,6.948,3,1570,8780,9847774,17802740,2048,1024
8757,27.246,20.221,7.026,3,1574,8720,9827550,17725696,2048,1024
8758,27.293,20.243,7.050,3,1526,8644,9759966,17550668,2048,1024
8759,27.047,20.160,6.887,3,1542,8714,9932766,17824918,2048,1024
8760,27.707,20.937,6.770,3,1540,8632,9766110,17483104,2048,1024
8761,27.240,20.531,6.709,3,1478,8414,9677022,17374144,2048,1024
8762,27.087,20.413,6.675,3,1494,8438,9685214,17352934,2048,1024
8763,26.844,20.145,6.699,3,1500,8536,9850590,17613306,2048,1024
8764,26.285,19.703,6.582,3,1432,8156,9591006,17085630,2048,1024
8765,26.052,19.447,6.605,3,1428,8136,9574110,17014124,2048,1024
8766,25.912,19.443,6.469,3,1432,8170,9580510,16987422,2048,1024
8767,25.770,19.593,6.177,3,1378,8078,9680542,17113746,2048,1024
8768,25.437,19.262,6.174,3,1374,7984,9530526,16808302,2048,1024
8769,25.530,18.976,6.555,3,1332,7824,9457822,16784060,2048,1024
8770,25.846,19.610,6.236,3,1370,7958,9511070,16801556,2048,1024
8771,25.918,19.664,6.254,3,1382,8096,9664158,17036448,2048,1024
8772,25.367,19.208,6.159,3,1370,7968,9521054,16749062,2048,1024
8773,25.150,19.058,6.092,3,1346,7824,9435294,16540228,2048,1024
8774,25.162,18.805,6.357,3,1366,7844,9451166,16530766,2048,1024
8775,26.018,19.646,6.372,3,1370,8032,10138270,17107448,2048,1024
8776,26.329,20.067,6.262,3,1368,8134,10502302,17230798,2048,1024
8777,25.906,19.607,6.299,3,1362,8078,10475678,17162584,2048,1024
8778,25.800,19.372,6.428,3,1372,8102,10485662,17174226,2048,1024
8779,26.243,20.016,6.227,3,1378,8202,10665630,17585730,2048,1024
8780,26.253,20.036,6.218,3,1372,8066,10511454,17318306,2048,1024
8781,25.541,19.363,6.178,3,1368,8100,10525790,17332246,2048,1024
8782,26.151,20.030,6.120,3,1376,8114,10529886,17355868,2048,1024
8783,26.265,19.980,6.285,3,1396,8272,10694238,17671790,2048,1024
8784,26.372,20.133,6.238,3,1384,8136,10527070,17349482,2048,1024
8785,26.631,20.390,6.241,3,1368,8072,10490462,17305214,2048,1024
8786,25.753,19.507,6.246,3,1378,8096,10498654,17298820,2048,1024
8787,26.322,20.097,6.225,3,1382,8172,10646366,17590764,2048,1024
8788,27.177,20.952,6.225,3,1368,8046,10457438,17336140,2048,1024
8789,26.356,20.072,6.285,3,1350,8020,10446686,17336754,2048,1024
8790,25.691,19.487,6.204,3,1368,8118,10482270,17398414,2048,1024
8791,26.279,19.961,6.318,3,1378,8246,10647646,17729846,2048,1024
8792,26.624,20.409,6.215,3,1372,8076,10487838,17444310,2048,1024
8793,26.077,19.702,6.375,3,1360,8046,10479902,17415146,2048,1024
8794,26.384,20.210,6.174,3,1374,8102,10493214,17452948,2048,1024
8795,26.172,19.914,6.258,3,1384,8218,10659358,17762112,2048,1024
8796,25.825,19.537,6.288,3,1380,8140,10473246,17422138,2048,1024
8797,25.896,19.558,6.338,3,1352,8018,9912606,17422320,2048,1024
8798,26.541,19.929,6.612,3,1360,8094,9944350,17474780,2048,1024
8799,25.951,19.694,6.258,3,1350,8180,10087966,17728828,2048,1024
8800,26.234,19.978,6.257,3,1336,8038,9929758,17419764,2048,1024
8801,26.466,20.139,6.328,3,1330,8048,9935646,17423150,2048,1024
8802,26.816,19.644,7.172,3,1344,8062,9944030,17404308,2048,1024
8803,26.131,19.688,6.444,3,1362,8288,10124766,17756944,2048,1024
8804,27.371,21.233,6.138,3,1342,8104,9941982,17370336,2048,1024
8805,27.824,21.340,6.483,3,1302,7992,9877726,17321746,2048,1024
8806,26.386,20.233,6.153,3,1340,8088,9949406,17427312,2048,1024
8807,28.282,22.074,6.208,3,1346,8130,10077662,17652832,2048,1024
8808,26.387,20.328,6.060,3,1342,8022,9906910,17284810,2048,1024
8809,25.616,19.423,6.193,3,1334,7964,9915614,17247470,2048,1024
8810,25.548,19.395,6.153,3,1340,7952,9939166,17248970,2048,1024
8811,25.821,19.748,6.073,3,1348,8098,10115038,17567042,2048,1024
8812,25.523,19.420,6.103,3,1346,7988,9948638,17195462,2048,1024
8813,25.633,19.582,6.051,3,1336,7934,9934814,17134808,2048,1024
8814,25.610,19.443,6.167,3,1350,7922,9934494,17186800,2048,1024
8815,26.151,19.947,6.205,3,1366,8090,10107550,17501104,2048,1024
8816,25.676,19.545,6.132,3,1364,8046,9981086,17202670,2048,1024
8817,25.640,19.302,6.338,3,1354,8012,9968542,17141300,2048,1024
8818,25.430,19.346,6.085,3,1352,8004,9984926,17124580,2048,1024
8819,26.279,19.949,6.330,3,1366,8246,10649246,17772904,2048,1024
8820,25.702,19.599,6.103,3,1354,8068,10457502,17390794,2048,1024
8821,25.864,19.669,6.195,3,1374,8128,10494366,17427378,2048,1024
8822,25.999,19.624,6.375,3,1390,8166,10512542,17446332,2048,1024
8823,26.792,20.219,6.573,3,1386,8224,10676382,17861720,2048,1024
8824,26.643,20.303,6.340,3,1384,8134,10493598,17495980,2048,1024
8825,26.040,19.747,6.293,3,1380,8038,10473118,17410482,2048,1024
8826,27.468,21.085,6.383,3,1378,8008,10458270,17369710,2048,1024
8827,26.908,20.469,6.439,3,1396,8070,10615390,17633702,2048,1024
8828,26.615,20.172,6.443,3,1394,8016,10488158,17366434,2048,1024
8829,25.907,19.583,6.324,3,1374,7958,10481502,17337062,2048,1024
8830,26.100,19.492,6.608,3,1376,7940,10470238,17271616,2048,1024
8831,25.666,19.936,5.730,3,1198,7608,10499422,17294892,2048,1024
8832,25.966,19.943,6.022,3,1334,8122,10607966,17669314,2048,1024
8833,28.398,22.020,6.379,3,1386,8474,10882654,18220510,2048,1024
8834,28.122,21.615,6.507,3,1394,8492,10893598,18230734,2048,1024
8835,30.215,23.251,6.964,3,1490,9012,10835742,19156162,2048,1024
8836,29.543,22.556,6.987,3,1516,9080,10668062,18825694,2048,1024
8837,31.002,23.497,7.505,3,1692,9880,11108894,19713318,2048,1024
8838,33.950,26.122,7.828,3,1832,11366,12542942,22601858,2048,1024
8839,34.477,26.300,8.176,3,1882,11750,12919262,23347442,2048,1024
8840,10.780,9.848,0.932,2,24,2236,4034302,8084046,2048,1024
8841,41.876,28.065,13.811,3,1874,11624,12290270,23105698,2048,1024
8842,35.100,26.770,8.329,3,1890,11756,12467422,23446354,2048,1024
8843,10.713,9.680,1.033,2,24,2236,4034302,8084046,2048,1024
8844,40.816,26.430,14.385,3,1900,11720,12543966,23374964,2048,1024
8845,10.724,9.720,1.004,2,24,2236,4034302,8084046,2048,1024
8846,42.260,27.564,14.696,3,1918,11750,12585438,23395228,2048,1024
8847,10.762,9.799,0.962,2,24,2236,4034302,8084046,2048,1024
8848,39.167,25.803,13.364,3,1794,10880,11819422,21860418,2048,1024
8849,33.260,25.582,7.678,3,1786,10718,11645086,21426944,2048,1024
8850,32.596,25.016,7.580,3,1752,10480,11379102,20923362,2048,1024
8851,32.557,25.009,7.548,3,1764,10590,11409310,21141002,2048,1024
8852,32.266,24.725,7.541,3,1756,10334,11126174,20547308,2048,1024
8853,31.591,23.879,7.712,3,1744,10242,11056542,20494854,2048,1024
8854,31.289,23.489,7.800,3,1780,10298,11065758,20459754,2048,1024
8855,31.877,23.853,8.023,3,1812,10452,11243422,20776624,2048,1024
8856,32.089,24.281,7.808,3,1804,10248,10995102,20253426,2048,1024
8857,31.319,23.153,8.166,3,1832,10282,11000222,20226268,2048,1024
8858,32.398,24.319,8.079,3,1840,10234,10927454,20047954,2048,1024
8859,34.002,25.658,8.344,3,1890,10478,11138398,20443962,2048,1024
8860,32.876,24.291,8.585,3,1876,10262,10899806,19954168,2048,1024
8861,31.203,22.776,8.427,3,1898,10328,10917214,19966588,2048,1024
8862,30.963,22.600,8.363,3,1906,10314,10884446,19875696,2048,1024
8863,30.968,22.931,8.037,3,1924,10472,11063134,20388566,2048,1024
8864,10.650,9.704,0.946,2,24,2236,4034302,8084046,2048,1024
8865,35.926,22.205,13.721,3,1906,10378,10864990,19944918,2048,1024
8866,30.287,22.341,7.945,3,1894,10328,10886494,19834528,2048,1024
8867,30.721,22.738,7.983,3,1824,10374,12087646,20700704,2048,1024
8868,31.293,23.195,8.098,3,1852,10588,12332894,21142112,2048,1024
8869,31.379,23.245,8.133,3,1870,10566,12215582,20895098,2048,1024
8870,31.383,23.448,7.935,3,1852,10502,12214558,20846888,2048,1024
8871,31.085,22.982,8.103,3,1872,10500,12250398,20886772,2048,1024
8872,33.223,25.004,8.219,3,1866,10536,12419870,21225744,2048,1024
8873,31.872,23.823,8.048,3,1860,10408,12264734,20899556,2048,1024
8874,32.547,24.299,8.247,3,1834,10294,12262686,20873940,2048,1024
8875,36.182,28.099,8.083,3,1848,10358,12283422,20877602,2048,1024
8876,33.158,24.521,8.637,3,1850,10446,12458270,21136544,2048,1024
8877,35.234,26.934,8.300,3,1850,10426,12301534,20803652,2048,1024
8878,32.051,23.788,8.263,3,1836,10344,12282334,20718342,2048,1024
8879,31.468,23.362,8.106,3,1856,10428,12332254,20811124,2048,1024
8880,32.705,24.641,8.064,3,1844,10462,12470494,20984220,2048,1024
8881,34.297,26.059,8.238,3,1856,10424,12348894,20859314,2048,1024
8882,31.746,23.610,8.136,3,1854,10490,12387806,20936514,2048,1024
8883,33.730,25.285,8.445,3,1874,10548,12393118,20944086,2048,1024
8884,35.087,26.663,8.425,3,1888,10664,12578718,21248410,2048,1024
8885,11.428,10.419,1.009,2,24,2236,4034302,8084046,2048,1024
8886,38.978,25.666,13.312,3,1870,10546,12432542,20969680,2048,1024
8887,32.750,24.335,8.415,3,1860,10498,12423838,20907328,2048,1024
8888,32.899,24.614,8.285,3,1866,10544,12429982,20916600,2048,1024
8889,34.483,26.065,8.418,3,1870,10628,11839134,21228052,2048,1024
8890,33.472,24.834,8.638,3,1882,10634,11714142,21001124,2048,1024
8891,33.584,25.102,8.482,3,1882,10660,11786590,21250588,2048,1024
8892,34.526,25.819,8.708,3,1880,10604,11750750,21145154,2048,1024
8893,34.096,25.440,8.655,3,1896,10812,11958366,21526220,2048,1024
8894,11.100,9.969,1.131,2,24,2236,4034302,8084046,2048,1024
8895,37.288,23.444,13.844,3,1880,10634,11749150,21118740,2048,1024
8896,31.846,23.453,8.393,3,1866,10618,11723038,21033972,2048,1024
8897,31.735,23.497,8.238,3,1868,10592,11679262,20919514,2048,1024
8898,31.693,23.427,8.266,3,1810,10512,11683870,20854560,2048,1024
8899,31.041,23.018,8.023,3,1810,10410,11500830,20465486,2048,1024
8900,31.041,23.112,7.929,3,1818,10574,11717150,20884180,2048,1024
8901,31.144,23.161,7.983,3,1842,10682,11755038,21024734,2048,1024
8902,32.049,24.055,7.994,3,1850,10854,12025822,21502444,2048,1024
8903,31.529,23.499,8.031,3,1850,10756,11851998,21122616,2048,1024
8904,32.347,23.997,8.350,3,1820,10614,11808734,20977604,2048,1024
8905,31.945,23.563,8.382,3,1844,10694,11859934,21042888,2048,1024
8906,34.623,26.575,8.047,3,1848,10888,12073438,21365728,2048,1024
8907,34.884,26.503,8.381,3,1830,10722,11900574,20983392,2048,1024
8908,33.812,25.646,8.166,3,1822,10730,11942558,21075506,2048,1024
8909,32.167,23.954,8.212,3,1822,10690,11866782,21008696,2048,1024
8910,32.371,24.123,8.248,3,1844,10880,12064926,21360938,2048,1024
8911,31.666,23.650,8.015,3,1854,10834,12445598,21393104,2048,1024
8912,32.138,23.821,8.317,3,1798,10766,13079198,21646114,2048,1024
8913,32.074,23.908,8.166,3,1814,10814,13083998,21647220,2048,1024
8914,32.041,24.113,7.929,3,1832,10944,13219422,21873120,2048,1024
8915,31.710,23.808,7.902,3,1826,10806,13025630,21476436,2048,1024
8916,31.474,23.722,7.752,3,1808,10704,12966494,21259194,2048,1024
8917,31.942,23.884,8.058,3,1832,10844,13008222,21334386,2048,1024
8918,31.325,23.463,7.861,3,1788,10674,12964190,21361104,2048,1024
8919,31.362,23.643,7.719,3,1788,10572,12798750,21152030,2048,1024
8920,31.534,23.722,7.812,3,1780,10600,12823326,21209840,2048,1024
8921,31.506,23.684,7.822,3,1758,10508,12788766,21126862,2048,1024
8922,30.892,23.445,7.446,3,1712,10432,12831774,21181910,2048,1024
8923,30.242,22.829,7.414,3,1698,10210,12616990,20737160,2048,1024
8924,31.472,23.939,7.532,3,1702,10338,12704286,20813508,2048,1024
8925,30.320,22.785,7.536,3,1712,10284,12616158,20624164,2048,1024
8926,30.397,22.993,7.404,3,1712,10318,12665054,20724040,2048,1024
8927,29.821,22.417,7.404,3,1660,9888,12294366,20112518,2048,1024
8928,29.595,22.360,7.235,3,1644,9864,12272606,20167548,2048,1024
8929,29.384,21.957,7.427,3,1650,9844,12224734,20060244,2048,1024
8930,29.644,22.511,7.133,3,1622,9786,12217054,19999550,2048,1024
8931,29.032,22.085,6.947,3,1612,9604,12011486,19583292,2048,1024
8932,29.274,22.196,7.077,3,1650,9874,12202398,19855954,2048,1024
8933,28.818,21.673,7.144,3,1640,9792,11371166,19728492,2048,1024
8934,28.710,21.670,7.039,3,1598,9618,11249566,19448532,2048,1024
8935,29.145,22.128,7.016,3,1616,9738,11308958,19730608,2048,1024
8936,28.565,21.697,6.868,3,1548,9274,10897054,18967754,2048,1024
8937,28.438,21.558,6.880,3,1582,9348,10937438,19017928,2048,1024
8938,29.152,22.175,6.977,3,1638,9714,11222366,19516390,2048,1024
8939,28.116,21.197,6.919,3,1634,9546,11035486,19128098,2048,1024
8940,27.796,20.830,6.967,3,1604,9386,10901342,18700506,2048,1024
8941,28.904,21.801,7.103,3,1676,9794,11216222,19301378,2048,1024
8942,28.973,21.744,7.228,3,1650,9732,11213406,19249854,2048,1024
8943,28.658,21.494,7.164,3,1612,9514,11058974,19064942,2048,1024
8944,28.906,21.392,7.515,3,1632,9624,11152158,19217778,2048,1024
8945,28.619,21.407,7.211,3,1614,9496,11061534,19105446,2048,1024
8946,28.682,21.536,7.146,3,1644,9700,11234846,19370650,2048,1024
8947,29.025,21.675,7.350,3,1718,9952,11331102,19524938,2048,1024
8948,28.860,21.671,7.189,3,1710,9900,11354590,19415318,2048,1024
8949,28.781,21.345,7.436,3,1714,9858,11313630,19297804,2048,1024
8950,29.194,21.720,7.474,3,1756,9996,11412702,19426110,2048,1024
8951,28.869,21.232,7.637,3,1710,9732,11256542,19235334,2048,1024
8952,28.735,21.283,7.451,3,1702,9766,11280094,19095700,2048,1024
8953,29.315,21.840,7.475,3,1786,9984,11434398,19315522,2048,1024
8954,28.627,21.307,7.320,3,1740,9742,11311006,19267972,2048,1024
8955,30.523,23.008,7.514,3,1814,10334,12383902,20338710,2048,1024
8956,30.689,23.098,7.591,3,1784,10108,12152734,19746876,2048,1024
8957,32.861,25.000,7.861,3,1856,10436,12443806,20271164,2048,1024
8958,31.275,23.395,7.880,3,1856,10436,12440734,20250366,2048,1024
8959,33.081,25.057,8.025,3,1934,10698,12541022,20407870,2048,1024
8960,30.699,22.710,7.989,3,1864,10374,12400734,20112066,2048,1024
8961,31.005,23.042,7.963,3,1934,10780,12736606,20742946,2048,1024
8962,31.268,22.645,8.623,3,1892,10470,12448606,20392010,2048,1024
8963,10.728,9.815,0.913,2,24,2236,4034302,8084046,2048,1024
8964,36.455,22.736,13.719,3,1884,10508,12581982,20620544,2048,1024
8965,31.257,23.359,7.898,3,1924,10694,12676126,20725562,2048,1024
8966,10.626,9.698,0.928,2,24,2236,4034302,8084046,2048,1024
8967,36.960,22.981,13.979,3,2014,11014,12837918,21043646,2048,1024
8968,10.997,9.861,1.137,2,24,2236,4034302,8084046,2048,1024
8969,36.856,23.149,13.707,3,1952,10736,12698654,20783402,2048,1024
8970,11.086,9.873,1.214,2,24,2236,4034302,8084046,2048,1024
8971,37.774,23.602,14.172,3,2018,10998,12784606,20972292,2048,1024
8972,10.726,9.758,0.968,2,24,2236,4034302,8084046,2048,1024
8973,37.649,23.581,14.068,3,2018,10940,12736222,20879148,2048,1024
8974,11.727,10.717,1.010,2,24,2236,4034302,8084046,2048,1024
8975,37.141,23.794,13.347,3,2026,10990,12799454,21032246,2048,1024
8976,10.696,9.743,0.952,2,24,2236,4034302,8084046,2048,1024
8977,37.254,23.148,14.106,3,2016,10952,12736478,20871784,2048,1024
8978,10.817,9.802,1.015,2,24,2236,4034302,8084046,2048,1024
8979,38.352,23.223,15.130,3,2068,11194,12778398,21108426,2048,1024
8980,10.869,9.955,0.914,2,24,2236,4034302,8084046,2048,1024
8981,38.045,23.078,14.967,3,2012,10998,12672926,20921192,2048,1024
8982,10.808,9.832,0.977,2,24,2236,4034302,8084046,2048,1024
8983,37.454,23.290,14.164,3,2084,11274,12811166,21229316,2048,1024
8984,10.618,9.660,0.958,2,24,2236,4034302,8084046,2048,1024
8985,37.785,23.407,14.377,3,2092,11232,12773022,21123766,2048,1024
8986,11.023,10.104,0.919,2,24,2236,4034302,8084046,2048,1024
8987,38.208,23.849,14.360,3,2162,11730,13161310,21918988,2048,1024
8988,10.851,9.936,0.916,2,24,2236,4034302,8084046,2048,1024
8989,38.419,23.859,14.560,3,2146,11606,12307294,21751254,2048,1024
8990,10.678,9.752,0.926,2,24,2236,4034302,8084046,2048,1024
8991,39.712,24.733,14.978,3,2290,12340,12786526,22701260,2048,1024
8992,10.696,9.716,0.980,2,24,2236,4034302,8084046,2048,1024
8993,40.083,25.447,14.636,3,2208,12358,13011806,23228950,2048,1024
8994,11.020,10.048,0.972,2,24,2236,4034302,8084046,2048,1024
8995,41.068,26.335,14.733,3,2338,13034,12955422,24137666,2048,1024
8996,10.598,9.641,0.957,2,24,2236,4034302,8084046,2048,1024
8997,45.792,30.241,15.551,3,2462,13808,13551134,25310578,2048,1024
8998,11.486,10.250,1.236,2,24,2236,4034302,8084046,2048,1024
8999,47.042,31.763,15.279,3,2532,14178,13933278,26041248,2048,1024
9000,10.839,9.761,1.078,2,24,2236,4034302,8084046,2048,1024
9001,50.745,34.671,16.074,3,2640,14884,14520030,27193194,2048,1024
9002,11.024,9.908,1.116,2,24,2236,4034302,8084046,2048,1024
9003,53.760,37.531,16.229,3,2720,15432,14917278,27960148,2048,1024
9004,10.770,9.687,1.083,2,24,2236,4034302,8084046,2048,1024
9005,56.007,39.203,16.804,3,2842,16210,15512734,29117034,2048,1024
9006,10.762,9.694,1.068,2,24,2236,4034302,8084046,2048,1024
9007,56.560,39.271,17.289,3,2912,16722,15896670,29868092,2048,1024
9008,10.620,9.683,0.937,2,24,2236,4034302,8084046,2048,1024
9009,58.121,40.450,17.672,3,3038,17456,16496478,31156456,2048,1024
9010,11.062,10.092,0.970,2,24,2236,4034302,8084046,2048,1024
9011,58.516,40.858,17.657,3,3108,17842,16692318,31521892,2048,1024
9012,11.579,10.644,0.935,2,24,2236,4034302,8084046,2048,1024
9013,57.374,40.663,16.711,3,3104,17730,16607262,31199116,2048,1024
9014,10.944,9.933,1.012,2,24,2236,4034302,8084046,2048,1024
9015,55.512,38.078,17.434,3,3058,17288,16138270,30307150,2048,1024
9016,10.680,9.737,0.943,2,24,2236,4034302,8084046,2048,1024
9017,54.381,36.894,17.487,3,3048,16796,15644702,29258316,2048,1024
9018,10.658,9.736,0.922,2,24,2236,4034302,8084046,2048,1024
9019,52.004,34.792,17.213,3,2992,16192,15096862,28098704,2048,1024
9020,10.756,9.765,0.991,2,24,2236,4034302,8084046,2048,1024
9021,53.966,36.495,17.471,3,2996,15750,14595870,27041340,2048,1024
9022,10.748,9.758,0.990,2,24,2236,4034302,8084046,2048,1024
9023,52.054,34.840,17.214,3,2938,15140,14036958,25866030,2048,1024
9024,11.080,10.106,0.975,2,24,2236,4034302,8084046,2048,1024
9025,49.279,32.551,16.727,3,2932,14648,13530078,24794516,2048,1024
9026,11.321,10.271,1.050,2,24,2236,4034302,8084046,2048,1024
9027,47.604,31.015,16.589,3,2886,14012,12975070,23627794,2048,1024
9028,10.840,9.872,0.968,2,24,2236,4034302,8084046,2048,1024
9029,44.425,27.624,16.801,3,2874,13510,12458974,22535050,2048,1024
9030,11.323,10.333,0.991,2,24,2236,4034302,8084046,2048,1024
9031,43.164,26.877,16.287,3,2822,12874,11900894,21366506,2048,1024
9032,11.383,10.347,1.036,2,24,2236,4034302,8084046,2048,1024
9033,42.091,25.933,16.158,3,2838,12682,12210910,21036926,2048,1024
9034,11.407,10.410,0.997,2,24,2236,4034302,8084046,2048,1024
9035,41.176,24.981,16.196,3,2786,12128,11642782,19863162,2048,1024
9036,11.479,10.373,1.106,2,24,2236,4034302,8084046,2048,1024
9037,39.840,23.893,15.946,3,2768,11968,11527070,19597876,2048,1024
9038,11.584,10.414,1.170,2,24,2236,4034302,8084046,2048,1024
9039,40.061,23.880,16.181,3,2722,11826,11482014,19487670,2048,1024
9040,11.523,10.270,1.253,2,24,2236,4034302,8084046,2048,1024
9041,38.202,22.306,15.895,3,2712,11774,11455390,19413508,2048,1024
9042,10.668,9.602,1.066,2,24,2236,4034302,8084046,2048,1024
9043,37.950,21.912,16.039,3,2592,11398,11289502,19050192,2048,1024
9044,11.324,10.178,1.146,2,24,2236,4034302,8084046,2048,1024
9045,37.630,21.561,16.070,3,2652,11600,11270238,18995116,2048,1024
9046,10.606,9.653,0.953,2,24,2236,4034302,8084046,2048,1024
9047,37.000,21.095,15.905,3,2520,11212,11095134,18610036,2048,1024
9048,10.783,9.861,0.921,2,24,2236,4034302,8084046,2048,1024
9049,36.328,20.568,15.759,3,2362,10642,10890078,18302412,2048,1024
9050,11.097,10.162,0.934,2,24,2236,4034302,8084046,2048,1024
9051,34.639,20.123,14.516,3,2274,10448,10795870,18077846,2048,1024
9052,10.569,9.631,0.938,2,24,2236,4034302,8084046,2048,1024
9053,35.330,20.137,15.194,3,2152,10064,10646110,17746324,2048,1024
9054,10.682,9.569,1.113,2,24,2236,4034302,8084046,2048,1024
9055,33.837,19.552,14.285,3,2038,9656,10516062,17457970,2048,1024
9056,10.745,9.764,0.981,2,24,2236,4034302,8084046,2048,1024
9057,33.140,19.171,13.969,3,1924,9326,10392926,17180728,2048,1024
9058,10.935,9.970,0.965,2,24,2236,4034302,8084046,2048,1024
9059,32.563,18.966,13.597,3,1808,8954,10275166,16915260,2048,1024
9060,26.200,18.788,7.413,3,1694,8610,10148702,16631266,2048,1024
9061,25.392,18.186,7.206,3,1586,8250,10030174,16359602,2048,1024
9062,24.817,18.300,6.518,3,1450,7870,9887838,16046126,2048,1024
9063,24.126,17.803,6.323,3,1300,7436,9703518,15783898,2048,1024
9064,24.062,17.924,6.138,3,1332,7524,9795678,15943420,2048,1024
9065,24.145,18.045,6.099,3,1334,7512,9805918,15951662,2048,1024
9066,24.929,18.284,6.646,3,1328,7522,9802846,15927680,2048,1024
9067,24.987,18.417,6.571,3,1328,7500,9013342,15884706,2048,1024
9068,29.376,22.402,6.974,3,1530,8260,9370910,16585370,2048,1024
9069,27.053,19.869,7.184,3,1532,8262,9358366,16517668,2048,1024
9070,27.009,19.931,7.079,3,1532,8250,9369630,16496088,2048,1024
9071,26.684,19.804,6.881,3,1538,8268,9361950,16449280,2048,1024
9072,25.518,18.646,6.872,3,1532,8166,9361950,16518878,2048,1024
9073,25.359,18.471,6.888,3,1538,8184,9361950,16483152,2048,1024
9074,25.665,18.703,6.961,3,1544,8208,9393438,16511330,2048,1024
9075,25.621,18.330,7.291,3,1536,8162,9347358,16378378,2048,1024
9076,25.659,18.502,7.157,3,1548,8196,9382430,16406942,2048,1024
9077,25.288,18.329,6.960,3,1552,8126,9370910,16339722,2048,1024
9078,25.254,18.332,6.922,3,1552,8132,9401886,16359186,2048,1024
9079,25.843,18.558,7.285,3,1546,8128,9354526,16219156,2048,1024
9080,25.497,18.184,7.313,3,1554,8214,9405726,16391378,2048,1024
9081,27.435,20.537,6.898,3,1542,8170,9357534,16245818,2048,1024
9082,25.791,18.749,7.042,3,1554,8188,9399774,16288190,2048,1024
9083,26.014,19.156,6.858,3,1540,8142,9364446,16170984,2048,1024
9084,26.357,18.788,7.568,3,1552,8206,9405406,16210796,2048,1024
9085,24.738,17.861,6.876,3,1540,8102,9333982,16020824,2048,1024
9086,25.696,18.667,7.028,3,1542,8100,9351134,16005350,2048,1024
9087,24.889,17.794,7.095,3,1544,8186,9357278,15973312,2048,1024
9088,26.129,19.262,6.868,3,1552,8292,9878750,16368044,2048,1024
9089,25.763,18.805,6.958,3,1556,8438,10638046,16845934,2048,1024
9090,26.799,19.587,7.213,3,1552,8436,10636510,16829418,2048,1024
9091,26.141,19.176,6.965,3,1554,8428,10615774,16776780,2048,1024
9092,26.229,19.088,7.141,3,1568,8492,10666206,16866842,2048,1024
9093,26.204,18.945,7.259,3,1570,8498,10663134,16849756,2048,1024
9094,26.486,19.199,7.288,3,1580,8556,10692574,16897318,2048,1024
9095,25.797,18.822,6.975,3,1582,8570,10667998,16914306,2048,1024
9096,26.208,19.206,7.002,3,1590,8612,10693342,16950282,2048,1024
9097,26.146,19.107,7.040,3,1600,8694,10703070,16957396,2048,1024
9098,26.331,19.030,7.300,3,1600,8788,10737310,17010860,2048,1024
9099,26.468,19.063,7.404,3,1586,8636,10645150,16809394,2048,1024
9100,26.153,19.057,7.096,3,1588,8614,10662814,16829356,2048,1024
9101,25.675,18.675,7.000,3,1582,8552,10625694,16724926,2048,1024
9102,26.251,19.180,7.071,3,1592,8634,10673054,16897108,2048,1024
9103,26.314,18.874,7.440,3,1594,8640,10672030,16884114,2048,1024
9104,26.648,19.637,7.011,3,1566,8506,10631326,16774354,2048,1024
9105,25.652,18.625,7.027,3,1558,8428,10599326,16682906,2048,1024
9106,26.316,19.172,7.144,3,1580,8506,10618014,16695208,2048,1024
9107,27.492,20.253,7.239,3,1582,8536,10618014,16668298,2048,1024
9108,25.872,18.659,7.213,3,1548,8348,10565534,16686008,2048,1024
9109,25.898,18.911,6.987,3,1588,8536,10633118,16874298,2048,1024
9110,26.466,19.047,7.420,3,1592,8506,9867934,16870108,2048,1024
9111,26.102,18.983,7.119,3,1594,8488,9850014,16771958,2048,1024
9112,26.098,18.839,7.259,3,1608,8506,9871518,16763272,2048,1024
9113,26.244,18.868,7.376,3,1612,8544,9875614,16710012,2048,1024
9114,25.861,18.758,7.103,3,1596,8416,9851806,16608792,2048,1024
9115,26.195,19.172,7.023,3,1560,8322,9792926,16566500,2048,1024
9116,25.718,18.573,7.145,3,1570,8358,9815902,16576722,2048,1024
9117,25.801,18.655,7.145,3,1572,8350,9814110,16522272,2048,1024
9118,26.123,18.994,7.130,3,1578,8338,9844574,16536886,2048,1024
9119,25.525,18.440,7.085,3,1578,8278,9837150,16466624,2048,1024
9120,25.533,18.333,7.200,3,1570,8248,9835870,16426340,2048,1024
9121,25.770,18.544,7.226,3,1586,8300,9848414,16498716,2048,1024
9122,26.303,18.740,7.563,3,1598,8374,9894494,16551744,2048,1024
9123,25.783,18.569,7.215,3,1606,8414,9924958,16569504,2048,1024
9124,26.681,19.332,7.349,3,1598,8406,9938526,16555340,2048,1024
9125,26.963,19.742,7.221,3,1574,8272,9861214,16349898,2048,1024
9126,26.136,19.008,7.128,3,1584,8348,9903966,16400816,2048,1024
9127,27.488,20.036,7.452,3,1598,8418,9909086,16464692,2048,1024
9128,28.253,21.072,7.181,3,1582,8346,9903710,16413828,2048,1024
9129,25.324,18.043,7.282,3,1578,8330,9847134,16253188,2048,1024
9130,26.379,19.225,7.154,3,1604,8416,9903710,16331038,2048,1024
9131,25.849,18.639,7.209,3,1596,8324,9844574,16160562,2048,1024
9132,26.324,18.986,7.339,3,1608,8546,10666782,16766880,2048,1024
9133,26.271,18.978,7.293,3,1608,8606,10685470,16888454,2048,1024
9134,26.163,18.905,7.258,3,1612,8632,10698782,16905882,2048,1024
9135,26.012,18.831,7.181,3,1606,8614,10665246,16811328,2048,1024
9136,26.215,19.020,7.195,3,1608,8582,10672414,16814994,2048,1024
9137,26.595,19.354,7.241,3,1608,8602,10669342,16778922,2048,1024
9138,26.621,19.227,7.394,3,1608,8566,10673438,16891776,2048,1024
9139,26.347,19.029,7.318,3,1606,8512,10638366,16796258,2048,1024
9140,25.830,18.805,7.025,3,1582,8420,10600734,16700766,2048,1024
9141,25.785,18.639,7.146,3,1578,8386,10566686,16602614,2048,1024
9142,26.323,19.132,7.192,3,1610,8476,10637598,16738378,2048,1024
9143,25.916,18.793,7.123,3,1602,8454,10606622,16646590,2048,1024
9144,27.172,19.223,7.950,3,1616,8528,10686494,16908018,2048,1024
9145,26.082,18.949,7.132,3,1610,8470,10639390,16785560,2048,1024
9146,27.064,19.916,7.148,3,1598,8442,10659870,16814384,2048,1024
9147,26.467,19.064,7.403,3,1602,8444,10654750,16777568,2048,1024
9148,26.711,19.126,7.585,3,1634,8542,10236446,16989110,2048,1024
9149,26.715,19.431,7.284,3,1620,8470,10166494,16912512,2048,1024
9150,26.292,18.937,7.355,3,1608,8442,10183646,16919936,2048,1024
9151,26.295,19.168,7.127,3,1600,8392,10130910,16774672,2048,1024
9152,26.261,18.834,7.427,3,1612,8438,10161118,16813996,2048,1024
9153,26.116,18.877,7.239,3,1596,8364,9330910,16664814,2048,1024
9154,26.634,19.178,7.456,3,1610,8394,9378270,16797606,2048,1024
9155,26.004,18.642,7.363,3,1600,8378,9347550,16674864,2048,1024
9156,26.451,18.904,7.548,3,1606,8388,9365982,16676214,2048,1024
9157,25.999,18.746,7.253,3,1602,8322,9325790,16539830,2048,1024
9158,26.100,18.823,7.277,3,1606,8284,9320926,16482450,2048,1024
9159,25.806,18.550,7.256,3,1600,8270,9287646,16457794,2048,1024
9160,26.156,18.910,7.246,3,1612,8360,9364702,16569262,2048,1024
9161,25.695,18.495,7.200,3,1610,8356,9340126,16462728,2048,1024
9162,25.459,18.451,7.008,3,1584,8220,9280734,16295074,2048,1024
9163,25.101,18.020,7.081,3,1582,8168,9250014,16175724,2048,1024
9164,25.844,18.728,7.116,3,1604,8270,9311454,16364316,2048,1024
9165,25.502,18.374,7.129,3,1604,8266,9299422,16278804,2048,1024
9166,25.916,18.459,7.458,3,1626,8386,9370014,16383966,2048,1024
9167,25.835,18.537,7.297,3,1632,8426,9376670,16340120,2048,1024
9168,25.551,18.382,7.169,3,1612,8262,9340318,16214046,2048,1024
9169,25.549,18.388,7.161,3,1610,8296,9335198,16252066,2048,1024
9170,26.015,18.537,7.479,3,1634,8416,9425310,16387702,2048,1024
9171,26.404,18.695,7.709,3,1630,8436,9424030,16321318,2048,1024
9172,26.402,18.833,7.569,3,1630,8332,9411998,16255630,2048,1024
9173,25.445,18.119,7.325,3,1614,8288,9362334,16212284,2048,1024
9174,25.671,18.404,7.267,3,1606,8192,9364382,16165604,2048,1024
9175,25.860,18.675,7.184,3,1616,8370,10131102,16630384,2048,1024
9176,26.298,19.011,7.287,3,1616,8314,10137502,16622236,2048,1024
9177,25.875,18.682,7.193,3,1610,8298,10119838,16547498,2048,1024
9178,25.902,18.673,7.229,3,1610,8270,10126238,16660452,2048,1024
9179,26.380,18.839,7.541,3,1600,8238,10088350,16553230,2048,1024
9180,26.131,18.861,7.271,3,1572,8158,10033566,16425502,2048,1024
9181,25.958,18.814,7.144,3,1580,8218,10027678,16379064,2048,1024
9182,27.293,19.935,7.358,3,1600,8320,10096286,16615932,2048,1024
9183,27.858,20.249,7.610,3,1604,8354,10095454,16577892,2048,1024
9184,29.501,22.023,7.478,3,1614,8424,10128990,16622678,2048,1024
9185,26.436,18.739,7.697,3,1608,8350,10090590,16508952,2048,1024
9186,26.892,19.488,7.404,3,1596,8370,10088286,16474586,2048,1024
9187,26.376,18.447,7.930,3,1616,8356,10099294,16569002,2048,1024
9188,26.432,18.886,7.546,3,1636,8420,10167134,16673742,2048,1024
9189,26.273,18.916,7.357,3,1636,8448,10165854,16633022,2048,1024
9190,25.823,18.644,7.178,3,1620,8430,10131294,16536702,2048,1024
9191,26.028,18.852,7.176,3,1608,8356,10088030,16520778,2048,1024
9192,25.853,18.620,7.233,3,1632,8456,10122078,16553798,2048,1024
9193,25.890,18.518,7.373,3,1642,8548,10130782,16532904,2048,1024
9194,26.230,18.721,7.509,3,1646,8548,10148446,16538292,2048,1024
9195,25.803,18.396,7.407,3,1628,8462,10100062,16511846,2048,1024
9196,26.529,19.132,7.398,3,1630,8416,9323870,16476166,2048,1024
9197,26.046,18.537,7.509,3,1620,8334,9275678,16314528,2048,1024
9198,26.386,18.903,7.484,3,1588,8234,9222174,16298252,2048,1024
9199,26.148,18.871,7.277,3,1588,8186,9195806,16281670,2048,1024
9200,25.777,18.501,7.276,3,1598,8286,9254942,16347606,2048,1024
9201,25.480,18.299,7.181,3,1586,8192,9179422,16135134,2048,1024
9202,25.699,18.447,7.252,3,1590,8250,9221150,16172834,2048,1024
9203,25.610,18.154,7.455,3,1576,8202,9184542,16045346,2048,1024
9204,25.835,18.673,7.162,3,1586,8278,9233182,16190158,2048,1024
9205,25.971,18.664,7.307,3,1604,8286,9245214,16160050,2048,1024
9206,26.221,19.065,7.157,3,1590,8174,9251870,16128398,2048,1024
9207,27.001,19.808,7.193,3,1586,8164,9237534,16043290,2048,1024
9208,27.158,19.509,7.649,3,1614,8276,9310238,16235890,2048,1024
9209,27.029,19.511,7.517,3,1600,8236,9281566,16127892,2048,1024
9210,27.104,19.582,7.521,3,1610,8356,9309214,16130286,2048,1024
9211,26.328,18.771,7.557,3,1600,8284,9297950,16063154,2048,1024
9212,26.359,18.817,7.541,3,1642,8480,9385950,16150106,2048,1024
9213,26.075,18.760,7.315,3,1634,8464,9366494,16066290,2048,1024
9214,26.076,18.554,7.521,3,1642,8480,9342174,15977864,2048,1024
9215,26.188,18.555,7.633,3,1634,8428,9328606,15897418,2048,1024
9216,25.536,18.240,7.297,3,1648,8474,9338078,15944696,2048,1024
9217,26.079,18.790,7.289,3,1648,8518,9862110,16197430,2048,1024
9218,26.826,19.533,7.293,3,1658,8736,10672094,16767656,2048,1024
9219,26.262,18.965,7.297,3,1654,8664,10651614,16698974,2048,1024
9220,26.430,19.039,7.391,3,1672,8748,10695646,16855988,2048,1024
9221,27.317,20.058,7.258,3,1658,8710,10676190,16789020,2048,1024
9222,27.148,19.750,7.398,3,1644,8674,10668766,16750076,2048,1024
9223,26.699,19.226,7.473,3,1646,8640,10661854,16708568,2048,1024
9224,26.659,19.217,7.442,3,1652,8656,10679518,16842438,2048,1024
9225,26.780,19.454,7.326,3,1666,8648,10711006,16885356,2048,1024
9226,26.892,19.548,7.344,3,1668,8704,10730462,16905656,2048,1024
9227,26.877,19.330,7.547,3,1658,8658,10706910,16840702,2048,1024
9228,26.634,19.190,7.444,3,1658,8688,10697630,16802086,2048,1024
9229,26.629,19.335,7.294,3,1658,8656,10696350,16890230,2048,1024
9230,26.422,19.151,7.271,3,1656,8650,10684318,16846262,2048,1024
9231,26.604,19.354,7.250,3,1648,8608,10675870,16813614,2048,1024
9232,26.536,19.271,7.265,3,1656,8668,10671006,16784748,2048,1024
9233,26.353,19.014,7.339,3,1654,8618,10668702,16872134,2048,1024
9234,26.768,19.463,7.305,3,1654,8580,10662302,16843336,2048,1024
9235,26.370,19.030,7.340,3,1658,8616,10663070,16831884,2048,1024
9236,27.021,19.476,7.546,3,1660,8686,10675614,16838282,2048,1024
9237,26.514,19.118,7.396,3,1644,8654,10679454,16937558,2048,1024
9238,26.882,19.730,7.153,3,1632,8600,10649502,16859766,2048,1024
9239,28.479,20.975,7.503,3,1626,8594,9873054,16842732,2048,1024
9240,27.619,20.332,7.287,3,1646,8622,9906846,16874364,2048,1024
9241,31.817,23.782,8.035,3,1662,8634,9934494,16987730,2048,1024
9242,27.204,19.604,7.599,3,1668,8686,9946782,16970988,2048,1024
9243,26.809,19.144,7.665,3,1676,8656,9960350,16959320,2048,1024
9244,26.897,19.140,7.757,3,1684,8674,9959006,16909768,2048,1024
9245,26.614,19.105,7.509,3,1652,8536,9900638,16849614,2048,1024
9246,26.674,19.048,7.626,3,1680,8660,9944670,16890732,2048,1024
9247,26.818,19.369,7.449,3,1678,8666,9955934,16866802,2048,1024
9248,26.316,18.871,7.445,3,1646,8554,9888606,16677478,2048,1024
9249,25.997,18.545,7.452,3,1632,8436,9867870,16586658,2048,1024
9250,26.244,18.912,7.332,3,1660,8568,9897822,16705024,2048,1024
9251,26.112,18.628,7.483,3,1654,8570,9894750,16648870,2048,1024
9252,26.096,18.779,7.317,3,1660,8568,9898846,16591254,2048,1024
9253,25.816,18.515,7.302,3,1662,8564,9893726,16523292,2048,1024
9254,26.077,18.637,7.440,3,1662,8536,9893726,16577298,2048,1024
9255,26.365,18.523,7.842,3,1666,8530,9898846,16532448,2048,1024
9256,26.063,18.557,7.506,3,1674,8568,9937758,16560330,2048,1024
9257,26.351,18.524,7.827,3,1672,8544,9942366,16511502,2048,1024
9258,26.162,18.888,7.274,3,1632,8350,9835102,16344728,2048,1024
9259,25.907,18.660,7.247,3,1640,8332,9864798,16347954,2048,1024
9260,26.194,18.587,7.607,3,1648,8370,9878046,16314342,2048,1024
9261,26.250,18.914,7.336,3,1658,8600,10684446,16854172,2048,1024
9262,26.353,19.027,7.326,3,1674,8764,10707230,16994452,2048,1024
9263,26.334,18.874,7.460,3,1672,8668,10688542,16912956,2048,1024
9264,26.503,19.023,7.481,3,1666,8588,10668830,16834470,2048,1024
9265,26.537,18.990,7.547,3,1680,8636,10693662,16849726,2048,1024
9266,26.427,18.822,7.605,3,1626,8444,10609438,16780928,2048,1024
9267,26.294,19.094,7.200,3,1656,8494,10657822,16838702,2048,1024
9268,26.274,18.907,7.367,3,1680,8644,10711838,16923436,2048,1024
9269,26.920,19.434,7.486,3,1668,8622,10685470,16841216,2048,1024
9270,25.944,18.652,7.292,3,1666,8594,10654750,16754602,2048,1024
9271,26.449,18.918,7.532,3,1668,8592,10655774,16840002,2048,1024
9272,26.987,19.599,7.388,3,1678,8650,10687518,16871662,2048,1024
9273,26.255,18.908,7.347,3,1672,8596,10676254,16823106,2048,1024
9274,28.210,20.728,7.482,3,1674,8628,10681118,16804056,2048,1024
9275,26.215,18.817,7.399,3,1662,8550,10641182,16812292,2048,1024
9276,26.825,19.104,7.721,3,1674,8630,10664670,16826838,2048,1024
9277,26.419,19.052,7.368,3,1670,8556,10665694,16802896,2048,1024
9278,26.376,19.160,7.216,3,1654,8512,10643166,16722402,2048,1024
9279,26.553,19.150,7.403,3,1638,8500,10622686,16772046,2048,1024
9280,26.612,18.997,7.616,3,1662,8610,10646238,16797802,2048,1024
9281,26.524,19.213,7.311,3,1664,8582,10627294,16746256,2048,1024
9282,26.889,19.587,7.302,3,1662,8578,9891294,16817092,2048,1024
9283,26.785,19.160,7.626,3,1674,8598,9900766,16884350,2048,1024
9284,27.050,19.457,7.593,3,1682,8624,9916894,16865458,2048,1024
9285,26.567,19.211,7.356,3,1672,8528,9386462,16796956,2048,1024
9286,27.229,19.674,7.554,3,1672,8552,9393374,16761942,2048,1024
9287,26.542,19.173,7.369,3,1640,8400,9319902,16662594,2048,1024
9288,26.353,18.896,7.457,3,1654,8442,9353950,16674150,2048,1024
9289,26.218,18.843,7.375,3,1658,8422,9359070,16631266,2048,1024
9290,26.034,18.745,7.289,3,1648,8366,9328606,16520728,2048,1024
9291,26.169,18.819,7.350,3,1640,8336,9320158,16449478,2048,1024
9292,25.904,18.685,7.220,3,1654,8372,9331614,16511036,2048,1024
9293,26.375,18.850,7.525,3,1644,8316,9330590,16459698,2048,1024
9294,25.982,18.462,7.520,3,1628,8256,9305246,16353056,2048,1024
9295,26.998,19.641,7.357,3,1628,8232,9320350,16330602,2048,1024
9296,27.930,20.302,7.628,3,1644,8364,9362078,16463322,2048,1024
9297,27.447,19.947,7.500,3,1648,8322,9371294,16427080,2048,1024
9298,26.633,19.250,7.383,3,1654,8370,9400990,16439486,2048,1024
9299,27.317,19.759,7.558,3,1656,8386,9406110,16395188,2048,1024
9300,25.546,18.157,7.390,3,1654,8414,9395358,16408578,2048,1024
9301,26.084,18.279,7.805,3,1656,8384,9386654,16334880,2048,1024
9302,25.935,18.419,7.516,3,1672,8464,9410206,16329388,2048,1024
9303,26.065,18.252,7.813,3,1674,8410,9405854,16264846,2048,1024
9304,26.531,18.965,7.566,3,1698,8642,10210718,16912048,2048,1024
9305,26.093,18.717,7.376,3,1682,8562,10174878,16814496,2048,1024
9306,26.716,19.127,7.589,3,1680,8524,10157726,16745914,2048,1024
9307,25.940,18.607,7.334,3,1676,8534,10137246,16669792,2048,1024
9308,26.463,18.892,7.571,3,1646,8364,10091102,16660514,2048,1024
9309,26.272,18.845,7.427,3,1666,8458,10122846,16682454,2048,1024
9310,25.894,18.569,7.325,3,1686,8534,10154590,16712612,2048,1024
9311,26.151,18.772,7.379,3,1670,8494,10118238,16609444,2048,1024
9312,26.953,19.538,7.416,3,1672,8548,10145630,16637252,2048,1024
9313,26.377,18.932,7.445,3,1674,8544,9374046,16748968,2048,1024
9314,25.865,18.667,7.198,3,1652,8462,9344862,16658914,2048,1024
9315,26.510,18.795,7.715,3,1670,8500,9393246,16721144,2048,1024
9316,26.401,18.872,7.528,3,1686,8550,9420126,16747172,2048,1024
9317,26.861,19.152,7.709,3,1696,8672,9462110,16915720,2048,1024
9318,26.639,19.078,7.561,3,1708,8700,10247262,16892902,2048,1024
9319,26.887,19.152,7.735,3,1722,8802,10282334,16948500,2048,1024
9320,27.101,19.074,8.027,3,1724,8774,10276190,16914130,2048,1024
9321,26.542,19.056,7.487,3,1708,8796,10241118,16927888,2048,1024
9322,27.167,19.252,7.914,3,1716,8768,10252318,16935480,2048,1024
9323,27.680,20.158,7.522,3,1692,8668,10147870,16694398,2048,1024
9324,26.835,19.074,7.761,3,1708,8806,10265630,16903130,2048,1024
9325,26.232,19.060,7.172,3,1604,8520,9401630,16782596,2048,1024
9326,29.956,21.903,8.053,3,1828,9548,10046750,18056398,2048,1024
9327,31.275,23.139,8.136,3,1872,9748,10158622,18225660,2048,1024
9328,32.221,24.064,8.157,3,1876,9824,10216990,18294728,2048,1024
9329,33.113,24.660,8.453,3,1904,10146,10472990,18871520,2048,1024
9330,33.397,25.052,8.345,3,1940,10270,10604062,19074268,2048,1024
9331,10.623,9.651,0.972,2,24,2236,4034302,8084046,2048,1024
9332,40.487,25.589,14.898,3,2172,11146,11066142,19944044,2048,1024
9333,10.728,9.695,1.033,2,24,2236,4034302,8084046,2048,1024
9334,43.043,27.634,15.410,3,2352,12654,12788254,23093946,2048,1024
9335,10.754,9.822,0.933,2,24,2236,4034302,8084046,2048,1024
9336,42.124,26.531,15.593,3,2346,12532,12803358,22836960,2048,1024
9337,10.990,9.910,1.080,2,24,2236,4034302,8084046,2048,1024
9338,41.897,26.623,15.273,3,2322,12372,12592670,22730134,2048,1024
9339,11.122,10.009,1.113,2,24,2236,4034302,8084046,2048,1024
9340,42.880,27.514,15.367,3,2336,12522,12714014,22951134,2048,1024
9341,10.706,9.787,0.920,2,24,2236,4034302,8084046,2048,1024
9342,41.481,26.363,15.118,3,2264,12090,12397342,22321414,2048,1024
9343,10.675,9.735,0.940,2,24,2236,4034302,8084046,2048,1024
9344,41.173,25.881,15.292,3,2264,12036,12411102,22118010,2048,1024
9345,10.767,9.784,0.983,2,24,2236,4034302,8084046,2048,1024
9346,40.544,25.175,15.369,3,2292,12060,12353246,22066222,2048,1024
9347,10.649,9.723,0.926,2,24,2236,4034302,8084046,2048,1024
9348,40.246,25.148,15.098,3,2228,11724,12018654,21501870,2048,1024
9349,11.498,10.576,0.923,2,24,2236,4034302,8084046,2048,1024
9350,38.416,24.125,14.291,3,2242,11634,11953374,21334262,2048,1024
9351,11.623,10.641,0.983,2,24,2236,4034302,8084046,2048,1024
9352,39.442,24.972,14.470,3,2290,11734,12001758,21302470,2048,1024
9353,11.496,10.581,0.915,2,24,2236,4034302,8084046,2048,1024
9354,40.816,26.257,14.560,3,2272,11608,11883486,21161306,2048,1024
9355,11.186,10.244,0.942,2,24,2236,4034302,8084046,2048,1024
9356,36.841,22.315,14.525,3,2224,11238,11562206,20421320,2048,1024
9357,10.734,9.797,0.938,2,24,2236,4034302,8084046,2048,1024
9358,37.704,22.525,15.179,3,2282,11388,11626206,20479742,2048,1024
9359,10.669,9.706,0.963,2,24,2236,4034302,8084046,2048,1024
9360,37.613,22.405,15.208,3,2276,11294,11526622,20219160,2048,1024
9361,10.598,9.688,0.910,2,24,2236,4034302,8084046,2048,1024
9362,37.980,22.720,15.260,3,2274,11362,11994590,20497862,2048,1024
9363,11.008,10.001,1.006,2,24,2236,4034302,8084046,2048,1024
9364,38.644,23.654,14.990,3,2330,11740,12833246,21058620,2048,1024
9365,10.877,9.895,0.982,2,24,2236,4034302,8084046,2048,1024
9366,38.244,23.085,15.159,3,2336,11710,12790750,20950268,2048,1024
9367,10.529,9.604,0.925,2,24,2236,4034302,8084046,2048,1024
9368,38.462,22.976,15.486,3,2344,11780,11970782,20851360,2048,1024
9369,10.483,9.570,0.913,2,24,2236,4034302,8084046,2048,1024
9370,39.226,23.559,15.667,3,2352,11720,12048862,21041718,2048,1024
9371,10.861,9.879,0.981,2,24,2236,4034302,8084046,2048,1024
9372,38.530,23.078,15.451,3,2378,11710,12038558,21004508,2048,1024
9373,10.959,9.997,0.962,2,24,2236,4034302,8084046,2048,1024
9374,39.391,24.248,15.143,3,2364,11638,12016030,20931104,2048,1024
9375,10.678,9.733,0.945,2,24,2236,4034302,8084046,2048,1024
9376,39.099,23.445,15.654,3,2414,11760,12136094,21063672,2048,1024
9377,10.596,9.677,0.920,2,24,2236,4034302,8084046,2048,1024
9378,38.341,22.859,15.482,3,2346,11536,12044446,20815228,2048,1024
9379,10.617,9.698,0.919,2,24,2236,4034302,8084046,2048,1024
9380,37.437,22.553,14.885,3,2202,10980,11718558,20264596,2048,1024
9381,10.748,9.686,1.062,2,24,2236,4034302,8084046,2048,1024
9382,37.261,22.584,14.677,3,2142,10814,11838622,20443056,2048,1024
9383,10.617,9.695,0.923,2,24,2236,4034302,8084046,2048,1024
9384,36.795,22.199,14.596,3,2078,10638,11726494,20173246,2048,1024
9385,10.784,9.851,0.933,2,24,2236,4034302,8084046,2048,1024
9386,37.409,22.921,14.489,3,2078,10674,11777950,20243618,2048,1024
9387,10.628,9.695,0.933,2,24,2236,4034302,8084046,2048,1024
9388,37.428,22.734,14.693,3,2126,10830,11878494,20469216,2048,1024
9389,10.793,9.848,0.945,2,24,2236,4034302,8084046,2048,1024
9390,38.391,23.998,14.393,3,2040,10518,11741022,20168202,2048,1024
9391,10.737,9.765,0.972,2,24,2236,4034302,8084046,2048,1024
9392,35.413,21.615,13.798,3,1880,9928,11466590,19568126,2048,1024
9393,29.673,21.500,8.173,3,1924,10042,11484510,19480688,2048,1024
9394,11.005,9.989,1.016,2,24,2236,4034302,8084046,2048,1024
9395,34.789,21.278,13.512,3,1854,9836,11361374,19337858,2048,1024
9396,29.875,21.568,8.307,3,1858,9890,11392862,19426942,2048,1024
9397,29.271,21.215,8.057,3,1846,9704,11131230,18931912,2048,1024
9398,28.422,20.708,7.713,3,1776,9518,11004190,18699650,2048,1024
9399,28.697,20.974,7.723,3,1768,9434,10975518,18714806,2048,1024
9400,28.277,20.488,7.789,3,1754,9276,10233886,18299448,2048,1024
9401,27.447,20.061,7.386,3,1674,8982,10073374,17959584,2048,1024
9402,28.053,20.382,7.670,3,1656,8972,10067742,17902498,2048,1024
9403,27.950,20.523,7.427,3,1620,8670,9744670,17374358,2048,1024
9404,26.368,19.087,7.281,3,1590,8594,9708062,17290078,2048,1024
9405,26.418,19.424,6.994,3,1582,8510,9662750,17152728,2048,1024
9406,26.018,18.992,7.026,3,1560,8238,9393950,16624252,2048,1024
9407,25.041,18.382,6.659,3,1498,7982,9237022,16291492,2048,1024
9408,25.199,18.492,6.707,3,1514,8022,9272094,16407258,2048,1024
9409,25.547,18.569,6.978,3,1510,8006,9248542,16309022,2048,1024
9410,25.799,19.173,6.626,3,1428,7742,9172510,16130802,2048,1024
9411,26.328,19.439,6.889,3,1418,7666,9149214,16045770,2048,1024
9412,29.037,21.942,7.094,3,1452,7900,9268510,16340572,2048,1024
9413,26.369,19.926,6.443,3,1398,7716,9194526,16159352,2048,1024
9414,25.513,19.039,6.474,3,1398,7678,9166814,16059224,2048,1024
9415,24.901,18.476,6.426,3,1404,7654,9192670,16056016,2048,1024
9416,23.897,17.779,6.118,3,1324,7438,9067230,15868030,2048,1024
9417,24.157,18.008,6.149,3,1326,7440,9072606,15829986,2048,1024
9418,23.842,17.651,6.191,3,1338,7490,9071582,15782176,2048,1024
9419,23.497,17.539,5.958,3,1276,7300,8992990,15586944,2048,1024
9420,23.419,17.444,5.975,3,1270,7306,8976606,15607962,2048,1024
9421,23.564,17.638,5.926,3,1276,7382,9063646,15727296,2048,1024
9422,24.074,18.315,5.759,3,1226,7486,9631198,16334308,2048,1024
9423,24.079,18.339,5.740,3,1230,7454,9637342,16321244,2048,1024
9424,24.256,18.453,5.803,3,1232,7542,9724638,16581562,2048,1024
9425,24.209,18.387,5.822,3,1210,7352,9602526,16307868,2048,1024
9426,24.373,18.637,5.736,3,1212,7370,9619934,16315434,2048,1024
9427,24.518,18.681,5.837,3,1222,7392,9677534,16409826,2048,1024
9428,23.939,18.227,5.712,3,1202,7292,9584606,16190478,2048,1024
9429,24.646,18.812,5.834,3,1214,7360,9628574,16372298,2048,1024
9430,24.210,18.416,5.793,3,1224,7492,9720990,16534880,2048,1024
9431,24.192,18.464,5.728,3,1220,7442,9681310,16425180,2048,1024
9432,24.248,18.447,5.800,3,1224,7504,9727134,16497588,2048,1024
9433,24.683,18.909,5.773,3,1224,7486,9726110,16580650,2048,1024
9434,24.749,18.977,5.773,3,1230,7600,9861790,16828688,2048,1024
9435,24.547,18.817,5.730,3,1220,7526,9797534,16674498,2048,1024
9436,24.667,18.802,5.866,3,1244,7636,9888670,16838070,2048,1024
9437,25.002,19.143,5.859,3,1214,7504,9792414,16721304,2048,1024
9438,25.393,19.390,6.003,3,1250,7724,9457054,17086004,2048,1024
9439,25.168,19.268,5.900,3,1248,7690,9433502,17011650,2048,1024
9440,24.837,18.959,5.878,3,1248,7732,9442974,17001110,2048,1024
9441,24.681,18.869,5.812,3,1244,7702,9405086,16892146,2048,1024
9442,25.063,19.160,5.903,3,1260,7848,9532574,17219608,2048,1024
9443,26.035,20.135,5.901,3,1254,7786,8985438,17126288,2048,1024
9444,24.980,18.791,6.189,3,1254,7808,8995422,17094408,2048,1024
9445,25.284,19.285,5.999,3,1252,7774,8973150,16993942,2048,1024
9446,25.172,19.082,6.089,3,1272,7962,9140318,17280526,2048,1024
9447,25.186,19.261,5.925,3,1258,7818,8984158,17014602,2048,1024
9448,25.392,19.152,6.239,3,1274,7878,9039966,17074114,2048,1024
9449,25.351,19.334,6.017,3,1272,7766,8923486,16780100,2048,1024
9450,25.604,19.264,6.340,3,1286,7980,9110110,17100508,2048,1024
9451,25.092,19.065,6.028,3,1278,7900,9069406,17079418,2048,1024
9452,26.512,20.536,5.977,3,1268,7894,9072222,17031800,2048,1024
9453,25.355,19.411,5.943,3,1254,7708,8937054,16697858,2048,1024
9454,25.309,19.281,6.028,3,1292,7908,9103454,16984890,2048,1024
9455,25.282,19.094,6.188,3,1286,7802,9031774,16784040,2048,1024
9456,25.241,19.159,6.082,3,1282,7784,9042014,16864138,2048,1024
9457,25.090,19.162,5.928,3,1274,7730,9014046,16749094,2048,1024
9458,24.931,18.956,5.975,3,1282,7790,9127454,16917028,2048,1024
9459,24.892,18.923,5.969,3,1264,7612,8965918,16537202,2048,1024
9460,24.656,18.661,5.995,3,1268,7652,8992798,16540370,2048,1024
9461,24.680,18.769,5.911,3,1258,7580,8944414,16510168,2048,1024
9462,24.733,18.793,5.939,3,1272,7708,9087774,16746096,2048,1024
9463,24.579,18.663,5.915,3,1262,7604,8951582,16412750,2048,1024
9464,24.313,18.298,6.016,3,1264,7588,8965406,16388064,2048,1024
9465,24.893,18.893,6.000,3,1266,7718,9474078,16845736,2048,1024
9466,25.144,19.128,6.016,3,1288,7890,9640734,17277158,2048,1024
9467,25.360,19.155,6.205,3,1284,7774,9527326,17021710,2048,1024
9468,25.047,18.963,6.084,3,1288,7786,9549086,17052432,2048,1024
9469,25.940,19.773,6.167,3,1294,7788,9555998,17049438,2048,1024
9470,25.905,19.749,6.156,3,1306,7938,9690654,17304204,2048,1024
9471,26.887,20.850,6.037,3,1294,7812,9544990,17127394,2048,1024
9472,27.355,21.231,6.124,3,1264,7712,9496542,17017016,2048,1024
9473,26.346,20.151,6.195,3,1298,7858,9544926,16962222,2048,1024
9474,26.965,20.826,6.139,3,1310,8004,9689566,17244456,2048,1024
9475,25.081,18.981,6.100,3,1302,7884,9549022,16953524,2048,1024
9476,25.262,19.200,6.061,3,1268,7784,9503710,16966236,2048,1024
9477,25.628,19.191,6.437,3,1302,7870,9554142,17055536,2048,1024
9478,25.616,19.406,6.210,3,1320,8048,9711838,17347952,2048,1024
9479,25.378,19.300,6.079,3,1304,7866,9557982,17009730,2048,1024
9480,25.417,19.212,6.205,3,1310,7904,9593566,17055520,2048,1024
9481,25.052,18.971,6.081,3,1306,7856,9561054,16961496,2048,1024
9482,25.669,19.506,6.163,3,1316,8022,9705694,17336458,2048,1024
9483,25.186,19.179,6.007,3,1292,7814,9545694,16989468,2048,1024
9484,25.898,19.764,6.134,3,1300,7906,9578206,17027764,2048,1024
9485,25.239,19.196,6.043,3,1290,7824,9524126,16885778,2048,1024
9486,25.072,18.985,6.087,3,1300,7962,9151134,17147180,2048,1024
9487,25.222,19.175,6.047,3,1280,7792,9001886,16793922,2048,1024
9488,25.135,19.095,6.041,3,1286,7826,9016478,16888106,2048,1024
9489,25.065,19.038,6.026,3,1282,7740,8990622,16788970,2048,1024
9490,25.130,18.950,6.179,3,1322,7980,9166494,17099396,2048,1024
9491,25.394,18.942,6.451,3,1294,7730,8997790,16713046,2048,1024
9492,26.971,20.676,6.295,3,1300,7792,9023646,16721292,2048,1024
9493,25.314,19.021,6.293,3,1294,7748,8975774,16667664,2048,1024
9494,24.976,18.798,6.178,3,1326,7952,9171102,17002386,2048,1024
9495,24.903,18.653,6.249,3,1314,7854,9027230,16662988,2048,1024
9496,24.966,18.653,6.313,3,1338,7838,9072798,16714856,2048,1024
9497,24.836,18.567,6.269,3,1328,7772,9040286,16599450,2048,1024
9498,25.005,18.751,6.254,3,1340,7908,9175198,16821172,2048,1024
9499,25.245,18.916,6.330,3,1318,7716,9001118,16540696,2048,1024
9500,24.499,18.335,6.164,3,1330,7782,9024094,16531672,2048,1024
9501,24.992,18.784,6.207,3,1324,7708,9014366,16465894,2048,1024
9502,25.117,18.791,6.326,3,1350,7938,9172574,16744362,2048,1024
9503,24.946,18.684,6.262,3,1330,7814,9019742,16393456,2048,1024
9504,24.627,18.389,6.237,3,1342,7858,9040222,16391148,2048,1024
9505,25.210,18.707,6.503,3,1364,7894,9056350,16379494,2048,1024
9506,24.948,18.687,6.261,3,1360,7964,9159262,16626118,2048,1024
9507,24.983,18.766,6.218,3,1358,7924,9555806,16662320,2048,1024
9508,25.909,19.500,6.409,3,1390,8174,10157150,17327006,2048,1024
9509,26.089,19.712,6.377,3,1378,8092,10110302,17215098,2048,1024
9510,25.765,19.387,6.378,3,1394,8268,10265438,17511388,2048,1024
9511,25.832,19.362,6.470,3,1390,8118,10121054,17208782,2048,1024
9512,25.686,19.284,6.402,3,1366,8074,10088030,17226456,2048,1024
9513,25.586,19.218,6.368,3,1366,8032,10062942,17156644,2048,1024
9514,26.523,19.926,6.597,3,1408,8344,10259550,17538508,2048,1024
9515,25.842,19.254,6.588,3,1388,8222,10118238,17241462,2048,1024
9516,26.119,19.630,6.489,3,1382,8214,10133086,17248088,2048,1024
9517,25.782,19.221,6.560,3,1388,8230,10131486,17226274,2048,1024
9518,26.041,19.517,6.524,3,1394,8318,10239774,17432360,2048,1024
9519,25.689,19.288,6.401,3,1388,8226,10133022,17298898,2048,1024
9520,25.938,19.558,6.380,3,1398,8230,10164254,17347972,2048,1024
9521,25.517,19.135,6.382,3,1400,8210,10145310,17290818,2048,1024
9522,26.181,19.546,6.635,3,1392,8228,10241822,17463058,2048,1024
9523,25.625,19.316,6.309,3,1370,8050,10067486,17096062,2048,1024
9524,25.790,19.378,6.412,3,1382,8108,10086686,17121460,2048,1024
9525,25.407,19.104,6.303,3,1380,8054,10069534,17047726,2048,1024
9526,25.924,19.542,6.382,3,1410,8176,10242590,17449736,2048,1024
9527,25.869,19.427,6.442,3,1402,8056,10116638,17155802,2048,1024
9528,25.926,19.246,6.680,3,1410,8096,10133534,17157226,2048,1024
9529,26.446,19.976,6.470,3,1366,7856,9505566,17027040,2048,1024
9530,27.366,20.736,6.630,3,1420,8146,9747998,17451778,2048,1024
9531,28.798,21.876,6.922,3,1408,8026,9635614,17170118,2048,1024
9532,27.664,20.943,6.721,3,1378,8006,9653022,17187858,2048,1024
9533,26.535,20.091,6.444,3,1366,8002,9623070,17077564,2048,1024
9534,26.236,19.811,6.425,3,1358,8022,9714974,17342142,2048,1024
9535,25.420,19.044,6.376,3,1340,7834,9551902,16975110,2048,1024
9536,25.654,19.264,6.390,3,1360,7932,9606622,17056836,2048,1024
9537,25.141,18.821,6.320,3,1354,7922,9582046,16958854,2048,1024
9538,26.001,19.608,6.392,3,1368,8012,9722846,17209602,2048,1024
9539,25.589,19.008,6.581,3,1354,7848,9578974,16875050,2048,1024
9540,24.879,18.549,6.329,3,1310,7668,9498846,16678962,2048,1024
9541,24.429,18.364,6.066,3,1252,7512,9464286,16561020,2048,1024
9542,24.843,18.931,5.912,3,1250,7550,9575390,16874980,2048,1024
9543,25.059,18.736,6.324,3,1272,7588,9579742,16828336,2048,1024
9544,24.881,18.886,5.995,3,1294,7670,9653214,16947274,2048,1024
9545,24.662,18.634,6.027,3,1300,7686,9662174,16914056,2048,1024
9546,25.693,19.468,6.225,3,1284,7624,9622494,16799342,2048,1024
9547,24.529,18.521,6.008,3,1284,7542,9517278,16552824,2048,1024
9548,24.689,18.428,6.260,3,1264,7450,9419486,16331226,2048,1024
9549,25.007,18.647,6.360,3,1322,7766,9628894,16721580,2048,1024
9550,25.316,19.318,5.998,3,1318,7800,9721310,16982688,2048,1024
9551,25.238,19.197,6.041,3,1320,7860,10110686,17199204,2048,1024
9552,25.223,19.228,5.995,3,1306,7834,10119390,17216028,2048,1024
9553,25.631,19.603,6.028,3,1316,7812,10055902,17069606,2048,1024
9554,25.265,19.243,6.023,3,1320,7922,10165726,17288734,2048,1024
9555,25.404,19.357,6.047,3,1322,7868,10068126,17079756,2048,1024
9556,24.792,18.809,5.982,3,1304,7810,10012062,16954108,2048,1024
9557,25.524,19.572,5.952,3,1308,7804,10011038,16931732,2048,1024
9558,25.056,19.010,6.046,3,1304,7798,10071966,17054962,2048,1024
9559,24.728,18.875,5.852,3,1286,7630,9898910,16799918,2048,1024
9560,24.501,18.692,5.809,3,1282,7580,9878942,16754330,2048,1024
9561,24.798,18.869,5.929,3,1280,7530,9851038,16678790,2048,1024
9562,24.931,19.121,5.810,3,1290,7662,9978270,16930178,2048,1024
9563,24.924,19.026,5.898,3,1306,7636,9878430,16720068,2048,1024
9564,24.572,18.588,5.984,3,1304,7622,9871262,16695218,2048,1024
9565,24.979,18.973,6.005,3,1304,7648,9865630,16666606,2048,1024
9566,25.021,19.054,5.967,3,1312,7800,10006942,16944844,2048,1024
9567,25.103,19.075,6.028,3,1304,7686,9887838,16691732,2048,1024
9568,25.312,19.122,6.190,3,1276,7622,9863518,16724530,2048,1024
9569,26.253,19.855,6.398,3,1302,7736,9895262,16772388,2048,1024
9570,25.328,19.317,6.011,3,1302,7748,9995102,16967136,2048,1024
9571,24.787,18.894,5.893,3,1302,7708,9891678,16743596,2048,1024
9572,24.908,18.764,6.143,3,1316,7702,9384798,16742064,2048,1024
9573,25.158,19.014,6.144,3,1306,7654,9349214,16631896,2048,1024
9574,25.062,19.023,6.039,3,1312,7710,9441630,16788024,2048,1024
9575,24.514,18.615,5.899,3,1300,7646,8823646,16560004,2048,1024
9576,24.525,18.526,6.000,3,1272,7516,8765790,16504782,2048,1024
9577,24.856,18.887,5.968,3,1300,7618,8826206,16584998,2048,1024
9578,25.123,19.012,6.111,3,1322,7718,8960350,16811086,2048,1024
9579,24.767,18.872,5.896,3,1310,7596,8842334,16533410,2048,1024
9580,24.399,18.428,5.971,3,1294,7578,8838942,16489510,2048,1024
9581,24.783,18.806,5.977,3,1314,7592,8853278,16472170,2048,1024
9582,24.875,18.796,6.079,3,1318,7642,8930078,16585132,2048,1024
9583,24.300,18.381,5.919,3,1314,7478,8812830,16306608,2048,1024
9584,24.786,18.700,6.086,3,1322,7506,8829726,16302576,2048,1024
9585,24.473,18.406,6.067,3,1306,7416,8761886,16238818,2048,1024
9586,24.776,18.745,6.030,3,1334,7574,8924446,16525882,2048,1024
9587,24.495,18.503,5.992,3,1320,7412,8815390,16268280,2048,1024
9588,24.784,18.711,6.073,3,1316,7412,8812830,16217756,2048,1024
9589,25.835,19.778,6.056,3,1322,7466,8837406,16222724,2048,1024
9590,25.987,19.926,6.062,3,1322,7504,8934686,16376240,2048,1024
9591,25.613,19.566,6.047,3,1320,7442,8806942,16077132,2048,1024
9592,25.034,19.154,5.880,3,1318,7424,8805086,16031066,2048,1024
9593,24.973,18.486,6.487,3,1328,7426,8818910,16019142,2048,1024
9594,25.541,18.999,6.542,3,1328,7666,9453790,16825342,2048,1024
9595,25.089,19.068,6.021,3,1322,7554,9338590,16573078,2048,1024
9596,24.762,18.777,5.985,3,1294,7484,9306846,16487686,2048,1024
9597,25.573,19.508,6.066,3,1306,7522,9319902,16487758,2048,1024
9598,24.787,18.823,5.964,3,1318,7626,9438430,16708276,2048,1024
9599,24.963,19.118,5.845,3,1314,7510,9325278,16459734,2048,1024
9600,24.390,18.530,5.859,3,1314,7512,9335518,16459570,2048,1024
9601,25.180,18.884,6.296,3,1324,7496,9343710,16455494,2048,1024
9602,24.973,19.077,5.896,3,1322,7548,9457886,16660458,2048,1024
9603,24.759,18.830,5.929,3,1308,7406,9323486,16492314,2048,1024
9604,24.257,18.521,5.736,3,1292,7390,9296606,16413392,2048,1024
9605,24.645,18.885,5.760,3,1298,7394,9305758,16402522,2048,1024
9606,24.866,18.879,5.986,3,1306,7508,9425054,16625256,2048,1024
9607,24.933,18.949,5.983,3,1306,7448,9330846,16415430,2048,1024
9608,24.254,18.411,5.843,3,1288,7424,9306270,16345120,2048,1024
9609,24.588,18.748,5.840,3,1296,7448,9311646,16335206,2048,1024
9610,25.367,19.502,5.865,3,1302,7496,9416862,16522398,2048,1024
9611,25.289,19.338,5.951,3,1304,7414,9322910,16318170,2048,1024
9612,24.040,18.268,5.772,3,1292,7386,9313694,16408414,2048,1024
9613,24.562,18.724,5.839,3,1296,7386,9306526,16368390,2048,1024
9614,25.229,19.355,5.874,3,1296,7518,9440158,16616284,2048,1024
9615,24.716,18.899,5.817,3,1290,7392,8816542,16377248,2048,1024
9616,24.306,18.412,5.894,3,1286,7384,8819358,16339500,2048,1024
9617,24.238,18.274,5.963,3,1288,7404,8827742,16313554,2048,1024
9618,24.466,18.662,5.805,3,1290,7438,8920158,16453794,2048,1024
9619,24.045,18.301,5.745,3,1288,7342,8797790,16167688,2048,1024
9620,24.054,18.209,5.845,3,1280,7300,8784478,16092880,2048,1024
9621,24.064,18.309,5.755,3,1286,7348,8791390,16192356,2048,1024
9622,24.532,18.628,5.904,3,1290,7462,8926558,16425884,2048,1024
9623,24.153,18.282,5.871,3,1288,7332,8798558,16128512,2048,1024
9624,23.703,17.990,5.713,3,1276,7280,8766558,16021290,2048,1024
9625,23.715,17.958,5.758,3,1284,7288,8794718,16034946,2048,1024
9626,24.366,18.589,5.777,3,1276,7346,8900190,16202310,2048,1024
9627,24.302,18.290,6.012,3,1276,7280,8783198,15930578,2048,1024
9628,23.836,17.993,5.842,3,1268,7262,8769630,15860646,2048,1024
9629,24.023,18.229,5.793,3,1250,7188,8732702,15855068,2048,1024
9630,24.340,18.601,5.738,3,1272,7326,8899102,16150092,2048,1024
9631,23.818,18.035,5.783,3,1268,7236,8775710,15862260,2048,1024
9632,23.521,17.872,5.649,3,1262,7176,8756766,15781286,2048,1024
9633,24.141,18.406,5.735,3,1272,7236,8779550,15786120,2048,1024
9634,23.868,18.179,5.690,3,1268,7332,8903710,15991550,2048,1024
9635,23.552,17.871,5.681,3,1258,7238,8790046,15724368,2048,1024
9636,24.626,18.592,6.034,3,1278,7364,9326110,16028862,2048,1024
9637,24.837,18.937,5.900,3,1298,7534,9845278,16478698,2048,1024
9638,25.182,19.214,5.968,3,1266,7518,9904670,16702972,2048,1024
9639,24.789,18.936,5.853,3,1314,7678,9878814,16640980,2048,1024
9640,24.557,18.699,5.857,3,1304,7622,9853982,16572782,2048,1024
9641,24.411,18.652,5.759,3,1302,7604,9878558,16608020,2048,1024
9642,25.138,19.016,6.122,3,1324,7762,9989598,16810560,2048,1024
9643,24.622,18.591,6.031,3,1324,7664,9870814,16559562,2048,1024
9644,24.411,18.420,5.992,3,1314,7654,9866206,16538588,2048,1024
9645,24.608,18.663,5.944,3,1334,7714,9903326,16594192,2048,1024
9646,24.698,18.687,6.011,3,1324,7742,10012126,16793696,2048,1024
9647,24.995,18.760,6.235,3,1314,7642,9885662,16648242,2048,1024
9648,25.068,18.932,6.136,3,1326,7672,9888222,16643814,2048,1024
9649,24.641,18.732,5.909,3,1326,7664,9893854,16641084,2048,1024
9650,26.201,20.227,5.974,3,1328,7800,10012126,16860966,2048,1024
9651,26.127,20.089,6.038,3,1346,7756,9913566,16657152,2048,1024
9652,26.544,20.529,6.015,3,1346,7740,9896414,16606746,2048,1024
9653,27.812,21.578,6.234,3,1374,8148,10470366,17605500,2048,1024
9654,27.215,20.916,6.299,3,1392,8410,10733470,18142318,2048,1024
9655,26.705,20.556,6.149,3,1392,8286,10609566,17894832,2048,1024
9656,26.741,19.994,6.748,3,1396,8318,10635678,18045960,2048,1024
9657,26.849,20.191,6.658,3,1416,8384,10672286,18121004,2048,1024
9658,27.226,20.644,6.582,3,1416,8450,10252702,18326720,2048,1024
9659,26.821,20.364,6.458,3,1404,8324,10128286,18059546,2048,1024
9660,26.878,20.307,6.570,3,1412,8388,10081182,17954700,2048,1024
9661,26.744,20.311,6.433,3,1422,8458,10082206,17929410,2048,1024
9662,26.872,20.434,6.438,3,1440,8642,10218142,18162746,2048,1024
9663,27.279,20.928,6.351,3,1438,8534,10105758,17901154,2048,1024
9664,26.203,19.891,6.311,3,1420,8462,10033822,17719044,2048,1024
9665,26.783,20.352,6.431,3,1420,8478,10052254,17837972,2048,1024
9666,27.508,21.115,6.393,3,1446,8568,10203550,18096282,2048,1024
9667,26.640,20.159,6.480,3,1440,8446,10087774,17843412,2048,1024
9668,26.741,20.370,6.371,3,1436,8380,10075998,17785096,2048,1024
9669,26.871,20.482,6.389,3,1442,8436,10076766,17748914,2048,1024
9670,27.172,20.504,6.668,3,1468,8612,10244958,18043074,2048,1024
9671,26.863,20.295,6.568,3,1472,8508,10128734,17780388,2048,1024
9672,26.505,20.012,6.493,3,1444,8370,10091358,17660346,2048,1024
9673,26.920,20.395,6.526,3,1442,8340,10090334,17633386,2048,1024
9674,26.863,20.469,6.393,3,1458,8536,10266974,18041580,2048,1024
9675,26.748,20.159,6.589,3,1454,8408,10162782,17808346,2048,1024
9676,27.321,20.968,6.354,3,1452,8426,10157406,17760602,2048,1024
9677,27.110,20.466,6.644,3,1460,8384,10158942,17727852,2048,1024
9678,28.235,21.660,6.576,3,1476,8534,10351966,18071532,2048,1024
9679,27.148,20.666,6.482,3,1476,8380,10190110,17720074,2048,1024
9680,27.534,20.965,6.569,3,1486,8558,10727198,18204642,2048,1024
9681,27.588,20.857,6.730,3,1486,8550,10722846,18205582,2048,1024
9682,28.124,21.622,6.502,3,1434,8490,10789150,18431082,2048,1024
9683,27.667,21.070,6.598,3,1450,8442,10660638,18171450,2048,1024
9684,28.271,21.703,6.569,3,1484,8562,10720030,18164266,2048,1024
9685,28.192,21.303,6.889,3,1480,8522,10620702,17951526,2048,1024
9686,27.547,20.886,6.660,3,1490,8706,10780958,18279414,2048,1024
9687,27.591,20.980,6.610,3,1486,8608,10610718,17928500,2048,1024
9688,29.833,23.216,6.618,3,1490,8614,10623774,17968626,2048,1024
9689,27.704,21.004,6.700,3,1492,8590,10609950,17925198,2048,1024
9690,27.401,20.806,6.595,3,1494,8744,10772766,18257868,2048,1024
9691,27.445,20.941,6.505,3,1454,8452,10545374,17922628,2048,1024
9692,27.544,21.029,6.515,3,1480,8524,10575070,17955466,2048,1024
9693,27.358,20.814,6.544,3,1482,8502,10570718,17952610,2048,1024
9694,30.402,23.757,6.645,3,1492,8670,10745566,18285444,2048,1024
9695,29.774,23.006,6.768,3,1484,8538,10579678,17963738,2048,1024
9696,28.536,21.913,6.624,3,1476,8526,10032350,17904290,2048,1024
9697,27.584,20.963,6.621,3,1478,8590,10032862,17889882,2048,1024
9698,31.065,24.591,6.474,3,1474,8644,10211038,18223600,2048,1024
9699,28.853,22.159,6.694,3,1462,8480,10035166,17859124,2048,1024
9700,27.124,20.269,6.855,3,1464,8498,10044126,17957014,2048,1024
9701,28.254,21.558,6.697,3,1466,8460,9528542,17932708,2048,1024
9702,28.495,21.843,6.651,3,1484,8552,9680606,18193812,2048,1024
9703,26.784,20.144,6.640,3,1462,8376,9490654,17774660,2048,1024
9704,26.581,20.158,6.423,3,1454,8328,9474206,17704198,2048,1024
9705,27.329,20.948,6.381,3,1448,8374,9471390,17658458,2048,1024
9706,27.628,21.002,6.626,3,1438,8416,9599134,17859022,2048,1024
9707,27.681,21.268,6.414,3,1426,8224,9415838,17457688,2048,1024
9708,27.506,20.984,6.522,3,1420,8148,9372318,17331486,2048,1024
9709,27.369,20.974,6.396,3,1434,8164,9396382,17406836,2048,1024
9710,26.417,19.972,6.444,3,1426,8266,9537182,17648948,2048,1024
9711,26.149,19.667,6.482,3,1410,8056,9364382,17236936,2048,1024
9712,25.847,19.583,6.264,3,1406,8016,9321630,17109316,2048,1024
9713,25.752,19.437,6.314,3,1408,7862,9312414,17024816,2048,1024
9714,26.571,20.252,6.319,3,1410,7938,9453726,17253918,2048,1024
9715,26.160,19.707,6.453,3,1394,7872,9280670,16856900,2048,1024
9716,26.026,19.618,6.408,3,1414,7968,9389662,17039316,2048,1024
9717,25.892,19.582,6.311,3,1406,7984,9383262,16986986,2048,1024
9718,26.258,19.925,6.333,3,1404,8102,9526366,17324740,2048,1024
9719,26.080,19.760,6.320,3,1388,7958,9370206,16986300,2048,1024
9720,26.015,19.770,6.245,3,1396,8084,9469534,17147292,2048,1024
9721,26.325,19.974,6.351,3,1390,8070,9469534,17106536,2048,1024
9722,26.510,20.181,6.330,3,1400,8226,9718878,17557332,2048,1024
9723,26.738,20.483,6.255,3,1396,8312,10073438,17679042,2048,1024
9724,26.831,20.530,6.301,3,1406,8434,10225246,17972626,2048,1024
9725,28.177,21.857,6.321,3,1406,8430,10228830,17958310,2048,1024
9726,27.812,21.113,6.699,3,1476,8808,10520158,18520610,2048,1024
9727,27.370,20.631,6.739,3,1470,8752,10378334,18341900,2048,1024
9728,26.954,20.336,6.618,3,1454,8684,10294366,18154072,2048,1024
9729,27.133,20.540,6.594,3,1460,8640,10302238,18126732,2048,1024
9730,28.179,21.567,6.612,3,1470,8802,10467358,18395576,2048,1024
9731,27.273,20.649,6.623,3,1470,8690,10300958,18070654,2048,1024
9732,26.952,20.221,6.731,3,1430,8510,10157086,17903492,2048,1024
9733,26.950,20.206,6.744,3,1444,8536,10155550,17884000,2048,1024
9734,26.989,20.316,6.673,3,1438,8600,10313758,18167076,2048,1024
9735,26.629,20.048,6.581,3,1400,8372,10097950,17836280,2048,1024
9736,26.662,20.010,6.651,3,1404,8376,10059806,17742664,2048,1024
9737,26.703,19.979,6.724,3,1418,8382,10079262,17770892,2048,1024
9738,26.848,20.283,6.564,3,1432,8520,10256414,18095662,2048,1024
9739,26.701,20.131,6.569,3,1426,8360,10078750,17745200,2048,1024
9740,26.169,19.670,6.499,3,1416,8306,10051614,17671672,2048,1024
9741,27.352,20.467,6.885,3,1438,8410,10058238,17663030,2048,1024
9742,37.687,27.587,10.100,8,2358,15804,12450814,22774242,2048,1024
9743,37.658,27.733,9.925,6,2338,15544,12138238,22145248,2048,1024
9744,11.101,9.713,1.387,2,24,2236,4034302,8084046,2048,1024
9745,42.635,26.881,15.754,6,2348,15526,11618302,22195408,2048,1024
9746,10.672,9.708,0.964,2,24,2236,4034302,8084046,2048,1024
9747,42.178,26.491,15.687,6,2364,15484,11468030,21871320,2048,1024
9748,10.657,9.679,0.978,2,24,2236,4034302,8084046,2048,1024
9749,42.319,26.644,15.675,6,2392,15784,11753470,22250236,2048,1024
9750,10.771,9.812,0.959,2,24,2236,4034302,8084046,2048,1024
9751,42.883,27.288,15.595,6,2382,15772,11743230,22175968,2048,1024
9752,11.385,10.225,1.160,2,24,2236,4034302,8084046,2048,1024
9753,43.354,27.481,15.873,6,2356,15670,11591166,21910314,2048,1024
9754,10.887,9.787,1.100,2,24,2236,4034302,8084046,2048,1024
9755,45.046,28.997,16.049,6,2346,15572,11564798,21794808,2048,1024
9756,11.503,10.398,1.106,2,24,2236,4034302,8084046,2048,1024
9757,41.868,26.917,14.951,6,2334,15636,11741950,22093480,2048,1024
9758,11.401,10.163,1.238,2,24,2236,4034302,8084046,2048,1024
9759,43.686,28.579,15.107,6,2286,15418,11671806,21872242,2048,1024
9760,11.611,10.113,1.498,2,24,2236,4034302,8084046,2048,1024
9761,43.743,28.804,14.939,6,2258,15366,11670014,21831534,2048,1024
9762,12.067,11.058,1.009,2,24,2236,4034302,8084046,2048,1024
9763,40.545,26.443,14.102,6,2242,15416,11735038,21966282,2048,1024
9764,10.889,9.869,1.020,2,24,2236,4034302,8084046,2048,1024
9765,42.517,27.421,15.096,6,2226,15476,11821822,22140614,2048,1024
9766,11.324,10.360,0.964,2,24,2236,4034302,8084046,2048,1024
9767,41.800,27.067,14.733,6,2198,15328,11671550,21821790,2048,1024
9768,11.840,10.440,1.400,2,24,2236,4034302,8084046,2048,1024
9769,38.856,24.945,13.911,6,2110,14942,11387390,21222746,2048,1024
9770,10.857,9.844,1.012,2,24,2236,4034302,8084046,2048,1024
9771,39.760,25.253,14.508,6,2098,14938,11495166,21377574,2048,1024
9772,10.758,9.725,1.034,2,24,2236,4034302,8084046,2048,1024
9773,40.429,25.735,14.694,6,2084,15064,11731198,21793268,2048,1024
9774,12.023,10.909,1.115,2,24,2236,4034302,8084046,2048,1024
9775,39.312,25.942,13.370,6,2070,14824,11542526,21399500,2048,1024
9776,10.911,9.933,0.979,2,24,2236,4034302,8084046,2048,1024
9777,40.090,25.689,14.401,6,2056,14812,11639806,21525422,2048,1024
9778,11.402,10.436,0.966,2,24,2236,4034302,8084046,2048,1024
9779,39.459,25.567,13.891,6,2052,14688,11561726,21291454,2048,1024
9780,11.508,10.549,0.959,2,24,2236,4034302,8084046,2048,1024
9781,39.740,26.092,13.649,6,2028,14670,11681278,21625358,2048,1024
9782,10.871,9.839,1.032,2,24,2236,4034302,8084046,2048,1024
9783,40.245,25.914,14.331,6,2008,14528,11588350,21442858,2048,1024
9784,10.636,9.666,0.970,2,24,2236,4034302,8084046,2048,1024
9785,39.804,25.391,14.413,6,1994,14518,11616510,21403140,2048,1024
9786,10.764,9.741,1.023,2,24,2236,4034302,8084046,2048,1024
9787,40.631,26.311,14.319,6,2010,14764,12298238,22050362,2048,1024
9788,11.450,10.477,0.974,2,24,2236,4034302,8084046,2048,1024
9789,41.863,28.177,13.686,6,2002,14984,12951550,22732018,2048,1024
9790,10.666,9.682,0.984,2,24,2236,4034302,8084046,2048,1024
9791,41.183,26.823,14.360,6,1984,14774,12755198,22308566,2048,1024
9792,10.707,9.668,1.040,2,24,2236,4034302,8084046,2048,1024
9793,40.862,26.478,14.383,6,1978,14822,12863742,22463560,2048,1024
9794,10.699,9.744,0.955,2,24,2236,4034302,8084046,2048,1024
9795,40.918,26.686,14.232,6,1978,14820,12893182,22488592,2048,1024
9796,10.842,9.855,0.987,2,24,2236,4034302,8084046,2048,1024
9797,40.700,26.440,14.260,6,1962,14806,12903166,22489204,2048,1024
9798,10.950,9.883,1.066,2,24,2236,4034302,8084046,2048,1024
9799,41.837,27.572,14.265,6,1962,14694,12837886,22432182,2048,1024
9800,11.855,10.779,1.076,2,24,2236,4034302,8084046,2048,1024
9801,40.945,27.826,13.118,6,1904,14536,12795134,22282940,2048,1024
9802,12.290,11.056,1.234,2,24,2236,4034302,8084046,2048,1024
9803,41.592,28.832,12.760,6,1900,14430,12596734,21983592,2048,1024
9804,10.761,9.735,1.025,2,24,2236,4034302,8084046,2048,1024
9805,35.126,22.758,12.369,3,1400,8886,11302142,19042712,2048,1024
9806,11.802,10.579,1.223,2,24,2236,4034302,8084046,2048,1024
9807,32.696,21.449,11.247,3,1360,8378,10806270,18010018,2048,1024
9808,29.485,23.108,6.377,3,1358,8336,10752510,17836514,2048,1024
9809,27.979,21.516,6.463,3,1370,8332,10793470,17881146,2048,1024
9810,29.897,23.334,6.563,3,1346,8288,10730238,17776206,2048,1024
9811,27.880,21.281,6.599,3,1338,8184,10578942,17497914,2048,1024
9812,26.766,20.535,6.231,3,1326,8156,10603518,17568898,2048,1024
9813,26.261,20.078,6.183,3,1324,8106,10564606,17538116,2048,1024
9814,26.816,20.308,6.508,3,1314,8050,10544382,17447428,2048,1024
9815,28.090,21.920,6.170,3,1318,7954,10503934,17282436,2048,1024
9816,25.418,19.306,6.112,3,1314,7902,10497022,17207112,2048,1024
9817,26.116,19.899,6.217,3,1322,7878,10530302,17230246,2048,1024
9818,25.481,19.392,6.089,3,1304,7816,10407166,16941096,2048,1024
9819,26.041,19.887,6.154,3,1298,7690,9837310,16755302,2048,1024
9820,25.620,19.608,6.013,3,1262,7586,9795582,16736862,2048,1024
9821,25.751,19.771,5.979,3,1294,7594,9751294,16579502,2048,1024
9822,26.543,20.477,6.066,3,1292,7618,9779454,16610752,2048,1024
9823,24.795,18.821,5.974,3,1294,7662,9716222,16496240,2048,1024
9824,24.045,18.142,5.903,3,1280,7618,9709054,16566290,2048,1024
9825,25.729,19.761,5.968,3,1282,7604,9773822,16628926,2048,1024
9826,25.190,19.242,5.948,3,1276,7698,9810430,16638626,2048,1024
9827,24.260,18.338,5.922,3,1282,7602,9685502,16367504,2048,1024
9828,23.963,17.945,6.018,3,1268,7514,9483774,16083846,2048,1024
9829,23.842,17.909,5.933,3,1270,7502,9473278,16154950,2048,1024
9830,24.033,18.183,5.850,3,1270,7516,9471742,16141260,2048,1024
9831,23.942,17.960,5.982,3,1242,7316,9393918,16011538,2048,1024
9832,23.656,18.073,5.582,3,1208,7216,9344254,15869624,2048,1024
9833,23.274,17.699,5.575,3,1190,7162,9325054,15802404,2048,1024
9834,23.042,17.575,5.467,3,1148,6992,9239038,15625946,2048,1024
9835,22.897,17.619,5.278,3,1122,6926,9190142,15487208,2048,1024
9836,22.407,17.230,5.176,3,1102,6738,9016830,15102250,2048,1024
9837,22.686,17.424,5.262,3,1104,6720,8952574,15044736,2048,1024
9838,22.572,17.236,5.336,3,1098,6724,9009150,15217114,2048,1024
9839,23.111,17.891,5.220,3,1112,6756,9026814,15198358,2048,1024
9840,23.341,18.142,5.200,3,1102,6692,9009406,15111388,2048,1024
9841,23.232,17.949,5.283,3,1110,6866,9549310,15550070,2048,1024
9842,22.984,17.655,5.330,3,1108,6824,9548798,15550988,2048,1024
9843,22.759,17.388,5.372,3,1108,6790,9514750,15513830,2048,1024
9844,22.813,17.472,5.341,3,1106,6844,9563902,15573946,2048,1024
9845,23.243,18.022,5.221,3,1110,6918,9631230,15665868,2048,1024
9846,22.967,17.774,5.193,3,1094,6856,9605118,15609002,2048,1024
9847,23.532,18.244,5.288,3,1100,6834,9583870,15630632,2048,1024
9848,22.808,17.640,5.168,3,1104,6830,9568254,15541354,2048,1024
9849,23.054,17.906,5.148,3,1108,6828,9584638,15530398,2048,1024
9850,22.471,17.318,5.153,3,1088,6754,9499902,15329514,2048,1024
9851,22.610,17.534,5.076,3,1094,6700,9494270,15295600,2048,1024
9852,22.018,16.917,5.101,3,1086,6646,9463294,15171082,2048,1024
9853,22.312,17.087,5.226,3,1090,6634,9464574,15118338,2048,1024
9854,22.048,16.877,5.171,3,1076,6588,9384958,14922690,2048,1024
9855,21.726,16.619,5.107,3,1064,6394,9142014,14548530,2048,1024
9856,21.718,16.865,4.854,3,1038,6346,9067006,14563392,2048,1024
9857,22.233,17.302,4.931,3,1040,6352,9051646,14555072,2048,1024
9858,21.591,16.560,5.030,3,1028,6264,8971518,14362884,2048,1024
9859,23.418,18.462,4.956,3,1036,6248,8974846,14343156,2048,1024
9860,26.346,20.820,5.526,7,1102,7040,10074622,16520322,2048,1024
9861,24.976,19.425,5.551,7,1118,7062,9993214,16523176,2048,1024
9862,26.392,20.914,5.477,7,1134,7126,9538302,16633146,2048,1024
9863,25.933,20.191,5.742,7,1166,7206,9572862,16684794,2048,1024
9864,27.086,21.402,5.685,7,1150,7222,9581566,16787552,2048,1024
9865,26.500,20.613,5.888,7,1206,7398,9153278,16930618,2048,1024
9866,26.615,20.778,5.837,7,1210,7476,9211646,17012646,2048,1024
9867,26.367,20.237,6.130,7,1242,7522,9242366,17037098,2048,1024
9868,27.452,21.327,6.125,7,1264,7670,9328382,17170164,2048,1024
9869,26.943,20.715,6.228,7,1294,7806,9340926,17167670,2048,1024
9870,27.084,20.918,6.166,7,1312,7976,9425662,17303460,2048,1024
9871,27.746,21.419,6.327,7,1342,8060,9465086,17346218,2048,1024
9872,28.183,21.785,6.398,7,1354,8134,9541886,17463896,2048,1024
9873,27.979,21.422,6.557,7,1344,8060,9458174,17385038,2048,1024
9874,28.447,21.915,6.531,7,1384,8276,9581054,17600240,2048,1024
9875,29.102,22.432,6.670,7,1414,8360,9615614,17638820,2048,1024
9876,29.310,22.643,6.667,7,1424,8406,9699326,17770202,2048,1024
9877,29.572,22.581,6.991,7,1448,8392,9725694,17786858,2048,1024
9878,29.729,22.842,6.887,7,1456,8476,9800958,17905062,2048,1024
9879,31.323,24.231,7.092,7,1492,8566,9850110,17972282,2048,1024
9880,31.953,24.890,7.063,7,1512,8644,9934590,18109662,2048,1024
9881,34.043,26.614,7.429,7,1532,8668,9955582,18118114,2048,1024
9882,31.640,24.520,7.120,7,1540,8760,10030334,18319140,2048,1024
9883,31.985,24.752,7.233,7,1572,8842,10069758,18364436,2048,1024
9884,32.337,25.027,7.309,7,1590,9086,10675966,18941332,2048,1024
9885,33.158,25.730,7.428,7,1616,9156,10711550,18993420,2048,1024
9886,32.783,25.184,7.599,7,1634,9300,10796286,19152546,2048,1024
9887,33.999,26.527,7.473,7,1662,9376,10832894,19212118,2048,1024
9888,33.769,26.157,7.612,7,1674,9490,10919678,19371292,2048,1024
9889,33.481,25.838,7.643,7,1698,9578,10956542,19398804,2048,1024
9890,33.475,25.820,7.656,7,1712,9714,11038462,19552264,2048,1024
9891,34.731,26.519,8.212,7,1748,9794,11080190,19723326,2048,1024
9892,34.341,26.419,7.922,7,1762,9878,11160062,19872982,2048,1024
9893,34.681,26.597,8.085,7,1796,9946,11198206,19932870,2048,1024
9894,34.592,26.430,8.162,7,1840,10192,11347198,20227810,2048,1024
9895,10.722,9.798,0.924,2,24,2236,4034302,8084046,2048,1024
9896,40.191,26.289,13.902,7,1868,10230,11378430,20280342,2048,1024
9897,39.032,30.617,8.415,7,1900,10424,11497470,20508168,2048,1024
9898,10.624,9.701,0.923,2,24,2236,4034302,8084046,2048,1024
9899,41.563,27.327,14.235,7,1930,10500,11531006,20563318,2048,1024
9900,10.631,9.673,0.958,2,24,2236,4034302,8084046,2048,1024
9901,42.499,28.188,14.311,7,1950,10638,11646974,20787480,2048,1024
9902,10.532,9.612,0.921,2,24,2236,4034302,8084046,2048,1024
9903,42.745,28.255,14.490,7,1978,10756,11678974,20837628,2048,1024
9904,10.740,9.757,0.983,2,24,2236,4034302,8084046,2048,1024
9905,43.610,29.226,14.384,7,2012,10942,11807230,21176252,2048,1024
9906,11.036,10.100,0.935,2,24,2236,4034302,8084046,2048,1024
9907,44.500,29.623,14.877,7,2042,11094,11847166,21238914,2048,1024
9908,10.719,9.768,0.950,2,24,2236,4034302,8084046,2048,1024
9909,44.797,30.217,14.579,7,2066,11228,11952382,21436606,2048,1024
9910,10.654,9.691,0.963,2,24,2236,4034302,8084046,2048,1024
9911,45.314,30.414,14.899,7,2092,11354,11985662,21488304,2048,1024
9912,11.708,10.676,1.033,2,24,2236,4034302,8084046,2048,1024
9913,44.562,30.679,13.883,7,2124,11476,12113150,21730888,2048,1024
9914,10.827,9.702,1.125,2,24,2236,4034302,8084046,2048,1024
9915,45.640,30.780,14.861,7,2146,11574,11622910,21767172,2048,1024
9916,11.507,10.377,1.130,2,24,2236,4034302,8084046,2048,1024
9917,45.056,30.590,14.466,7,2168,11724,11744510,21977436,2048,1024
9918,10.950,9.828,1.122,2,24,2236,4034302,8084046,2048,1024
9919,46.038,31.080,14.959,7,2196,11760,11778814,22012996,2048,1024
9920,10.735,9.670,1.065,2,24,2236,4034302,8084046,2048,1024
9921,46.217,30.961,15.257,7,2220,11820,11826174,22074458,2048,1024
9922,11.123,9.881,1.242,2,24,2236,4034302,8084046,2048,1024
9923,45.544,30.322,15.222,7,2258,11882,11877374,22232842,2048,1024
9924,11.024,9.874,1.150,2,24,2236,4034302,8084046,2048,1024
9925,46.286,30.967,15.319,7,2282,11936,11934462,22313398,2048,1024
9926,10.788,9.725,1.063,2,24,2236,4034302,8084046,2048,1024
9927,49.404,33.887,15.517,7,2304,12026,11956478,22322908,2048,1024
9928,10.709,9.601,1.107,2,24,2236,4034302,8084046,2048,1024
9929,47.240,31.310,15.929,7,2334,12198,12017918,22412554,2048,1024
9930,10.761,9.620,1.142,2,24,2236,4034302,8084046,2048,1024
9931,47.221,31.781,15.440,7,2268,11982,11933438,22197356,2048,1024
9932,11.609,10.487,1.123,2,24,2236,4034302,8084046,2048,1024
9933,44.914,30.246,14.668,7,2282,12058,11972350,22240542,2048,1024
9934,11.420,10.292,1.128,2,24,2236,4034302,8084046,2048,1024
9935,43.337,28.716,14.621,7,2228,11874,11911422,22079972,2048,1024
9936,11.436,9.877,1.560,2,24,2236,4034302,8084046,2048,1024
9937,45.500,30.243,15.257,7,2252,11942,11967230,22157950,2048,1024
9938,10.836,9.673,1.163,2,24,2236,4034302,8084046,2048,1024
9939,44.407,29.319,15.087,7,2162,11620,11841022,21964040,2048,1024
9940,10.630,9.692,0.939,2,24,2236,4034302,8084046,2048,1024
9941,45.813,30.637,15.175,7,2210,11770,11955198,22146356,2048,1024
9942,11.082,10.130,0.953,2,24,2236,4034302,8084046,2048,1024
9943,51.266,34.189,17.077,7,2698,13862,12829182,23915772,2048,1024
9944,10.645,9.667,0.978,2,24,2236,4034302,8084046,2048,1024
9945,51.974,34.985,16.989,7,2730,13954,12952318,24129340,2048,1024
9946,10.799,9.753,1.046,2,24,2236,4034302,8084046,2048,1024
9947,52.662,35.982,16.680,7,2670,13812,12936190,24054576,2048,1024
9948,11.902,10.886,1.016,2,24,2236,4034302,8084046,2048,1024
9949,52.442,36.638,15.805,7,2702,13900,13035006,24219232,2048,1024
9950,10.625,9.701,0.924,2,24,2236,4034302,8084046,2048,1024
9951,50.659,33.903,16.756,7,2652,13728,12981502,24070862,2048,1024
9952,10.845,9.818,1.027,2,24,2236,4034302,8084046,2048,1024
9953,50.129,33.450,16.678,7,2674,13804,13070846,24214742,2048,1024
9954,10.576,9.647,0.929,2,24,2236,4034302,8084046,2048,1024
9955,50.462,33.812,16.650,7,2644,13668,12931838,23890072,2048,1024
9956,10.862,9.771,1.091,2,24,2236,4034302,8084046,2048,1024
9957,50.259,33.614,16.645,7,2650,13738,13458686,24298238,2048,1024
9958,10.726,9.762,0.964,2,24,2236,4034302,8084046,2048,1024
9959,51.098,34.497,16.600,7,2664,13904,14023422,24764842,2048,1024
9960,11.101,9.926,1.175,2,24,2236,4034302,8084046,2048,1024
9961,49.241,32.522,16.718,7,2682,13952,14100222,24914782,2048,1024
9962,10.743,9.738,1.005,2,24,2236,4034302,8084046,2048,1024
9963,48.414,31.875,16.539,7,2636,13856,14053886,24794320,2048,1024
9964,11.014,9.999,1.015,2,24,2236,4034302,8084046,2048,1024
9965,48.665,32.219,16.447,7,2656,13846,14122238,24922046,2048,1024
9966,11.780,10.741,1.040,2,24,2236,4034302,8084046,2048,1024
9967,46.885,31.386,15.499,7,2608,13742,14076158,24811704,2048,1024
9968,11.345,10.286,1.059,2,24,2236,4034302,8084046,2048,1024
9969,50.686,34.569,16.118,7,2632,13842,14150654,24949832,2048,1024
9970,10.999,9.980,1.019,2,24,2236,4034302,8084046,2048,1024
9971,48.477,32.248,16.229,7,2596,13734,14127102,24875420,2048,1024
9972,11.154,10.187,0.967,2,24,2236,4034302,8084046,2048,1024
9973,49.733,33.660,16.073,7,2606,13802,14177278,24960486,2048,1024
9974,10.711,9.743,0.969,2,24,2236,4034302,8084046,2048,1024
9975,53.026,36.465,16.560,7,2568,13682,14188286,25094266,2048,1024
9976,11.144,10.072,1.072,2,24,2236,4034302,8084046,2048,1024
9977,49.952,33.401,16.551,7,2588,13808,14240254,25189436,2048,1024
9978,11.486,10.367,1.119,2,24,2236,4034302,8084046,2048,1024
9979,50.608,34.145,16.463,7,2556,13732,14212862,25105646,2048,1024
9980,10.905,9.928,0.977,2,24,2236,4034302,8084046,2048,1024
9981,51.573,35.316,16.256,7,2552,13692,14249214,25159918,2048,1024
9982,11.488,10.528,0.960,2,24,2236,4034302,8084046,2048,1024
9983,49.688,34.122,15.566,7,2536,13616,14232062,25109102,2048,1024
9984,11.244,10.302,0.942,2,24,2236,4034302,8084046,2048,1024
9985,48.432,32.249,16.183,7,2556,13732,14303486,25234186,2048,1024
9986,10.723,9.787,0.936,2,24,2236,4034302,8084046,2048,1024
9987,48.387,32.206,16.182,7,2532,13604,14275326,25152802,2048,1024
9988,10.595,9.618,0.978,2,24,2236,4034302,8084046,2048,1024
9989,48.578,31.987,16.591,7,2534,13690,14359038,25330228,2048,1024
9990,10.751,9.771,0.980,2,24,2236,4034302,8084046,2048,1024
9991,47.981,31.852,16.128,7,2526,13580,14356222,25280174,2048,1024
9992,10.813,9.707,1.106,2,24,2236,4034302,8084046,2048,1024
9993,47.958,31.691,16.267,7,2526,13598,14378494,25401768,2048,1024
9994,10.865,9.947,0.918,2,24,2236,4034302,8084046,2048,1024
9995,47.505,31.605,15.901,7,2508,13544,14331390,25254134,2048,1024
9996,10.729,9.783,0.946,2,24,2236,4034302,8084046,2048,1024
9997,47.351,31.081,16.271,7,2518,13588,14361854,25289320,2048,1024
9998,11.009,10.038,0.971,2,24,2236,4034302,8084046,2048,1024
9999,46.476,30.628,15.848,7,2478,13466,14313470,25177334,2048,1024
10000,10.602,9.642,0.960,2,24,2236,4034302,8084046,2048,1024
10001,46.528,30.318,16.210,7,2486,13492,13845758,25231222,2048,1024
10002,10.759,9.799,0.960,2,24,2236,4034302,8084046,2048,1024
10003,46.433,30.528,15.905,7,2462,13460,13796862,25104244,2048,1024
10004,10.663,9.735,0.929,2,24,2236,4034302,8084046,2048,1024
10005,46.041,30.019,16.022,7,2474,13496,13802494,25097078,2048,1024
10006,10.635,9.660,0.975,2,24,2236,4034302,8084046,2048,1024
10007,46.015,29.974,16.041,7,2456,13424,13726206,24915916,2048,1024
10008,10.771,9.761,1.009,2,24,2236,4034302,8084046,2048,1024
10009,46.834,30.863,15.972,7,2446,13268,13597950,24601576,2048,1024
10010,10.668,9.730,0.938,2,24,2236,4034302,8084046,2048,1024
10011,47.731,31.765,15.966,7,2440,13138,13596926,24623344,2048,1024
10012,10.955,9.970,0.986,2,24,2236,4034302,8084046,2048,1024
10013,43.768,28.301,15.467,5,2368,12312,12524542,22426764,2048,1024
10014,10.640,9.695,0.945,2,24,2236,4034302,8084046,2048,1024
10015,44.667,28.912,15.755,5,2350,12304,12512766,22350902,2048,1024
10016,10.807,9.831,0.975,2,24,2236,4034302,8084046,2048,1024
10017,43.198,27.782,15.416,5,2316,12194,12348926,22085776,2048,1024
10018,11.259,10.331,0.928,2,24,2236,4034302,8084046,2048,1024
10019,43.253,28.452,14.801,5,2286,12160,12326654,21991248,2048,1024
10020,11.138,10.164,0.975,2,24,2236,4034302,8084046,2048,1024
10021,41.934,27.139,14.796,5,2262,11950,12179198,21660408,2048,1024
10022,10.579,9.654,0.925,2,24,2236,4034302,8084046,2048,1024
10023,43.060,27.838,15.221,5,2244,11858,12163070,21585596,2048,1024
10024,10.654,9.734,0.920,2,24,2236,4034302,8084046,2048,1024
10025,41.900,26.872,15.028,5,2224,11710,12051454,21304728,2048,1024
10026,10.795,9.840,0.955,2,24,2236,4034302,8084046,2048,1024
10027,41.513,26.529,14.984,5,2208,11620,12000510,21239278,2048,1024
10028,10.841,9.886,0.956,2,24,2236,4034302,8084046,2048,1024
10029,41.205,26.480,14.725,5,2178,11434,11809022,21035462,2048,1024
10030,11.235,9.871,1.364,2,24,2236,4034302,8084046,2048,1024
10031,40.635,26.005,14.630,5,2160,11336,11795966,20975412,2048,1024
10032,10.819,9.886,0.933,2,24,2236,4034302,8084046,2048,1024
10033,41.199,26.403,14.796,5,2136,11188,11676158,20715752,2048,1024
10034,10.723,9.766,0.957,2,24,2236,4034302,8084046,2048,1024
10035,41.376,26.796,14.581,5,2112,11110,11653886,20638772,2048,1024
10036,11.532,10.588,0.944,2,24,2236,4034302,8084046,2048,1024
10037,39.330,25.694,13.635,5,2066,10958,11553534,20434948,2048,1024
10038,11.752,10.816,0.936,2,24,2236,4034302,8084046,2048,1024
10039,37.462,24.188,13.274,5,2038,10896,11498494,20300550,2048,1024
10040,10.613,9.688,0.925,2,24,2236,4034302,8084046,2048,1024
10041,38.037,23.639,14.398,5,2022,10746,11380734,20039788,2048,1024
10042,10.544,9.611,0.933,2,24,2236,4034302,8084046,2048,1024
10043,37.035,22.832,14.203,5,2000,10672,11361534,19984936,2048,1024
10044,10.737,9.653,1.084,2,24,2236,4034302,8084046,2048,1024
10045,37.218,23.181,14.037,5,1958,10624,11718910,20170234,2048,1024
10046,10.566,9.661,0.905,2,24,2236,4034302,8084046,2048,1024
10047,36.931,22.872,14.059,5,1974,10698,11766270,20254826,2048,1024
10048,10.837,9.899,0.938,2,24,2236,4034302,8084046,2048,1024
10049,37.080,23.280,13.801,5,1954,10574,11682302,20081722,2048,1024
10050,11.877,10.488,1.389,2,24,2236,4034302,8084046,2048,1024
10051,36.052,22.882,13.169,5,1940,10506,11670270,20047500,2048,1024
10052,11.261,10.332,0.930,2,24,2236,4034302,8084046,2048,1024
10053,36.600,23.244,13.356,5,1924,10404,11585278,19875406,2048,1024
10054,10.574,9.643,0.931,2,24,2236,4034302,8084046,2048,1024
10055,36.249,22.404,13.846,5,1916,10380,11577086,19836482,2048,1024
10056,10.627,9.678,0.949,2,24,2236,4034302,8084046,2048,1024
10057,35.240,21.737,13.503,5,1820,10014,11338494,19359694,2048,1024
10058,10.730,9.754,0.976,2,24,2236,4034302,8084046,2048,1024
10059,35.144,22.148,12.996,5,1720,9648,11186942,19034106,2048,1024
10060,10.810,9.886,0.925,2,24,2236,4034302,8084046,2048,1024
10061,33.567,20.866,12.702,5,1610,9194,10927870,18497854,2048,1024
10062,10.691,9.613,1.078,2,24,2236,4034302,8084046,2048,1024
10063,33.030,20.627,12.403,5,1480,8658,10686206,18116952,2048,1024
10064,10.682,9.783,0.900,2,24,2236,4034302,8084046,2048,1024
10065,32.287,20.182,12.105,5,1426,8420,10525438,17789130,2048,1024
10066,10.608,9.708,0.900,2,24,2236,4034302,8084046,2048,1024
10067,50.993,35.285,15.708,5,2524,13150,14734590,24955622,2048,1024
10068,10.647,9.649,0.997,2,24,2236,4034302,8084046,2048,1024
10069,49.129,33.361,15.768,5,2482,13076,14766846,25055550,2048,1024
10070,11.232,10.079,1.153,2,24,2236,4034302,8084046,2048,1024
10071,48.561,33.335,15.225,5,2504,13258,15005438,25495962,2048,1024
10072,10.695,9.759,0.936,2,24,2236,4034302,8084046,2048,1024
10073,47.592,31.750,15.843,5,2482,12890,14521086,24496544,2048,1024
10074,10.691,9.750,0.940,2,24,2236,4034302,8084046,2048,1024
10075,49.232,33.617,15.615,5,2484,12972,14666494,24661482,2048,1024
10076,10.754,9.789,0.965,2,24,2236,4034302,8084046,2048,1024
10077,48.970,33.542,15.428,5,2452,12902,14176510,24751226,2048,1024
10078,11.255,9.926,1.330,2,24,2236,4034302,8084046,2048,1024
10079,47.817,32.521,15.296,5,2442,12836,14231806,24934868,2048,1024
10080,10.737,9.765,0.971,2,24,2236,4034302,8084046,2048,1024
10081,47.503,32.108,15.395,5,2388,12648,13943038,24470918,2048,1024
10082,11.024,9.722,1.302,2,24,2236,4034302,8084046,2048,1024
10083,47.869,32.467,15.402,5,2414,12818,14052862,24660790,2048,1024
10084,10.695,9.782,0.913,2,24,2236,4034302,8084046,2048,1024
10085,49.027,33.484,15.543,5,2398,12744,14065150,24643604,2048,1024
10086,10.594,9.646,0.949,2,24,2236,4034302,8084046,2048,1024
10087,48.750,33.322,15.428,5,2400,12732,13536766,24583568,2048,1024
10088,10.695,9.701,0.994,2,24,2236,4034302,8084046,2048,1024
10089,48.619,32.580,16.040,5,2380,12608,13495550,24487398,2048,1024
10090,11.426,10.453,0.973,2,24,2236,4034302,8084046,2048,1024
10091,47.627,32.737,14.891,5,2378,12582,13466878,24432864,2048,1024
10092,11.426,10.478,0.948,2,24,2236,4034302,8084046,2048,1024
10093,48.714,34.058,14.656,5,2364,12512,13446142,24413124,2048,1024
10094,11.133,10.136,0.996,2,24,2236,4034302,8084046,2048,1024
10095,47.489,32.487,15.002,5,2352,12490,13356798,24205342,2048,1024
10096,10.730,9.796,0.934,2,24,2236,4034302,8084046,2048,1024
10097,47.062,31.961,15.102,5,2314,12554,13397502,24341966,2048,1024
10098,10.651,9.707,0.944,2,24,2236,4034302,8084046,2048,1024
10099,47.603,32.328,15.274,5,2264,12540,13552126,24790244,2048,1024
10100,10.854,9.787,1.067,2,24,2236,4034302,8084046,2048,1024
10101,48.948,34.022,14.926,5,2280,12562,13590526,24848270,2048,1024
10102,10.776,9.636,1.139,2,24,2236,4034302,8084046,2048,1024
10103,46.897,31.868,15.030,5,2270,12658,13775102,25229218,2048,1024
10104,10.936,9.752,1.185,2,24,2236,4034302,8084046,2048,1024
10105,46.265,31.393,14.872,5,2248,12504,13586430,24862740,2048,1024
10106,10.737,9.681,1.056,2,24,2236,4034302,8084046,2048,1024
10107,46.554,31.561,14.993,5,2252,12500,13667326,24987686,2048,1024
10108,10.822,9.709,1.113,2,24,2236,4034302,8084046,2048,1024
10109,46.544,31.228,15.316,5,2236,12392,13671422,24955944,2048,1024
10110,10.968,9.869,1.099,2,24,2236,4034302,8084046,2048,1024
10111,45.827,31.101,14.726,5,2220,12412,13702654,24994402,2048,1024
10112,11.009,9.805,1.204,2,24,2236,4034302,8084046,2048,1024
10113,45.517,30.804,14.713,5,2194,12398,13861886,25273480,2048,1024
10114,10.821,9.651,1.171,2,24,2236,4034302,8084046,2048,1024
10115,46.525,31.532,14.993,5,2200,12544,14029310,25722388,2048,1024
10116,10.616,9.630,0.986,2,24,2236,4034302,8084046,2048,1024
10117,46.049,31.199,14.850,5,2188,12584,14166526,25977850,2048,1024
10118,10.662,9.711,0.951,2,24,2236,4034302,8084046,2048,1024
10119,47.331,32.471,14.861,5,2192,12710,14238718,26100238,2048,1024
10120,10.617,9.698,0.919,2,24,2236,4034302,8084046,2048,1024
10121,45.436,30.742,14.695,5,2170,12432,14010366,25603214,2048,1024
10122,10.879,9.806,1.073,2,24,2236,4034302,8084046,2048,1024
10123,47.481,32.195,15.286,5,2184,12722,14620670,26227066,2048,1024
10124,10.995,10.029,0.966,2,24,2236,4034302,8084046,2048,1024
10125,45.916,31.148,14.767,5,2172,12656,14556670,26055346,2048,1024
10126,10.680,9.740,0.940,2,24,2236,4034302,8084046,2048,1024
10127,46.298,31.590,14.708,5,2176,12698,14580990,26198256,2048,1024
10128,11.179,10.019,1.160,2,24,2236,4034302,8084046,2048,1024
10129,44.831,30.462,14.369,5,2160,12652,14575870,26139336,2048,1024
10130,10.924,9.707,1.216,2,24,2236,4034302,8084046,2048,1024
10131,46.113,31.134,14.979,5,2170,12710,15268862,26483468,2048,1024
10132,11.151,9.847,1.304,2,24,2236,4034302,8084046,2048,1024
10133,45.576,31.152,14.424,5,2138,12450,14949118,25859606,2048,1024
10134,10.772,9.665,1.107,2,24,2236,4034302,8084046,2048,1024
10135,44.578,29.967,14.611,5,2140,12410,14891774,25824148,2048,1024
10136,10.978,9.727,1.251,2,24,2236,4034302,8084046,2048,1024
10137,44.389,29.897,14.491,5,2094,12062,14548734,25106222,2048,1024
10138,10.847,9.784,1.063,2,24,2236,4034302,8084046,2048,1024
10139,44.625,30.256,14.369,5,2096,12094,14562558,25119824,2048,1024
10140,10.595,9.653,0.942,2,24,2236,4034302,8084046,2048,1024
10141,43.355,28.941,14.414,5,2084,12004,14579454,25139336,2048,1024
10142,11.288,9.774,1.514,2,24,2236,4034302,8084046,2048,1024
10143,43.427,29.102,14.325,5,2088,12020,14610174,25187514,2048,1024
10144,10.734,9.800,0.934,2,24,2236,4034302,8084046,2048,1024
10145,44.815,30.531,14.284,5,2078,12034,14656766,25274214,2048,1024
10146,11.294,9.941,1.354,2,24,2236,4034302,8084046,2048,1024
10147,45.985,31.789,14.196,5,2082,12036,14686718,25343434,2048,1024
10148,11.338,10.407,0.931,2,24,2236,4034302,8084046,2048,1024
10149,42.864,29.103,13.761,5,2076,12026,14692606,25358066,2048,1024
10150,10.816,9.761,1.055,2,24,2236,4034302,8084046,2048,1024
10151,43.502,29.125,14.377,5,2050,11960,14647038,25388016,2048,1024
10152,10.984,9.957,1.027,2,24,2236,4034302,8084046,2048,1024
10153,43.057,29.019,14.038,5,2066,12020,14680830,25456536,2048,1024
10154,10.595,9.614,0.981,2,24,2236,4034302,8084046,2048,1024
10155,43.486,29.074,14.412,5,2074,12120,14716414,25527828,2048,1024
10156,10.677,9.687,0.990,2,24,2236,4034302,8084046,2048,1024
10157,44.394,30.144,14.250,5,2062,12152,14747646,25583534,2048,1024
10158,10.925,9.902,1.022,2,24,2236,4034302,8084046,2048,1024
10159,42.845,28.715,14.129,5,2066,12142,14703870,25508792,2048,1024
10160,10.740,9.786,0.955,2,24,2236,4034302,8084046,2048,1024
10161,43.829,29.674,14.155,5,2020,11920,14646014,25390380,2048,1024
10162,12.297,10.502,1.796,2,24,2236,4034302,8084046,2048,1024
10163,47.402,33.945,13.457,5,2062,13806,16684798,29391694,2048,1024
10164,10.890,9.790,1.101,2,24,2236,4034302,8084046,2048,1024
10165,48.186,33.988,14.198,5,2056,13820,16687870,29397328,2048,1024
10166,11.263,9.991,1.272,2,24,2236,4034302,8084046,2048,1024
10167,47.763,33.488,14.276,5,2064,13868,16710910,29444292,2048,1024
10168,10.942,9.716,1.226,2,24,2236,4034302,8084046,2048,1024
10169,48.278,34.078,14.200,5,2034,13732,16621822,29379574,2048,1024
10170,10.969,9.885,1.084,2,24,2236,4034302,8084046,2048,1024
10171,47.150,33.175,13.975,5,2042,13748,16644350,29423196,2048,1024
10172,11.041,9.996,1.044,2,24,2236,4034302,8084046,2048,1024
10173,48.376,34.517,13.859,5,2022,13712,15898366,29476152,2048,1024
10174,10.865,9.805,1.060,2,24,2236,4034302,8084046,2048,1024
10175,46.827,32.731,14.096,5,2024,13508,15372030,28873864,2048,1024
10176,10.983,9.908,1.076,2,24,2236,4034302,8084046,2048,1024
10177,46.051,32.059,13.991,5,2008,13500,15346430,28813496,2048,1024
10178,11.543,10.302,1.241,2,24,2236,4034302,8084046,2048,1024
10179,45.278,31.806,13.471,5,2010,13416,15229438,28556442,2048,1024
10180,10.929,9.826,1.103,2,24,2236,4034302,8084046,2048,1024
10181,45.565,31.720,13.845,5,1936,13128,15073278,28231430,2048,1024
10182,10.568,9.616,0.952,2,24,2236,4034302,8084046,2048,1024
10183,44.452,30.779,13.673,5,1870,12800,14920702,27881136,2048,1024
10184,10.691,9.773,0.919,2,24,2236,4034302,8084046,2048,1024
10185,43.842,30.484,13.358,5,1810,12588,14830846,27677006,2048,1024
10186,10.898,9.984,0.915,2,24,2236,4034302,8084046,2048,1024
10187,43.408,30.461,12.947,5,1756,12330,14679038,27409814,2048,1024
10188,10.636,9.715,0.921,2,24,2236,4034302,8084046,2048,1024
10189,43.240,30.306,12.934,5,1676,12066,14548478,27119860,2048,1024
10190,10.678,9.630,1.048,2,24,2236,4034302,8084046,2048,1024
10191,42.725,29.884,12.842,5,1624,11854,14429182,26857292,2048,1024
10192,10.724,9.726,0.999,2,24,2236,4034302,8084046,2048,1024
10193,42.994,30.222,12.771,5,1616,11722,14316798,26600752,2048,1024
10194,11.154,9.983,1.171,2,24,2236,4034302,8084046,2048,1024
10195,42.693,29.821,12.872,5,1620,11674,14243838,26417404,2048,1024
10196,11.375,10.465,0.909,2,24,2236,4034302,8084046,2048,1024
10197,41.319,29.202,12.117,5,1602,11572,14130686,26164900,2048,1024
10198,10.966,10.045,0.921,2,24,2236,4034302,8084046,2048,1024
10199,43.829,31.375,12.455,5,1608,11580,14129918,26135178,2048,1024
10200,11.358,10.407,0.951,2,24,2236,4034302,8084046,2048,1024
10201,41.754,29.661,12.094,5,1592,11488,14043902,25930188,2048,1024
10202,10.992,10.094,0.899,2,24,2236,4034302,8084046,2048,1024
10203,42.670,30.094,12.576,5,1600,11606,14564350,26378306,2048,1024
10204,10.762,9.699,1.063,2,24,2236,4034302,8084046,2048,1024
10205,41.927,29.314,12.614,5,1582,11426,14381310,26079000,2048,1024
10206,10.874,9.800,1.075,2,24,2236,4034302,8084046,2048,1024
10207,41.465,28.906,12.559,5,1588,11416,14383358,26054342,2048,1024
10208,10.776,9.786,0.990,2,24,2236,4034302,8084046,2048,1024
10209,41.474,28.853,12.621,5,1570,11356,14310142,25870020,2048,1024
10210,10.569,9.656,0.913,2,24,2236,4034302,8084046,2048,1024
10211,41.451,28.755,12.697,5,1576,11368,14283518,25779710,2048,1024
10212,10.563,9.653,0.909,2,24,2236,4034302,8084046,2048,1024
10213,42.219,29.442,12.778,5,1560,11256,14200830,25564976,2048,1024
10214,11.017,10.068,0.949,2,24,2236,4034302,8084046,2048,1024
10215,40.967,28.716,12.251,5,1570,11290,14716926,25837120,2048,1024
10216,10.569,9.615,0.954,2,24,2236,4034302,8084046,2048,1024
10217,41.681,29.033,12.648,5,1570,11430,15468030,26294728,2048,1024
10218,10.698,9.707,0.991,2,24,2236,4034302,8084046,2048,1024
10219,42.379,29.784,12.595,5,1576,11452,15465214,26285984,2048,1024
10220,10.992,9.948,1.044,2,24,2236,4034302,8084046,2048,1024
10221,41.276,28.987,12.288,5,1554,11360,15359486,26081990,2048,1024
10222,10.816,9.795,1.022,2,24,2236,4034302,8084046,2048,1024
10223,41.799,29.210,12.588,5,1566,11382,15377918,26187834,2048,1024
10224,10.607,9.658,0.949,2,24,2236,4034302,8084046,2048,1024
10225,41.256,28.756,12.500,5,1546,11202,15252478,25944108,2048,1024
10226,10.861,9.787,1.075,2,24,2236,4034302,8084046,2048,1024
10227,41.220,28.739,12.481,5,1552,11144,15170302,25760694,2048,1024
10228,10.789,9.619,1.169,2,24,2236,4034302,8084046,2048,1024
10229,40.560,28.053,12.508,5,1494,10896,14917630,25424026,2048,1024
10230,11.003,9.960,1.044,2,24,2236,4034302,8084046,2048,1024
10231,40.400,28.195,12.204,5,1530,10968,14961150,25490152,2048,1024
10232,11.113,9.780,1.333,2,24,2236,4034302,8084046,2048,1024
10233,41.961,29.475,12.486,5,1516,10898,14917630,25385870,2048,1024
10234,11.390,10.230,1.160,2,24,2236,4034302,8084046,2048,1024
10235,39.630,27.554,12.076,5,1522,10892,14911742,25357452,2048,1024
10236,10.578,9.650,0.928,2,24,2236,4034302,8084046,2048,1024
10237,39.801,27.379,12.422,5,1514,10868,14893822,25313450,2048,1024
10238,10.891,9.855,1.036,2,24,2236,4034302,8084046,2048,1024
10239,39.764,27.413,12.351,5,1516,10808,14857214,25234254,2048,1024
10240,10.767,9.762,1.005,2,24,2236,4034302,8084046,2048,1024
10241,39.773,27.445,12.328,5,1508,10768,14850046,25302898,2048,1024
10242,10.655,9.724,0.932,2,24,2236,4034302,8084046,2048,1024
10243,39.596,27.296,12.300,5,1516,10776,14860286,25319448,2048,1024
10244,10.630,9.707,0.923,2,24,2236,4034302,8084046,2048,1024
10245,40.190,27.935,12.255,5,1492,10558,14636542,24855040,2048,1024
10246,10.690,9.774,0.915,2,24,2236,4034302,8084046,2048,1024
10247,33.821,21.726,12.096,3,1480,9132,11876094,19346626,2048,1024
10248,10.792,9.708,1.084,2,24,2236,4034302,8084046,2048,1024
10249,33.715,21.624,12.091,3,1474,9084,11823358,19222682,2048,1024
10250,10.655,9.716,0.938,2,24,2236,4034302,8084046,2048,1024
10251,33.853,21.702,12.151,3,1482,9114,11833598,19231558,2048,1024
10252,10.505,9.607,0.898,2,24,2236,4034302,8084046,2048,1024
10253,32.867,20.485,12.382,3,1468,9084,11817214,19191766,2048,1024
10254,27.391,21.101,6.291,3,1474,9102,11816702,19179104,2048,1024
10255,27.408,21.100,6.308,3,1444,8988,11749118,19125354,2048,1024
10256,20.859,16.159,4.700,3,1008,6042,8564478,14270328,2048,1024
10257,22.199,17.545,4.653,3,996,6008,8539902,14184552,2048,1024
10258,22.216,17.392,4.824,3,1004,6030,8550142,14167516,2048,1024
10259,21.913,17.167,4.746,3,994,6012,8538878,14105464,2048,1024
10260,22.274,17.383,4.891,3,1002,6044,8549118,14091648,2048,1024
10261,21.686,16.745,4.941,3,986,5948,8531710,14012752,2048,1024
10262,21.873,16.933,4.940,3,992,5968,8537854,13994704,2048,1024
10263,20.785,15.973,4.813,3,986,5944,8525566,13932612,2048,1024
10264,20.925,16.269,4.656,3,1000,5990,8548094,14056406,2048,1024
10265,21.103,16.490,4.613,3,950,5794,8461054,13851836,2048,1024
10266,20.692,16.060,4.632,3,994,5912,8545022,13846766,2048,1024
10267,21.906,16.830,5.077,3,980,5880,8531710,13797934,2048,1024
10268,20.920,16.003,4.917,3,988,5900,8542974,13782710,2048,1024
10269,20.329,15.630,4.699,3,988,5892,8533758,13726466,2048,1024
10270,20.577,15.863,4.714,3,996,5908,8543998,13713430,2048,1024
10271,20.661,15.950,4.711,3,978,5810,8525566,13645254,2048,1024
10272,20.434,15.775,4.659,3,986,5834,8535806,13629342,2048,1024
10273,20.397,15.694,4.703,3,980,5810,8532734,13676704,2048,1024
10274,20.806,16.134,4.672,3,988,5836,8542974,13659752,2048,1024
10275,20.214,15.554,4.660,3,976,5800,8527614,13589660,2048,1024
10276,20.553,15.728,4.825,3,984,5822,8537854,13576104,2048,1024
10277,20.580,15.976,4.603,3,980,5786,8529662,13520996,2048,1024
10278,21.920,17.188,4.732,3,994,5996,9326334,14071740,2048,1024
10279,21.334,16.704,4.630,3,982,5960,9314046,14032544,2048,1024
10280,20.717,16.125,4.592,3,990,5988,9324286,14040216,2048,1024
10281,20.780,16.207,4.573,3,986,5984,9319166,14019400,2048,1024
10282,20.791,16.168,4.623,3,996,6024,9333502,14136264,2048,1024
10283,20.428,15.815,4.613,3,992,6014,9322238,14099508,2048,1024
10284,20.964,16.114,4.849,3,1000,6032,9332478,14106472,2048,1024
10285,20.895,16.224,4.670,3,988,5998,9319166,14065228,2048,1024
10286,21.044,16.176,4.867,3,996,6024,9329406,14076296,2048,1024
10287,21.016,16.378,4.638,3,988,5996,9322238,14047728,2048,1024
10288,21.062,16.417,4.645,3,996,6028,9332478,14055400,2048,1024
10289,20.889,16.347,4.542,3,988,6004,9319166,14013580,2048,1024
10290,21.038,16.220,4.819,3,996,6020,9329406,14021252,2048,1024
10291,20.933,16.349,4.583,3,994,6016,9327358,14112968,2048,1024
10292,21.258,16.473,4.786,3,1002,6030,9337598,14124768,2048,1024
10293,21.299,16.707,4.592,3,990,5990,9328382,14092820,2048,1024
10294,20.957,16.203,4.754,3,998,6008,9338622,14100516,2048,1024
10295,21.043,16.420,4.622,3,986,5966,9323262,14056024,2048,1024
10296,20.964,16.303,4.661,3,994,5982,9333502,14064672,2048,1024
10297,21.408,16.532,4.875,3,990,5968,9325310,14038316,2048,1024
10298,20.887,16.115,4.772,3,998,5992,9335550,14046964,2048,1024
10299,20.672,16.046,4.626,3,952,5824,8482558,13986894,2048,1024
10300,20.808,16.243,4.565,3,982,5936,8537854,14059870,2048,1024
10301,20.838,16.306,4.532,3,974,5912,8527614,14002422,2048,1024
10302,21.057,16.042,5.015,3,978,5920,8013566,13986652,2048,1024
10303,20.925,16.310,4.615,3,974,5918,8005374,13926108,2048,1024
10304,20.498,15.931,4.567,3,982,5918,8015614,13902100,2048,1024
10305,20.248,15.690,4.559,3,970,5894,8003326,13834184,2048,1024
10306,20.405,15.822,4.584,3,978,5922,8013566,13814296,2048,1024
10307,20.693,16.128,4.565,3,970,5902,8006398,13758168,2048,1024
10308,20.352,15.783,4.569,3,952,5832,7963390,13739596,2048,1024
10309,20.589,15.984,4.605,3,976,5886,8012542,13782952,2048,1024
10310,20.580,15.962,4.618,3,984,5916,8022782,13765176,2048,1024
10311,20.674,16.051,4.623,3,976,5890,8006398,13685252,2048,1024
10312,20.706,15.863,4.842,3,984,5902,8016638,13664340,2048,1024
10313,20.330,15.741,4.589,3,976,5872,8009470,13607872,2048,1024
10314,20.434,15.821,4.613,3,984,5856,8019710,13586960,2048,1024
10315,20.068,15.501,4.567,3,976,5816,8009470,13523536,2048,1024
10316,20.195,15.576,4.619,3,984,5836,8019710,13505776,2048,1024
10317,24.740,17.384,7.356,5,1738,7804,8945406,15469826,2048,1024
10318,24.793,17.478,7.315,6,1744,7816,8954622,15446134,2048,1024
10319,24.911,17.602,7.310,6,1734,7784,8943358,15380614,2048,1024
10320,24.636,17.346,7.290,6,1738,7774,8951550,15353034,2048,1024
10321,26.113,18.694,7.418,6,1728,7912,9728766,15862966,2048,1024
10322,25.142,17.758,7.384,6,1734,7938,9737982,15864582,2048,1024
10323,25.574,18.295,7.279,6,1730,7938,9730814,15832202,2048,1024
10324,26.134,18.832,7.302,6,1736,7956,9740030,15836904,2048,1024
10325,26.325,18.773,7.552,6,1726,7920,9728766,15795810,2048,1024
10326,25.713,18.252,7.461,6,1732,7928,9734910,15892248,2048,1024
10327,26.172,18.820,7.353,6,1722,7894,9723646,15850890,2048,1024
10328,26.884,19.328,7.556,6,1724,7904,9730814,15844176,2048,1024
10329,26.597,19.298,7.299,6,1708,7848,9713406,15793246,2048,1024
10330,26.595,19.201,7.394,6,1710,7852,9720574,15790060,2048,1024
10331,26.278,19.016,7.262,6,1702,7820,9713406,15757102,2048,1024
10332,25.198,18.011,7.187,6,1702,7854,9719550,15752410,2048,1024
10333,24.985,17.808,7.177,6,1682,7810,9703166,15701262,2048,1024
10334,25.375,18.194,7.181,6,1678,7788,9707262,15694824,2048,1024
10335,24.963,17.901,7.062,6,1656,7682,9686782,15734132,2048,1024
10336,25.244,18.007,7.237,6,1648,7686,9688830,15720796,2048,1024
10337,24.908,17.730,7.178,6,1630,7682,9676542,15676784,2048,1024
10338,25.183,18.223,6.960,6,1620,7700,9677566,15659048,2048,1024
10339,24.837,17.930,6.907,6,1588,7600,9651966,15586544,2048,1024
10340,25.260,18.407,6.852,6,1586,7646,9657086,15580168,2048,1024
10341,24.307,17.525,6.782,6,1566,7568,9643774,15534288,2048,1024
10342,25.050,18.218,6.832,6,1552,7530,8859390,15499192,2048,1024
10343,24.206,17.415,6.791,6,1524,7400,8835838,15405518,2048,1024
10344,24.522,17.767,6.755,6,1520,7448,8836862,15472226,2048,1024
10345,24.473,17.772,6.701,6,1492,7402,8813310,15382440,2048,1024
10346,24.239,17.682,6.557,6,1480,7326,8813310,15339680,2048,1024
10347,23.896,17.476,6.420,6,1464,7224,8802046,15266498,2048,1024
10348,23.898,17.408,6.490,6,1450,7290,8801022,15223022,2048,1024
10349,23.722,17.422,6.299,6,1418,7182,8781566,15139402,2048,1024
10350,23.887,17.414,6.472,6,1404,7156,8784638,15104014,2048,1024
10351,23.578,17.385,6.193,6,1382,7124,8767230,15022636,2048,1024
10352,23.520,17.267,6.253,6,1342,6928,8703742,14979362,2048,1024
10353,25.811,19.787,6.024,6,1344,7008,8747774,15016132,2048,1024
10354,23.170,17.189,5.981,6,1340,6988,8751870,14977548,2048,1024
10355,23.154,16.984,6.171,6,1306,6882,8731390,14889322,2048,1024
10356,22.866,17.010,5.856,6,1292,6890,8730366,14848794,2048,1024
10357,22.866,16.917,5.949,6,1266,6738,8710910,14761360,2048,1024
10358,22.493,16.736,5.757,6,1252,6762,8709886,14713430,2048,1024
10359,22.585,16.823,5.763,6,1228,6644,8688382,14626654,2048,1024
10360,22.285,16.632,5.653,6,1216,6646,8688382,14582788,2048,1024
10361,22.023,16.449,5.574,6,1158,6432,8600318,14501208,2048,1024
10362,23.218,17.592,5.626,6,1176,6514,8658686,14571030,2048,1024
10363,22.536,17.071,5.465,6,1154,6534,9160446,14808908,2048,1024
10364,23.195,17.727,5.468,6,1164,6724,9955070,15359340,2048,1024
10365,24.495,18.881,5.614,6,1142,6690,9946110,15327014,2048,1024
10366,20.567,15.239,5.327,6,1116,5662,6022142,11951254,2048,1024
10367,19.602,14.476,5.126,6,1096,5590,5993470,11877974,2048,1024
10368,19.400,14.361,5.039,6,1092,5600,5997054,11861738,2048,1024
10369,19.674,14.713,4.961,6,1068,5550,5987326,11823166,2048,1024
10370,19.315,14.295,5.021,6,1066,5576,5994750,11923104,2048,1024
10371,19.043,14.219,4.824,6,1050,5554,5983486,11872478,2048,1024
10372,19.360,14.561,4.799,6,1046,5586,5987838,11867748,2048,1024
10373,18.994,14.130,4.864,6,1022,5530,5969662,11808952,2048,1024
10374,18.229,13.431,4.798,3,1020,5364,5652222,11196452,2048,1024
10375,18.110,13.483,4.627,3,1020,5360,5646078,11165364,2048,1024
10376,18.121,13.459,4.662,3,1028,5348,5656318,11168076,2048,1024
10377,17.962,13.376,4.586,3,1012,5278,5638910,11116704,2048,1024
10378,18.345,13.764,4.581,3,1020,5310,5649150,11119416,2048,1024
10379,17.940,13.393,4.547,3,1018,5288,5641982,11194724,2048,1024
10380,18.179,13.401,4.778,3,1026,5342,5652222,11200116,2048,1024
10381,18.120,13.354,4.766,3,998,5266,5606142,11165612,2048,1024
10382,18.188,13.439,4.749,3,1006,5324,5616382,11175900,2048,1024
10383,17.729,13.161,4.568,3,994,5316,5604094,11135664,2048,1024
10384,18.842,13.941,4.901,3,1002,5340,5614334,11142296,2048,1024
10385,18.134,13.322,4.812,3,994,5282,5601022,11103800,2048,1024
10386,18.061,13.411,4.650,3,1002,5284,5611262,11110432,2048,1024
10387,18.111,13.603,4.508,3,990,5240,5598974,11070196,2048,1024
10388,18.354,13.653,4.701,3,994,5240,5601022,11175246,2048,1024
10389,18.151,13.404,4.747,3,990,5162,5589758,11141610,2048,1024
10390,18.064,13.521,4.544,3,998,5214,5599998,11155018,2048,1024
10391,17.919,13.351,4.569,3,994,5218,5594878,11133926,2048,1024
10392,17.930,13.357,4.574,3,1006,5264,5609342,11147298,2048,1024
10393,18.166,13.524,4.643,3,1002,5270,5603582,11124574,2048,1024
10394,18.793,13.973,4.820,3,1010,5376,5614206,11142462,2048,1024
10395,17.797,13.232,4.566,3,998,5350,5598974,11102780,2048,1024
10396,18.009,13.421,4.588,3,1006,5378,5609598,11117486,2048,1024
10397,18.546,13.812,4.733,3,1010,5344,5618302,11189214,2048,1024
10398,18.924,14.283,4.641,3,1018,5362,5628926,11208558,2048,1024
10399,18.696,14.100,4.596,3,1012,5310,5625342,11176172,2048,1024
10400,19.443,14.700,4.742,3,1022,5298,5639166,11193912,2048,1024
10401,19.590,14.767,4.823,3,1024,5290,5640446,11187056,2048,1024
10402,18.841,14.121,4.720,3,1036,5344,5657598,11217942,2048,1024
10403,18.079,13.402,4.677,3,1032,5336,5654654,11200734,2048,1024
10404,18.144,13.218,4.927,3,1046,5394,5674878,11226542,2048,1024
10405,18.016,13.289,4.728,3,1016,5324,5623038,11208032,2048,1024
10406,18.111,13.347,4.764,3,1056,5472,5698814,11347416,2048,1024
10407,17.987,13.185,4.802,3,1058,5464,5702270,11345836,2048,1024
10408,18.171,13.197,4.975,3,1068,5498,5718014,11376028,2048,1024
10409,18.187,13.286,4.901,3,1068,5506,5726718,11370324,2048,1024
10410,18.351,13.298,5.053,3,1078,5530,5743742,11400704,2048,1024
10411,17.928,13.071,4.857,3,1072,5464,5739774,11388862,2048,1024
10412,17.848,12.981,4.867,3,1082,5508,5756158,11421340,2048,1024
10413,17.590,12.729,4.860,3,1084,5504,5761278,11400118,2048,1024
10414,18.198,12.998,5.200,3,1070,5460,5729278,11432766,2048,1024
10415,18.304,13.355,4.949,3,1092,5560,5786622,11533532,2048,1024
10416,18.149,13.166,4.983,3,1108,5624,5816830,11563588,2048,1024
10417,18.015,13.091,4.924,3,1100,5614,5809790,11552550,2048,1024
10418,19.001,13.713,5.289,3,1114,5652,5834622,11577124,2048,1024
10419,18.905,13.765,5.140,3,1116,5664,5839870,11563948,2048,1024
10420,19.196,14.129,5.068,3,1126,5698,5854846,11588064,2048,1024
10421,18.589,13.376,5.213,3,1124,5684,5857022,11572828,2048,1024
10422,18.224,13.075,5.149,3,1134,5714,5871358,11597984,2048,1024
10423,17.999,12.958,5.040,3,1126,5698,5873406,11691136,2048,1024
10424,18.105,13.084,5.021,3,1136,5720,5883646,11705852,2048,1024
10425,18.101,13.061,5.040,3,1132,5714,5878526,11695672,2048,1024
10426,18.485,13.446,5.039,3,1138,5728,5888766,11706152,2048,1024
10427,18.337,13.287,5.050,3,1138,5714,5885694,11681598,2048,1024
10428,18.415,13.266,5.149,3,1148,5744,5906174,11702720,2048,1024
10429,18.831,13.375,5.456,3,1148,5730,5903102,11683684,2048,1024
10430,18.590,13.244,5.346,3,1154,5754,5915390,11710192,2048,1024
10431,18.182,13.077,5.105,3,1150,5740,5907198,11696112,2048,1024
10432,18.362,13.208,5.154,3,1162,5794,5931774,11829918,2048,1024
10433,18.415,13.004,5.411,3,1158,5780,5914366,11793052,2048,1024
10434,18.209,13.036,5.173,3,1166,5814,5930750,11805154,2048,1024
10435,18.642,13.157,5.485,3,1168,5822,5928702,11783838,2048,1024
10436,18.305,13.143,5.162,3,1168,5832,5934846,11798300,2048,1024
10437,18.571,13.301,5.270,3,1164,5816,5923582,11766280,2048,1024
10438,18.346,13.175,5.171,3,1168,5830,5931774,11778544,2048,1024
10439,18.376,13.169,5.207,3,1160,5814,5927678,11763898,2048,1024
10440,18.630,13.311,5.319,3,1168,5844,5937918,11772502,2048,1024
10441,18.402,13.210,5.191,3,1172,5854,5949182,11868016,2048,1024
10442,18.448,12.997,5.452,3,1180,5872,5959422,11876880,2048,1024
10443,18.347,13.170,5.177,3,1176,5848,5951230,11849312,2048,1024
10444,18.339,13.101,5.238,3,1180,5860,5959422,11859756,2048,1024
10445,18.270,13.145,5.126,3,1176,5838,5951230,11831408,2048,1024
10446,18.632,13.369,5.263,3,1180,5852,5959422,11841592,2048,1024
10447,18.352,13.218,5.134,3,1172,5826,5949182,11812192,2048,1024
10448,19.063,13.881,5.182,3,1180,5832,5959422,11819236,2048,1024
10449,18.313,13.126,5.188,3,1180,5814,5950206,11787928,2048,1024
10450,18.876,13.479,5.398,3,1182,5836,5960446,11893598,2048,1024
10451,18.469,13.220,5.248,3,1178,5824,5955326,11869178,2048,1024
10452,18.864,13.363,5.501,3,1182,5846,5963518,11877018,2048,1024
10453,18.461,13.268,5.193,3,1178,5838,5955326,11846326,2048,1024
10454,18.774,13.583,5.191,3,1182,5856,5963518,11853650,2048,1024
10455,28.495,13.095,15.400,3,882,5098,5775358,11644326,2048,1024
10456,17.401,13.151,4.250,3,886,5112,5781502,11657662,2048,1024
10457,18.477,13.886,4.591,3,882,5086,5773310,11640102,2048,1024
10458,19.255,14.917,4.338,3,890,5102,5790718,11676674,2048,1024
10459,18.610,14.344,4.266,3,882,5090,5780478,11658322,2048,1024
10460,18.787,14.364,4.422,3,890,5116,5790718,11676674,2048,1024
10461,18.698,14.193,4.505,3,890,5098,5787134,11668718,2048,1024
10462,20.372,16.044,4.328,3,894,5120,5793278,11682054,2048,1024
10463,19.210,14.861,4.349,3,894,5128,5795838,11686642,2048,1024
10464,18.879,14.365,4.514,3,898,5130,5804030,11704202,2048,1024
10465,19.040,14.637,4.402,3,902,5232,5881342,11855886,2048,1024
10466,19.906,15.331,4.576,3,902,5184,5887486,11872654,2048,1024
10467,19.066,14.671,4.395,3,902,5180,5881342,11855886,2048,1024
10468,19.454,14.978,4.476,3,906,5230,5895678,11889554,2048,1024
10469,19.065,14.511,4.554,3,926,5248,6196222,11943066,2048,1024
10470,19.029,14.246,4.783,3,940,5368,6243326,12086604,2048,1024
10471,19.896,15.137,4.759,3,974,5454,6302718,12248134,2048,1024
10472,20.246,15.282,4.965,3,996,5528,6337278,12411990,2048,1024
10473,21.093,15.946,5.147,3,1038,5808,6506750,12688434,2048,1024
10474,21.879,16.070,5.809,3,1058,5860,6543614,12873458,2048,1024
10475,21.055,15.770,5.285,3,1080,5932,6558206,12992852,2048,1024
10476,20.470,15.034,5.436,3,1100,6056,6588670,13119160,2048,1024
10477,22.157,16.830,5.327,3,1116,6118,6739454,13230418,2048,1024
10478,21.709,16.359,5.351,3,1120,6214,6747646,13361318,2048,1024
10479,21.866,16.346,5.520,3,1116,6178,6735358,13370350,2048,1024
10480,22.446,17.117,5.329,3,1120,6220,6743550,13422950,2048,1024
10481,21.337,15.870,5.466,3,1120,6248,6740478,13447494,2048,1024
10482,22.762,17.187,5.575,3,1120,6230,6746622,13499302,2048,1024
10483,22.001,16.592,5.408,3,1116,6244,6735358,13510510,2048,1024
10484,21.968,16.402,5.565,3,1120,6268,6743550,13563110,2048,1024
10485,21.416,16.035,5.380,3,1116,6282,6738430,13586862,2048,1024
10486,21.178,15.876,5.303,3,1120,6334,6746622,13621462,2048,1024
10487,25.770,19.877,5.892,3,1210,8004,8544766,17242022,2048,1024
10488,25.999,20.341,5.658,3,1210,8010,8550910,17258790,2048,1024
10489,25.614,19.818,5.796,3,1206,7982,8539646,17234958,2048,1024
10490,25.326,19.516,5.809,3,1210,7996,8547838,17252518,2048,1024
10491,25.200,19.315,5.884,3,1210,7988,8544766,17242022,2048,1024
10492,24.789,19.066,5.723,3,1210,7998,8550910,17258790,2048,1024
10493,25.139,19.196,5.943,3,1206,7974,8539646,17234958,2048,1024
10494,25.064,19.110,5.954,3,1210,7994,8547838,17252518,2048,1024
10495,25.114,19.393,5.721,3,1210,7998,8547838,17248294,2048,1024
10496,24.651,18.955,5.697,3,1210,8012,8553982,17265062,2048,1024
10497,24.587,18.957,5.629,3,1206,7998,8545790,17247502,2048,1024
10498,24.767,19.161,5.606,3,1210,8020,8553982,17265062,2048,1024
10499,24.833,19.229,5.605,3,1202,7992,8540670,17240438,2048,1024
10500,24.546,18.801,5.744,3,1210,8018,8550910,17258790,2048,1024
10501,24.615,18.716,5.899,3,1206,8004,8542718,17241230,2048,1024
10502,24.702,19.128,5.574,3,1210,8022,8550910,17258790,2048,1024
10503,24.582,18.867,5.715,3,1202,8000,8540670,17240438,2048,1024
10504,24.639,18.975,5.664,3,1210,8030,8550910,17258790,2048,1024
10505,24.819,19.034,5.785,3,1210,8018,8544766,17242022,2048,1024
10506,25.064,19.280,5.784,3,1210,8024,8550910,17258790,2048,1024
10507,25.361,19.173,6.188,3,1210,8016,8547838,17248294,2048,1024
10508,24.701,19.008,5.693,3,1210,8020,8553982,17265062,2048,1024
10509,24.868,19.093,5.775,3,1206,7994,8542718,17241230,2048,1024
10510,24.855,19.130,5.726,3,1210,8008,8550910,17258790,2048,1024
10511,25.333,19.716,5.616,3,1206,7984,8542718,17241230,2048,1024
10512,25.224,19.332,5.892,3,1210,7998,8550910,17258790,2048,1024
10513,25.284,19.660,5.625,3,1206,7974,8539646,17234958,2048,1024
10514,25.645,19.832,5.812,3,1210,7992,8547838,17252518,2048,1024
10515,25.789,19.890,5.899,3,1206,7986,8542718,17241230,2048,1024
10516,25.037,19.194,5.843,3,1210,8004,8550910,17258790,2048,1024
10517,25.063,19.160,5.904,3,1210,7992,8541694,17235750,2048,1024
10518,24.904,19.210,5.694,3,1210,8006,8547838,17252518,2048,1024
10519,25.124,19.510,5.614,3,1206,7992,8539646,17234958,2048,1024
10520,24.622,18.802,5.820,3,1210,8016,8547838,17252518,2048,1024
10521,24.845,19.173,5.672,3,1206,8010,8542718,17241230,2048,1024
10522,25.410,19.761,5.649,3,1210,8028,8550910,17258790,2048,1024
10523,24.830,19.233,5.597,3,1202,8002,8537598,17234166,2048,1024
10524,24.754,19.108,5.646,3,1210,8028,8548862,17254694,2048,1024
10525,25.290,19.697,5.593,3,1206,8010,8540670,17237134,2048,1024
10526,26.657,20.892,5.765,3,1210,8028,8548862,17254694,2048,1024
10527,26.112,20.397,5.715,3,1202,8008,8541694,17242614,2048,1024
10528,26.506,20.728,5.778,3,1210,8026,8551934,17260966,2048,1024
10529,21.382,16.111,5.270,3,1112,6318,6746622,13623846,2048,1024
10530,21.483,16.080,5.403,3,1120,6336,6756862,13642198,2048,1024
10531,21.115,15.634,5.482,3,1120,6328,6755070,13637890,2048,1024
10532,22.395,16.815,5.580,3,1124,6338,6763262,13655450,2048,1024
10533,23.125,17.725,5.400,3,1116,6314,6753022,13637098,2048,1024
10534,21.117,15.622,5.495,3,1124,6332,6763262,13655450,2048,1024
10535,21.820,16.456,5.363,3,1116,6308,6753022,13637098,2048,1024
10536,22.724,17.249,5.475,3,1124,6330,6763262,13655450,2048,1024
10537,21.812,16.453,5.359,3,1120,6312,6751998,13631618,2048,1024
10538,22.048,16.663,5.385,3,1124,6334,6760190,13649178,2048,1024
10539,21.582,16.137,5.445,3,1120,6336,6767358,13662722,2048,1024
10540,21.899,16.421,5.479,3,1124,6358,6775550,13680282,2048,1024
10541,21.586,16.124,5.461,3,1120,6354,6769406,13666946,2048,1024
10542,21.686,16.277,5.410,3,1124,6372,6777598,13684506,2048,1024
10543,22.221,16.701,5.520,3,1120,6364,6772478,13673218,2048,1024
10544,22.062,16.523,5.539,3,1124,6384,6780670,13690778,2048,1024
10545,22.461,15.854,6.606,3,1120,6366,6760190,13648354,2048,1024
10546,20.655,15.258,5.397,3,1124,6392,6768382,13665914,2048,1024
10547,20.789,15.357,5.432,3,1116,6378,6760190,13651786,2048,1024
10548,21.389,15.795,5.593,3,1120,6392,6771710,13672244,2048,1024
10549,20.960,15.550,5.410,3,1116,6368,6763518,13654684,2048,1024
10550,21.255,15.646,5.609,3,1120,6382,6771710,13672244,2048,1024
10551,20.532,15.080,5.452,3,1116,6368,6766590,13660956,2048,1024
10552,20.461,15.154,5.306,3,1120,6378,6774782,13678516,2048,1024
10553,20.559,15.117,5.443,3,1120,6348,6765566,13655476,2048,1024
10554,20.738,15.371,5.367,3,1120,6354,6771710,13672244,2048,1024
10555,20.681,15.256,5.426,3,1116,6348,6763518,13654684,2048,1024
10556,20.477,15.178,5.299,3,1120,6362,6771710,13672244,2048,1024
10557,21.582,16.148,5.434,3,1116,6348,6766590,13660956,2048,1024
10558,21.746,15.678,6.069,3,1120,6368,6774782,13678516,2048,1024
10559,20.535,15.204,5.331,3,1116,6348,6760446,13648412,2048,1024
10560,20.469,15.076,5.393,3,1120,6366,6768638,13665972,2048,1024
10561,20.620,15.256,5.364,3,1120,6366,6765566,13655476,2048,1024
10562,20.739,15.280,5.459,3,1120,6380,6771710,13672244,2048,1024
10563,20.508,15.181,5.328,3,1116,6372,6766590,13660956,2048,1024
10564,21.047,15.311,5.736,3,1120,6394,6774782,13678516,2048,1024
10565,20.470,15.206,5.263,3,1116,6370,6760446,13648412,2048,1024
10566,20.236,14.970,5.266,3,1120,6388,6768638,13665972,2048,1024
10567,20.439,15.162,5.277,3,1120,6388,6768638,13661748,2048,1024
10568,20.698,15.152,5.546,3,1120,6398,6774782,13678516,2048,1024
10569,20.461,15.161,5.300,3,1112,6366,6758398,13647620,2048,1024
10570,20.380,15.148,5.232,3,1120,6384,6768638,13665972,2048,1024
10571,20.476,15.092,5.385,3,1116,6368,6763518,13654684,2048,1024
10572,20.376,15.094,5.283,3,1120,6380,6771710,13672244,2048,1024
10573,20.481,15.201,5.279,3,1120,6366,6765566,13655476,2048,1024
10574,20.686,15.304,5.383,3,1120,6372,6771710,13672244,2048,1024
10575,20.563,15.054,5.509,3,1112,6360,6776830,13684996,2048,1024
10576,20.789,15.370,5.419,3,1120,6378,6787070,13703348,2048,1024
10577,20.829,15.551,5.278,3,1120,6360,6779902,13684532,2048,1024
10578,20.755,15.402,5.354,3,1120,6370,6786046,13701300,2048,1024
10579,21.945,16.520,5.425,3,1120,6366,6783998,13699980,2048,1024
10580,20.686,15.148,5.537,3,1128,6392,6794238,13718332,2048,1024
10581,20.502,15.123,5.379,3,1124,6368,6773758,13675940,2048,1024
10582,20.463,15.050,5.413,3,1128,6390,6781950,13693500,2048,1024
10583,20.579,15.189,5.389,3,1132,6384,6775806,13680492,2048,1024
10584,20.649,15.306,5.343,3,1136,6408,6783998,13698052,2048,1024
10585,20.887,15.560,5.327,3,1136,6402,6777854,13681284,2048,1024
10586,20.485,15.123,5.361,3,1136,6416,6783998,13698052,2048,1024
10587,20.403,15.072,5.331,3,1132,6406,6778878,13686764,2048,1024
10588,20.668,15.120,5.548,3,1136,6420,6787070,13704324,2048,1024
10589,20.579,15.235,5.344,3,1132,6412,6781950,13693036,2048,1024
10590,21.522,16.028,5.494,3,1136,6426,6790142,13710596,2048,1024
10591,20.589,15.096,5.494,3,1132,6408,6781950,13693036,2048,1024
10592,20.418,15.056,5.362,3,1136,6418,6790142,13710596,2048,1024
10593,20.784,15.229,5.555,3,1128,6380,6773758,13679700,2048,1024
10594,20.777,15.228,5.549,3,1136,6398,6783998,13698052,2048,1024
10595,20.926,15.595,5.332,3,1128,6372,6773758,13679700,2048,1024
10596,20.947,15.372,5.575,3,1136,6390,6783998,13698052,2048,1024
10597,20.882,15.238,5.644,3,1132,6372,6775806,13680492,2048,1024
10598,20.844,15.488,5.355,3,1136,6382,6783998,13698052,2048,1024
10599,21.172,15.809,5.363,3,1136,6378,6780926,13687556,2048,1024
10600,20.797,15.385,5.412,3,1136,6388,6787070,13704324,2048,1024
10601,20.477,15.153,5.324,3,1136,6382,6780926,13687556,2048,1024
10602,20.825,15.475,5.349,3,1136,6396,6787070,13704324,2048,1024
10603,20.661,15.201,5.460,3,1128,6372,6773758,13679700,2048,1024
10604,20.559,15.112,5.447,3,1136,6386,6783998,13698052,2048,1024
10605,20.527,15.173,5.355,3,1128,6374,6776830,13685972,2048,1024
10606,21.675,16.326,5.350,3,1136,6400,6791166,13712644,2048,1024
10607,21.238,15.861,5.377,3,1128,6382,6780926,13694292,2048,1024
10608,20.948,15.554,5.395,3,1136,6406,6791166,13712644,2048,1024
10609,21.090,15.499,5.590,3,1132,6380,6770686,13670252,2048,1024
10610,20.705,15.359,5.346,3,1136,6386,6778878,13687812,2048,1024
10611,21.649,16.325,5.325,3,1132,6378,6782974,13695084,2048,1024
10612,21.893,16.420,5.473,3,1136,6396,6791166,13712644,2048,1024
10613,21.761,16.199,5.562,3,1128,6370,6780926,13694292,2048,1024
10614,21.740,16.223,5.517,3,1136,6388,6791166,13712644,2048,1024
10615,21.852,16.512,5.340,3,1132,6372,6786046,13701356,2048,1024
10616,21.613,16.166,5.447,3,1136,6382,6794238,13718916,2048,1024
10617,20.572,15.195,5.377,3,1132,6354,6773758,13676524,2048,1024
10618,20.624,15.205,5.419,3,1136,6364,6781950,13694084,2048,1024
10619,21.093,15.761,5.332,3,1132,6342,6773758,13676524,2048,1024
10620,20.688,15.201,5.487,3,1136,6360,6781950,13694084,2048,1024
10621,20.625,15.134,5.492,3,1132,6336,6770686,13670252,2048,1024
10622,20.704,15.353,5.351,3,1136,6356,6778878,13687812,2048,1024
10623,20.787,15.030,5.757,3,1132,6344,6770686,13670252,2048,1024
10624,20.937,15.342,5.595,3,1136,6366,6778878,13687812,2048,1024
10625,20.562,15.182,5.380,3,1136,6358,6772734,13671044,2048,1024
10626,20.876,15.497,5.379,3,1136,6372,6778878,13687812,2048,1024
10627,20.641,15.308,5.333,3,1136,6370,6772734,13671044,2048,1024
10628,20.585,15.093,5.493,3,1144,6396,6783998,13698636,2048,1024
10629,20.610,15.115,5.495,3,1144,6394,6780926,13688140,2048,1024
10630,20.714,15.100,5.614,3,1144,6404,6787070,13704908,2048,1024
10631,20.671,15.303,5.368,3,1140,6390,6778878,13687348,2048,1024
10632,20.929,15.562,5.367,3,1144,6404,6787070,13704908,2048,1024
10633,21.338,15.808,5.531,3,1140,6376,6772734,13674804,2048,1024
10634,20.499,15.091,5.408,3,1144,6390,6780926,13692364,2048,1024
10635,20.681,15.085,5.596,3,1140,6378,6775806,13681076,2048,1024
10636,20.596,15.189,5.406,3,1144,6386,6783998,13698636,2048,1024
10637,20.722,15.320,5.402,3,1140,6364,6775806,13681076,2048,1024
10638,20.669,15.249,5.420,3,1144,6378,6783998,13698636,2048,1024
10639,20.602,15.090,5.512,3,1144,6364,6777854,13681868,2048,1024
10640,20.898,15.300,5.598,3,1144,6370,6783998,13698636,2048,1024
10641,20.874,15.502,5.372,3,1144,6358,6777854,13681868,2048,1024
10642,20.669,15.240,5.429,3,1144,6368,6783998,13698636,2048,1024
10643,20.458,15.111,5.347,3,1136,6342,6770686,13674012,2048,1024
10644,20.963,15.481,5.482,3,1144,6368,6780926,13692364,2048,1024
10645,20.863,15.388,5.476,3,1140,6360,6775806,13681076,2048,1024
10646,20.522,15.072,5.450,3,1144,6382,6783998,13698636,2048,1024
10647,20.839,15.479,5.360,3,1140,6376,6788094,13705908,2048,1024
10648,20.750,15.220,5.529,3,1144,6400,6796286,13723468,2048,1024
10649,20.301,14.896,5.405,3,1140,6400,6788094,13705908,2048,1024
10650,20.800,15.449,5.351,3,1144,6422,6796286,13723468,2048,1024
10651,20.619,15.220,5.399,3,1140,6402,6788094,13705908,2048,1024
10652,20.486,15.009,5.477,3,1144,6420,6796286,13723468,2048,1024
10653,20.949,15.572,5.377,3,1136,6394,6772734,13678236,2048,1024
10654,21.435,15.868,5.567,3,1144,6416,6782974,13696588,2048,1024
10655,21.087,15.596,5.491,3,1140,6406,6774782,13679028,2048,1024
10656,20.415,14.922,5.493,3,1144,6420,6782974,13696588,2048,1024
10657,22.091,16.709,5.382,3,1140,6400,6774782,13679028,2048,1024
10658,21.750,16.315,5.435,3,1144,6410,6782974,13696588,2048,1024
10659,20.959,15.572,5.386,3,1140,6378,6768638,13666484,2048,1024
10660,22.543,16.750,5.794,3,1144,6392,6776830,13684044,2048,1024
10661,21.843,16.359,5.484,3,1140,6374,6768638,13666484,2048,1024
10662,22.669,17.181,5.488,3,1144,6384,6776830,13684044,2048,1024
10663,21.882,16.384,5.498,3,1144,6384,6776830,13679820,2048,1024
10664,21.437,16.003,5.434,3,1144,6394,6782974,13696588,2048,1024
10665,21.396,15.856,5.540,3,1144,6388,6776830,13679820,2048,1024
10666,21.514,15.919,5.595,3,1144,6402,6782974,13696588,2048,1024
10667,20.826,15.457,5.369,3,1144,6386,6770686,13667276,2048,1024
10668,21.221,15.613,5.608,3,1144,6400,6776830,13684044,2048,1024
10669,20.384,14.933,5.451,3,1136,6384,6766590,13665692,2048,1024
10670,20.603,14.988,5.615,3,1144,6410,6776830,13684044,2048,1024
10671,20.707,15.276,5.431,3,1136,6396,6769662,13671964,2048,1024
10672,20.550,15.183,5.368,3,1144,6420,6779902,13690316,2048,1024
10673,20.521,15.196,5.325,3,1144,6410,6773758,13673548,2048,1024
10674,21.171,15.169,6.003,3,1144,6420,6779902,13690316,2048,1024
10675,20.684,14.941,5.744,3,1144,6412,6773758,13673548,2048,1024
10676,20.574,15.052,5.522,3,1144,6422,6779902,13690316,2048,1024
10677,20.876,15.252,5.624,3,1136,6390,6766590,13665692,2048,1024
10678,20.940,15.201,5.739,3,1144,6408,6776830,13684044,2048,1024
10679,21.276,15.908,5.368,3,1136,6386,6769662,13671964,2048,1024
10680,21.530,16.068,5.461,3,1144,6396,6775806,13681996,2048,1024
10681,21.475,15.950,5.524,3,1140,6378,6767614,13664436,2048,1024
10682,21.265,15.333,5.932,3,1148,6404,6780158,13691024,2048,1024
10683,22.288,16.680,5.608,3,1144,6406,6796542,13723128,2048,1024
10684,21.002,15.508,5.494,3,1148,6420,6804734,13740688,2048,1024
10685,22.214,16.603,5.611,3,1144,6396,6793470,13716856,2048,1024
10686,22.916,17.378,5.537,3,1148,6416,6801662,13734416,2048,1024
10687,21.011,15.524,5.487,3,1140,6408,6797566,13728608,2048,1024
10688,20.700,15.292,5.408,3,1148,6434,6810878,13753200,2048,1024
10689,21.262,15.850,5.411,3,1144,6390,6771966,13673432,2048,1024
10690,20.496,15.072,5.424,3,1148,6412,6780158,13690992,2048,1024
10691,20.647,14.991,5.656,3,1140,6392,6773246,13675538,2048,1024
10692,20.591,15.187,5.404,3,1144,6414,6781438,13693098,2048,1024
10693,20.637,15.257,5.380,3,1140,6404,6776318,13681810,2048,1024
10694,20.824,15.204,5.620,3,1144,6422,6784510,13699370,2048,1024
10695,21.157,15.700,5.457,3,1136,6400,6774270,13681018,2048,1024
10696,20.863,15.382,5.481,3,1144,6422,6784510,13699370,2048,1024
10697,20.807,15.410,5.397,3,1144,6408,6775294,13676330,2048,1024
10698,20.827,15.384,5.442,3,1144,6414,6781438,13693098,2048,1024
10699,20.489,15.065,5.424,3,1140,6430,6799870,13733118,2048,1024
10700,20.656,15.195,5.461,3,1148,6446,6810110,13751470,2048,1024
10701,20.831,15.455,5.376,3,1140,6420,6799870,13733118,2048,1024
10702,21.568,16.026,5.542,3,1148,6438,6810110,13751470,2048,1024
10703,21.677,16.206,5.471,3,1144,6424,6806526,13743318,2048,1024
10704,20.697,15.216,5.481,3,1148,6422,6814718,13760878,2048,1024
10705,20.413,15.004,5.409,3,1144,6410,6815742,13761878,2048,1024
10706,20.814,15.405,5.409,3,1148,6436,6823934,13779438,2048,1024
10707,20.947,15.424,5.524,3,1140,6418,6813694,13761086,2048,1024
10708,20.852,15.174,5.678,3,1148,6444,6827518,13786670,2048,1024
10709,20.685,15.310,5.375,3,1144,6434,6822398,13775382,2048,1024
10710,20.910,15.315,5.595,3,1148,6456,6830590,13792942,2048,1024
10711,20.957,15.502,5.456,3,1144,6442,6822398,13775382,2048,1024
10712,20.629,15.133,5.496,3,1148,6460,6828542,13788718,2048,1024
10713,20.935,15.511,5.425,3,1148,6438,6819326,13765678,2048,1024
10714,20.819,15.105,5.714,3,1148,6440,6825470,13782446,2048,1024
10715,20.701,15.169,5.532,3,1144,6424,6817278,13764886,2048,1024
10716,21.300,15.869,5.431,3,1148,6438,6825470,13782446,2048,1024
10717,20.733,15.286,5.447,3,1144,6422,6817278,13764886,2048,1024
10718,20.673,15.247,5.426,3,1148,6434,6823422,13778222,2048,1024
10719,20.852,15.340,5.512,3,1148,6438,6841854,13811118,2048,1024
10720,20.545,15.088,5.457,3,1148,6444,6847998,13827886,2048,1024
10721,21.354,15.780,5.574,3,1148,6428,6841854,13811118,2048,1024
10722,20.842,15.362,5.480,3,1148,6434,6847998,13827886,2048,1024
10723,20.523,15.132,5.391,3,1144,6412,6839806,13810326,2048,1024
10724,20.602,15.185,5.417,3,1148,6426,6847998,13827886,2048,1024
10725,20.933,15.399,5.534,3,1144,6394,6818302,13766934,2048,1024
10726,21.058,15.419,5.639,3,1148,6404,6826494,13784494,2048,1024
10727,20.922,15.405,5.517,3,1144,6380,6815230,13760662,2048,1024
10728,20.861,15.200,5.661,3,1148,6398,6823422,13778222,2048,1024
10729,20.747,15.226,5.522,3,1144,6394,6818302,13766934,2048,1024
10730,20.918,15.490,5.429,3,1148,6412,6826494,13784494,2048,1024
10731,20.847,15.214,5.633,3,1144,6392,6812158,13754390,2048,1024
10732,20.673,15.091,5.582,3,1152,6446,6845950,13824050,2048,1024
10733,20.709,15.235,5.474,3,1148,6444,6840830,13812762,2048,1024
10734,20.804,15.336,5.469,3,1152,6462,6849022,13830322,2048,1024
10735,20.848,15.385,5.463,3,1152,6456,6844926,13817650,2048,1024
10736,20.772,15.305,5.467,3,1152,6468,6852606,13837554,2048,1024
10737,20.894,15.200,5.694,3,1148,6450,6841342,13813722,2048,1024
10738,21.095,15.362,5.733,3,1152,6464,6849534,13831282,2048,1024
10739,20.995,15.470,5.525,3,1152,6458,6846462,13820786,2048,1024
10740,20.725,15.250,5.475,3,1152,6468,6852606,13837554,2048,1024
10741,20.846,15.362,5.483,3,1144,6442,6845950,13826434,2048,1024
10742,21.201,15.783,5.418,3,1152,6460,6856190,13844786,2048,1024
10743,23.271,17.822,5.449,3,1148,6430,6844926,13820954,2048,1024
10744,22.835,16.944,5.892,3,1152,6444,6853118,13838514,2048,1024
10745,22.580,16.874,5.706,3,1152,6436,6850046,13828018,2048,1024
10746,22.535,16.875,5.660,3,1152,6442,6856190,13844786,2048,1024
10747,22.066,16.441,5.625,3,1148,6420,6847998,13827226,2048,1024
10748,22.409,16.815,5.594,3,1152,6438,6856190,13844786,2048,1024
10749,21.528,15.985,5.543,3,1152,6418,6843902,13815474,2048,1024
10750,21.346,15.549,5.797,3,1152,6430,6850046,13832242,2048,1024
10751,20.971,15.346,5.625,3,1152,6424,6843902,13815474,2048,1024
10752,22.749,17.193,5.556,3,1152,6438,6850046,13832242,2048,1024
10753,22.037,16.463,5.575,3,1148,6432,6844926,13820954,2048,1024
10754,21.860,16.175,5.684,3,1152,6450,6853118,13838514,2048,1024
10755,23.282,17.637,5.646,3,1152,6460,6871550,13871410,2048,1024
10756,21.770,16.183,5.587,3,1152,6474,6877694,13888178,2048,1024
10757,21.578,15.918,5.659,3,1152,6472,6874622,13877682,2048,1024
10758,22.630,17.028,5.602,3,1152,6482,6880766,13894450,2048,1024
10759,21.360,15.849,5.511,3,1144,6460,6870526,13876098,2048,1024
10760,21.479,16.010,5.469,3,1152,6490,6880766,13894450,2048,1024
10761,22.558,16.884,5.674,3,1144,6444,6842878,13820162,2048,1024
10762,22.044,16.388,5.656,3,1152,6462,6853118,13838514,2048,1024
10763,20.869,15.417,5.452,3,1148,6444,6844926,13820954,2048,1024
10764,20.998,15.519,5.480,3,1152,6452,6853118,13838514,2048,1024
10765,20.749,15.319,5.430,3,1148,6424,6841854,13814682,2048,1024
10766,21.166,15.544,5.622,3,1152,6438,6850046,13832242,2048,1024
10767,20.714,15.253,5.462,3,1152,6424,6843902,13815474,2048,1024
10768,21.288,15.796,5.491,3,1152,6430,6850046,13832242,2048,1024
10769,20.765,15.237,5.528,3,1152,6428,6850046,13828018,2048,1024
10770,21.054,15.429,5.625,3,1152,6438,6856190,13844786,2048,1024
10771,20.774,15.308,5.466,3,1148,6422,6847998,13827226,2048,1024
10772,20.745,15.270,5.476,3,1152,6444,6856190,13844786,2048,1024
10773,20.964,15.181,5.783,3,1148,6420,6841854,13814682,2048,1024
10774,21.036,15.428,5.608,3,1152,6442,6850046,13832242,2048,1024
10775,21.558,16.105,5.453,3,1144,6430,6842878,13820162,2048,1024
10776,21.789,16.178,5.612,3,1152,6458,6853118,13838514,2048,1024
10777,21.443,15.914,5.530,3,1144,6434,6839806,13813890,2048,1024
10778,21.435,15.943,5.492,3,1152,6460,6850046,13832242,2048,1024
10779,21.526,16.069,5.457,3,1152,6454,6846974,13821746,2048,1024
10780,21.368,15.883,5.485,3,1152,6468,6854142,13840690,2048,1024
10781,21.072,15.521,5.551,3,1152,6454,6844926,13817650,2048,1024
10782,21.392,15.934,5.457,3,1152,6464,6851070,13834418,2048,1024
10783,21.715,16.275,5.440,3,1144,6448,6846974,13828610,2048,1024
10784,22.173,16.467,5.706,3,1152,6466,6857214,13846962,2048,1024
10785,21.555,16.098,5.457,3,1148,6426,6833662,13798298,2048,1024
10786,20.701,15.180,5.520,3,1152,6440,6841854,13815858,2048,1024
10787,21.049,15.631,5.418,3,1144,6420,6834686,13803778,2048,1024
10788,21.275,15.852,5.423,3,1152,6438,6844926,13822130,2048,1024
10789,20.594,15.084,5.510,3,1148,6420,6836734,13804570,2048,1024
10790,20.673,15.184,5.489,3,1152,6430,6844926,13822130,2048,1024
10791,21.256,15.770,5.486,3,1144,6418,6853118,13840898,2048,1024
10792,21.373,15.772,5.601,3,1152,6440,6863358,13859250,2048,1024
10793,21.450,15.905,5.545,3,1152,6444,6863358,13855026,2048,1024
10794,22.181,16.015,6.166,3,1152,6458,6869502,13871794,2048,1024
10795,22.087,16.052,6.035,3,1148,6448,6861310,13854234,2048,1024
10796,21.615,15.944,5.672,3,1152,6466,6869502,13871794,2048,1024
10797,21.338,15.838,5.500,3,1152,6442,6837758,13803314,2048,1024
10798,20.870,15.207,5.664,3,1164,6472,6853118,13839486,2048,1024
10799,21.491,15.713,5.778,3,1164,6466,6846974,13822718,2048,1024
10800,20.745,15.181,5.564,3,1164,6478,6853118,13839486,2048,1024
10801,20.794,15.071,5.723,3,1156,6470,6842878,13821134,2048,1024
10802,20.543,15.067,5.475,3,1164,6504,6853118,13839486,2048,1024
10803,21.018,15.444,5.574,3,1164,6504,6852094,13833214,2048,1024
10804,21.208,15.515,5.693,3,1164,6514,6858238,13849982,2048,1024
10805,21.020,15.395,5.625,3,1164,6490,6845950,13820670,2048,1024
10806,21.171,15.238,5.933,3,1164,6496,6852094,13837438,2048,1024
10807,20.752,15.290,5.462,3,1160,6476,6843902,13819878,2048,1024
10808,21.201,15.654,5.547,3,1164,6486,6852094,13837438,2048,1024
10809,21.054,15.486,5.567,3,1160,6462,6846974,13826150,2048,1024
10810,21.010,15.391,5.619,3,1164,6472,6855166,13843710,2048,1024
10811,20.827,15.339,5.487,3,1160,6460,6846974,13826150,2048,1024
10812,21.078,15.604,5.473,3,1164,6478,6855166,13843710,2048,1024
10813,21.038,15.409,5.630,3,1164,6464,6845950,13820670,2048,1024
10814,21.199,15.430,5.769,3,1164,6476,6852094,13837438,2048,1024
10815,21.143,15.657,5.487,3,1156,6458,6841854,13819086,2048,1024
10816,20.649,15.146,5.503,3,1164,6484,6852094,13837438,2048,1024
10817,20.848,15.391,5.457,3,1156,6466,6841854,13819086,2048,1024
10818,20.794,15.318,5.476,3,1164,6492,6852094,13837438,2048,1024
10819,20.550,15.028,5.523,3,1160,6486,6846974,13826150,2048,1024
10820,20.965,15.477,5.488,3,1164,6508,6855166,13843710,2048,1024
10821,21.104,15.550,5.553,3,1160,6498,6846974,13826150,2048,1024
10822,20.901,15.367,5.534,3,1164,6512,6855166,13843710,2048,1024
10823,21.236,15.558,5.678,3,1156,6488,6844926,13825358,2048,1024
10824,20.881,15.358,5.523,3,1164,6510,6855166,13843710,2048,1024
10825,20.788,15.299,5.489,3,1156,6494,6847998,13831630,2048,1024
10826,21.674,16.194,5.480,3,1164,6512,6858238,13849982,2048,1024
10827,21.552,16.106,5.446,3,1156,6502,6869502,13875022,2048,1024
10828,21.340,15.745,5.595,3,1164,6518,6879742,13893374,2048,1024
10829,22.810,17.068,5.742,3,1160,6500,6874622,13882086,2048,1024
10830,21.973,16.349,5.623,3,1164,6514,6882814,13899646,2048,1024
10831,21.377,15.938,5.439,3,1160,6492,6874622,13882086,2048,1024
10832,20.932,15.310,5.622,3,1164,6506,6882814,13899646,2048,1024
10833,20.726,15.140,5.587,3,1160,6466,6849022,13830374,2048,1024
10834,22.227,16.157,6.071,3,1324,7050,7184894,14521596,2048,1024
10835,22.214,16.152,6.061,3,1324,7050,7182846,14513148,2048,1024
10836,22.459,16.202,6.257,3,1324,7064,7188990,14529916,2048,1024
10837,22.031,15.887,6.144,3,1320,7048,7180798,14512356,2048,1024
10838,22.985,16.869,6.116,3,1324,7070,7188990,14529916,2048,1024
10839,22.922,16.659,6.263,3,1324,7070,7185918,14519420,2048,1024
10840,23.195,16.336,6.859,3,1324,7086,7192062,14536188,2048,1024
10841,22.034,15.996,6.038,3,1324,7076,7182846,14513148,2048,1024
10842,23.352,17.218,6.134,3,1324,7090,7188990,14529916,2048,1024
10843,23.400,17.268,6.132,3,1320,7070,7180798,14512356,2048,1024
10844,22.295,16.118,6.176,3,1324,7088,7188990,14529916,2048,1024
10845,22.234,16.051,6.183,3,1320,7066,7177726,14506084,2048,1024
10846,22.337,16.181,6.156,3,1324,7084,7185918,14523644,2048,1024
10847,22.103,16.008,6.095,3,1320,7070,7180798,14512356,2048,1024
10848,21.948,15.934,6.015,3,1324,7080,7188990,14529916,2048,1024
10849,22.435,16.433,6.002,3,1324,7070,7185918,14519420,2048,1024
10850,22.648,16.498,6.150,3,1324,7076,7192062,14536188,2048,1024
10851,21.962,15.902,6.060,3,1320,7048,7180798,14512356,2048,1024
10852,22.095,16.043,6.052,3,1324,7062,7188990,14529916,2048,1024
10853,22.122,16.010,6.112,3,1320,7044,7180798,14512356,2048,1024
10854,22.475,16.323,6.151,3,1324,7054,7188990,14529916,2048,1024
10855,22.251,16.198,6.054,3,1316,7032,7178750,14511564,2048,1024
10856,21.976,15.936,6.040,3,1324,7054,7188990,14529916,2048,1024
10857,22.056,16.060,5.997,3,1320,7040,7177726,14506084,2048,1024
10858,22.235,16.209,6.025,3,1324,7058,7185918,14523644,2048,1024
10859,22.623,16.547,6.076,3,1324,7058,7182846,14513148,2048,1024
10860,22.224,16.176,6.048,3,1324,7060,7188990,14529916,2048,1024
10861,22.118,16.098,6.020,3,1320,7050,7180798,14512356,2048,1024
10862,22.300,15.913,6.387,3,1324,7068,7193086,14538236,2048,1024
10863,22.209,16.215,5.994,3,1320,7078,7209470,14570340,2048,1024
10864,22.232,16.159,6.073,3,1324,7094,7217662,14587900,2048,1024
10865,22.102,16.001,6.101,3,1320,7082,7209470,14570340,2048,1024
10866,22.014,15.939,6.075,3,1324,7084,7217662,14587900,2048,1024
10867,22.001,16.031,5.970,3,1316,7056,7204350,14563276,2048,1024
10868,22.681,16.596,6.085,3,1324,7078,7214590,14581628,2048,1024
10869,22.156,16.152,6.004,3,1320,7046,7187966,14526948,2048,1024
10870,22.564,16.489,6.074,3,1324,7060,7196158,14544508,2048,1024
10871,22.564,16.404,6.160,3,1320,7034,7184894,14520676,2048,1024
10872,21.955,15.864,6.090,3,1324,7044,7193086,14538236,2048,1024
10873,21.877,15.799,6.078,3,1320,7022,7181822,14514404,2048,1024
10874,22.115,16.088,6.026,3,1324,7032,7190014,14531964,2048,1024
10875,22.009,15.958,6.051,3,1320,7020,7187966,14526948,2048,1024
10876,16.238,12.673,3.565,3,706,4126,5001982,10072524,2048,1024
10877,17.687,13.134,4.553,3,894,4904,5587710,11081106,2048,1024
10878,17.270,13.092,4.178,3,902,4928,5597950,11104354,2048,1024
10879,19.332,14.043,5.289,3,1214,6050,6230782,12369808,2048,1024
10880,19.459,14.001,5.458,3,1254,6216,6318846,12553072,2048,1024
10881,19.901,14.087,5.814,3,1250,6214,6326014,12572040,2048,1024
10882,20.024,14.542,5.483,3,1258,6240,6336254,12592044,2048,1024
10883,20.010,14.547,5.462,3,1246,6216,6323966,12579116,2048,1024
10884,19.612,14.139,5.472,3,1262,6260,6354686,12604460,2048,1024
10885,20.296,14.764,5.531,3,1272,6276,6351102,12602728,2048,1024
10886,19.842,14.236,5.606,3,1286,6310,6362110,12632548,2048,1024
10887,20.047,14.329,5.718,3,1274,6290,6348286,12623396,2048,1024
10888,21.545,15.932,5.613,3,1286,6334,6359038,12651956,2048,1024
10889,20.881,15.174,5.707,3,1290,6336,6352382,12646068,2048,1024
10890,20.102,14.399,5.703,3,1302,6354,6363134,12678648,2048,1024
10891,20.114,14.444,5.669,3,1304,6344,6360574,12677624,2048,1024
10892,20.342,14.526,5.816,3,1312,6388,6370814,12709396,2048,1024
10893,20.359,14.640,5.719,3,1304,6360,6363646,12695132,2048,1024
10894,20.214,14.384,5.830,3,1312,6380,6373886,12712820,2048,1024
10895,20.274,14.602,5.672,3,1304,6376,6360574,12685616,2048,1024
10896,22.539,16.855,5.684,3,1312,6400,6370814,12703628,2048,1024
10897,20.899,15.166,5.732,3,1304,6364,6360574,12683020,2048,1024
10898,19.678,14.478,5.200,3,1152,5830,6043134,12027370,2048,1024
10899,19.610,14.496,5.114,3,1144,5842,6035966,12012710,2048,1024
10900,19.667,14.497,5.169,3,1152,5844,6046206,12031208,2048,1024
10901,19.395,14.296,5.099,3,1144,5798,6029822,11996598,2048,1024
10902,19.199,13.960,5.238,3,1152,5806,6040062,12013962,2048,1024
10903,18.890,13.797,5.093,3,1148,5838,6034942,12002686,2048,1024
10904,19.401,14.249,5.152,3,1156,5852,6045182,12020050,2048,1024
10905,18.852,13.672,5.180,3,1144,5852,6032894,11994114,2048,1024
10906,18.813,13.700,5.113,3,1152,5888,6043134,12010830,2048,1024
10907,19.106,13.982,5.124,3,1144,5864,6029822,11982978,2048,1024
10908,18.992,13.888,5.104,3,1152,5898,6040062,12000504,2048,1024
10909,17.709,13.199,4.510,3,988,5288,5700094,11300326,2048,1024
10910,17.849,13.235,4.614,3,996,5320,5710334,11315908,2048,1024
10911,17.802,13.238,4.564,3,980,5324,5695998,11283510,2048,1024
10912,18.052,13.369,4.683,3,988,5332,5706238,11299092,2048,1024
10913,18.120,13.521,4.599,3,984,5272,5701118,11283480,2048,1024
10914,17.755,13.123,4.632,3,992,5296,5711358,11296832,2048,1024
10915,17.940,13.375,4.564,3,984,5290,5701118,11270268,2048,1024
10916,18.177,13.611,4.566,3,984,5266,5685758,11277788,2048,1024
10917,17.743,13.198,4.545,3,972,5204,5673470,11238360,2048,1024
10918,18.158,13.558,4.600,3,978,5222,5677310,11238312,2048,1024
10919,18.817,14.127,4.690,3,966,5196,5654270,11200460,2048,1024
10920,18.110,13.622,4.489,3,974,5218,5664510,11197516,2048,1024
10921,18.131,13.659,4.471,3,958,5184,5631742,11154076,2048,1024
10922,18.404,13.748,4.656,3,964,5180,5635582,11126412,2048,1024
10923,17.742,13.298,4.444,3,954,5102,5605118,11029722,2048,1024
10924,17.905,13.405,4.500,3,954,5092,5589758,10961212,2048,1024
10925,17.468,13.046,4.423,3,936,4984,5550590,10864594,2048,1024
10926,17.397,12.907,4.491,3,930,4962,5497598,10796860,2048,1024
10927,17.176,12.784,4.392,3,910,4900,5445886,10687706,2048,1024
10928,17.087,12.728,4.359,3,906,4854,5417726,10620854,2048,1024
10929,17.010,12.729,4.281,3,884,4742,5359614,10506590,2048,1024
10930,17.156,12.706,4.450,3,882,4722,5337854,10450078,2048,1024
10931,16.644,12.423,4.221,3,870,4692,5307134,10368994,2048,1024
10932,16.660,12.375,4.285,3,858,4648,5253374,10331428,2048,1024
10933,16.555,12.404,4.150,3,836,4596,5212158,10276428,2048,1024
10934,16.680,12.477,4.203,3,830,4584,5177598,10271436,2048,1024
10935,16.558,12.200,4.358,3,822,4556,5156606,10246112,2048,1024
10936,16.698,12.384,4.313,3,828,4556,5156350,10251592,2048,1024
10937,16.919,12.766,4.154,3,814,4524,5134590,10218736,2048,1024
10938,16.241,12.247,3.994,3,822,4540,5142782,10232524,2048,1024
10939,16.870,12.557,4.313,3,810,4496,5127422,10200640,2048,1024
10940,16.936,12.754,4.182,3,818,4524,5137662,10218652,2048,1024
10941,16.240,12.284,3.957,3,814,4516,5132542,10208024,2048,1024
10942,16.768,12.317,4.451,3,796,4442,5089534,10224414,2048,1024
10943,16.770,12.279,4.491,3,792,4430,5078270,10201242,2048,1024
10944,17.802,13.485,4.317,3,840,4602,5170430,10383834,2048,1024
10945,16.887,12.737,4.150,3,832,4590,5160190,10362578,2048,1024
10946,16.540,12.518,4.022,3,840,4610,5170430,10380590,2048,1024
10947,17.035,12.558,4.477,3,828,4584,5161214,10361250,2048,1024
10948,16.480,12.425,4.055,3,836,4612,5171454,10379262,2048,1024
10949,16.726,12.542,4.184,3,824,4584,5159166,10353650,2048,1024
10950,16.815,12.621,4.194,3,832,4612,5169406,10371662,2048,1024
10951,16.931,12.922,4.009,3,828,4596,5164286,10361034,2048,1024
10952,16.580,12.503,4.077,3,836,4620,5174526,10379046,2048,1024
10953,16.369,12.306,4.064,3,824,4584,5159166,10347162,2048,1024
10954,16.878,12.547,4.332,3,832,4608,5169406,10365174,2048,1024
10955,16.673,12.535,4.138,3,824,4576,5159166,10343918,2048,1024
10956,17.105,12.942,4.163,3,832,4598,5169406,10361930,2048,1024
10957,16.524,12.557,3.967,3,828,4582,5161214,10345030,2048,1024
10958,16.612,12.457,4.155,3,836,4598,5171454,10363042,2048,1024
10959,17.095,12.809,4.286,3,836,4594,5183230,10366058,2048,1024
10960,16.480,12.320,4.159,3,846,4602,5195518,10385890,2048,1024
10961,16.839,12.457,4.382,3,844,4590,5188862,10373780,2048,1024
10962,16.995,12.743,4.252,3,852,4616,5199102,10391792,2048,1024
10963,16.779,12.586,4.194,3,840,4586,5183742,10361336,2048,1024
10964,16.796,12.702,4.094,3,848,4624,5193982,10377268,2048,1024
10965,16.636,12.587,4.049,3,840,4616,5186814,10363712,2048,1024
10966,16.879,12.769,4.110,3,848,4646,5197054,10381724,2048,1024
10967,16.433,12.375,4.058,3,840,4638,5183742,10354196,2048,1024
10968,17.650,13.268,4.382,3,848,4664,5191934,10369412,2048,1024
10969,16.575,12.521,4.054,3,840,4640,5184766,10354428,2048,1024
10970,16.640,12.346,4.294,3,848,4676,5195006,10373868,2048,1024
10971,16.742,12.495,4.248,3,844,4670,5180670,10344424,2048,1024
10972,16.439,12.306,4.133,3,852,4674,5190910,10363864,2048,1024
10973,16.456,12.132,4.323,3,840,4662,5181694,10344524,2048,1024
10974,16.835,12.276,4.559,3,848,4662,5189886,10359740,2048,1024
10975,16.757,12.290,4.466,3,860,4708,5232382,10401662,2048,1024
10976,16.894,12.531,4.364,3,870,4728,5244670,10423964,2048,1024
10977,16.555,12.404,4.151,3,858,4714,5232382,10400816,2048,1024
10978,17.072,12.756,4.316,3,866,4734,5242622,10418828,2048,1024
10979,16.699,12.560,4.139,3,864,4722,5242110,10420106,2048,1024
10980,16.662,12.456,4.207,3,878,4764,5281534,10497676,2048,1024
10981,16.692,12.487,4.205,3,862,4710,5267198,10470042,2048,1024
10982,17.615,13.416,4.199,3,870,4714,5277438,10488054,2048,1024
10983,18.326,14.117,4.209,3,866,4694,5266174,10466050,2048,1024
10984,17.698,13.446,4.253,3,878,4724,5284606,10485618,2048,1024
10985,17.863,13.501,4.362,3,870,4716,5274366,10464362,2048,1024
10986,17.758,13.178,4.579,3,878,4742,5284606,10485098,2048,1024
10987,17.322,13.094,4.228,3,870,4702,5274366,10463842,2048,1024
10988,17.021,12.851,4.170,3,878,4734,5284606,10484578,2048,1024
10989,16.471,12.270,4.201,3,870,4702,5274366,10463322,2048,1024
10990,16.994,12.589,4.405,3,878,4736,5284606,10484058,2048,1024
10991,16.790,12.552,4.238,3,878,4742,5295870,10501136,2048,1024
10992,16.672,12.456,4.216,3,886,4762,5306110,10520316,2048,1024
10993,16.597,12.339,4.258,3,874,4702,5295614,10500848,2048,1024
10994,16.747,12.651,4.096,3,822,4626,5273342,10449872,2048,1024
10995,16.558,12.432,4.126,3,816,4600,5270782,10447962,2048,1024
10996,17.356,13.012,4.344,3,856,4814,5418238,10745680,2048,1024
10997,17.499,13.159,4.341,3,902,5014,5588222,11096434,2048,1024
10998,17.970,13.479,4.492,3,916,5064,5606654,11131540,2048,1024
10999,17.434,13.069,4.365,3,916,5064,5572350,11064562,2048,1024
11000,18.103,13.559,4.544,3,930,5122,5590782,11100414,2048,1024
11001,17.361,12.907,4.454,3,932,5080,5514750,10947300,2048,1024
11002,18.805,14.070,4.734,3,994,5394,5732094,11389614,2048,1024
11003,18.767,14.037,4.730,3,996,5414,5732094,11389808,2048,1024
11004,18.112,13.295,4.817,3,1010,5422,5689086,11302958,2048,1024
11005,17.687,13.041,4.646,3,998,5342,5608190,11138658,2048,1024
11006,17.737,12.946,4.791,3,992,5290,5531646,11089992,2048,1024
11007,17.611,12.886,4.725,3,986,5248,5510142,11045890,2048,1024
11008,17.820,13.031,4.789,3,1028,5406,5592318,11208612,2048,1024
11009,17.346,12.614,4.732,3,1008,5316,5547262,11116244,2048,1024
11010,17.421,12.687,4.734,3,1012,5296,5524734,11066652,2048,1024
11011,17.298,12.639,4.659,3,1006,5248,5505534,11029362,2048,1024
11012,17.628,12.875,4.753,3,1018,5294,5531134,11077698,2048,1024
11013,17.531,12.836,4.695,3,1010,5266,5515518,11047734,2048,1024
11014,17.448,12.703,4.745,3,1018,5264,5513726,11040034,2048,1024
11015,17.769,12.861,4.908,3,1020,5252,5502462,11019456,2048,1024
11016,17.368,12.520,4.848,3,1028,5270,5500926,11012300,2048,1024
11017,17.405,12.377,5.028,3,1020,5202,5490686,10992762,2048,1024
11018,17.350,12.507,4.844,3,1028,5272,5500926,11009896,2048,1024
11019,17.194,12.465,4.729,3,1002,5206,5491966,10983438,2048,1024
11020,17.474,12.742,4.732,3,1010,5220,5510654,11019362,2048,1024
11021,17.283,12.560,4.723,3,994,5206,5493246,10976162,2048,1024
11022,17.702,12.878,4.824,3,1002,5224,5503486,10995046,2048,1024
11023,17.350,12.689,4.661,3,980,5142,5504510,10967048,2048,1024
11024,17.636,12.986,4.651,3,986,5180,5521918,10997616,2048,1024
11025,17.441,12.813,4.628,3,982,5140,5508350,10962876,2048,1024
11026,17.556,12.962,4.594,3,970,5118,5510654,10954432,2048,1024
11027,17.299,12.735,4.563,3,964,5098,5511166,10958470,2048,1024
11028,17.438,12.871,4.567,3,952,5188,5530622,10984582,2048,1024
11029,17.310,12.764,4.546,3,946,5136,5511678,10949328,2048,1024
11030,17.465,12.941,4.524,3,954,5158,5523198,10960356,2048,1024
11031,17.358,12.848,4.511,3,944,5122,5534718,10985302,2048,1024
11032,17.227,12.643,4.585,3,964,5164,5553150,11012234,2048,1024
11033,17.590,13.048,4.542,3,964,5202,5544446,10996678,2048,1024
11034,17.666,13.029,4.637,3,974,5226,5576702,11051312,2048,1024
11035,17.167,12.613,4.554,3,964,5204,5566718,11022226,2048,1024
11036,17.524,12.897,4.627,3,972,5246,5583102,11055114,2048,1024
11037,17.292,12.651,4.641,3,968,5250,5572606,11024990,2048,1024
11038,17.218,12.622,4.595,3,976,5234,5602558,11085386,2048,1024
11039,17.362,12.821,4.541,3,964,5160,5589758,11050150,2048,1024
11040,17.345,12.702,4.643,3,972,5180,5599998,11069518,2048,1024
11041,17.326,12.616,4.710,3,972,5192,5595134,11052442,2048,1024
11042,17.415,12.670,4.745,3,980,5216,5612542,11085966,2048,1024
11043,17.384,12.776,4.608,3,968,5168,5595646,11044226,2048,1024
11044,17.053,12.476,4.578,3,976,5200,5608446,11058378,2048,1024
11045,17.504,12.755,4.749,3,968,5168,5598974,11042190,2048,1024
11046,17.759,12.980,4.779,3,978,5218,5610750,11054196,2048,1024
11047,17.653,12.901,4.752,3,976,5168,5580030,10995522,2048,1024
11048,17.380,12.704,4.676,3,980,5154,5548286,10919202,2048,1024
11049,17.862,12.884,4.977,3,974,5208,5547262,10918680,2048,1024
11050,17.431,12.626,4.805,3,990,5258,5564414,10943288,2048,1024
11051,17.513,12.919,4.593,3,982,5234,5561342,10938440,2048,1024
11052,17.570,12.917,4.654,3,992,5294,5584638,10975494,2048,1024
11053,17.512,12.912,4.600,3,986,5282,5587454,10981120,2048,1024
11054,17.595,13.002,4.592,3,988,5330,5594622,10995238,2048,1024
11055,17.790,12.961,4.829,3,994,5354,5605118,11008372,2048,1024
11056,17.769,13.014,4.755,3,996,5348,5628158,11055242,2048,1024
11057,17.625,12.938,4.687,3,988,5304,5636350,11063066,2048,1024
11058,18.022,13.195,4.827,3,990,5310,5638398,11065484,2048,1024
11059,18.486,13.727,4.760,3,982,5292,5637374,11064344,2048,1024
11060,18.336,13.662,4.674,3,992,5358,5654270,11088838,2048,1024
11061,17.835,13.224,4.611,3,982,5338,5630974,11042708,2048,1024
11062,18.326,13.645,4.681,3,988,5346,5640446,11049958,2048,1024
11063,18.118,13.304,4.814,3,990,5346,5648638,11070104,2048,1024
11064,18.369,13.677,4.692,3,998,5304,5653246,11076116,2048,1024
11065,17.962,13.292,4.670,3,946,5090,5549310,11023436,2048,1024
11066,18.124,13.451,4.673,3,950,5070,5528318,10977308,2048,1024
11067,18.354,13.868,4.486,3,948,5096,5528574,10970574,2048,1024
11068,19.504,14.868,4.637,3,958,5134,5549566,11011112,2048,1024
11069,18.526,13.735,4.791,3,952,5102,5548798,11009574,2048,1024
11070,18.340,13.648,4.692,3,922,4980,5497598,11017946,2048,1024
11071,18.590,14.117,4.474,3,918,4942,5495038,11012438,2048,1024
11072,18.956,14.423,4.533,3,956,5070,5568766,11162102,2048,1024
11073,18.726,14.181,4.545,3,950,5072,5569534,11153044,2048,1024
11074,18.856,14.273,4.583,3,952,5096,5573886,11159946,2048,1024
11075,19.082,13.207,5.875,3,954,5056,5570814,11145204,2048,1024
11076,17.950,13.338,4.611,3,962,5066,5581054,11164576,2048,1024
11077,18.052,13.298,4.753,3,954,5040,5567742,11138604,2048,1024
11078,18.089,13.371,4.718,3,964,5052,5586430,11147312,2048,1024
11079,18.131,13.472,4.659,3,960,5024,5571838,11121470,2048,1024
11080,17.979,13.312,4.667,3,964,5014,5528830,11030810,2048,1024
11081,17.938,13.266,4.672,3,952,5024,5513982,11013042,2048,1024
11082,18.196,13.605,4.591,3,960,5072,5511422,11005098,2048,1024
11083,17.861,13.194,4.667,3,952,5016,5457150,10896436,2048,1024
11084,17.863,13.238,4.625,3,956,5060,5462014,10913580,2048,1024
11085,17.522,13.031,4.491,3,950,5128,5458686,10907854,2048,1024
11086,17.803,13.154,4.649,3,960,5160,5490686,10947806,2048,1024
11087,18.025,13.039,4.986,3,960,5156,5487614,10941334,2048,1024
11088,18.224,13.168,5.057,3,1008,5348,5586942,10971702,2048,1024
11089,17.545,12.844,4.701,3,996,5332,5566974,10932548,2048,1024
11090,17.615,12.974,4.641,3,998,5358,5569022,10945998,2048,1024
11091,17.677,13.009,4.668,3,998,5336,5570814,10950778,2048,1024
11092,18.138,13.449,4.689,3,1004,5354,5581310,10979952,2048,1024
11093,18.167,13.205,4.963,3,1000,5324,5573118,10964862,2048,1024
11094,18.199,13.509,4.690,3,1006,5342,5582590,10975906,2048,1024
11095,17.887,13.045,4.842,3,1010,5342,5590782,10989266,2048,1024
11096,17.929,13.097,4.832,3,1016,5266,5598718,11001084,2048,1024
11097,17.671,13.024,4.646,3,1012,5240,5591294,11000976,2048,1024
11098,17.842,13.143,4.700,3,1016,5282,5597950,11009928,2048,1024
11099,17.759,12.972,4.787,3,1008,5272,5586430,10998112,2048,1024
11100,17.942,13.211,4.731,3,1014,5308,5594622,11011900,2048,1024
11101,18.118,13.134,4.984,3,1014,5312,5591550,11015432,2048,1024
11102,17.887,13.196,4.691,3,1014,5256,5592574,11017890,2048,1024
11103,17.741,13.055,4.686,3,1006,5202,5583102,11008252,2048,1024
11104,18.096,13.218,4.878,3,1012,5222,5593342,11036026,2048,1024
11105,17.643,12.929,4.714,3,1012,5222,5590270,11029158,2048,1024
11106,18.019,13.155,4.864,3,1014,5242,5592318,11038660,2048,1024
11107,17.621,12.936,4.685,3,1010,5310,5587198,11028992,2048,1024
11108,17.785,12.965,4.820,3,1016,5312,5606142,11050252,2048,1024
11109,17.738,13.017,4.720,3,1006,5282,5595646,11030258,2048,1024
11110,18.090,13.394,4.697,3,1008,5256,5609726,11062364,2048,1024
11111,17.835,13.163,4.673,3,1004,5244,5601534,11048700,2048,1024
11112,17.605,12.760,4.845,3,1010,5250,5609726,11069326,2048,1024
11113,17.721,12.841,4.880,3,1006,5246,5607678,11076498,2048,1024
11114,18.565,13.832,4.733,3,1002,5270,5606654,11073492,2048,1024
11115,18.209,13.337,4.872,3,1004,5280,5613566,11075436,2048,1024
11116,17.709,12.958,4.751,3,1008,5332,5613310,11072776,2048,1024
11117,17.598,12.796,4.802,3,1004,5260,5602046,11059808,2048,1024
11118,17.881,13.018,4.863,3,1006,5238,5608190,11070578,2048,1024
11119,17.964,13.141,4.823,3,1002,5232,5606142,11074854,2048,1024
11120,17.986,13.240,4.747,3,1008,5284,5614334,11091000,2048,1024
11121,18.119,13.010,5.109,3,1002,5264,5615614,11101914,2048,1024
11122,17.991,13.307,4.684,3,1004,5292,5619966,11118548,2048,1024
11123,18.098,13.095,5.004,3,1002,5304,5615870,11109964,2048,1024
11124,18.450,13.429,5.020,3,1008,5310,5624062,11133174,2048,1024
11125,18.288,13.016,5.272,3,1008,5302,5620990,11128126,2048,1024
11126,17.793,12.975,4.818,3,1010,5318,5623038,11136196,2048,1024
11127,17.784,12.970,4.815,3,996,5270,5607422,11108596,2048,1024
11128,17.492,12.706,4.786,3,1002,5402,5617918,11133334,2048,1024
11129,17.888,13.048,4.840,3,1002,5376,5621502,11143152,2048,1024
11130,17.652,12.769,4.883,3,966,5226,5612286,11123616,2048,1024
11131,17.462,12.810,4.651,3,962,5214,5620478,11149860,2048,1024
11132,17.528,12.678,4.850,3,986,5284,5635838,11177636,2048,1024
11133,17.357,12.665,4.692,3,986,5280,5622014,11157078,2048,1024
11134,17.580,12.641,4.939,3,966,5184,5559550,11176558,2048,1024
11135,17.539,12.735,4.804,3,966,5188,5576958,11218494,2048,1024
11136,18.213,13.228,4.985,3,1022,5382,5683710,11432118,2048,1024
11137,18.003,12.943,5.060,3,1016,5358,5667582,11405324,2048,1024
11138,18.083,13.379,4.703,3,1004,5314,5686014,11439778,2048,1024
11139,17.797,12.959,4.837,3,1004,5272,5686270,11446492,2048,1024
11140,17.910,13.039,4.871,3,1024,5346,5727998,11535552,2048,1024
11141,18.111,13.190,4.921,3,1018,5364,5742590,11563370,2048,1024
11142,18.148,13.247,4.902,3,1042,5402,5756926,11596134,2048,1024
11143,18.088,13.158,4.930,3,1038,5414,5749758,11584580,2048,1024
11144,17.824,13.079,4.745,3,1010,5322,5676286,11441114,2048,1024
11145,18.024,12.994,5.031,3,1012,5342,5663486,11416554,2048,1024
11146,18.016,12.921,5.094,3,1066,5508,5744638,11405214,2048,1024
11147,17.972,13.006,4.966,3,1036,5490,5751806,11418092,2048,1024
11148,18.259,13.056,5.202,3,1050,5560,5787390,11493696,2048,1024
11149,18.134,13.219,4.915,3,1050,5618,5805822,11537028,2048,1024
11150,18.471,13.335,5.137,3,1070,5628,5806846,11536720,2048,1024
11151,18.589,13.551,5.037,3,1070,5648,5829630,11588676,2048,1024
11152,19.278,14.083,5.196,3,1092,5708,5886718,11702246,2048,1024
11153,18.998,13.827,5.171,3,1102,5664,5810942,11555924,2048,1024
11154,19.787,14.572,5.215,3,1114,5684,5799678,11531634,2048,1024
11155,19.509,14.347,5.162,3,1102,5660,5776638,11490138,2048,1024
11156,19.567,14.363,5.205,3,1110,5696,5806590,11547920,2048,1024
11157,19.639,13.861,5.779,3,1106,5694,5810430,11561228,2048,1024
11158,18.817,13.338,5.479,3,1122,5764,5848830,11641958,2048,1024
11159,18.534,13.121,5.413,3,1126,5816,5866750,11677986,2048,1024
11160,18.442,13.047,5.395,3,1102,5676,5861374,11665774,2048,1024
11161,18.520,13.155,5.365,3,1092,5634,5861374,11664508,2048,1024
11162,18.900,13.161,5.738,3,1102,5654,5880574,11705386,2048,1024
11163,18.821,13.707,5.115,3,1114,5676,5867262,11678382,2048,1024
11164,19.604,14.006,5.597,3,1132,5738,5897214,11741698,2048,1024
11165,19.235,13.937,5.298,3,1122,5696,5876734,11697828,2048,1024
11166,18.926,13.431,5.496,3,1140,5686,5881342,11709076,2048,1024
11167,19.492,14.158,5.333,3,1144,5718,5896702,11744080,2048,1024
11168,19.188,13.792,5.397,3,1132,5672,5941246,11819588,2048,1024
11169,19.222,13.860,5.363,3,1128,5688,5911806,11771590,2048,1024
11170,18.626,13.358,5.269,3,1142,5710,5922302,11794558,2048,1024
11171,18.931,13.550,5.381,3,1134,5778,5903614,11765696,2048,1024
11172,18.756,13.438,5.318,3,1148,5858,5938174,11831150,2048,1024
11173,18.901,13.513,5.388,3,1136,5864,5915902,11792042,2048,1024
11174,18.667,13.396,5.270,3,1148,5886,5929982,11816936,2048,1024
11175,18.629,13.291,5.339,3,1140,5850,5904894,11770096,2048,1024
11176,18.657,13.207,5.450,3,1150,5894,5918974,11794652,2048,1024
11177,18.852,13.550,5.302,3,1148,5892,5923326,11801710,2048,1024
11178,18.593,13.307,5.286,3,1156,5920,5942782,11838584,2048,1024
11179,18.878,13.451,5.427,3,1164,5980,5981950,11916792,2048,1024
11180,19.283,13.967,5.316,3,1166,6012,5988350,11927116,2048,1024
11181,18.873,13.460,5.413,3,1154,5976,5963774,11877110,2048,1024
11182,18.848,13.489,5.358,3,1156,5986,5970174,11885632,2048,1024
11183,18.773,13.448,5.325,3,1148,5902,5955582,11851204,2048,1024
11184,18.724,13.541,5.183,3,1148,5880,5933054,11801276,2048,1024
11185,18.809,13.652,5.157,3,1140,5852,5925118,11777144,2048,1024
11186,18.597,13.367,5.230,3,1140,5816,5923582,11768040,2048,1024
11187,18.347,13.189,5.157,3,1130,5770,5885182,11681162,2048,1024
11188,18.716,13.248,5.468,3,1134,5784,5904126,11714322,2048,1024
11189,18.819,13.569,5.250,3,1128,5762,5898750,11700698,2048,1024
11190,18.286,13.181,5.104,3,1124,5738,5870846,11649386,2048,1024
11191,18.959,13.759,5.201,3,1108,5672,5831934,11567042,2048,1024
11192,18.505,13.248,5.257,3,1108,5674,5831166,11561752,2048,1024
11193,18.253,13.159,5.094,3,1104,5652,5855998,11608800,2048,1024
11194,18.246,13.158,5.088,3,1100,5656,5856254,11608438,2048,1024
11195,18.119,13.074,5.045,3,1100,5698,5847550,11595548,2048,1024
11196,18.117,13.000,5.117,3,1108,5696,5847294,11590792,2048,1024
11197,18.245,13.148,5.097,3,1102,5690,5865214,11631326,2048,1024
11198,18.277,13.127,5.150,3,1076,5598,5797886,11625404,2048,1024
11199,19.289,13.878,5.411,3,1104,5888,6057470,12154982,2048,1024
11200,19.272,13.737,5.535,3,1144,6022,6114302,12271014,2048,1024
11201,18.940,13.530,5.410,3,1122,5998,6095614,12234484,2048,1024
11202,20.390,14.088,6.302,3,1124,5970,6077438,12195790,2048,1024
11203,19.059,13.715,5.344,3,1122,5894,6026750,12093454,2048,1024
11204,19.183,13.935,5.248,3,1126,5906,6032638,12103862,2048,1024
11205,18.831,13.719,5.113,3,1116,5888,6016254,12063870,2048,1024
11206,18.601,13.504,5.097,3,1120,5896,6016510,12059588,2048,1024
11207,18.734,13.625,5.109,3,1118,5774,5996286,12013694,2048,1024
11208,18.927,13.736,5.191,3,1128,5798,6036734,12091816,2048,1024
11209,19.065,13.930,5.135,3,1124,5820,6061566,12135860,2048,1024
11210,19.377,14.220,5.157,3,1128,5826,6046718,12101540,2048,1024
11211,18.919,13.750,5.170,3,1128,5842,6045694,12092252,2048,1024
11212,19.281,13.919,5.362,3,1132,5884,6112254,12222936,2048,1024
11213,19.244,13.904,5.341,3,1140,5902,6115582,12222760,2048,1024
11214,19.224,13.995,5.229,3,1142,5894,6110718,12204210,2048,1024
11215,19.642,14.440,5.202,3,1144,5942,6144766,12272588,2048,1024
11216,19.567,14.148,5.419,3,1148,5966,6157054,12289322,2048,1024
11217,19.515,14.017,5.498,3,1142,5968,6146302,12266328,2048,1024
11218,19.916,14.715,5.202,3,1142,6058,6158334,12279952,2048,1024
11219,19.337,14.122,5.214,3,1130,6082,6188030,12338452,2048,1024
11220,19.381,14.099,5.282,3,1140,6152,6220030,12393462,2048,1024
11221,19.578,14.254,5.324,3,1142,6192,6248702,12450474,2048,1024
11222,19.681,14.278,5.403,3,1148,6174,6238462,12417838,2048,1024
11223,20.587,15.342,5.245,3,1138,6146,6218494,12368232,2048,1024
11224,20.657,15.274,5.383,3,1148,6160,6229758,12408310,2048,1024
11225,19.585,14.364,5.222,3,1138,6198,6228222,12396448,2048,1024
11226,19.469,14.205,5.263,3,1160,6292,6233086,12402022,2048,1024
11227,19.718,14.482,5.236,3,1158,6322,6275326,12479532,2048,1024
11228,20.197,14.827,5.370,3,1164,6314,6290174,12506052,2048,1024
11229,19.929,14.544,5.385,3,1156,6212,6274558,12465750,2048,1024
11230,20.689,15.327,5.361,3,1160,6206,6281726,12472358,2048,1024
11231,20.673,15.223,5.450,3,1144,6170,6269182,12438968,2048,1024
11232,20.841,15.325,5.515,3,1146,6186,6271230,12432532,2048,1024
11233,20.393,15.238,5.156,3,1136,6176,6309118,12507980,2048,1024
11234,21.114,15.552,5.562,3,1140,6144,6282238,12441264,2048,1024
11235,19.744,14.508,5.237,3,1140,6096,6281214,12437568,2048,1024
11236,20.688,15.206,5.482,3,1114,6034,6244862,12524454,2048,1024
11237,20.170,14.392,5.779,3,1106,6014,6221054,12479654,2048,1024
11238,19.657,14.485,5.172,3,1150,6150,6292222,12603330,2048,1024
11239,20.237,14.711,5.526,3,1144,6264,6317310,12655372,2048,1024
11240,20.072,14.498,5.575,3,1138,6198,6258430,12545272,2048,1024
11241,20.160,14.992,5.167,3,1130,6192,6252286,12524296,2048,1024
11242,19.909,14.481,5.428,3,1132,6206,6274046,12563758,2048,1024
11243,19.840,14.646,5.194,3,1122,6162,6269438,12547358,2048,1024
11244,19.637,14.302,5.335,3,1128,6162,6263294,12529428,2048,1024
11245,20.181,14.699,5.482,3,1138,6216,6327294,12652390,2048,1024
11246,20.107,14.870,5.237,3,1146,6252,6337022,12668190,2048,1024
11247,19.740,14.413,5.327,3,1136,6212,6328574,12641924,2048,1024
11248,19.849,14.509,5.340,3,1150,6268,6334974,12650190,2048,1024
11249,20.275,14.699,5.575,3,1142,6236,6347262,12665382,2048,1024
11250,20.065,14.667,5.398,3,1148,6160,6346750,12674848,2048,1024
11251,19.709,14.481,5.228,3,1148,6150,6375678,12732212,2048,1024
11252,20.195,14.644,5.551,3,1154,6144,6348030,12665100,2048,1024
11253,19.910,14.650,5.260,3,1142,6148,6344190,12654312,2048,1024
11254,19.906,14.340,5.566,3,1156,6180,6353662,12661694,2048,1024
11255,19.793,14.341,5.452,3,1140,6106,6312190,12596184,2048,1024
11256,19.396,14.126,5.270,3,1148,6102,6297854,12556856,2048,1024
11257,19.917,14.445,5.472,3,1146,6092,6314238,12588326,2048,1024
11258,19.784,14.338,5.446,3,1152,6084,6297854,12544544,2048,1024
11259,19.922,14.364,5.558,3,1142,5974,6177022,12292434,2048,1024
11260,19.581,13.960,5.621,3,1154,6002,6204926,12344394,2048,1024
11261,19.485,14.106,5.379,3,1140,6108,6223870,12374212,2048,1024
11262,19.679,14.168,5.512,3,1122,6010,6179070,12392956,2048,1024
11263,19.529,14.232,5.297,3,1128,6022,6215678,12459746,2048,1024
11264,19.773,14.335,5.438,3,1158,6100,6292478,12602780,2048,1024
11265,20.052,14.533,5.519,3,1146,6058,6291710,12574170,2048,1024
11266,19.588,14.221,5.366,3,1156,6088,6308350,12602288,2048,1024
11267,19.768,14.352,5.416,3,1144,6060,6298878,12574592,2048,1024
11268,20.247,14.828,5.418,3,1154,6120,6318590,12602268,2048,1024
11269,20.196,14.696,5.500,3,1150,6156,6342398,12648324,2048,1024
11270,20.768,15.216,5.552,3,1156,6138,6338814,12627568,2048,1024
11271,20.149,14.874,5.275,3,1148,6032,6320638,12611398,2048,1024
11272,20.061,14.644,5.417,3,1154,6086,6338302,12657414,2048,1024
11273,19.789,14.520,5.269,3,1140,6074,6311166,12601528,2048,1024
11274,19.641,14.226,5.415,3,1138,6086,6300926,12570244,2048,1024
11275,20.099,14.691,5.408,3,1152,6212,6382334,12735342,2048,1024
11276,20.372,15.061,5.311,3,1172,6264,6377214,12715046,2048,1024
11277,20.045,14.615,5.430,3,1162,6258,6397950,12750296,2048,1024
11278,20.163,14.626,5.537,3,1174,6294,6414078,12778796,2048,1024
11279,19.872,14.436,5.436,3,1176,6250,6383870,12711510,2048,1024
11280,19.996,14.584,5.412,3,1184,6266,6396158,12732766,2048,1024
11281,20.073,14.758,5.315,3,1184,6328,6412798,12759394,2048,1024
11282,20.645,14.872,5.773,3,1196,6480,6446078,12822546,2048,1024
11283,20.420,14.893,5.527,3,1182,6448,6440702,12804060,2048,1024
11284,20.674,14.833,5.841,3,1194,6450,6437630,12793692,2048,1024
11285,20.233,14.681,5.552,3,1196,6414,6415358,12741406,2048,1024
11286,20.388,14.812,5.576,3,1208,6412,6440958,12784214,2048,1024
11287,20.723,14.943,5.780,3,1204,6408,6419454,12739778,2048,1024
11288,20.502,14.840,5.662,3,1212,6408,6411262,12713364,2048,1024
11289,20.183,14.700,5.483,3,1210,6370,6396158,12682894,2048,1024
11290,20.258,14.561,5.697,3,1228,6482,6402046,12683062,2048,1024
11291,20.578,14.871,5.706,3,1222,6452,6387198,12651744,2048,1024
11292,20.120,14.587,5.533,3,1232,6434,6369022,12603624,2048,1024
11293,20.281,14.554,5.727,3,1234,6372,6387966,12662620,2048,1024
11294,20.488,14.744,5.744,3,1202,6166,6269950,12585784,2048,1024
11295,20.448,14.732,5.717,3,1208,6238,6297854,12634794,2048,1024
11296,20.137,14.393,5.744,3,1214,6218,6298110,12630514,2048,1024
11297,20.179,14.391,5.788,3,1206,6212,6288894,12602614,2048,1024
11298,20.294,14.607,5.688,3,1216,6212,6294270,12609660,2048,1024
11299,20.206,14.653,5.554,3,1220,6200,6337278,12687320,2048,1024
11300,20.727,14.967,5.760,3,1220,6180,6334206,12676222,2048,1024
11301,20.608,14.901,5.706,3,1206,6140,6336510,12674214,2048,1024
11302,20.628,15.067,5.561,3,1224,6218,6378494,12733584,2048,1024
11303,21.373,14.893,6.479,3,1224,6332,6395902,12760396,2048,1024
11304,21.600,15.708,5.892,3,1230,6312,6384638,12725360,2048,1024
11305,21.750,16.071,5.680,3,1238,6298,6423038,12802852,2048,1024
11306,21.920,16.142,5.778,3,1242,6272,6417150,12786744,2048,1024
11307,21.242,15.717,5.526,3,1226,6236,6399742,12737916,2048,1024
11308,21.613,15.925,5.688,3,1234,6272,6404350,12743300,2048,1024
11309,21.637,15.999,5.638,3,1214,6152,6290942,12524154,2048,1024
11310,21.064,14.956,6.108,3,1212,6198,6292222,12525212,2048,1024
11311,20.598,15.025,5.573,3,1226,6274,6363134,12670338,2048,1024
11312,21.556,15.889,5.667,3,1234,6272,6346238,12632518,2048,1024
11313,20.354,14.593,5.761,3,1228,6240,6331646,12603558,2048,1024
11314,20.016,14.532,5.484,3,1216,6192,6339582,12614064,2048,1024
11315,20.091,14.664,5.427,3,1204,6180,6309630,12554478,2048,1024
11316,20.334,14.850,5.484,3,1212,6168,6311934,12555706,2048,1024
11317,20.688,15.274,5.414,3,1202,6206,6343422,12618992,2048,1024
11318,20.151,14.442,5.710,3,1206,6174,6303998,12537202,2048,1024
11319,20.606,15.071,5.536,3,1192,6128,6288638,12528150,2048,1024
11320,20.235,14.791,5.444,3,1196,6154,6289918,12526698,2048,1024
11321,20.346,14.943,5.403,3,1182,6114,6250494,12446720,2048,1024
11322,20.706,15.094,5.613,3,1192,6170,6247678,12438060,2048,1024
11323,20.079,14.696,5.384,3,1184,6160,6229758,12403602,2048,1024
11324,20.296,14.425,5.871,3,1190,6222,6251006,12442804,2048,1024
11325,20.133,14.513,5.620,3,1178,6198,6209790,12359164,2048,1024
11326,19.916,14.550,5.365,3,1150,6082,6163966,12388206,2048,1024
11327,20.021,14.622,5.398,3,1156,6112,6200830,12467122,2048,1024
11328,19.867,14.424,5.443,3,1188,6220,6241790,12557672,2048,1024
11329,20.123,14.477,5.646,3,1194,6278,6269438,12614378,2048,1024
11330,20.426,14.745,5.680,3,1206,6324,6307582,12676112,2048,1024
11331,19.821,14.429,5.392,3,1188,6342,6278654,12617494,2048,1024
11332,20.247,14.571,5.677,3,1188,6350,6287102,12639762,2048,1024
11333,19.893,14.326,5.567,3,1180,6304,6249214,12565138,2048,1024
11334,20.163,14.492,5.671,3,1230,6486,6334718,12571890,2048,1024
11335,19.993,14.474,5.519,3,1226,6508,6371838,12651200,2048,1024
11336,19.902,14.380,5.522,3,1206,6374,6286590,12480262,2048,1024
11337,20.458,14.714,5.744,3,1212,6338,6276350,12460676,2048,1024
11338,20.047,14.392,5.654,3,1228,6396,6264574,12439662,2048,1024
11339,20.153,14.545,5.609,3,1220,6352,6256894,12430920,2048,1024
11340,20.715,14.969,5.746,3,1230,6362,6248702,12410152,2048,1024
11341,20.492,14.731,5.761,3,1236,6352,6278142,12478480,2048,1024
11342,20.420,14.767,5.652,3,1246,6286,6282750,12464978,2048,1024
11343,19.948,14.325,5.624,3,1246,6356,6330878,12572642,2048,1024
11344,20.288,14.583,5.705,3,1248,6364,6369534,12646764,2048,1024
11345,19.956,14.320,5.636,3,1240,6370,6403326,12725712,2048,1024
11346,20.570,14.792,5.777,3,1258,6406,6415870,12747122,2048,1024
11347,20.123,14.503,5.620,3,1244,6418,6414334,12751678,2048,1024
11348,20.505,14.748,5.757,3,1266,6480,6436606,12800948,2048,1024
11349,20.623,14.841,5.782,3,1256,6472,6427646,12783892,2048,1024
11350,20.924,15.267,5.657,3,1266,6456,6427134,12786406,2048,1024
11351,20.465,14.790,5.675,3,1264,6482,6430206,12776654,2048,1024
11352,20.472,14.666,5.806,3,1278,6498,6418942,12757804,2048,1024
11353,20.872,14.753,6.119,3,1286,6550,6447614,12817172,2048,1024
11354,20.630,14.610,6.020,3,1310,6644,6486014,12900844,2048,1024
11355,20.678,14.740,5.938,3,1294,6628,6491390,12910674,2048,1024
11356,22.837,16.547,6.290,3,1300,6670,6519294,12970052,2048,1024
11357,23.346,16.671,6.674,3,1308,6664,6507774,12933048,2048,1024
11358,23.203,17.014,6.189,3,1316,6622,6492158,12897194,2048,1024
11359,24.610,18.384,6.226,3,1336,6794,6563582,13075352,2048,1024
11360,24.531,18.322,6.209,3,1336,6692,6527230,12997558,2048,1024
11361,23.036,16.888,6.148,3,1330,6694,6532350,13008514,2048,1024
11362,23.880,17.257,6.623,3,1332,6706,6550270,13041906,2048,1024
11363,22.505,16.161,6.345,3,1320,6654,6518782,12980056,2048,1024
11364,24.762,18.542,6.220,3,1338,6730,6540798,13023804,2048,1024
11365,22.045,15.602,6.443,3,1342,6764,6557694,13065880,2048,1024
11366,23.001,16.361,6.640,3,1354,6784,6581758,13111952,2048,1024
11367,21.593,15.162,6.431,3,1348,6736,6559230,13073230,2048,1024
11368,21.594,15.446,6.148,3,1352,6688,6548478,13048106,2048,1024
11369,21.829,15.775,6.054,3,1336,6696,6544382,13047158,2048,1024
11370,21.311,15.198,6.113,3,1354,6718,6507774,12976840,2048,1024
11371,20.635,14.661,5.974,3,1352,6666,6473214,12907666,2048,1024
11372,20.773,14.709,6.064,3,1352,6650,6490110,12945082,2048,1024
11373,20.691,14.704,5.987,3,1342,6678,6497022,12959192,2048,1024
11374,21.345,14.727,6.618,3,1362,6846,6544382,13016956,2048,1024
11375,20.704,14.567,6.138,3,1362,6814,6521598,12974400,2048,1024
11376,21.384,15.462,5.922,3,1362,6804,6534654,13005268,2048,1024
11377,21.851,15.834,6.017,3,1358,6804,6548478,13035046,2048,1024
11378,21.910,15.557,6.352,3,1362,6792,6503934,12948532,2048,1024
11379,21.498,15.510,5.989,3,1350,6832,6504702,12950160,2048,1024
11380,21.848,15.771,6.076,3,1358,6828,6544894,13028112,2048,1024
11381,22.162,16.242,5.920,3,1348,6800,6505982,12949906,2048,1024
11382,20.454,14.415,6.039,3,1350,6788,6490622,12915404,2048,1024
11383,20.857,14.726,6.131,3,1354,6802,6514174,12964184,2048,1024
11384,21.001,14.960,6.041,3,1358,6762,6521342,12975964,2048,1024
11385,20.733,14.758,5.975,3,1348,6762,6510846,12954294,2048,1024
11386,21.138,14.942,6.197,3,1350,6814,6533630,12997204,2048,1024
11387,20.722,14.748,5.974,3,1340,6802,6548990,13028918,2048,1024
11388,20.820,14.710,6.110,3,1350,6814,6563582,13054934,2048,1024
11389,20.854,14.856,5.998,3,1344,6832,6579966,13081248,2048,1024
11390,21.112,15.108,6.004,3,1312,6698,6476286,13015934,2048,1024
11391,20.955,14.862,6.094,3,1318,6720,6482686,13022148,2048,1024
11392,21.236,14.818,6.418,3,1368,6900,6575614,13224058,2048,1024
11393,21.252,15.097,6.155,3,1380,7032,6667518,13390392,2048,1024
11394,20.899,15.198,5.701,3,1288,6778,6518782,13082644,2048,1024
11395,29.988,23.364,6.624,3,1498,7880,7152638,14382646,2048,1024
11396,30.415,23.175,7.240,3,1584,8212,7374590,14837098,2048,1024
11397,30.314,23.117,7.197,3,1596,8240,7382270,14853818,2048,1024
11398,32.419,24.435,7.984,3,1664,8652,7781118,15663342,2048,1024
11399,31.840,24.036,7.804,3,1654,8652,7822334,15740012,2048,1024
11400,31.174,22.671,8.503,3,1876,9468,8225278,16565210,2048,1024
11401,34.523,25.088,9.436,3,2094,11434,10062334,20284892,2048,1024
11402,33.903,25.139,8.764,3,2114,11418,10133246,20407076,2048,1024
11403,33.593,24.812,8.781,3,2112,11364,10142462,20317194,2048,1024
11404,35.126,25.961,9.165,3,2188,11640,10558206,20847106,2048,1024
11405,34.222,25.098,9.124,3,2132,11326,10391294,20351868,2048,1024
11406,33.223,24.407,8.816,3,2040,10730,9886718,19370308,2048,1024
11407,32.016,23.661,8.355,3,2018,10708,9576702,19119110,2048,1024
11408,31.829,23.313,8.515,3,2026,10536,9373438,18733172,2048,1024
11409,33.480,24.873,8.607,3,2014,10494,9308926,18641834,2048,1024
11410,32.214,23.297,8.917,3,2074,10476,9220350,18438690,2048,1024
11411,32.143,23.386,8.756,3,2034,10230,8941566,17949714,2048,1024
11412,30.381,21.597,8.784,3,2050,10262,8924926,17913202,2048,1024
11413,31.356,22.501,8.856,3,2116,10594,9100542,18252644,2048,1024
11414,30.629,21.758,8.872,3,2138,10614,9076990,18199102,2048,1024
11415,31.749,22.859,8.890,3,2130,10576,9046782,18136534,2048,1024
11416,30.795,21.578,9.217,3,2184,10708,9158910,18372082,2048,1024
11417,30.232,21.275,8.957,3,2200,10748,9145854,18343230,2048,1024
11418,30.212,20.953,9.259,3,2214,10722,9144318,18345680,2048,1024
11419,31.436,22.056,9.381,3,2284,11034,9338622,18743146,2048,1024
11420,31.290,21.902,9.388,3,2284,10910,9238270,18567410,2048,1024
11421,31.384,22.050,9.335,3,2278,10856,9191166,18429030,2048,1024
11422,31.769,22.168,9.600,3,2338,11088,9310206,18668732,2048,1024
11423,30.604,21.279,9.325,3,2254,10794,9174014,18461828,2048,1024
11424,29.461,20.675,8.786,3,2086,10106,8775422,17647624,2048,1024
11425,29.543,20.901,8.642,3,2044,10126,8897790,17881222,2048,1024
11426,29.211,20.928,8.283,3,1966,9850,8762878,17600254,2048,1024
11427,28.663,20.301,8.362,3,1950,9846,8787454,17650290,2048,1024
11428,29.512,21.059,8.453,3,2000,10062,8945918,17968070,2048,1024
11429,29.561,21.219,8.342,3,1918,9838,8799742,17611764,2048,1024
11430,28.012,19.506,8.506,3,1918,9860,8777726,17567414,2048,1024
11431,29.697,21.318,8.379,3,1968,10044,8958206,17953920,2048,1024
11432,29.138,21.244,7.895,3,1890,9738,8791806,17620506,2048,1024
11433,28.238,20.395,7.843,3,1884,9750,8812798,17663180,2048,1024
11434,27.879,19.716,8.163,3,1870,9588,8652030,17344410,2048,1024
11435,27.189,19.390,7.799,3,1790,9378,8565502,17164724,2048,1024
11436,26.639,19.020,7.619,3,1784,9382,8596222,17237712,2048,1024
11437,26.161,18.626,7.536,3,1784,9280,8482046,16952148,2048,1024
11438,26.296,18.956,7.340,3,1720,9154,8395774,16778890,2048,1024
11439,26.394,19.046,7.349,3,1724,9194,8378622,16810146,2048,1024
11440,25.706,18.247,7.459,3,1716,9074,8221182,16495932,2048,1024
11441,25.930,18.836,7.093,3,1662,8864,8157182,16345576,2048,1024
11442,25.596,18.148,7.448,3,1666,8804,8045822,16123340,2048,1024
11443,26.528,19.115,7.413,3,1654,8514,7809022,15661772,2048,1024
11444,24.260,17.362,6.898,3,1592,8268,7666430,15365062,2048,1024
11445,24.059,17.260,6.800,3,1592,8256,7666686,15362638,2048,1024
11446,24.251,17.440,6.812,3,1590,8190,7689726,15406548,2048,1024
11447,23.549,16.951,6.598,3,1512,7962,7593470,15206980,2048,1024
11448,23.579,16.796,6.783,3,1518,8012,7582206,15171128,2048,1024
11449,24.050,17.183,6.866,3,1520,7976,7588606,15187378,2048,1024
11450,23.080,16.683,6.397,3,1458,7806,7479294,14959020,2048,1024
11451,22.840,16.589,6.251,3,1450,7730,7436286,14860640,2048,1024
11452,23.266,16.866,6.400,3,1450,7692,7455742,14897868,2048,1024
11453,22.467,16.373,6.094,3,1380,7472,7324926,14650436,2048,1024
11454,22.192,16.162,6.031,3,1358,7436,7279614,14670862,2048,1024
11455,22.836,16.867,5.970,3,1354,7420,7272702,14658002,2048,1024
11456,23.358,17.450,5.908,3,1322,7336,7211774,14524608,2048,1024
11457,22.332,16.375,5.958,3,1326,7340,7214334,14513374,2048,1024
11458,22.530,16.564,5.966,3,1324,7312,7202814,14487448,2048,1024
11459,21.585,16.010,5.575,3,1254,7042,7074302,14223566,2048,1024
11460,21.810,16.104,5.706,3,1258,7062,7076862,14221726,2048,1024
11461,22.021,16.339,5.683,3,1254,7044,7094782,14259162,2048,1024
11462,21.842,16.223,5.619,3,1254,7004,7029502,14123048,2048,1024
11463,21.438,15.888,5.550,3,1248,6918,6990590,14043926,2048,1024
11464,21.393,15.620,5.773,3,1244,6912,6985982,14030694,2048,1024
11465,21.258,15.534,5.724,3,1234,6798,6893566,13844378,2048,1024
11466,21.363,15.758,5.604,3,1240,6806,6915070,13884144,2048,1024
11467,21.663,15.910,5.753,3,1238,6830,6939902,13927122,2048,1024
11468,21.138,15.609,5.529,3,1240,6874,6932734,13896928,2048,1024
11469,21.473,15.925,5.548,3,1236,6842,6900222,13832972,2048,1024
11470,22.100,16.470,5.630,3,1232,6806,6901502,13838696,2048,1024
11471,21.366,15.762,5.604,3,1234,6820,6950142,13899374,2048,1024
11472,21.251,15.722,5.530,3,1238,6764,6926334,13848658,2048,1024
11473,21.278,15.725,5.553,3,1234,6806,6954238,13906166,2048,1024
11474,21.150,15.594,5.556,3,1236,6838,6953982,13902292,2048,1024
11475,21.194,15.472,5.722,3,1230,6800,6917630,13829042,2048,1024
11476,20.087,14.590,5.498,3,1188,6384,6578942,13123712,2048,1024
11477,20.115,14.686,5.429,3,1186,6386,6569982,13105368,2048,1024
11478,19.997,14.624,5.373,3,1182,6318,6508798,12977970,2048,1024
11479,20.417,14.800,5.618,3,1168,6272,6471934,12902816,2048,1024
11480,19.759,14.514,5.244,3,1166,6216,6403838,12761042,2048,1024
11481,19.701,14.485,5.216,3,1162,6204,6376446,12726884,2048,1024
11482,19.474,14.152,5.323,3,1150,6180,6349310,12674974,2048,1024
11483,19.546,14.263,5.282,3,1144,6200,6328830,12633560,2048,1024
11484,20.749,15.440,5.309,3,1146,6136,6316798,12606978,2048,1024
11485,19.531,14.091,5.439,3,1134,6122,6312702,12599358,2048,1024
11486,19.523,14.266,5.257,3,1136,6088,6295550,12540292,2048,1024
11487,20.449,15.026,5.423,3,1148,6134,6296062,12544028,2048,1024
11488,20.427,15.059,5.368,3,1146,6128,6301438,12553288,2048,1024
11489,20.020,14.835,5.185,3,1116,6004,6274814,12497326,2048,1024
11490,19.476,14.026,5.450,3,1126,5994,6266366,12478880,2048,1024
11491,19.196,13.907,5.290,3,1130,5956,6248446,12442884,2048,1024
11492,19.511,14.259,5.252,3,1146,6002,6272510,12488742,2048,1024
11493,19.087,13.934,5.153,3,1132,5888,6113790,12168048,2048,1024
11494,19.514,14.295,5.219,3,1140,5938,6116094,12170164,2048,1024
11495,19.172,13.916,5.256,3,1138,5948,6113278,12163266,2048,1024
11496,19.314,13.865,5.449,3,1148,5970,6098430,12130434,2048,1024
11497,19.101,13.898,5.203,3,1142,5944,6069502,12072648,2048,1024
11498,19.177,13.938,5.239,3,1148,5974,6066942,12062282,2048,1024
11499,20.264,14.908,5.356,3,1144,5936,6022398,11973006,2048,1024
11500,20.079,14.855,5.224,3,1142,5914,6014718,11952240,2048,1024
11501,19.755,14.448,5.306,3,1120,5834,5980926,11883038,2048,1024
11502,19.952,14.461,5.490,3,1122,5858,5972222,11870182,2048,1024
11503,19.723,14.539,5.184,3,1126,5866,5975294,11872272,2048,1024
11504,19.665,14.360,5.305,3,1130,5834,5974014,11865214,2048,1024
11505,18.960,13.751,5.210,3,1126,5770,5939966,11798162,2048,1024
11506,19.319,14.163,5.157,3,1120,5750,5929470,11772092,2048,1024
11507,19.362,14.123,5.239,3,1114,5718,5926654,11767174,2048,1024
11508,19.141,13.851,5.290,3,1118,5732,5929470,11769506,2048,1024
11509,19.805,14.547,5.259,3,1118,5734,5940734,11793262,2048,1024
11510,19.354,13.973,5.381,3,1118,5740,5927422,11784100,2048,1024
11511,19.123,13.758,5.365,3,1108,5702,5895422,11721238,2048,1024
11512,18.875,13.789,5.086,3,1104,5732,5901310,11728472,2048,1024
11513,18.827,13.458,5.369,3,1080,5524,5738494,11397212,2048,1024
11514,18.612,13.557,5.055,3,1088,5528,5745150,11408420,2048,1024
11515,18.352,13.127,5.225,3,1078,5508,5743614,11385076,2048,1024
11516,18.557,13.566,4.991,3,1082,5518,5752062,11398892,2048,1024
11517,18.385,13.339,5.046,3,1066,5460,5706750,11309798,2048,1024
11518,18.741,13.822,4.920,3,1038,5356,5650430,11322086,2048,1024
11519,18.271,13.312,4.959,3,1040,5430,5686526,11398540,2048,1024
11520,18.541,13.527,5.014,3,1074,5518,5750782,11524682,2048,1024
11521,18.213,13.167,5.046,3,1060,5472,5727230,11477032,2048,1024
11522,18.367,13.439,4.928,3,1074,5518,5754622,11494116,2048,1024
11523,18.230,13.236,4.995,3,1074,5462,5745150,11475756,2048,1024
11524,18.720,13.776,4.944,3,1080,5472,5729022,11440610,2048,1024
11525,18.402,13.444,4.958,3,1074,5496,5733118,11449380,2048,1024
11526,19.049,14.062,4.987,3,1086,5560,5748478,11478692,2048,1024
11527,18.844,13.823,5.020,3,1076,5562,5734142,11449374,2048,1024
11528,18.703,13.595,5.108,3,1084,5588,5742590,11463470,2048,1024
11529,18.476,13.539,4.937,3,1076,5528,5738494,11456442,2048,1024
11530,18.620,13.679,4.941,3,1084,5574,5748734,11473636,2048,1024
11531,18.098,13.210,4.888,3,1068,5500,5730302,11437026,2048,1024
11532,18.766,13.582,5.184,3,1074,5520,5729790,11432424,2048,1024
11533,18.262,13.169,5.094,3,1072,5542,5726206,11425998,2048,1024
11534,19.031,13.884,5.147,3,1086,5576,5757182,11485496,2048,1024
11535,18.472,13.365,5.107,3,1108,5620,5802494,11563154,2048,1024
11536,19.153,13.934,5.219,3,1116,5644,5810942,11576726,2048,1024
11537,19.822,14.724,5.098,3,1106,5612,5805822,11558934,2048,1024
11538,18.996,13.885,5.111,3,1116,5664,5818110,11576770,2048,1024
11539,18.752,13.658,5.094,3,1116,5636,5808894,11559506,2048,1024
11540,18.878,13.592,5.285,3,1126,5670,5822974,11583458,2048,1024
11541,19.472,14.345,5.128,3,1118,5644,5826046,11590952,2048,1024
11542,19.666,14.306,5.360,3,1124,5690,5835262,11608268,2048,1024
11543,18.810,13.655,5.154,3,1114,5642,5835262,11609750,2048,1024
11544,18.885,13.786,5.099,3,1118,5686,5840894,11623954,2048,1024
11545,18.721,13.648,5.073,3,1114,5688,5832702,11608314,2048,1024
11546,18.585,13.387,5.198,3,1120,5714,5840638,11621544,2048,1024
11547,19.091,13.199,5.892,3,1116,5690,5829374,11601024,2048,1024
11548,19.155,13.759,5.397,3,1128,5732,5843966,11626984,2048,1024
11549,18.352,13.250,5.102,3,1118,5662,5838078,11616046,2048,1024
11550,19.055,13.884,5.171,3,1126,5690,5860606,11667886,2048,1024
11551,18.872,13.562,5.309,3,1138,5718,5898750,11712558,2048,1024
11552,19.802,14.307,5.495,3,1146,5800,5910014,11740870,2048,1024
11553,19.197,13.757,5.440,3,1146,5828,5892094,11701428,2048,1024
11554,19.703,14.142,5.561,3,1154,5858,5903358,11722912,2048,1024
11555,19.017,13.699,5.318,3,1146,5820,5900798,11717236,2048,1024
11556,18.878,13.645,5.233,3,1158,5868,5919486,11748558,2048,1024
11557,18.801,13.568,5.233,3,1150,5910,5925630,11760582,2048,1024
11558,19.328,14.043,5.285,3,1162,5936,5942014,11792724,2048,1024
11559,19.001,13.790,5.211,3,1152,5894,5921022,11749546,2048,1024
11560,19.034,13.758,5.276,3,1158,5922,5929214,11767258,2048,1024
11561,18.906,13.541,5.365,3,1156,5930,5923326,11756328,2048,1024
11562,20.003,14.675,5.328,3,1166,5972,5934590,11776482,2048,1024
11563,19.445,13.819,5.626,3,1154,5920,5921022,11749282,2048,1024
11564,20.222,13.967,6.255,3,1162,5906,5931518,11767770,2048,1024
11565,42.787,15.345,27.443,2,2716,9376,7276542,14012424,2048,1024
11566,25.144,15.271,9.872,2,2716,9374,7276542,14012424,2048,1024
11567,26.833,15.277,11.555,2,2716,9372,7276542,14012424,2048,1024
11568,28.570,15.331,13.239,2,2716,9374,7276542,14012424,2048,1024
11569,26.331,15.358,10.973,2,2716,9376,7276542,14012424,2048,1024
11570,25.998,15.094,10.904,2,2716,9376,7276542,14012424,2048,1024
11571,27.514,16.093,11.421,2,2716,9376,7276542,14012424,2048,1024
11572,25.681,15.153,10.528,2,2716,9374,7276542,14012424,2048,1024
11573,25.851,15.442,10.409,2,2716,9378,7276542,14012424,2048,1024
11574,30.989,15.977,15.012,2,2716,9376,7276542,14012424,2048,1024
11575,27.659,16.291,11.369,2,2716,9374,7276542,14012424,2048,1024
11576,27.011,16.024,10.987,2,2716,9372,7276542,14012424,2048,1024
11577,26.853,16.230,10.624,2,2716,9378,7276542,14012424,2048,1024
11578,25.281,15.072,10.210,2,2716,9378,7276542,14012424,2048,1024
11579,25.585,15.031,10.554,2,2716,9376,7276542,14012424,2048,1024
11580,25.867,15.368,10.499,2,2716,9374,7276542,14012424,2048,1024
11581,25.750,15.365,10.386,2,2716,9380,7276542,14012424,2048,1024
11582,25.833,15.119,10.715,2,2716,9376,7276542,14012424,2048,1024
11583,26.978,15.267,11.711,2,2716,9378,7276542,14012424,2048,1024
11584,28.339,16.748,11.590,2,2716,9376,7276542,14012424,2048,1024
11585,26.301,15.360,10.942,2,2716,9380,7276542,14012424,2048,1024
11586,25.756,15.352,10.404,2,2716,9374,7276542,14012424,2048,1024
11587,25.918,15.098,10.820,2,2716,9376,7276542,14012424,2048,1024
11588,25.838,15.316,10.523,2,2716,9376,7276542,14012424,2048,1024
11589,25.267,15.430,9.837,2,2716,9378,7276542,14012424,2048,1024
11590,26.473,16.247,10.226,2,2716,9376,7276542,14012424,2048,1024
11591,25.924,15.707,10.217,2,2716,9374,7276542,14012424,2048,1024
11592,25.629,15.104,10.526,2,2716,9376,7276542,14012424,2048,1024
11593,25.372,15.465,9.907,2,2716,9378,7276542,14012424,2048,1024
11594,25.250,15.135,10.115,2,2716,9378,7276542,14012424,2048,1024
11595,26.108,15.872,10.236,2,2716,9376,7276542,14012424,2048,1024
11596,25.067,15.251,9.816,2,2716,9374,7276542,14012424,2048,1024
11597,25.914,15.453,10.461,2,2716,9378,7276542,14012424,2048,1024
11598,25.477,15.212,10.266,2,2716,9376,7276542,14012424,2048,1024
11599,26.596,16.052,10.545,2,2716,9374,7276542,14012424,2048,1024
11600,26.299,16.038,10.261,2,2716,9372,7276542,14012424,2048,1024
11601,27.762,17.478,10.284,2,2716,9378,7276542,14012424,2048,1024
11602,25.742,15.457,10.286,2,2716,9378,7276542,14012424,2048,1024
11603,26.077,15.750,10.327,2,2716,9376,7276542,14012424,2048,1024
11604,25.517,15.258,10.260,2,2716,9374,7276542,14012424,2048,1024
11605,25.542,15.753,9.790,2,2716,9380,7276542,14012424,2048,1024
11606,25.677,15.818,9.859,2,2716,9376,7276542,14012424,2048,1024
11607,26.880,16.213,10.667,2,2716,9378,7276542,14012424,2048,1024
11608,26.579,16.059,10.520,2,2716,9376,7276542,14012424,2048,1024
11609,27.096,17.262,9.834,2,2716,9380,7276542,14012424,2048,1024
11610,27.119,16.169,10.949,2,2716,9374,7276542,14012424,2048,1024
11611,27.612,16.295,11.317,2,2716,9376,7276542,14012424,2048,1024
11612,27.038,16.388,10.651,2,2716,9376,7276542,14012424,2048,1024
11613,26.345,15.919,10.426,2,2716,9378,7276542,14012424,2048,1024
11614,27.204,16.548,10.656,2,2716,9376,7276542,14012424,2048,1024
11615,25.914,15.934,9.980,2,2716,9374,7276542,14012424,2048,1024
11616,28.139,18.227,9.912,2,2716,9376,7276542,14012424,2048,1024
