frame,total_ms,raster_ms,other_ms,flushes,tris,binned
1,0.000,3.827,-3.827,1,2,480
2,95.113,3.611,91.502,1,2,480
3,17.163,4.110,13.053,1,2,480
4,16.303,3.695,12.608,1,2,480
5,16.435,3.519,12.916,1,2,480
6,16.370,3.212,13.159,1,2,480
7,16.687,3.205,13.482,1,2,480
8,17.887,4.400,13.487,1,2,480
9,15.745,3.487,12.258,1,2,480
10,17.261,7.356,9.905,2,4,480
11,16.695,4.055,12.640,1,2,480
12,16.024,3.488,12.536,1,2,480
13,16.263,3.248,13.015,1,2,480
14,16.870,3.461,13.409,1,2,480
15,17.196,3.986,13.210,1,2,480
16,16.427,3.763,12.664,1,2,480
17,16.305,3.394,12.911,1,2,480
18,16.529,3.227,13.302,1,2,480
19,16.845,3.435,13.411,1,2,480
20,16.862,3.608,13.254,1,2,480
21,16.226,3.196,13.030,1,2,480
22,16.720,3.224,13.495,1,2,480
23,21.515,7.836,13.679,1,6,1160
24,16.482,7.871,8.610,1,6,1160
25,16.746,7.920,8.827,1,6,1160
26,16.640,7.922,8.718,1,6,1160
27,17.032,8.287,8.746,1,6,1160
28,16.167,7.800,8.367,1,6,1160
29,16.792,7.915,8.877,1,6,1160
30,17.270,8.471,8.799,1,6,1160
31,122.689,12.678,110.011,2,8,1640
32,13.557,12.352,1.206,2,8,1640
33,17.155,12.848,4.307,2,8,1640
34,16.265,12.441,3.824,2,8,1640
35,16.786,12.557,4.229,2,8,1640
36,16.565,12.464,4.101,2,8,1640
37,16.680,12.475,4.205,2,8,1640
38,16.831,12.643,4.188,2,8,1640
39,16.599,12.572,4.027,2,8,1640
40,15.933,11.839,4.094,2,8,1640
41,16.806,11.978,4.828,2,8,1640
42,16.532,11.846,4.685,2,8,1640
43,16.837,12.016,4.821,2,8,1640
44,16.781,12.133,4.649,2,8,1640
45,16.809,12.271,4.539,2,8,1640
46,16.913,12.523,4.391,2,8,1640
47,16.315,12.166,4.148,2,8,1640
48,16.405,11.904,4.501,2,8,1640
49,16.654,11.896,4.758,2,8,1640
50,16.993,12.212,4.781,2,8,1640
51,16.146,11.696,4.450,2,8,1640
52,16.853,11.887,4.966,2,8,1640
53,16.699,11.923,4.776,2,8,1640
54,16.585,11.838,4.747,2,8,1640
55,16.787,11.954,4.832,2,8,1640
56,16.780,12.073,4.707,2,8,1640
57,17.672,11.950,5.722,2,8,1640
58,16.666,11.945,4.722,2,8,1640
59,17.820,11.954,5.866,2,8,1640
60,17.405,12.040,5.365,2,8,1640
61,16.837,12.214,4.623,2,8,1640
62,17.690,11.941,5.750,2,8,1640
63,18.216,12.069,6.147,2,8,1640
64,16.524,11.924,4.599,2,8,1640
65,17.292,12.549,4.743,2,8,1640
66,16.297,12.122,4.175,2,8,1640
67,16.649,12.108,4.541,2,8,1640
68,16.527,11.956,4.571,2,8,1640
69,16.846,12.126,4.720,2,8,1640
70,16.462,11.931,4.530,2,8,1640
71,16.606,11.870,4.736,2,8,1640
72,17.059,12.254,4.805,2,8,1640
73,17.122,12.238,4.884,2,8,1640
74,16.562,12.147,4.415,2,8,1640
75,18.503,12.120,6.383,2,8,1640
76,17.620,12.093,5.528,2,8,1640
77,13.808,7.949,5.859,2,6,1000
78,17.825,8.028,9.797,2,6,1000
79,16.653,7.594,9.059,2,6,1000
80,16.992,7.621,9.371,2,6,1000
81,17.338,7.761,9.577,2,6,1000
82,17.054,7.862,9.192,2,6,1000
83,17.879,8.038,9.841,2,6,1000
84,16.863,8.237,8.626,2,6,1000
85,16.944,8.480,8.464,2,6,1000
86,16.391,8.229,8.161,2,6,1000
87,16.759,8.326,8.434,2,6,1000
88,16.663,8.332,8.331,2,6,1000
89,16.486,8.148,8.338,2,6,1000
90,16.517,7.995,8.522,2,6,1000
91,16.547,7.873,8.674,2,6,1000
92,16.393,7.606,8.787,2,6,1000
93,16.754,7.704,9.051,2,6,1000
94,16.811,7.842,8.969,2,6,1000
95,16.510,7.678,8.832,2,6,1000
96,16.751,7.761,8.990,2,6,1000
97,16.844,7.947,8.897,2,6,1000
98,16.432,7.702,8.729,2,6,1000
99,17.131,8.134,8.997,2,6,1000
100,16.336,7.834,8.502,2,6,1000
101,16.410,7.583,8.827,2,6,1000
102,16.806,7.732,9.074,2,6,1000
103,16.783,7.842,8.941,2,6,1000
104,16.444,7.615,8.829,2,6,1000
105,16.769,7.716,9.053,2,6,1000
106,16.800,7.860,8.940,2,6,1000
107,16.444,7.640,8.804,2,6,1000
108,16.826,7.785,9.041,2,6,1000
109,16.777,7.898,8.880,2,6,1000
110,16.616,7.849,8.766,2,6,1000
111,16.737,7.930,8.806,2,6,1000
112,16.698,7.950,8.748,2,6,1000
113,16.392,7.657,8.735,2,6,1000
114,16.752,7.765,8.987,2,6,1000
115,16.590,7.692,8.898,2,6,1000
116,16.632,7.667,8.965,2,6,1000
117,16.640,7.622,9.018,2,6,1000
118,16.787,7.741,9.047,2,6,1000
119,16.845,7.916,8.929,2,6,1000
120,16.555,7.829,8.726,2,6,1000
121,16.807,7.950,8.857,2,6,1000
122,16.361,7.647,8.714,2,6,1000
123,16.769,7.753,9.016,2,6,1000
124,16.924,8.011,8.914,2,6,1000
125,16.294,7.624,8.671,2,6,1000
126,16.904,7.870,9.034,2,6,1000
127,16.688,7.895,8.793,2,6,1000
128,16.343,7.566,8.777,2,6,1000
129,16.646,7.565,9.081,2,6,1000
130,17.081,7.964,9.117,2,6,1000
131,16.335,7.634,8.701,2,6,1000
132,16.781,7.745,9.036,2,6,1000
133,16.675,7.755,8.921,2,6,1000
134,16.468,7.575,8.893,2,6,1000
135,16.892,7.791,9.101,2,6,1000
136,16.810,7.923,8.887,2,6,1000
137,16.315,7.571,8.744,2,6,1000
138,16.915,7.822,9.093,2,6,1000
139,16.956,8.122,8.835,2,6,1000
140,16.177,7.627,8.550,2,6,1000
141,16.777,7.732,9.045,2,6,1000
142,16.532,7.605,8.927,2,6,1000
143,17.275,8.218,9.057,2,6,1000
144,16.687,8.222,8.465,2,6,1000
145,16.342,7.901,8.441,2,6,1000
146,16.489,7.721,8.768,2,6,1000
147,16.783,7.838,8.946,2,6,1000
148,16.627,7.810,8.816,2,6,1000
149,16.471,7.608,8.863,2,6,1000
150,16.823,7.761,9.062,2,6,1000
151,16.588,7.682,8.907,2,6,1000
152,16.560,7.584,8.976,2,6,1000
153,16.821,7.729,9.091,2,6,1000
154,16.588,7.653,8.935,2,6,1000
155,16.558,7.542,9.017,2,6,1000
156,16.916,7.816,9.100,2,6,1000
157,16.746,7.901,8.845,2,6,1000
158,16.328,7.552,8.776,2,6,1000
159,16.764,7.651,9.114,2,6,1000
160,16.811,7.796,9.015,2,6,1000
161,16.498,7.629,8.869,2,6,1000
162,16.911,7.875,9.036,2,6,1000
163,16.708,7.918,8.790,2,6,1000
164,16.395,7.639,8.756,2,6,1000
165,16.947,7.923,9.023,2,6,1000
166,16.745,8.001,8.744,2,6,1000
167,16.281,7.615,8.666,2,6,1000
168,16.782,7.725,9.057,2,6,1000
169,16.822,7.885,8.937,2,6,1000
170,16.527,7.749,8.778,2,6,1000
171,16.624,7.704,8.920,2,6,1000
172,16.791,7.834,8.957,2,6,1000
173,16.485,7.646,8.839,2,6,1000
174,17.292,8.270,9.022,2,6,1000
175,16.616,8.226,8.390,2,6,1000
176,16.561,8.123,8.438,2,6,1000
177,16.648,8.098,8.550,2,6,1000
178,16.841,8.248,8.594,2,6,1000
179,16.533,8.144,8.389,2,6,1000
180,16.267,7.737,8.529,2,6,1000
181,16.869,7.946,8.922,2,6,1000
182,16.304,7.587,8.717,2,6,1000
183,16.932,7.843,9.089,2,6,1000
184,16.509,7.686,8.823,2,6,1000
185,17.106,8.122,8.984,2,6,1000
186,16.391,7.822,8.569,2,6,1000
187,16.439,7.621,8.818,2,6,1000
188,16.618,7.573,9.045,2,6,1000
189,16.926,7.836,9.090,2,6,1000
190,16.424,7.597,8.828,2,6,1000
191,16.620,7.543,9.077,2,6,1000
192,16.944,7.822,9.122,2,6,1000
193,16.576,7.733,8.843,2,6,1000
194,16.488,7.552,8.936,2,6,1000
195,16.873,7.762,9.111,2,6,1000
196,16.539,7.632,8.906,2,6,1000
197,16.704,7.668,9.036,2,6,1000
198,16.835,7.835,9.000,2,6,1000
199,16.686,7.845,8.842,2,6,1000
200,16.492,7.682,8.810,2,6,1000
201,16.729,7.745,8.984,2,6,1000
202,16.571,7.655,8.916,2,6,1000
203,16.605,7.584,9.021,2,6,1000
204,17.188,8.096,9.091,2,6,1000
205,16.471,7.916,8.555,2,6,1000
206,16.574,7.809,8.765,2,6,1000
207,16.648,7.801,8.847,2,6,1000
208,16.540,7.676,8.865,2,6,1000
209,16.596,7.611,8.984,2,6,1000
210,16.939,7.878,9.061,2,6,1000
211,16.480,7.694,8.785,2,6,1000
212,16.540,7.564,8.976,2,6,1000
213,16.868,7.765,9.103,2,6,1000
214,16.967,8.062,8.905,2,6,1000
215,16.189,7.579,8.610,2,6,1000
216,16.680,7.596,9.083,2,6,1000
217,16.727,7.666,9.061,2,6,1000
218,16.622,7.612,9.009,2,6,1000
219,16.652,7.600,9.053,2,6,1000
220,16.761,7.690,9.071,2,6,1000
221,16.583,7.618,8.965,2,6,1000
222,16.912,7.856,9.056,2,6,1000
223,16.507,7.704,8.803,2,6,1000
224,16.638,7.667,8.971,2,6,1000
225,16.834,7.840,8.994,2,6,1000
226,16.662,7.837,8.825,2,6,1000
227,16.703,7.866,8.837,2,6,1000
228,16.776,7.975,8.801,2,6,1000
229,16.313,7.627,8.686,2,6,1000
230,16.931,7.895,9.036,2,6,1000
231,16.481,7.700,8.780,2,6,1000
232,16.611,7.650,8.961,2,6,1000
233,16.736,7.718,9.018,2,6,1000
234,16.808,7.831,8.977,2,6,1000
235,16.545,7.731,8.814,2,6,1000
236,16.529,7.604,8.924,2,6,1000
237,16.939,7.868,9.070,2,6,1000
238,16.483,7.687,8.796,2,6,1000
239,16.551,7.569,8.981,2,6,1000
240,17.292,8.194,9.099,2,6,1000
241,16.307,7.835,8.472,2,6,1000
242,16.431,7.602,8.829,2,6,1000
243,16.844,7.752,9.092,2,6,1000
244,16.511,7.623,8.888,2,6,1000
245,16.957,7.912,9.045,2,6,1000
246,16.556,7.802,8.753,2,6,1000
247,16.546,7.681,8.865,2,6,1000
248,16.581,7.593,8.988,2,6,1000
249,16.749,7.679,9.070,2,6,1000
250,16.608,7.618,8.991,2,6,1000
251,16.687,7.642,9.045,2,6,1000
252,16.869,7.845,9.024,2,6,1000
253,16.435,7.612,8.823,2,6,1000
254,16.681,7.626,9.055,2,6,1000
255,16.779,7.738,9.041,2,6,1000
256,16.647,7.704,8.943,2,6,1000
257,16.575,7.629,8.946,2,6,1000
258,21.219,12.166,9.053,2,8,1640
259,16.306,11.793,4.513,2,8,1640
260,16.872,12.008,4.863,2,8,1640
261,16.465,11.810,4.655,2,8,1640
262,16.728,11.870,4.858,2,8,1640
263,16.644,11.848,4.797,2,8,1640
264,17.738,12.920,4.818,2,8,1640
265,16.242,12.493,3.749,2,8,1640
266,17.229,13.056,4.173,2,8,1640
267,16.342,12.733,3.609,2,8,1640
268,16.814,12.875,3.939,2,8,1640
269,16.310,12.520,3.790,2,8,1640
270,16.652,12.509,4.143,2,8,1640
271,16.765,12.604,4.161,2,8,1640
272,15.902,11.845,4.057,2,8,1640
273,16.606,11.788,4.818,2,8,1640
274,16.679,11.794,4.885,2,8,1640
275,16.749,11.875,4.874,2,8,1640
276,16.851,12.066,4.786,2,8,1640
277,16.495,11.893,4.602,2,8,1640
278,16.699,11.921,4.778,2,8,1640
279,16.527,11.783,4.745,2,8,1640
280,17.000,12.111,4.889,2,8,1640
281,16.356,11.806,4.549,2,8,1640
282,16.925,12.062,4.862,2,8,1640
283,16.563,11.962,4.600,2,8,1640
284,16.518,11.810,4.708,2,8,1640
285,16.796,11.941,4.854,2,8,1640
286,16.847,12.122,4.725,2,8,1640
287,16.384,11.838,4.546,2,8,1640
288,16.695,11.864,4.830,2,8,1640
289,16.843,12.014,4.829,2,8,1640
290,16.685,12.060,4.624,2,8,1640
291,16.623,12.018,4.605,2,8,1640
292,16.593,11.946,4.648,2,8,1640
293,16.512,11.791,4.721,2,8,1640
294,16.875,11.999,4.876,2,8,1640
295,16.670,11.919,4.750,2,8,1640
296,16.565,11.900,4.665,2,8,1640
297,16.817,12.056,4.761,2,8,1640
298,16.430,11.814,4.616,2,8,1640
299,16.641,11.787,4.855,2,8,1640
300,16.711,11.832,4.879,2,8,1640
301,16.862,12.026,4.836,2,8,1640
302,16.561,11.922,4.639,2,8,1640
303,16.769,12.030,4.740,2,8,1640
304,16.526,11.883,4.643,2,8,1640
305,17.240,12.459,4.782,2,8,1640
306,16.223,12.012,4.212,2,8,1640
307,16.578,11.928,4.650,2,8,1640
308,16.600,11.854,4.746,2,8,1640
309,17.049,12.240,4.809,2,8,1640
310,16.607,12.182,4.425,2,8,1640
311,16.934,12.135,4.799,2,8,1640
312,13.801,8.965,4.836,2,4,1120
313,50.595,26.054,24.541,2,56,4720
314,23.294,22.250,1.044,2,54,4080
315,23.423,22.387,1.035,2,54,4080
316,23.894,22.687,1.207,2,54,4100
317,24.528,23.476,1.051,2,54,4100
318,23.525,22.361,1.164,2,54,4080
319,23.606,22.497,1.110,2,54,4080
320,23.727,22.634,1.093,2,54,4100
321,25.307,24.183,1.124,2,54,4100
322,24.069,23.016,1.052,2,54,4080
323,23.883,22.745,1.138,2,54,4080
324,23.847,22.772,1.074,2,54,4100
325,23.712,22.538,1.175,2,54,4100
326,27.725,26.357,1.369,2,54,4080
327,24.954,23.845,1.109,2,54,4080
328,25.746,24.681,1.065,2,54,4100
329,27.252,26.178,1.074,2,54,4100
330,26.052,24.765,1.287,2,54,4080
331,25.782,24.725,1.057,2,54,4080
332,25.128,24.071,1.057,2,54,4100
333,27.269,26.195,1.074,2,54,4100
334,25.688,24.523,1.165,2,54,4080
335,26.823,25.748,1.075,2,54,4080
336,25.253,24.196,1.057,2,54,4100
337,26.763,25.624,1.138,2,54,4100
338,28.018,26.921,1.097,2,54,4080
339,26.075,24.976,1.099,2,54,4080
340,26.163,25.097,1.067,2,54,4100
341,26.096,24.990,1.107,2,54,4100
342,25.826,24.614,1.213,2,54,4080
343,24.525,23.468,1.057,2,54,4080
344,24.999,23.848,1.151,2,54,4080
345,26.741,25.633,1.108,2,54,4080
346,23.749,22.534,1.215,2,54,4080
347,24.510,23.200,1.310,2,54,4080
348,23.871,22.695,1.176,2,54,4080
349,23.697,22.642,1.055,2,54,4080
350,26.024,24.952,1.073,2,54,4100
351,25.535,24.355,1.180,2,54,4100
352,23.768,22.701,1.067,2,54,4080
353,23.649,22.606,1.043,2,54,4080
354,24.468,23.429,1.039,2,54,4100
355,23.622,22.474,1.148,2,54,4100
356,23.974,22.949,1.025,2,54,4080
357,24.525,23.258,1.267,2,54,4080
358,23.642,22.497,1.145,2,54,4100
359,23.870,22.802,1.068,2,54,4100
360,23.631,22.545,1.086,2,54,4080
361,24.100,23.038,1.062,2,54,4080
362,24.374,23.246,1.128,2,54,4100
363,25.072,23.784,1.288,2,54,4100
364,23.960,22.857,1.104,2,54,4080
365,23.570,22.537,1.032,2,54,4080
366,26.486,22.968,3.519,2,344,4456
367,21.308,19.173,2.135,2,342,3816
368,21.316,19.229,2.087,2,342,3796
369,20.825,18.758,2.067,2,342,3796
370,21.114,19.054,2.060,2,342,3816
371,21.228,19.081,2.147,2,342,3816
372,20.843,18.615,2.227,2,342,3796
373,21.146,19.054,2.092,2,342,3796
374,21.165,19.017,2.148,2,342,3816
375,21.440,19.343,2.097,2,342,3816
376,20.974,18.864,2.110,2,342,3796
377,20.932,18.839,2.093,2,342,3796
378,21.001,18.879,2.122,2,342,3796
379,21.179,18.967,2.212,2,342,3796
380,20.918,18.736,2.181,2,342,3796
381,20.956,18.783,2.173,2,342,3796
382,21.060,18.944,2.116,2,342,3796
383,21.052,18.960,2.092,2,342,3796
384,21.136,19.076,2.060,2,342,3816
385,21.474,19.385,2.089,2,342,3816
386,20.949,18.863,2.086,2,342,3796
387,21.085,18.879,2.207,2,342,3796
388,21.158,19.077,2.081,2,342,3816
389,21.428,19.249,2.179,2,342,3816
390,21.052,18.882,2.170,2,342,3796
391,20.709,19.092,1.617,2,214,3636
392,20.767,19.155,1.612,2,214,3656
393,20.400,18.725,1.674,2,214,3656
394,20.461,18.773,1.688,2,214,3636
395,20.269,18.574,1.695,2,214,3636
396,20.228,18.637,1.591,2,214,3656
397,20.633,19.059,1.574,2,214,3656
398,20.428,18.792,1.636,2,214,3636
399,20.573,18.773,1.800,2,214,3636
400,20.377,18.752,1.625,2,214,3656
401,20.628,19.044,1.584,2,214,3656
402,20.349,18.747,1.602,2,214,3636
403,20.928,19.343,1.585,2,214,3636
404,20.609,18.960,1.649,2,214,3656
405,20.287,18.643,1.644,2,214,3656
406,21.861,20.189,1.672,2,214,3636
407,21.701,19.912,1.788,2,214,3636
408,22.739,21.104,1.636,2,214,3656
409,20.817,19.214,1.603,2,214,3656
410,21.568,19.984,1.584,2,214,3636
411,23.402,19.764,3.637,2,214,3636
412,20.955,19.760,1.195,2,52,3440
413,21.105,20.051,1.054,2,52,3440
414,19.401,18.366,1.035,2,52,3440
415,19.687,18.627,1.060,2,52,3440
416,19.918,18.716,1.202,2,52,3440
417,19.715,18.456,1.258,2,52,3440
418,19.749,18.715,1.034,2,52,3460
419,19.963,18.862,1.101,2,52,3460
420,19.931,18.733,1.198,2,52,3440
421,19.949,18.790,1.159,2,52,3440
422,20.320,19.177,1.143,2,52,3460
423,19.804,18.694,1.110,2,52,3460
424,26.981,20.508,6.473,2,1152,6258
425,25.600,20.358,5.241,2,1152,6258
426,25.538,20.596,4.942,2,1152,6278
427,25.746,20.631,5.115,2,1152,6278
428,25.249,20.193,5.056,2,1152,6258
429,25.264,20.343,4.921,2,1152,6258
430,25.435,20.462,4.974,2,1152,6278
431,25.611,20.441,5.170,2,1152,6278
432,25.212,20.285,4.926,2,1152,6258
433,25.371,20.317,5.054,2,1152,6258
434,25.574,20.647,4.927,2,1152,6278
435,25.021,20.316,4.705,2,1152,6278
436,25.390,20.463,4.927,2,1152,6258
437,25.443,20.659,4.784,2,1152,6258
438,25.424,20.412,5.012,2,1152,6278
439,25.287,20.388,4.898,2,1152,6278
440,25.462,20.402,5.060,2,1152,6258
441,25.150,20.211,4.939,2,1152,6258
442,25.145,20.248,4.897,2,1152,6278
443,25.763,20.599,5.164,2,1152,6278
444,25.205,20.237,4.968,2,1152,6258
445,25.320,20.479,4.841,2,1152,6258
446,25.398,20.420,4.978,2,1152,6258
447,25.618,20.409,5.209,2,1152,6258
448,25.092,19.927,5.166,2,1152,6258
449,26.562,21.614,4.948,2,1152,6258
450,25.981,20.873,5.108,2,1152,6258
451,25.328,20.348,4.979,2,1152,6258
452,25.666,20.723,4.943,2,1152,6278
453,25.349,20.370,4.979,2,1152,6278
454,25.175,20.238,4.937,2,1152,6258
455,25.338,20.301,5.037,2,1152,6258
456,25.205,20.490,4.715,2,1152,6278
457,25.398,20.436,4.962,2,1152,6278
458,25.443,20.546,4.897,2,1152,6258
459,25.357,20.433,4.924,2,1152,6258
460,25.194,20.257,4.938,2,1152,6278
461,25.342,20.439,4.903,2,1152,6278
462,25.421,20.688,4.733,2,1152,6258
463,25.444,20.369,5.075,2,1152,6258
464,19.712,18.700,1.013,2,52,3460
465,19.678,18.604,1.073,2,52,3460
466,19.769,18.728,1.041,2,52,3440
467,19.422,18.306,1.116,2,52,3440
468,19.706,18.684,1.022,2,52,3460
469,19.758,18.709,1.049,2,52,3460
470,19.285,18.273,1.012,2,52,3440
471,19.572,18.556,1.015,2,52,3440
472,21.509,20.473,1.036,2,52,3460
473,20.998,19.957,1.041,2,52,3460
474,21.338,20.309,1.029,2,52,3440
475,20.845,19.570,1.275,2,52,3440
476,22.023,21.012,1.011,2,52,3460
477,21.915,20.843,1.072,2,52,3460
478,19.521,18.462,1.059,2,52,3440
479,19.186,18.169,1.017,2,52,3440
480,20.113,19.087,1.027,2,52,3440
481,19.717,18.648,1.069,2,52,3440
482,19.320,18.294,1.026,2,52,3440
483,19.483,18.395,1.088,2,52,3440
484,19.596,18.515,1.080,2,52,3440
485,19.752,18.692,1.060,2,52,3440
486,19.581,18.560,1.021,2,52,3460
487,19.814,18.771,1.042,2,52,3460
488,19.745,18.655,1.091,2,52,3440
489,19.610,18.542,1.067,2,52,3440
490,20.468,19.468,1.000,2,52,3460
491,20.045,18.990,1.055,2,52,3460
492,19.616,18.515,1.101,2,52,3440
493,19.757,18.673,1.083,2,52,3440
494,19.471,18.440,1.030,2,52,3460
495,19.793,18.736,1.057,2,52,3460
496,20.785,19.703,1.083,2,52,3440
497,20.128,19.084,1.045,2,52,3440
498,19.987,18.922,1.065,2,52,3460
499,19.634,18.605,1.029,2,52,3460
500,19.745,18.710,1.035,2,52,3440
501,19.517,18.492,1.024,2,52,3440
502,19.536,18.538,0.997,2,52,3460
503,19.831,18.784,1.047,2,52,3460
504,19.554,18.509,1.045,2,52,3440
505,19.459,18.437,1.021,2,52,3440
506,19.557,18.536,1.021,2,52,3460
507,19.534,18.531,1.003,2,52,3460
508,19.280,18.282,0.998,2,52,3440
509,19.606,18.473,1.133,2,52,3440
510,19.570,18.561,1.009,2,52,3460
511,19.676,18.682,0.993,2,52,3460
512,19.823,18.707,1.116,2,52,3440
513,19.755,18.696,1.059,2,52,3440
514,19.470,18.475,0.995,2,52,3440
515,19.798,18.722,1.076,2,52,3440
516,20.000,18.849,1.152,2,52,3440
517,19.938,18.775,1.163,2,52,3440
518,19.592,18.575,1.016,2,52,3440
519,23.567,22.552,1.015,2,54,4080
520,23.722,22.644,1.078,2,54,4100
521,23.675,22.613,1.063,2,54,4100
522,23.680,22.509,1.171,2,54,4080
523,23.622,22.576,1.046,2,54,4080
524,23.693,22.670,1.024,2,54,4100
525,23.848,22.834,1.014,2,54,4100
526,24.100,23.020,1.081,2,54,4080
527,24.040,22.912,1.128,2,54,4080
528,23.935,22.904,1.031,2,54,4100
529,25.124,24.019,1.105,2,54,4100
530,24.647,23.546,1.101,2,54,4080
531,23.749,22.695,1.054,2,54,4080
532,23.584,22.526,1.058,2,54,4100
533,23.760,22.720,1.040,2,54,4100
534,23.444,22.420,1.024,2,54,4080
535,23.293,22.226,1.067,2,54,4080
536,23.712,22.669,1.043,2,54,4100
537,23.711,22.597,1.114,2,54,4100
538,24.182,23.134,1.048,2,54,4080
539,23.644,22.427,1.217,2,54,4080
540,24.185,23.105,1.081,2,54,4100
541,23.759,22.655,1.103,2,54,4100
542,25.910,24.835,1.075,2,54,4080
543,26.292,25.175,1.117,2,54,4080
544,24.922,23.863,1.059,2,54,4100
545,24.984,23.911,1.073,2,54,4100
546,26.327,25.197,1.130,2,54,4080
547,25.353,24.047,1.306,2,54,4080
548,26.574,25.453,1.121,2,54,4080
549,25.750,24.491,1.258,2,54,4080
550,26.707,25.668,1.039,2,54,4080
551,24.562,23.527,1.035,2,54,4080
552,23.502,22.420,1.082,2,54,4080
553,23.762,22.616,1.147,2,54,4080
554,23.943,22.866,1.077,2,54,4100
555,26.093,24.915,1.178,2,54,4100
556,24.181,22.904,1.277,2,54,4080
557,28.001,26.904,1.098,2,54,4080
558,24.752,23.651,1.101,2,54,4100
559,23.481,22.415,1.066,2,54,4100
560,23.772,22.628,1.144,2,54,4080
561,23.428,22.382,1.046,2,54,4080
562,23.920,22.854,1.066,2,54,4100
563,24.225,23.085,1.140,2,54,4100
564,23.913,22.822,1.091,2,54,4080
565,23.390,22.287,1.103,2,54,4080
566,23.728,22.654,1.074,2,54,4100
567,24.446,23.345,1.101,2,54,4100
568,24.196,23.135,1.060,2,54,4080
569,24.267,23.182,1.084,2,54,4080
570,24.839,23.657,1.182,2,54,4100
571,24.289,23.206,1.083,2,54,4100
572,23.349,22.264,1.084,2,54,4080
573,61.679,38.216,23.463,2,1312,10848
574,47.097,41.381,5.715,2,1328,11398
575,46.907,41.289,5.618,2,1320,11380
576,47.674,41.788,5.886,2,1320,11342
577,47.205,41.475,5.730,2,1320,11334
578,46.608,40.859,5.749,2,1320,11334
579,48.765,42.866,5.899,2,1320,11338
580,47.667,41.945,5.722,2,1320,11314
581,46.830,41.182,5.648,2,1320,11306
582,46.982,41.319,5.663,2,1320,11310
583,47.079,41.320,5.759,2,1320,11310
584,47.077,41.394,5.682,2,1320,11298
585,46.663,40.894,5.770,2,1320,11294
586,47.414,41.647,5.767,2,1320,11294
587,47.065,41.361,5.704,2,1320,11294
588,49.077,43.410,5.668,2,1320,11308
589,48.071,42.364,5.707,2,1312,11286
590,51.988,46.324,5.664,2,1312,11282
591,47.844,42.105,5.739,2,1312,11286
592,47.141,41.514,5.627,2,1312,11312
593,47.266,41.631,5.635,2,1312,11308
594,47.512,41.299,6.214,2,1312,11320
595,47.301,41.449,5.851,2,1312,11324
596,47.670,41.770,5.900,2,1312,11324
597,47.383,41.645,5.738,2,1312,11316
598,47.439,41.337,6.102,2,1312,11320
599,46.965,41.258,5.707,2,1312,11324
600,47.970,42.269,5.701,2,1312,11336
601,48.469,42.438,6.031,2,1312,11316
602,47.406,41.470,5.936,2,1312,11328
603,46.839,41.241,5.597,2,1312,11332
604,46.977,41.405,5.572,2,1312,11336
605,47.413,41.603,5.810,2,1312,11328
606,47.208,41.467,5.741,2,1312,11332
607,47.458,41.655,5.803,2,1312,11332
608,47.487,41.433,6.054,2,1312,11316
609,46.942,41.313,5.629,2,1312,11300
610,46.937,41.140,5.797,2,1312,11296
611,46.807,41.168,5.639,2,1312,11296
612,47.160,41.425,5.735,2,1312,11284
613,47.204,41.645,5.560,2,1312,11284
614,47.062,41.297,5.765,2,1312,11264
615,46.969,41.224,5.745,2,1312,11268
616,47.494,41.414,6.080,2,1312,11268
617,47.163,41.518,5.645,2,1312,11264
618,47.461,41.657,5.804,2,1312,11292
619,47.624,41.594,6.029,2,1312,11284
620,49.035,43.259,5.776,2,1312,11284
621,50.397,44.591,5.806,2,1312,11264
622,48.196,42.340,5.856,2,1312,11296
623,46.392,40.541,5.851,2,1312,11288
624,46.373,40.684,5.689,2,1312,11316
625,46.833,41.150,5.683,2,1312,11320
626,46.863,40.852,6.011,2,1312,11308
627,45.554,39.886,5.668,2,1318,11184
628,45.999,40.258,5.741,2,1318,11244
629,45.239,39.516,5.723,2,1318,11224
630,45.141,39.489,5.651,2,1318,11228
631,45.129,39.388,5.741,2,1318,11216
632,45.039,39.312,5.727,2,1318,11264
633,45.184,39.450,5.733,2,1318,11248
634,45.236,39.627,5.609,2,1318,11248
635,45.797,39.835,5.962,2,1318,11248
636,45.616,40.003,5.613,2,1318,11252
637,45.963,40.086,5.876,2,1318,11252
638,45.830,40.027,5.802,2,1318,11248
639,47.763,41.756,6.006,2,1318,11252
640,45.898,39.968,5.931,2,1318,11224
641,46.844,40.625,6.219,2,1318,11220
642,45.551,39.821,5.730,2,1318,11220
643,47.974,42.296,5.678,2,1318,11224
644,46.956,41.095,5.860,2,1318,11208
645,45.713,40.082,5.631,2,1318,11200
646,45.738,39.856,5.882,2,1316,11196
647,5.408,4.446,0.962,1,2,480
648,16.582,4.361,12.221,1,2,480
649,16.750,4.446,12.304,1,2,480
650,16.670,4.450,12.220,1,2,480
651,16.609,4.392,12.218,1,2,480
652,16.733,4.460,12.274,1,2,480
653,16.514,4.307,12.206,1,2,480
654,23.282,7.142,16.140,2,1102,3298
655,16.852,7.512,9.341,2,1102,3298
656,16.322,6.970,9.352,2,1102,3298
657,16.814,7.086,9.729,2,1102,3298
658,16.652,7.040,9.612,2,1102,3298
659,16.632,7.054,9.579,2,1102,3298
660,16.570,6.996,9.574,2,1102,3298
661,17.311,7.603,9.709,2,1102,3298
662,16.545,7.491,9.054,2,1102,3298
663,16.701,7.484,9.218,2,1102,3298
664,16.259,7.135,9.124,2,1102,3298
665,17.061,7.442,9.618,2,1102,3298
666,16.916,7.662,9.254,2,1102,3298
667,16.291,7.379,8.913,2,1102,3298
668,16.104,6.827,9.277,2,1102,3298
669,16.678,6.813,9.865,2,1102,3298
670,16.975,7.164,9.812,2,1102,3298
671,16.384,6.876,9.508,2,1102,3298
672,17.180,7.402,9.778,2,1102,3298
673,16.096,6.842,9.254,2,1102,3298
674,16.773,6.898,9.876,2,1102,3298
675,16.546,6.846,9.700,2,1102,3298
676,16.916,7.043,9.874,2,1102,3298
677,16.451,6.866,9.585,2,1102,3298
678,16.994,7.199,9.795,2,1102,3298
679,16.489,7.024,9.465,2,1102,3298
680,16.625,6.929,9.695,2,1102,3298
681,16.760,6.988,9.771,2,1102,3298
682,16.422,6.801,9.621,2,1102,3298
683,16.861,6.969,9.893,2,1102,3298
684,16.523,6.851,9.673,2,1102,3298
685,16.656,6.804,9.853,2,1102,3298
686,16.669,6.795,9.874,2,1102,3298
687,16.705,6.889,9.816,2,1102,3298
688,17.290,7.489,9.801,2,1102,3298
689,15.969,6.729,9.240,2,1102,3298
690,16.888,7.036,9.852,2,1102,3298
691,16.708,7.011,9.698,2,1102,3298
692,16.379,6.740,9.639,2,1102,3298
693,16.577,6.714,9.864,2,1102,3298
694,16.802,6.843,9.959,2,1102,3298
695,16.537,6.692,9.846,2,1102,3298
696,16.773,6.789,9.983,2,1102,3298
697,17.073,7.208,9.864,2,1102,3298
698,16.170,6.712,9.458,2,1102,3298
699,17.216,7.280,9.937,2,1102,3298
700,15.866,6.692,9.173,2,1102,3298
701,17.684,7.441,10.243,2,1102,3298
702,16.297,7.102,9.195,2,1102,3298
703,16.551,6.971,9.580,2,1102,3298
704,16.532,6.800,9.733,2,1102,3298
705,16.764,6.870,9.894,2,1102,3298
706,16.469,6.748,9.721,2,1102,3298
707,16.684,6.742,9.942,2,1102,3298
708,16.930,7.034,9.895,2,1102,3298
709,16.627,7.013,9.614,2,1102,3298
710,16.735,7.015,9.720,2,1102,3298
711,16.990,7.383,9.607,2,1102,3298
712,16.507,7.233,9.274,2,1102,3298
713,16.340,6.910,9.429,2,1102,3298
714,16.656,6.829,9.827,2,1102,3298
715,10.379,4.386,5.994,1,2,480
716,21.081,8.778,12.303,2,4,1120
717,16.703,8.810,7.893,2,4,1120
718,16.927,9.070,7.857,2,4,1120
719,16.370,8.773,7.597,2,4,1120
720,16.547,8.652,7.894,2,4,1120
721,16.648,8.634,8.014,2,4,1120
722,16.757,8.726,8.031,2,4,1120
723,16.668,8.727,7.941,2,4,1120
724,16.647,8.714,7.932,2,4,1120
725,16.561,8.606,7.955,2,4,1120
726,16.667,8.601,8.066,2,4,1120
727,16.789,8.726,8.063,2,4,1120
728,16.721,8.779,7.942,2,4,1120
729,16.642,8.762,7.880,2,4,1120
730,16.753,8.842,7.912,2,4,1120
731,16.555,8.736,7.819,2,4,1120
732,16.907,8.965,7.942,2,4,1120
733,16.409,8.712,7.697,2,4,1120
734,16.822,8.703,8.119,2,4,1120
735,17.040,8.694,8.346,2,4,1120
736,16.712,8.712,8.000,2,4,1120
737,17.366,8.628,8.737,2,4,1120
738,16.999,8.778,8.221,2,4,1120
739,16.600,8.710,7.890,2,4,1120
740,17.010,8.667,8.343,2,4,1120
741,17.393,8.871,8.522,2,4,1120
742,17.174,9.024,8.150,2,4,1120
743,17.216,9.197,8.019,2,4,1120
744,16.971,8.965,8.006,2,4,1120
745,16.862,8.756,8.106,2,4,1120
746,17.260,8.931,8.328,2,4,1120
747,17.519,8.945,8.574,2,4,1120
748,18.520,9.403,9.116,2,4,1120
749,16.984,9.327,7.657,2,4,1120
750,17.075,8.864,8.211,2,4,1120
751,17.819,9.187,8.633,2,4,1120
752,18.350,9.492,8.859,2,4,1120
753,17.247,9.197,8.050,2,4,1120
754,17.400,9.049,8.351,2,4,1120
755,17.748,9.255,8.493,2,4,1120
756,17.458,9.171,8.287,2,4,1120
757,16.593,9.096,7.497,2,4,1120
758,16.253,8.682,7.571,2,4,1120
759,16.675,8.690,7.985,2,4,1120
760,16.707,8.732,7.976,2,4,1120
761,16.636,8.702,7.934,2,4,1120
762,16.790,8.829,7.962,2,4,1120
763,16.475,8.634,7.841,2,4,1120
764,16.710,8.679,8.031,2,4,1120
765,16.643,8.655,7.988,2,4,1120
766,16.596,8.583,8.013,2,4,1120
767,16.691,8.608,8.082,2,4,1120
768,16.649,8.585,8.063,2,4,1120
769,16.862,8.783,8.079,2,4,1120
770,12.268,4.333,7.935,2,22,540
771,21.718,9.294,12.424,2,24,1180
772,16.647,9.288,7.359,2,24,1180
773,16.467,9.076,7.390,2,24,1180
774,16.688,9.060,7.628,2,24,1180
775,16.782,9.264,7.518,2,24,1180
776,16.713,9.269,7.444,2,24,1154
777,16.457,9.103,7.354,2,24,1154
778,16.931,9.376,7.554,2,24,1154
779,16.370,9.064,7.307,2,24,1150
780,16.651,9.044,7.606,2,24,1150
781,16.723,9.109,7.614,2,24,1150
782,16.506,8.962,7.544,2,24,1150
783,16.788,9.074,7.714,2,24,1150
784,16.717,9.134,7.582,2,24,1150
785,16.608,9.068,7.540,2,24,1150
786,17.601,9.982,7.618,2,24,1150
787,18.623,16.341,2.282,3,26,1630
788,13.875,9.171,4.704,2,24,1150
789,16.310,8.812,7.498,2,24,1150
790,17.160,9.307,7.853,2,24,1150
791,16.149,8.793,7.356,2,24,1150
792,16.911,9.026,7.885,2,24,1150
793,16.716,9.083,7.633,2,24,1150
794,17.082,9.506,7.576,2,24,1150
795,16.323,9.124,7.199,2,24,1150
796,16.530,9.022,7.508,2,24,1150
797,16.670,9.026,7.643,2,24,1150
798,16.701,9.055,7.646,2,24,1150
799,16.496,8.890,7.606,2,24,1150
800,17.535,9.760,7.775,2,24,1150
801,16.855,9.690,7.165,2,24,1150
802,16.110,9.136,6.974,2,24,1150
803,17.229,9.220,8.008,2,24,1150
804,16.821,9.132,7.689,2,24,1150
805,16.995,9.107,7.888,2,24,1150
806,17.216,9.330,7.886,2,24,1150
807,17.504,9.788,7.716,2,24,1150
808,16.819,8.963,7.856,2,24,1150
809,17.351,9.039,8.312,2,24,1150
810,17.674,9.002,8.673,2,24,1150
811,17.435,9.382,8.053,2,24,1150
812,17.162,9.328,7.834,2,24,1150
813,18.022,9.529,8.493,2,24,1150
814,16.497,9.361,7.136,2,24,1154
815,16.673,9.365,7.308,2,24,1154
816,16.365,9.064,7.302,2,24,1154
817,17.472,9.365,8.106,2,24,1180
818,17.400,10.099,7.300,2,24,1180
819,16.800,9.413,7.387,2,24,1180
820,17.376,9.452,7.924,2,24,1180
821,17.038,9.827,7.211,2,24,1180
822,18.148,9.844,8.304,2,24,1180
823,16.231,9.411,6.820,2,24,1180
824,16.690,9.432,7.258,2,24,1180
825,16.649,9.418,7.231,2,24,1180
826,16.479,9.229,7.249,2,24,1180
827,16.845,9.409,7.436,2,24,1180
828,16.579,9.322,7.257,2,24,1180
829,16.733,9.386,7.346,2,24,1180
830,16.446,9.166,7.280,2,24,1180
831,16.948,9.449,7.498,2,24,1154
832,16.551,9.328,7.223,2,24,1154
833,17.318,9.976,7.342,2,24,1154
834,16.279,9.594,6.685,2,24,1150
835,16.708,9.633,7.076,2,24,1150
836,16.273,9.246,7.027,2,24,1150
837,16.507,9.085,7.422,2,24,1150
838,16.663,9.076,7.587,2,24,1150
839,16.451,8.867,7.585,2,24,1150
840,16.907,9.108,7.798,2,24,1150
841,17.694,10.128,7.566,2,24,1150
842,15.984,9.453,6.531,2,24,1150
843,16.657,9.446,7.211,2,24,1150
844,16.142,8.912,7.230,2,24,1150
845,17.124,9.376,7.748,2,24,1150
846,16.686,9.394,7.292,2,24,1150
847,16.743,9.465,7.278,2,24,1150
848,16.300,9.105,7.195,2,24,1150
849,16.530,8.970,7.560,2,24,1150
850,16.770,9.070,7.700,2,24,1150
851,16.462,8.867,7.595,2,24,1150
852,16.744,8.925,7.818,2,24,1150
853,16.950,9.229,7.721,2,24,1150
854,16.483,9.053,7.431,2,24,1150
855,16.568,8.943,7.625,2,24,1150
856,16.828,9.104,7.724,2,24,1150
857,16.472,8.922,7.550,2,24,1150
858,16.512,8.749,7.763,2,24,1150
859,16.701,8.785,7.916,2,24,1150
860,16.615,8.744,7.870,2,24,1150
861,16.704,8.755,7.949,2,24,1150
862,16.814,8.924,7.890,2,24,1150
863,16.582,8.844,7.738,2,24,1150
864,16.820,8.986,7.834,2,24,1150
865,16.630,8.955,7.675,2,24,1150
866,16.544,8.831,7.713,2,24,1150
867,16.444,8.607,7.837,2,24,1150
868,17.342,9.282,8.060,2,24,1150
869,16.827,9.444,7.384,2,24,1154
870,15.930,8.707,7.223,2,24,1154
871,16.718,8.755,7.963,2,24,1154
872,16.646,8.745,7.902,2,24,1180
873,16.673,8.752,7.921,2,24,1180
874,16.761,8.838,7.924,2,24,1180
875,16.692,8.867,7.825,2,24,1180
876,16.548,8.755,7.792,2,24,1180
877,16.825,8.904,7.922,2,24,1180
878,16.543,8.781,7.762,2,24,1180
879,16.637,8.752,7.885,2,24,1180
880,16.687,8.772,7.915,2,24,1180
881,17.501,9.605,7.896,2,24,1180
882,16.826,9.768,7.059,2,24,1180
883,16.835,9.933,6.902,2,24,1180
884,15.537,8.804,6.732,2,24,1180
885,17.745,9.859,7.885,2,24,1180
886,16.630,9.846,6.785,2,24,1154
887,16.641,9.822,6.819,2,24,1154
888,15.680,8.844,6.836,2,24,1154
889,16.929,9.097,7.832,2,24,1150
890,17.328,9.764,7.564,2,24,1150
891,16.713,9.802,6.911,2,24,1150
892,15.782,8.927,6.855,2,24,1150
893,17.539,9.789,7.750,2,24,1150
894,16.999,10.090,6.909,2,24,1150
895,15.897,9.354,6.543,2,24,1150
896,16.150,8.843,7.307,2,24,1150
897,16.925,9.094,7.830,2,24,1150
898,17.221,9.648,7.573,2,24,1150
899,17.101,10.085,7.016,2,24,1150
900,16.533,9.952,6.581,2,24,1150
901,15.555,8.837,6.718,2,24,1150
902,16.887,9.056,7.831,2,24,1150
903,17.034,9.425,7.610,2,24,1150
904,16.363,9.116,7.247,2,24,1150
905,16.424,8.873,7.550,2,24,1150
906,16.562,8.768,7.794,2,24,1150
907,16.876,8.983,7.893,2,24,1150
908,16.550,8.867,7.684,2,24,1150
909,16.567,8.767,7.800,2,24,1150
910,16.711,8.812,7.899,2,24,1150
911,16.766,8.891,7.876,2,24,1150
912,16.566,8.811,7.755,2,24,1150
913,16.743,8.887,7.856,2,24,1150
914,17.008,9.230,7.777,2,24,1150
915,16.188,8.752,7.435,2,24,1150
916,16.754,8.838,7.916,2,24,1150
917,16.687,8.861,7.826,2,24,1150
918,16.673,8.866,7.807,2,24,1150
919,16.675,8.879,7.796,2,24,1150
920,16.614,8.817,7.797,2,24,1150
921,16.715,8.870,7.845,2,24,1150
922,16.724,8.928,7.796,2,24,1150
923,17.373,9.402,7.971,2,24,1150
924,15.878,8.844,7.033,2,24,1154
925,16.667,8.846,7.822,2,24,1154
926,16.558,8.719,7.839,2,24,1154
927,16.626,8.678,7.948,2,24,1180
928,17.374,9.385,7.989,2,24,1180
929,45.809,20.687,25.121,3,200,3494
930,21.702,19.973,1.729,3,198,2982
931,24.398,22.281,2.117,3,206,3506
932,26.398,24.753,1.645,3,206,3506
933,24.803,22.667,2.136,3,206,3506
934,23.583,21.773,1.811,3,206,3506
935,24.825,23.073,1.752,3,206,3506
936,23.637,21.938,1.699,3,206,3506
937,22.640,20.573,2.067,3,206,3506
938,25.044,23.369,1.676,3,206,3506
939,24.037,22.348,1.689,3,206,3506
940,23.950,22.290,1.660,3,206,3506
941,24.858,23.121,1.737,3,206,3480
942,24.784,23.140,1.644,3,206,3480
943,24.992,23.332,1.659,3,206,3480
944,24.137,22.482,1.655,3,206,3476
945,25.857,24.230,1.627,3,206,3476
946,23.665,21.983,1.682,3,206,3476
947,24.614,22.939,1.675,3,206,3476
948,23.291,21.525,1.766,3,206,3476
949,24.901,23.232,1.669,3,206,3476
950,23.405,21.716,1.689,3,206,3476
951,25.650,23.938,1.712,3,206,3476
952,23.790,22.138,1.652,3,206,3476
953,25.538,23.899,1.639,3,206,3476
954,25.296,23.582,1.714,3,206,3476
955,23.733,22.051,1.683,3,206,3476
956,24.021,22.325,1.696,3,206,3476
957,23.023,21.350,1.673,3,206,3476
958,23.410,21.748,1.662,3,206,3476
959,23.886,22.220,1.666,3,206,3476
960,23.053,21.409,1.643,3,206,3476
961,23.560,21.865,1.695,3,206,3476
962,22.541,20.889,1.652,3,206,3476
963,22.197,20.537,1.661,3,206,3476
964,23.693,21.474,2.218,3,366,4046
965,24.081,21.848,2.233,3,366,4046
966,24.513,22.250,2.264,3,366,4046
967,23.780,21.509,2.271,3,366,4046
968,23.698,21.373,2.325,3,366,4046
969,26.471,24.162,2.309,3,366,4046
970,24.627,22.376,2.251,3,366,4046
971,23.933,21.658,2.275,3,366,4046
972,23.825,21.591,2.234,3,366,4046
973,23.963,21.676,2.287,3,366,4046
974,24.171,21.831,2.339,3,366,4046
975,23.527,21.276,2.251,3,366,4046
976,24.031,21.809,2.223,3,366,4046
977,23.823,21.592,2.231,3,366,4046
978,23.595,21.374,2.221,3,366,4046
979,23.847,21.647,2.199,3,366,4050
980,24.341,22.079,2.261,3,366,4050
981,23.849,21.584,2.264,3,366,4050
982,23.499,21.233,2.266,3,366,4076
983,23.767,21.548,2.220,3,366,4076
984,19.829,17.625,2.204,3,364,3436
985,19.785,17.587,2.198,3,364,3436
986,20.004,17.724,2.280,3,364,3436
987,19.832,17.582,2.250,3,364,3436
988,19.803,17.540,2.263,3,364,3436
989,19.588,17.339,2.249,3,364,3436
990,19.780,17.575,2.204,3,364,3436
991,19.596,17.232,2.364,3,364,3436
992,19.613,17.385,2.228,3,364,3436
993,19.617,17.380,2.237,3,364,3436
994,19.620,17.383,2.237,3,364,3436
995,20.932,18.630,2.302,3,364,3436
996,21.070,18.784,2.286,3,364,3410
997,20.908,18.686,2.222,3,364,3410
998,20.925,18.601,2.324,3,364,3410
999,20.644,18.446,2.198,3,364,3406
1000,20.835,18.546,2.289,3,364,3406
1001,19.533,17.323,2.209,3,364,3406
1002,20.143,17.912,2.231,3,364,3406
1003,19.655,17.401,2.254,3,364,3406
1004,19.948,17.747,2.200,3,364,3406
1005,19.722,17.467,2.255,3,364,3406
1006,19.798,17.473,2.324,3,364,3406
1007,19.903,17.702,2.201,3,364,3406
1008,19.617,17.418,2.199,3,364,3406
1009,19.611,17.398,2.213,3,364,3406
1010,19.453,17.232,2.221,3,364,3406
1011,19.840,17.639,2.200,3,364,3406
1012,20.413,18.047,2.366,3,364,3406
1013,19.786,17.527,2.259,3,364,3406
1014,19.870,17.654,2.217,3,364,3406
1015,19.548,17.349,2.199,3,364,3406
1016,20.922,18.676,2.246,3,364,3406
1017,20.478,18.215,2.263,3,364,3406
1018,19.878,17.596,2.281,3,364,3406
1019,20.426,18.222,2.204,3,364,3406
1020,19.665,17.412,2.253,3,364,3406
1021,19.990,17.762,2.228,3,364,3406
1022,19.659,17.444,2.215,3,364,3406
1023,19.905,17.573,2.332,3,364,3406
1024,19.527,17.285,2.242,3,364,3406
1025,19.761,17.527,2.234,3,364,3406
1026,19.885,17.700,2.185,3,364,3406
1027,19.455,17.340,2.115,3,344,3376
1028,19.747,17.639,2.108,3,344,3376
1029,24.933,17.891,7.043,3,1692,5802
1030,25.852,18.813,7.039,3,1692,5804
1031,24.750,18.078,6.672,3,1692,5804
1032,24.884,18.195,6.690,3,1692,5804
1033,24.761,17.600,7.161,3,1692,5808
1034,25.305,18.109,7.196,3,1692,5808
1035,24.670,17.956,6.715,3,1692,5808
1036,24.602,17.902,6.700,3,1692,5808
1037,25.064,17.828,7.236,3,1692,5806
1038,25.117,18.077,7.041,3,1692,5802
1039,25.068,17.709,7.360,3,1692,5794
1040,25.192,18.146,7.046,3,1692,5794
1041,24.470,17.772,6.698,3,1692,5794
1042,24.653,17.993,6.660,3,1692,5790
1043,24.403,17.742,6.660,3,1692,5794
1044,24.409,17.688,6.721,3,1692,5810
1045,25.435,17.816,7.619,3,1692,5810
1046,24.711,17.553,7.158,3,1692,5808
1047,25.026,17.973,7.053,3,1692,5806
1048,24.693,18.000,6.693,3,1692,5800
1049,24.762,17.721,7.041,3,1692,5800
1050,24.721,17.587,7.133,3,1692,5790
1051,24.771,17.749,7.023,3,1692,5784
1052,24.486,17.791,6.695,3,1692,5782
1053,25.203,18.002,7.200,3,1692,5786
1054,24.632,17.908,6.723,3,1692,5802
1055,25.188,18.133,7.055,3,1692,5802
1056,25.203,18.167,7.036,3,1692,5816
1057,25.463,18.264,7.199,3,1692,5810
1058,26.714,19.679,7.035,3,1692,5808
1059,24.964,17.895,7.069,3,1692,5796
1060,25.362,18.110,7.253,3,1692,5774
1061,25.617,18.066,7.552,3,1692,5770
1062,27.562,19.455,8.108,3,1692,5770
1063,26.742,19.343,7.400,3,1692,5778
1064,26.902,19.677,7.225,3,1692,5778
1065,26.321,19.248,7.074,3,1692,5778
1066,25.591,18.296,7.295,3,1692,5778
1067,25.084,17.989,7.095,3,1692,5778
1068,24.911,17.725,7.186,3,1692,5778
1069,24.927,18.194,6.733,3,1692,5778
1070,25.045,17.775,7.270,3,1692,5778
1071,25.112,17.998,7.114,3,1692,5778
1072,24.878,17.846,7.032,3,1692,5778
1073,25.172,18.108,7.064,3,1692,5778
1074,24.393,17.648,6.746,3,1692,5778
1075,24.752,18.054,6.699,3,1692,5778
1076,24.960,17.786,7.174,3,1692,5778
1077,24.846,17.798,7.049,3,1692,5778
1078,24.297,17.619,6.679,3,1692,5778
1079,25.062,17.981,7.081,3,1692,5778
1080,24.830,17.802,7.028,3,1692,5778
1081,24.900,17.894,7.006,3,1692,5778
1082,25.364,18.345,7.019,3,1692,5778
1083,24.757,17.742,7.015,3,1692,5778
1084,25.027,18.361,6.666,3,1692,5778
1085,27.818,20.631,7.187,3,1692,5778
1086,25.669,18.926,6.742,3,1692,5778
1087,25.802,18.781,7.021,3,1692,5778
1088,27.672,20.574,7.098,3,1692,5778
1089,25.266,18.162,7.105,3,1692,5778
1090,27.383,20.325,7.057,3,1692,5778
1091,26.884,19.800,7.084,3,1692,5778
1092,24.799,18.082,6.717,3,1692,5778
1093,27.396,20.596,6.800,3,1692,5778
1094,26.394,19.305,7.089,3,1692,5778
1095,25.242,18.005,7.237,3,1692,5778
1096,26.605,19.118,7.487,3,1692,5778
1097,25.054,17.953,7.101,3,1692,5778
1098,26.817,20.060,6.757,3,1692,5778
1099,25.964,18.622,7.342,3,1692,5778
1100,26.119,18.993,7.126,3,1692,5778
1101,25.010,18.037,6.974,3,1692,5778
1102,25.918,18.770,7.148,3,1692,5778
1103,25.490,18.220,7.270,3,1692,5778
1104,24.741,17.697,7.044,3,1692,5778
1105,17.656,16.122,1.534,3,184,2806
1106,17.595,16.091,1.505,3,184,2806
1107,17.917,16.413,1.504,3,184,2806
1108,19.472,17.777,1.695,3,184,2806
1109,18.181,17.261,0.921,2,24,2236
1110,16.513,15.508,1.005,2,24,2236
1111,16.744,15.600,1.144,2,24,2236
1112,38.099,18.891,19.209,3,208,3148
1113,17.222,15.309,1.913,2,24,2236
1114,20.617,18.569,2.049,3,208,3148
1115,20.390,18.731,1.658,3,208,3148
1116,19.902,18.277,1.625,3,208,3148
1117,21.260,19.458,1.802,3,208,3148
1118,20.139,18.472,1.667,3,208,3148
1119,20.433,18.566,1.867,3,208,3148
1120,19.962,18.286,1.677,3,208,3148
1121,20.636,18.952,1.683,3,208,3148
1122,20.346,18.627,1.719,3,208,3148
1123,20.386,18.690,1.696,3,208,3148
1124,20.346,18.644,1.701,3,208,3148
1125,22.503,19.780,2.724,3,508,3518
1126,23.424,20.652,2.773,3,508,3518
1127,21.951,19.210,2.741,3,508,3518
1128,22.357,19.597,2.760,3,510,3522
1129,22.583,19.870,2.713,3,512,3526
1130,21.950,19.163,2.788,3,512,3526
1131,21.112,18.345,2.766,3,512,3526
1132,20.115,17.325,2.790,3,512,3530
1133,20.573,17.816,2.757,3,512,3534
1134,20.831,18.042,2.789,3,512,3534
1135,20.522,17.809,2.713,3,512,3534
1136,20.222,17.534,2.687,3,512,3538
1137,20.433,17.749,2.684,3,512,3542
1138,20.444,17.499,2.945,3,512,3542
1139,20.668,17.931,2.737,3,512,3542
1140,20.584,17.810,2.773,3,512,3546
1141,19.829,18.138,1.691,3,212,3180
1142,20.352,18.638,1.714,3,212,3180
1143,19.206,17.514,1.692,3,212,3180
1144,19.075,17.385,1.690,3,212,3180
1145,19.383,17.750,1.633,3,212,3180
1146,20.475,18.788,1.687,3,212,3180
1147,19.767,18.137,1.630,3,212,3180
1148,19.566,17.916,1.650,3,212,3180
1149,19.609,17.968,1.641,3,212,3180
1150,19.319,17.693,1.626,3,212,3180
1151,19.325,17.652,1.673,3,212,3180
1152,19.160,17.545,1.616,3,212,3180
1153,19.316,17.660,1.656,3,212,3180
1154,19.587,17.918,1.669,3,212,3180
1155,19.513,17.863,1.651,3,212,3180
1156,22.865,15.068,7.797,2,24,2236
1157,16.813,15.105,1.707,2,24,2236
1158,22.545,17.329,5.216,3,1066,4320
1159,22.314,17.489,4.825,3,1066,4320
1160,22.217,17.569,4.648,3,1066,4320
1161,22.494,17.828,4.666,3,1066,4320
1162,23.040,17.909,5.131,3,1066,4320
1163,23.923,19.236,4.687,3,1066,4320
1164,22.421,17.682,4.739,3,1068,4328
1165,22.884,18.201,4.683,3,1068,4328
1166,22.430,17.612,4.817,3,1068,4328
1167,22.415,17.364,5.050,3,1068,4328
1168,22.710,17.846,4.864,3,1070,4340
1169,22.080,17.598,4.482,3,1070,4336
1170,22.486,17.717,4.769,3,1070,4336
1171,22.163,17.409,4.755,3,1070,4336
1172,22.444,17.531,4.913,3,1070,4340
1173,22.276,17.492,4.784,3,1070,4336
1174,22.532,17.882,4.650,3,1070,4374
1175,22.152,17.364,4.788,3,1072,4386
1176,22.277,17.644,4.632,3,1072,4386
1177,22.411,17.622,4.789,3,1072,4382
1178,22.050,17.536,4.514,3,1072,4382
1179,22.880,18.117,4.762,3,1074,4456
1180,22.505,17.732,4.773,3,1074,4456
1181,22.689,18.027,4.662,3,1074,4448
1182,22.184,17.534,4.650,3,1074,4448
1183,22.287,17.609,4.678,3,1074,4450
1184,22.274,17.610,4.664,3,1074,4454
1185,22.055,17.465,4.590,3,1074,4452
1186,22.056,17.384,4.672,3,1076,4460
1187,22.435,17.751,4.684,3,1076,4460
1188,22.759,17.754,5.005,3,1076,4464
1189,22.296,17.530,4.767,3,1076,4460
1190,22.100,17.377,4.724,3,1080,4470
1191,24.360,19.597,4.763,3,1080,4472
1192,23.715,18.939,4.776,3,1080,4472
1193,22.458,17.648,4.810,3,1080,4466
1194,22.250,17.420,4.830,3,1080,4466
1195,23.551,18.777,4.774,3,1080,4470
1196,23.446,18.635,4.810,3,1080,4470
1197,24.415,19.357,5.058,3,1080,4466
1198,23.561,17.669,5.891,3,1082,4474
1199,20.369,17.432,2.937,3,184,2806
1200,42.926,23.072,19.854,3,366,4300
1201,26.234,22.998,3.236,3,366,4252
1202,25.060,22.558,2.502,3,368,4272
1203,25.365,22.723,2.642,3,368,4332
1204,24.857,21.591,3.266,3,368,4326
1205,24.301,21.758,2.543,3,368,4314
1206,23.633,21.127,2.505,3,368,4314
1207,24.000,21.456,2.544,3,368,4314
1208,23.971,21.264,2.706,3,368,4314
1209,23.953,21.171,2.782,3,368,4314
1210,23.433,20.991,2.441,3,370,4358
1211,23.471,20.989,2.482,3,370,4358
1212,23.594,21.113,2.481,3,370,4358
1213,23.679,21.176,2.503,3,370,4364
1214,23.798,21.258,2.540,3,370,4352
1215,23.360,20.891,2.468,3,370,4352
1216,23.667,21.217,2.450,3,370,4352
1217,23.692,21.248,2.444,3,370,4352
1218,23.625,21.170,2.455,3,370,4352
1219,23.668,21.166,2.502,3,370,4352
1220,23.583,21.104,2.478,3,368,4320
1221,23.700,21.229,2.471,3,368,4320
1222,23.863,21.368,2.494,3,368,4320
1223,23.865,21.409,2.455,3,368,4320
1224,23.820,21.366,2.454,3,368,4320
1225,23.454,20.985,2.469,3,368,4320
1226,23.384,20.909,2.476,3,368,4320
1227,23.494,21.012,2.482,3,368,4320
1228,23.462,20.940,2.522,3,368,4320
1229,24.137,21.626,2.511,3,368,4320
1230,23.706,21.183,2.523,3,370,4352
1231,23.801,21.272,2.529,3,372,4384
1232,25.183,22.697,2.485,3,372,4384
1233,24.384,21.875,2.509,3,372,4384
1234,24.015,21.559,2.456,3,372,4384
1235,24.183,21.681,2.502,3,372,4384
1236,23.679,21.158,2.521,3,372,4384
1237,25.342,22.774,2.568,3,372,4384
1238,24.027,21.503,2.524,3,372,4384
1239,23.993,21.291,2.702,3,372,4384
1240,23.551,21.026,2.526,3,372,4384
1241,23.762,21.228,2.534,3,372,4384
1242,23.709,21.238,2.471,3,370,4352
1243,23.797,21.312,2.485,3,370,4352
1244,24.135,21.576,2.559,3,370,4352
1245,23.611,21.089,2.522,3,370,4352
1246,23.719,21.105,2.614,3,370,4352
1247,24.277,21.757,2.520,3,370,4352
1248,23.696,21.137,2.559,3,370,4352
1249,24.063,21.470,2.593,3,370,4352
1250,23.880,21.427,2.453,3,370,4352
1251,23.953,21.246,2.707,3,370,4352
1252,23.705,21.186,2.519,3,372,4384
1253,24.105,21.556,2.549,3,372,4384
1254,23.454,20.972,2.483,3,372,4384
1255,23.648,21.135,2.513,3,372,4384
1256,24.076,21.538,2.538,3,372,4384
1257,25.786,23.308,2.478,3,372,4384
1258,25.027,22.302,2.725,3,372,4384
1259,25.899,23.330,2.570,3,372,4384
1260,25.593,23.076,2.517,3,372,4384
1261,26.325,23.791,2.534,3,372,4384
1262,26.118,23.564,2.554,3,370,4352
1263,24.618,21.902,2.716,3,368,4320
1264,26.237,22.788,3.449,3,368,4320
1265,24.373,20.880,3.493,3,368,4320
1266,24.745,20.999,3.746,3,368,4320
1267,26.347,22.805,3.542,3,368,4320
1268,26.085,22.475,3.611,3,368,4320
1269,26.507,22.953,3.555,3,368,4320
1270,25.431,21.881,3.550,3,368,4320
1271,27.431,23.450,3.980,3,368,4320
1272,25.102,21.325,3.776,3,368,4320
1273,28.403,24.833,3.569,3,368,4320
1274,28.112,24.704,3.408,3,370,4352
1275,25.237,21.993,3.244,3,370,4352
1276,26.400,23.297,3.103,3,370,4352
1277,25.666,22.637,3.028,3,370,4352
1278,25.294,22.679,2.615,3,370,4352
1279,26.302,23.432,2.870,3,370,4352
1280,26.494,23.243,3.251,3,370,4352
1281,25.842,23.145,2.697,3,370,4352
1282,23.664,20.993,2.671,3,370,4352
1283,24.053,21.428,2.626,3,370,4352
1284,24.154,21.673,2.481,3,368,4320
1285,23.771,21.226,2.545,3,368,4320
1286,23.724,21.265,2.459,3,368,4320
1287,23.940,20.923,3.017,3,368,4320
1288,24.135,21.506,2.629,3,368,4320
1289,23.729,21.218,2.510,3,368,4320
1290,24.396,21.702,2.693,3,368,4320
1291,23.305,20.819,2.486,3,368,4320
1292,23.647,21.176,2.471,3,368,4320
1293,23.511,20.962,2.550,3,368,4320
1294,23.722,21.173,2.549,3,370,4352
1295,24.176,21.614,2.561,3,372,4384
1296,24.161,21.681,2.480,3,372,4384
1297,24.139,21.488,2.651,3,372,4384
1298,23.526,21.060,2.467,3,372,4384
1299,23.574,21.082,2.493,3,372,4384
1300,23.666,21.199,2.467,3,372,4384
1301,24.061,21.441,2.621,3,372,4384
1302,23.987,21.276,2.711,3,372,4384
1303,23.621,21.159,2.462,3,372,4384
1304,24.061,21.375,2.686,3,372,4384
1305,23.923,21.352,2.571,3,372,4384
1306,25.699,23.197,2.502,3,370,4352
1307,23.509,20.936,2.574,3,370,4352
1308,23.673,21.155,2.518,3,370,4352
1309,23.500,21.006,2.494,3,370,4352
1310,24.692,22.206,2.486,3,370,4352
1311,23.536,21.007,2.529,3,370,4352
1312,23.419,20.899,2.520,3,370,4352
1313,24.156,21.391,2.765,3,370,4352
1314,25.038,22.539,2.499,3,370,4352
1315,25.040,22.567,2.473,3,370,4352
1316,23.667,21.170,2.497,3,372,4384
1317,24.993,22.482,2.511,3,372,4384
1318,25.775,23.255,2.520,3,372,4384
1319,25.842,23.285,2.557,3,372,4384
1320,24.761,22.272,2.489,3,372,4384
1321,24.971,22.440,2.531,3,372,4384
1322,25.505,22.966,2.539,3,372,4384
1323,25.176,22.501,2.674,3,372,4384
1324,23.554,20.993,2.562,3,372,4384
1325,24.015,21.539,2.475,3,372,4384
1326,23.472,20.978,2.494,3,370,4352
1327,23.733,21.286,2.447,3,368,4320
1328,23.759,21.288,2.471,3,368,4320
1329,23.782,21.317,2.465,3,368,4320
1330,23.949,21.355,2.594,3,368,4320
1331,23.489,21.044,2.445,3,368,4320
1332,24.059,21.614,2.445,3,368,4320
1333,23.878,21.257,2.621,3,368,4320
1334,23.516,21.047,2.469,3,368,4320
1335,23.330,20.884,2.447,3,368,4320
1336,23.431,20.961,2.470,3,368,4320
1337,23.487,20.989,2.498,3,368,4320
1338,23.710,21.166,2.544,3,370,4352
1339,21.988,19.994,1.995,3,210,3782
1340,23.395,21.405,1.990,3,210,3782
1341,23.355,21.456,1.899,3,210,3782
1342,47.145,26.441,20.705,8,426,5224
1343,30.291,26.852,3.439,8,544,5454
1344,47.983,27.239,20.745,8,568,5634
1345,30.798,27.227,3.571,8,580,5658
1346,31.137,27.556,3.581,8,582,5762
1347,31.638,27.959,3.678,8,590,5754
1348,31.856,28.148,3.709,8,596,5826
1349,31.132,27.469,3.664,8,604,5858
1350,30.122,26.439,3.682,8,606,5908
1351,30.567,26.860,3.707,8,614,5914
1352,32.496,28.759,3.737,8,626,6018
1353,31.397,27.607,3.790,8,636,6068
1354,30.615,26.762,3.853,8,636,6162
1355,32.521,28.733,3.788,9,652,6524
1356,32.203,28.264,3.939,9,660,6566
1357,33.022,29.132,3.890,9,668,6622
1358,33.683,29.784,3.900,9,670,6646
1359,34.812,30.726,4.085,9,680,6708
1360,33.081,28.912,4.169,9,686,6732
1361,33.298,29.224,4.074,9,694,6760
1362,33.255,29.251,4.005,9,694,6742
1363,33.294,29.084,4.209,9,702,6768
1364,33.431,29.256,4.175,9,708,6786
1365,33.412,29.006,4.406,9,764,7004
1366,33.619,29.332,4.286,9,760,6992
1367,34.456,29.923,4.533,9,788,7102
1368,33.900,29.390,4.509,9,782,7106
1369,35.644,30.904,4.739,9,802,7170
1370,36.186,31.539,4.646,9,800,7158
1371,36.255,31.579,4.676,9,828,7258
1372,36.724,31.975,4.749,9,816,7310
1373,34.881,30.147,4.734,9,822,7258
1374,34.447,29.998,4.449,9,744,7138
1375,34.260,30.038,4.222,9,712,7040
1376,33.694,29.511,4.183,9,716,7068
1377,34.366,30.085,4.281,9,708,7072
1378,33.998,29.792,4.206,9,688,6978
1379,34.456,29.932,4.524,9,698,7018
1380,36.156,31.882,4.274,9,694,7012
1381,34.288,30.270,4.018,9,678,6982
1382,33.900,29.940,3.960,9,678,7026
1383,33.359,29.387,3.972,9,670,6956
1384,33.439,29.502,3.937,9,660,6954
1385,33.275,29.464,3.811,9,646,6912
1386,33.113,29.431,3.682,9,630,6870
1387,25.964,23.089,2.875,3,440,5394
1388,24.096,21.402,2.694,3,378,4664
1389,23.402,20.785,2.617,3,364,4560
1390,24.262,21.598,2.664,3,356,4550
1391,25.683,22.810,2.873,6,394,4760
1392,25.762,22.845,2.917,6,396,4808
1393,25.073,22.274,2.799,6,392,4778
1394,26.034,23.182,2.852,6,388,4822
1395,25.749,22.925,2.824,6,390,4826
1396,25.468,22.533,2.935,6,394,4900
1397,25.681,22.555,3.126,6,388,4870
1398,25.756,22.751,3.005,6,398,4958
1399,27.768,24.741,3.028,6,404,4986
1400,25.970,22.925,3.044,6,420,5088
1401,26.586,23.608,2.977,6,416,5068
1402,26.628,23.575,3.053,6,430,5174
1403,26.575,23.547,3.028,6,434,5190
1404,26.926,23.898,3.028,6,448,5254
1405,27.026,23.687,3.339,6,444,5248
1406,27.465,24.342,3.123,6,462,5324
1407,27.340,24.049,3.292,6,460,5334
1408,27.650,24.514,3.136,7,464,5450
1409,27.802,24.724,3.078,7,460,5418
1410,27.788,24.720,3.068,7,464,5446
1411,27.505,24.435,3.069,7,464,5466
1412,27.892,24.827,3.065,7,470,5484
1413,27.660,24.546,3.114,7,470,5476
1414,27.788,24.611,3.177,7,476,5506
1415,27.629,24.522,3.107,7,470,5436
1416,27.852,24.337,3.516,7,478,5520
1417,30.203,26.994,3.209,7,468,5460
1418,27.991,24.806,3.186,7,472,5486
1419,27.704,24.572,3.133,7,464,5418
1420,27.250,24.171,3.079,7,466,5426
1421,29.027,25.976,3.051,7,456,5350
1422,28.900,25.835,3.065,7,458,5382
1423,29.300,26.247,3.053,7,448,5298
1424,29.037,26.016,3.021,7,448,5298
1425,28.025,25.080,2.945,7,438,5224
1426,26.861,23.799,3.062,7,438,5224
1427,26.755,23.679,3.076,7,428,5144
1428,27.373,24.355,3.018,7,428,5144
1429,26.464,23.503,2.961,7,418,5078
1430,26.758,23.740,3.018,7,418,5078
1431,26.204,23.378,2.827,7,406,5008
1432,26.714,23.682,3.032,7,414,5072
1433,27.479,24.670,2.809,7,404,5006
1434,26.294,23.466,2.828,7,406,4998
1435,26.648,23.722,2.927,7,400,4990
1436,26.904,24.054,2.849,7,402,4994
1437,26.229,23.434,2.795,7,396,4938
1438,26.419,23.637,2.782,7,398,4950
1439,26.699,23.898,2.800,7,392,4920
1440,26.376,23.612,2.764,7,394,4936
1441,26.178,23.362,2.816,7,386,4888
1442,26.110,23.230,2.880,7,388,4902
1443,26.228,23.439,2.789,7,384,4874
1444,26.032,23.257,2.775,7,386,4882
1445,25.931,23.194,2.737,7,384,4876
1446,26.165,23.390,2.775,7,386,4890
1447,26.094,23.350,2.744,7,386,4886
1448,26.227,23.446,2.781,7,386,4886
1449,25.841,23.066,2.775,7,386,4886
1450,28.270,25.366,2.904,7,418,5008
1451,26.498,23.520,2.977,7,418,4996
1452,26.555,23.491,3.064,7,422,5010
1453,29.808,25.983,3.825,11,624,5802
1454,31.949,28.101,3.848,11,628,5780
1455,30.274,26.389,3.885,11,628,5782
1456,29.580,25.660,3.920,11,634,5802
1457,29.845,25.985,3.860,11,632,5750
1458,30.197,26.271,3.927,11,638,5698
1459,29.297,25.433,3.864,11,642,5702
1460,29.539,25.642,3.897,11,642,5700
1461,29.352,25.499,3.852,11,638,5624
1462,29.455,25.597,3.858,11,634,5638
1463,29.554,25.641,3.914,11,620,5528
1464,29.138,25.225,3.912,11,626,5590
1465,29.122,25.282,3.840,11,622,5572
1466,29.074,25.222,3.852,11,620,5570
1467,29.324,25.268,4.055,11,616,5532
1468,29.283,25.404,3.878,11,628,5574
1469,29.136,24.955,4.181,11,650,5578
1470,30.119,25.956,4.163,10,646,5636
1471,28.797,24.875,3.921,10,618,5556
1472,28.495,24.692,3.803,10,614,5508
1473,28.841,25.098,3.743,10,614,5470
1474,28.465,24.623,3.842,10,622,5432
1475,29.446,25.661,3.785,10,606,5320
1476,29.698,25.841,3.857,10,610,5284
1477,29.365,25.478,3.888,10,600,5276
1478,30.040,26.281,3.759,10,590,5216
1479,28.098,24.351,3.747,10,580,5124
1480,27.500,23.807,3.693,10,568,5136
1481,27.560,23.970,3.590,10,544,5050
1482,27.253,23.600,3.653,10,544,5048
1483,26.551,23.107,3.445,10,530,4922
1484,28.834,25.192,3.642,10,528,4918
1485,29.599,25.846,3.754,10,544,5306
1486,28.586,24.675,3.911,10,574,5306
1487,30.088,26.324,3.764,10,564,5214
1488,28.584,25.010,3.574,10,560,5128
1489,27.825,24.295,3.530,10,548,5026
1490,27.224,23.713,3.511,10,548,5026
1491,29.252,25.811,3.441,10,540,4994
1492,27.400,23.909,3.491,10,542,5026
1493,26.779,23.383,3.396,10,534,4988
1494,27.745,24.211,3.534,10,534,4988
1495,27.207,23.808,3.400,10,532,5010
1496,26.823,23.502,3.321,10,530,4978
1497,27.791,24.394,3.396,10,522,4950
1498,26.742,23.460,3.282,10,518,4934
1499,26.597,23.390,3.207,10,510,4906
1500,26.794,23.601,3.193,10,514,4922
1501,26.625,23.130,3.495,10,508,4904
1502,26.564,23.383,3.182,10,510,4890
1503,27.254,23.895,3.360,10,540,4998
1504,26.752,23.488,3.264,10,534,5006
1505,26.845,23.586,3.259,10,534,5032
1506,26.885,23.687,3.198,10,538,5048
1507,28.626,25.389,3.237,10,536,5016
1508,27.498,24.207,3.290,10,534,4984
1509,26.802,23.300,3.502,10,534,5006
1510,25.632,22.708,2.923,7,478,4724
1511,24.935,21.872,3.063,7,478,4724
1512,25.755,22.759,2.996,7,486,4756
1513,25.621,22.625,2.996,7,486,4748
1514,25.395,22.247,3.148,7,486,4748
1515,25.403,22.384,3.018,7,486,4748
1516,25.231,22.256,2.975,7,486,4766
1517,25.492,22.527,2.965,7,484,4734
1518,25.540,22.461,3.079,7,484,4734
1519,25.203,22.273,2.930,7,484,4734
1520,25.995,22.788,3.207,7,546,4996
1521,26.184,22.993,3.191,7,546,4996
1522,29.070,25.831,3.239,9,548,5412
1523,29.523,26.144,3.379,9,550,5444
1524,29.122,25.856,3.265,9,550,5444
1525,29.150,25.873,3.277,9,550,5466
1526,31.054,27.712,3.342,9,548,5490
1527,29.758,26.507,3.252,9,548,5490
1528,29.718,26.507,3.211,9,548,5490
1529,29.058,25.830,3.228,9,550,5514
1530,31.390,28.180,3.211,9,548,5482
1531,31.620,28.257,3.362,9,548,5482
1532,31.291,27.973,3.319,9,550,5466
1533,31.319,27.800,3.518,9,552,5516
1534,29.981,26.708,3.273,9,552,5540
1535,30.037,26.756,3.282,9,552,5540
1536,29.911,26.642,3.269,9,542,5476
1537,30.235,26.660,3.574,9,554,5508
1538,29.679,26.383,3.296,9,564,5540
1539,31.281,27.896,3.385,9,566,5572
1540,30.111,26.709,3.401,9,568,5604
1541,29.988,26.656,3.332,9,566,5572
1542,29.309,26.023,3.287,9,562,5560
1543,29.297,26.005,3.292,9,564,5614
1544,30.400,27.117,3.283,9,568,5606
1545,29.930,26.536,3.395,9,568,5614
1546,30.335,26.983,3.352,9,564,5574
1547,29.439,26.124,3.315,9,566,5606
1548,30.348,27.077,3.272,9,570,5638
1549,29.396,26.113,3.284,9,570,5638
1550,29.876,26.493,3.383,9,570,5614
1551,29.571,26.278,3.294,9,568,5582
1552,30.231,26.892,3.339,9,568,5582
1553,29.886,26.322,3.564,9,570,5624
1554,30.186,26.623,3.564,9,630,5876
1555,30.225,26.660,3.565,9,644,5904
1556,31.142,27.524,3.619,9,646,5912
1557,30.472,26.829,3.643,9,646,5912
1558,30.067,26.483,3.584,9,638,5892
1559,31.427,27.919,3.509,9,638,5888
1560,31.242,27.683,3.559,9,636,5860
1561,33.603,29.950,3.653,9,636,5860
1562,31.526,27.928,3.598,9,640,5924
1563,30.809,27.186,3.623,9,640,5924
1564,31.213,27.568,3.645,9,646,5944
1565,30.252,26.689,3.563,9,642,5902
1566,30.298,26.692,3.606,9,640,5898
1567,30.512,26.820,3.693,9,642,5938
1568,30.370,26.835,3.535,9,634,5902
1569,30.909,27.366,3.543,9,634,5902
1570,34.350,30.745,3.605,9,642,5922
1571,32.430,28.826,3.603,9,642,5918
1572,33.825,30.108,3.717,9,642,5894
1573,31.742,28.095,3.648,9,642,5894
1574,32.400,28.857,3.543,9,636,5878
1575,33.436,29.790,3.645,9,636,5878
1576,31.667,28.017,3.650,9,642,5926
1577,31.389,27.618,3.771,9,644,5958
1578,30.887,27.289,3.598,9,642,5950
1579,32.337,28.719,3.617,9,638,5890
1580,32.510,28.884,3.626,9,640,5898
1581,32.403,28.727,3.676,9,642,5930
1582,33.008,29.362,3.646,9,644,5938
1583,31.911,28.218,3.693,9,646,5970
1584,31.612,27.910,3.702,9,660,6042
1585,30.947,27.201,3.746,9,660,6054
1586,31.147,27.474,3.673,9,676,6154
1587,32.540,28.686,3.854,9,676,6154
1588,32.495,28.592,3.903,9,718,6334
1589,32.397,28.423,3.974,9,734,6394
1590,34.975,30.927,4.048,9,740,6458
1591,32.955,28.922,4.033,9,742,6484
1592,33.322,29.302,4.020,9,758,6592
1593,32.967,28.799,4.168,9,756,6560
1594,33.488,29.360,4.128,9,774,6680
1595,33.571,29.391,4.181,9,774,6680
1596,33.981,29.824,4.157,9,798,6796
1597,33.266,29.100,4.165,9,800,6818
1598,33.870,29.513,4.357,9,812,6846
1599,33.120,28.822,4.298,9,812,6830
1600,33.947,29.691,4.255,9,822,6890
1601,33.954,29.679,4.275,9,820,6846
1602,33.583,29.324,4.259,9,840,6912
1603,33.573,29.196,4.377,9,838,6872
1604,33.823,29.449,4.374,9,858,6978
1605,33.266,28.871,4.395,9,860,6984
1606,34.099,29.754,4.346,9,872,7036
1607,34.832,30.339,4.493,9,870,6986
1608,34.316,29.845,4.471,9,890,7042
1609,34.236,29.728,4.508,9,890,7022
1610,34.882,30.298,4.584,9,904,7102
1611,33.990,29.317,4.673,9,906,7116
1612,34.164,29.412,4.753,9,922,7136
1613,34.174,29.538,4.636,9,922,7120
1614,34.666,30.010,4.656,9,944,7224
1615,34.173,29.419,4.753,9,942,7182
1616,34.298,29.487,4.811,9,954,7232
1617,34.425,29.727,4.698,9,948,7188
1618,35.030,30.190,4.840,9,962,7262
1619,34.572,29.815,4.757,9,954,7230
1620,35.934,31.154,4.780,9,964,7260
1621,34.020,29.277,4.744,9,956,7214
1622,34.401,29.670,4.731,9,952,7184
1623,34.684,29.908,4.776,9,948,7178
1624,37.612,32.361,5.252,9,962,7256
1625,36.879,32.169,4.710,9,958,7238
1626,37.195,32.333,4.862,9,976,7298
1627,34.806,29.895,4.911,9,964,7248
1628,34.643,29.702,4.941,9,978,7306
1629,34.616,29.819,4.797,9,966,7264
1630,35.274,30.388,4.887,9,980,7310
1631,34.358,29.556,4.802,9,962,7244
1632,35.940,31.186,4.754,9,958,7234
1633,35.282,30.534,4.748,9,954,7278
1634,34.658,29.900,4.758,9,974,7328
1635,35.461,30.621,4.840,9,966,7302
1636,34.381,29.543,4.839,9,972,7286
1637,34.674,29.827,4.847,9,968,7258
1638,34.661,29.862,4.800,9,970,7304
1639,34.339,29.397,4.942,9,954,7264
1640,34.956,29.919,5.037,9,970,7356
1641,34.462,29.668,4.794,9,968,7308
1642,34.702,29.800,4.902,9,976,7322
1643,34.552,29.809,4.743,9,964,7280
1644,35.271,30.472,4.800,9,974,7330
1645,34.889,30.111,4.778,9,964,7274
1646,34.953,30.034,4.920,9,972,7314
1647,35.314,30.522,4.792,9,966,7302
1648,36.247,31.315,4.932,9,976,7372
1649,35.378,30.562,4.816,9,960,7336
1650,35.279,30.474,4.805,9,968,7304
1651,34.842,30.040,4.802,9,964,7258
1652,34.454,29.607,4.848,9,972,7320
1653,34.693,29.952,4.742,9,968,7302
1654,35.168,30.388,4.779,9,976,7356
1655,34.726,30.053,4.673,9,950,7252
1656,34.949,30.122,4.827,9,966,7298
1657,35.081,30.155,4.925,9,972,7350
1658,34.346,29.582,4.765,9,964,7258
1659,33.956,29.203,4.753,9,952,7200
1660,36.344,31.601,4.744,9,952,7118
1661,34.352,29.391,4.961,9,936,7074
1662,33.031,28.346,4.685,9,936,7044
1663,32.996,28.334,4.661,9,928,7008
1664,32.938,28.309,4.630,9,914,6876
1665,32.836,28.259,4.577,9,910,6870
1666,32.696,28.165,4.531,9,908,6796
1667,33.808,29.290,4.518,9,896,6750
1668,34.288,29.792,4.496,9,896,6730
1669,35.435,30.979,4.456,9,876,6690
1670,33.798,29.237,4.561,9,868,6654
1671,32.256,27.836,4.420,9,862,6678
1672,32.573,28.204,4.369,9,858,6640
1673,32.966,28.513,4.452,9,850,6636
1674,31.878,27.558,4.320,9,836,6536
1675,32.610,28.286,4.324,9,830,6540
1676,32.108,27.735,4.373,9,826,6558
1677,31.795,27.505,4.290,9,818,6534
1678,33.612,29.343,4.270,9,808,6494
1679,32.391,28.151,4.240,9,798,6454
1680,32.132,27.808,4.324,9,794,6438
1681,31.901,27.764,4.137,9,792,6460
1682,32.065,27.917,4.148,9,810,6526
1683,31.663,27.594,4.070,9,780,6424
1684,39.206,29.909,9.298,9,778,6420
1685,32.877,27.731,5.146,9,774,6412
1686,31.959,27.941,4.018,9,760,6364
1687,31.669,27.685,3.984,9,752,6348
1688,31.251,27.206,4.045,9,734,6272
1689,31.491,27.458,4.033,9,734,6276
1690,32.434,28.007,4.428,9,736,6350
1691,31.090,27.200,3.890,9,728,6322
1692,31.673,27.551,4.122,9,734,6346
1693,31.279,27.285,3.994,9,730,6286
1694,31.769,27.819,3.950,9,728,6282
1695,31.423,27.493,3.930,9,730,6314
1696,31.605,27.687,3.918,9,722,6278
1697,31.255,27.419,3.836,9,722,6284
1698,32.029,28.131,3.899,9,742,6338
1699,31.459,27.470,3.989,9,742,6332
1700,31.589,27.467,4.122,9,744,6346
1701,31.926,27.894,4.031,9,744,6342
1702,31.724,27.828,3.897,9,738,6302
1703,32.109,28.193,3.916,9,738,6302
1704,31.084,27.168,3.916,9,746,6358
1705,32.311,28.227,4.084,9,748,6394
1706,32.639,28.450,4.189,9,744,6370
1707,31.978,28.035,3.943,9,740,6302
1708,35.248,31.204,4.044,9,742,6320
1709,34.330,30.284,4.046,9,744,6352
1710,35.392,31.326,4.066,9,748,6368
1711,33.291,29.098,4.193,9,766,6460
1712,33.367,29.160,4.207,9,764,6428
1713,34.015,29.941,4.074,9,764,6434
1714,33.904,29.815,4.088,9,762,6392
1715,33.581,29.398,4.183,9,762,6386
1716,34.568,30.135,4.433,9,762,6368
1717,32.166,28.106,4.060,9,764,6400
1718,31.994,27.877,4.117,9,756,6392
1719,31.657,27.556,4.101,9,758,6424
1720,31.768,27.792,3.976,9,758,6428
1721,30.787,25.188,5.598,5,1206,6442
1722,29.597,24.018,5.579,6,1204,6384
1723,29.637,24.037,5.601,6,1204,6384
1724,30.277,24.576,5.701,6,1210,6426
1725,29.791,23.982,5.808,6,1212,6450
1726,29.537,23.989,5.548,6,1204,6404
1727,29.716,23.961,5.755,6,1204,6402
1728,29.650,23.981,5.669,6,1196,6370
1729,29.667,23.929,5.738,6,1188,6324
1730,29.303,23.767,5.537,6,1190,6282
1731,29.506,23.942,5.563,6,1188,6266
1732,29.653,23.935,5.718,6,1186,6246
1733,27.952,22.382,5.569,6,1142,5842
1734,28.064,22.642,5.422,6,1138,5838
1735,28.223,22.889,5.334,6,1130,5822
1736,28.004,22.649,5.355,6,1126,5816
1737,27.973,22.457,5.516,6,1120,5828
1738,28.135,22.675,5.461,6,1108,5782
1739,27.877,22.471,5.406,6,1074,5672
1740,27.773,22.413,5.360,6,1062,5672
1741,29.111,23.673,5.438,6,1052,5606
1742,27.490,22.310,5.181,6,1048,5576
1743,27.566,22.414,5.153,6,1030,5556
1744,27.107,22.035,5.073,6,986,5366
1745,26.684,21.769,4.915,6,964,5368
1746,26.600,21.722,4.878,6,938,5356
1747,26.415,21.556,4.860,6,932,5296
1748,26.814,22.117,4.696,6,910,5286
1749,26.115,21.433,4.681,6,896,5240
1750,26.084,21.538,4.545,6,814,4904
1751,25.287,20.959,4.328,6,790,4860
1752,27.013,22.599,4.414,6,774,4830
1753,25.235,21.001,4.234,6,756,4802
1754,25.203,20.928,4.274,6,750,4848
1755,25.260,21.134,4.126,6,696,4692
1756,26.176,21.673,4.503,6,838,5242
1757,27.042,22.493,4.549,6,822,5144
1758,26.231,21.916,4.315,6,796,5110
1759,26.070,21.688,4.382,6,782,5072
1760,26.953,22.673,4.280,6,766,5042
1761,25.712,21.620,4.092,6,694,4810
1762,25.560,21.533,4.027,6,670,4756
1763,25.139,21.176,3.963,6,650,4724
1764,25.128,21.235,3.894,6,634,4660
1765,24.105,20.996,3.110,6,526,4414
1766,23.761,18.592,5.169,6,546,3828
1767,23.259,19.965,3.294,6,566,3836
1768,25.397,21.704,3.693,6,628,4018
1769,24.298,20.858,3.441,6,616,4000
1770,30.802,25.759,5.043,6,814,5514
1771,31.496,26.919,4.577,6,802,5486
1772,29.743,24.999,4.744,6,854,5808
1773,29.407,25.156,4.252,6,842,5792
1774,29.290,25.042,4.248,6,834,5780
1775,29.632,25.387,4.245,6,834,5812
1776,29.343,25.002,4.341,6,828,5840
1777,28.837,24.673,4.164,6,822,5834
1778,30.316,26.251,4.065,3,814,5660
1779,27.955,23.818,4.137,3,808,5650
1780,27.845,23.765,4.080,3,808,5650
1781,27.851,23.745,4.106,3,812,5666
1782,27.441,23.419,4.021,3,806,5650
1783,27.872,23.593,4.279,3,802,5612
1784,27.723,23.580,4.143,3,794,5596
1785,27.470,23.506,3.964,3,794,5596
1786,27.424,23.498,3.926,3,792,5580
1787,27.241,23.255,3.986,3,804,5620
1788,27.336,23.343,3.994,3,804,5620
1789,27.895,23.831,4.064,3,796,5604
1790,27.680,23.661,4.019,3,796,5604
1791,27.685,23.438,4.247,3,800,5594
1792,27.202,23.226,3.976,3,800,5594
1793,27.998,24.012,3.986,3,802,5604
1794,27.319,23.336,3.982,3,802,5604
1795,27.299,23.300,3.999,3,798,5570
1796,27.693,23.558,4.135,3,806,5592
1797,27.826,23.802,4.025,3,808,5598
1798,27.286,23.138,4.148,3,810,5602
1799,25.817,22.242,3.575,3,654,5044
1800,25.857,22.327,3.530,3,662,5062
1801,24.946,21.705,3.241,3,504,4482
1802,24.181,21.222,2.959,3,506,4502
1803,24.174,21.121,3.053,3,508,4514
1804,24.105,21.136,2.969,3,510,4516
1805,24.242,21.279,2.963,3,516,4542
1806,24.769,21.784,2.985,3,522,4534
1807,24.213,21.207,3.006,3,526,4536
1808,24.356,21.304,3.052,3,538,4586
1809,27.909,24.688,3.220,3,548,4624
1810,26.877,23.703,3.174,3,556,4646
1811,26.323,23.113,3.211,3,560,4680
1812,28.214,25.026,3.188,3,568,4716
1813,26.118,22.652,3.466,3,574,4748
1814,26.865,23.525,3.340,3,584,4790
1815,27.706,24.488,3.218,3,584,4816
1816,27.881,24.588,3.293,3,588,4828
1817,26.415,22.997,3.418,3,600,4864
1818,26.631,23.290,3.341,3,604,4844
1819,26.818,23.253,3.564,3,622,5028
1820,26.333,22.951,3.382,3,624,5036
1821,27.909,24.256,3.652,3,630,5048
1822,28.375,24.926,3.449,3,634,5068
1823,28.620,23.874,4.746,3,636,5080
1824,27.392,23.892,3.500,3,638,5088
1825,29.807,26.310,3.496,3,640,5080
1826,26.866,23.423,3.443,3,640,5084
1827,33.015,28.494,4.521,7,892,6572
1828,32.880,28.228,4.652,9,902,6598
1829,34.250,29.154,5.096,9,910,6650
1830,34.049,29.372,4.676,9,910,6628
1831,32.893,28.337,4.556,9,902,6600
1832,32.836,28.283,4.553,9,910,6630
1833,33.066,28.557,4.509,9,910,6630
1834,33.449,28.970,4.479,9,892,6580
1835,33.410,28.820,4.590,9,904,6620
1836,33.044,28.405,4.639,9,906,6624
1837,33.554,28.936,4.618,9,908,6624
1838,33.149,28.487,4.661,9,908,6626
1839,33.179,28.604,4.575,9,908,6626
1840,32.936,28.209,4.727,9,908,6636
1841,34.897,30.182,4.715,9,932,6792
1842,33.879,29.069,4.810,9,914,6704
1843,35.289,29.993,5.297,9,938,6856
1844,35.094,30.227,4.867,9,934,6838
1845,36.047,30.985,5.063,9,962,7010
1846,36.283,31.079,5.203,9,962,6962
1847,38.066,32.738,5.328,9,980,7104
1848,37.009,31.915,5.095,9,984,7106
1849,36.998,31.861,5.138,9,1008,7264
1850,36.380,31.387,4.993,9,988,7196
1851,36.645,31.330,5.315,9,1008,7322
1852,37.044,31.831,5.214,9,1012,7330
1853,36.562,31.349,5.213,9,1028,7370
1854,37.826,32.102,5.724,9,1004,7234
1855,35.885,30.838,5.046,9,1020,7292
1856,36.586,31.525,5.062,9,1018,7232
1857,36.187,30.906,5.282,9,1034,7282
1858,37.172,32.081,5.090,9,1018,7212
1859,36.430,31.406,5.024,9,1034,7236
1860,35.839,30.718,5.121,9,1030,7218
1861,35.691,30.609,5.082,9,1048,7286
1862,36.315,31.191,5.124,9,1016,7146
1863,36.251,31.088,5.163,9,1032,7186
1864,35.597,30.500,5.097,9,1032,7170
1865,35.930,30.491,5.439,9,1044,7188
1866,32.965,27.799,5.166,7,1018,6656
1867,34.127,29.159,4.968,7,1022,6648
1868,33.866,28.954,4.912,7,1022,6640
1869,32.115,27.149,4.966,7,1022,6594
1870,33.374,28.342,5.033,7,990,6470
1871,32.021,26.893,5.128,7,996,6530
1872,31.350,26.401,4.949,7,996,6508
1873,31.750,26.581,5.169,7,996,6454
1874,31.967,26.722,5.245,7,980,6384
1875,30.843,26.022,4.821,7,976,6330
1876,32.330,27.534,4.796,7,968,6312
1877,30.586,25.835,4.751,7,956,6224
1878,30.508,25.812,4.696,7,916,6124
1879,30.216,25.320,4.896,7,908,6102
1880,29.913,25.193,4.720,7,896,6078
1881,29.700,25.126,4.574,7,892,6050
1882,30.093,25.384,4.708,7,880,6010
1883,26.795,22.991,3.804,3,706,5246
1884,26.092,22.454,3.637,3,686,5178
1885,26.101,22.497,3.603,3,686,5160
1886,25.605,22.080,3.524,3,670,5132
1887,26.018,22.422,3.596,3,670,5086
1888,25.710,22.083,3.627,3,658,5062
1889,25.394,21.909,3.485,3,646,5018
1890,25.959,22.467,3.491,3,638,5006
1891,25.463,22.026,3.438,3,634,4984
1892,25.236,21.824,3.412,3,630,4984
1893,25.064,21.748,3.316,3,620,4922
1894,25.272,21.909,3.363,3,612,4922
1895,24.886,21.639,3.247,3,604,4906
1896,25.269,22.016,3.254,3,592,4886
1897,25.467,22.155,3.312,3,588,4874
1898,25.268,21.791,3.477,3,576,4838
1899,24.932,21.581,3.351,3,568,4814
1900,25.115,21.771,3.344,3,568,4814
1901,25.014,21.657,3.357,3,568,4814
1902,25.053,21.727,3.325,3,568,4822
1903,25.401,21.831,3.570,3,568,4802
1904,24.786,21.484,3.302,3,568,4798
1905,24.926,21.527,3.398,3,568,4802
1906,25.393,22.044,3.349,3,562,4746
1907,26.210,22.643,3.567,3,560,4742
1908,25.986,22.689,3.297,3,560,4722
1909,24.799,21.409,3.391,3,560,4722
1910,25.688,21.850,3.838,3,560,4722
1911,24.755,21.331,3.424,3,560,4722
1912,25.128,21.753,3.375,3,560,4722
1913,26.471,23.169,3.302,3,560,4722
1914,24.861,21.535,3.326,3,560,4706
1915,24.419,21.011,3.408,3,560,4706
1916,24.272,20.939,3.333,3,560,4690
1917,24.667,21.328,3.339,3,560,4690
1918,24.479,21.182,3.296,3,560,4694
1919,24.542,21.196,3.346,3,560,4682
1920,24.462,21.239,3.223,3,560,4678
1921,24.190,20.874,3.316,3,566,4738
1922,25.523,22.178,3.345,3,566,4738
1923,26.040,22.603,3.437,3,566,4738
1924,26.589,23.173,3.416,3,570,4708
1925,24.908,21.527,3.381,3,570,4692
1926,25.867,22.410,3.457,3,570,4692
1927,25.130,21.794,3.336,3,570,4688
1928,24.972,20.800,4.172,3,570,4688
1929,24.088,20.864,3.224,3,570,4692
1930,24.702,21.139,3.563,3,570,4676
1931,24.036,20.667,3.369,3,570,4676
1932,24.395,20.927,3.468,3,570,4676
1933,23.860,20.486,3.375,3,570,4676
1934,24.372,20.997,3.375,3,570,4656
1935,23.895,20.519,3.377,3,568,4636
1936,23.937,20.739,3.198,3,568,4632
1937,23.699,20.373,3.326,3,568,4636
1938,24.580,21.230,3.350,3,568,4636
1939,24.296,20.719,3.577,3,568,4636
1940,24.777,21.533,3.244,3,568,4636
1941,24.016,20.577,3.439,3,568,4636
1942,23.884,20.547,3.337,3,568,4636
1943,24.819,21.305,3.514,3,576,4764
1944,24.223,20.888,3.335,3,576,4748
1945,24.503,21.080,3.423,3,576,4748
1946,24.333,21.004,3.328,3,576,4744
1947,24.893,21.588,3.305,3,576,4744
1948,24.617,21.221,3.396,3,576,4744
1949,24.626,21.177,3.450,3,576,4744
1950,24.811,21.367,3.443,3,576,4748
1951,24.810,21.419,3.390,3,576,4744
1952,24.312,20.943,3.369,3,576,4744
1953,25.119,21.764,3.355,3,576,4748
1954,26.366,22.927,3.439,3,576,4742
1955,25.243,21.837,3.407,3,576,4726
1956,24.274,20.966,3.308,3,576,4726
1957,24.241,20.852,3.388,3,576,4726
1958,24.268,20.791,3.477,3,576,4726
1959,24.213,20.848,3.365,3,576,4726
1960,24.122,20.824,3.297,3,576,4726
1961,24.105,20.746,3.359,3,576,4726
1962,24.157,20.798,3.359,3,576,4694
1963,24.199,20.755,3.445,3,576,4694
1964,24.199,20.884,3.315,3,576,4694
1965,24.102,20.741,3.361,3,576,4678
1966,24.263,20.903,3.360,3,576,4682
1967,23.947,20.605,3.341,3,576,4678
1968,27.118,23.856,3.262,3,576,4666
1969,25.887,22.592,3.295,3,576,4670
1970,27.612,24.183,3.429,3,576,4670
1971,25.921,22.593,3.328,3,576,4670
1972,26.190,22.924,3.266,3,576,4670
1973,27.550,24.154,3.396,3,576,4670
1974,23.837,20.541,3.296,3,576,4670
1975,26.601,23.330,3.271,3,576,4670
1976,24.185,20.799,3.387,3,576,4654
1977,24.115,20.926,3.189,3,576,4654
1978,25.620,22.377,3.243,3,576,4658
1979,24.655,21.483,3.172,3,576,4658
1980,24.091,20.736,3.355,3,568,4594
1981,23.846,20.671,3.175,3,568,4594
1982,24.334,21.031,3.303,3,568,4594
1983,26.019,22.798,3.221,3,568,4594
1984,25.693,22.451,3.242,3,568,4602
1985,25.331,22.044,3.287,3,568,4602
1986,23.998,20.740,3.258,3,568,4598
1987,25.653,22.459,3.194,3,566,4566
1988,24.682,21.373,3.310,3,566,4566
1989,24.996,21.523,3.473,3,566,4568
1990,24.002,20.650,3.352,3,566,4568
1991,24.856,21.498,3.358,3,566,4564
1992,24.263,20.493,3.770,3,566,4564
1993,26.298,22.097,4.201,3,566,4568
1994,25.447,21.921,3.526,3,566,4564
1995,23.689,20.498,3.191,3,566,4564
1996,24.093,20.702,3.392,3,566,4564
1997,23.452,20.077,3.375,3,566,4548
1998,23.760,20.532,3.227,3,566,4548
1999,23.863,20.447,3.416,3,566,4516
2000,23.829,20.502,3.327,3,566,4508
2001,23.527,20.033,3.494,3,566,4508
2002,23.462,20.164,3.298,3,566,4508
2003,24.067,20.451,3.615,3,566,4508
2004,23.341,20.028,3.314,3,566,4508
2005,23.513,20.272,3.242,3,566,4508
2006,23.549,20.179,3.369,3,566,4508
2007,23.561,20.045,3.516,3,566,4508
2008,23.462,20.105,3.357,3,566,4492
2009,23.305,20.110,3.196,3,566,4492
2010,23.388,20.008,3.379,3,566,4488
2011,23.579,20.188,3.392,3,566,4488
2012,23.636,20.454,3.182,3,566,4488
2013,23.284,19.938,3.346,3,566,4488
2014,23.528,20.246,3.282,3,566,4488
2015,23.513,20.017,3.496,3,566,4492
2016,23.062,19.799,3.262,3,566,4492
2017,23.146,19.818,3.328,3,566,4454
2018,23.781,20.359,3.423,3,574,4614
2019,23.604,20.383,3.220,3,574,4598
2020,24.165,20.808,3.357,3,574,4598
2021,23.606,20.278,3.328,3,574,4598
2022,24.171,20.789,3.382,3,574,4598
2023,23.431,20.213,3.218,3,574,4598
2024,24.067,20.754,3.313,3,574,4598
2025,23.953,20.562,3.392,3,574,4594
2026,23.832,20.359,3.473,3,574,4594
2027,24.097,20.769,3.328,3,574,4594
2028,23.703,20.333,3.370,3,574,4594
2029,23.941,20.572,3.369,3,574,4578
2030,23.594,20.416,3.177,3,574,4582
2031,24.032,20.664,3.368,3,574,4584
2032,24.007,20.658,3.349,3,574,4584
2033,24.618,21.212,3.405,3,574,4584
2034,25.038,21.445,3.593,3,574,4576
2035,26.832,23.292,3.540,3,574,4554
2036,24.242,20.651,3.590,3,574,4522
2037,25.078,21.538,3.541,3,574,4522
2038,23.596,20.300,3.295,3,574,4522
2039,23.520,20.179,3.341,3,574,4526
2040,23.703,20.258,3.445,3,574,4500
2041,23.179,19.974,3.205,3,574,4500
2042,23.577,20.282,3.295,3,574,4500
2043,23.235,19.909,3.325,3,574,4490
2044,23.480,20.088,3.392,3,578,4490
2045,23.918,20.444,3.474,3,608,4658
2046,25.080,21.507,3.572,3,640,4772
2047,25.781,21.921,3.860,3,646,4772
2048,25.641,21.879,3.762,3,660,4800
2049,25.942,22.356,3.586,3,666,4792
2050,26.031,22.202,3.829,3,688,4842
2051,24.524,20.209,4.316,3,696,4860
2052,24.521,20.616,3.905,3,708,4892
2053,25.106,21.040,4.065,3,706,4846
2054,24.727,20.968,3.759,3,722,4902
2055,24.158,20.376,3.782,3,732,4908
2056,24.492,20.577,3.915,3,746,4958
2057,24.423,20.580,3.843,3,758,4984
2058,24.793,20.828,3.965,3,772,5038
2059,25.541,21.513,4.028,3,768,5012
2060,26.306,21.483,4.823,3,964,5910
2061,27.036,22.284,4.752,3,990,6030
2062,29.781,24.813,4.969,3,1042,6344
2063,30.344,25.222,5.122,3,1100,6508
2064,31.628,26.261,5.367,3,1152,6842
2065,32.760,26.944,5.816,3,1294,7410
2066,36.105,29.618,6.487,3,1478,8894
2067,35.526,28.903,6.622,3,1476,8780
2068,35.358,28.891,6.466,3,1472,8860
2069,35.256,28.928,6.328,3,1408,8590
2070,36.335,30.087,6.248,3,1380,8448
2071,35.429,28.889,6.540,3,1426,8516
2072,36.211,29.633,6.578,3,1464,8642
2073,36.720,30.257,6.463,3,1452,8476
2074,35.483,28.971,6.512,3,1440,8222
2075,33.566,27.280,6.287,3,1382,7830
2076,32.989,26.512,6.478,3,1390,7766
2077,33.264,26.802,6.462,3,1364,7652
2078,32.264,25.932,6.331,3,1404,7730
2079,32.526,26.253,6.273,3,1400,7660
2080,31.761,25.214,6.547,3,1440,7774
2081,31.789,25.256,6.533,3,1428,7716
2082,31.653,25.122,6.532,3,1464,7816
2083,31.448,24.968,6.480,3,1462,7744
2084,31.081,24.278,6.804,3,1502,7800
2085,32.474,25.432,7.043,3,1540,7866
2086,31.450,24.400,7.050,3,1578,7976
2087,31.928,24.661,7.268,3,1576,7946
2088,31.561,24.646,6.915,3,1562,7864
2089,32.393,25.298,7.096,3,1576,8020
2090,32.395,25.160,7.235,3,1568,8036
2091,31.962,24.838,7.124,3,1564,8006
2092,31.969,24.933,7.036,3,1544,7944
2093,31.829,24.925,6.904,3,1544,7964
2094,31.343,24.490,6.853,3,1520,7894
2095,32.550,25.388,7.162,3,1508,7880
2096,34.348,27.383,6.964,3,1492,7770
2097,33.466,26.575,6.891,3,1496,7770
2098,31.711,24.828,6.883,3,1474,7688
2099,33.984,27.189,6.795,3,1474,7722
2100,31.738,24.824,6.914,3,1444,7648
2101,31.500,24.387,7.113,3,1448,7664
2102,30.942,24.166,6.776,3,1430,7604
2103,32.591,25.894,6.697,3,1420,7574
2104,30.861,24.286,6.575,3,1404,7474
2105,30.438,23.748,6.690,3,1420,7492
2106,31.172,24.426,6.747,3,1402,7452
2107,30.713,23.793,6.920,3,1406,7450
2108,30.228,23.640,6.588,3,1370,7272
2109,30.647,24.022,6.625,3,1402,7418
2110,30.764,24.133,6.631,3,1380,7336
2111,30.684,23.598,7.085,3,1368,7338
2112,30.515,23.831,6.683,3,1324,7128
2113,30.026,23.346,6.680,3,1330,7160
2114,30.211,23.560,6.651,3,1322,7164
2115,30.511,23.518,6.993,3,1330,7200
2116,30.345,23.715,6.630,3,1316,7136
2117,30.491,23.708,6.783,3,1320,7178
2118,30.066,23.333,6.732,3,1306,7106
2119,30.356,23.291,7.065,3,1272,7012
2120,30.291,23.636,6.655,3,1262,6958
2121,30.141,23.506,6.636,3,1276,7024
2122,30.004,23.419,6.584,3,1270,6976
2123,30.042,23.352,6.690,3,1282,7020
2124,30.150,23.534,6.617,3,1274,6982
2125,30.186,23.528,6.658,3,1278,6998
2126,30.715,24.122,6.593,3,1272,6994
2127,30.075,23.261,6.814,3,1268,6962
2128,30.462,23.900,6.562,3,1260,6900
2129,29.992,23.415,6.577,3,1260,6926
2130,30.069,23.258,6.811,3,1252,6868
2131,29.882,23.154,6.728,3,1262,6936
2132,30.400,23.884,6.517,3,1256,6896
2133,30.631,23.880,6.751,3,1266,6964
2134,29.529,22.958,6.570,3,1260,6906
2135,32.040,25.063,6.978,3,1260,6934
2136,30.131,23.388,6.744,3,1250,6890
2137,30.164,23.455,6.709,3,1266,6984
2138,30.533,23.882,6.651,3,1258,6928
2139,30.051,23.394,6.657,3,1260,6952
2140,29.658,23.233,6.426,3,1248,6892
2141,29.853,23.297,6.555,3,1262,6916
2142,29.716,23.354,6.362,3,1254,6890
2143,29.649,23.130,6.518,3,1262,6954
2144,30.022,23.643,6.380,3,1256,6908
2145,30.162,23.679,6.483,3,1258,6944
2146,32.187,25.773,6.414,3,1268,6958
2147,31.945,25.360,6.585,3,1288,7048
2148,30.921,24.149,6.772,3,1296,7066
2149,30.149,23.527,6.623,3,1304,7114
2150,30.143,23.517,6.626,3,1308,7122
2151,30.004,23.635,6.370,3,1298,7132
2152,29.595,23.336,6.259,3,1266,6928
2153,30.794,24.187,6.606,3,1344,7318
2154,30.455,23.911,6.544,3,1336,7234
2155,30.320,23.838,6.481,3,1342,7280
2156,30.724,24.071,6.653,3,1394,7530
2157,30.902,23.958,6.944,3,1386,7492
2158,30.195,23.671,6.523,3,1366,7396
2159,31.316,24.554,6.762,3,1434,7750
2160,30.623,24.077,6.547,3,1388,7532
2161,31.386,24.606,6.780,3,1394,7538
2162,31.642,24.815,6.827,3,1448,7830
2163,31.536,24.667,6.869,3,1450,7846
2164,31.426,24.399,7.027,3,1426,7766
2165,32.143,25.001,7.142,3,1502,8040
2166,31.884,24.631,7.252,3,1472,7864
2167,32.073,24.874,7.199,3,1470,7890
2168,34.410,26.833,7.578,3,1492,7926
2169,32.066,24.660,7.407,3,1516,7978
2170,31.619,24.623,6.995,3,1480,7838
2171,33.394,25.839,7.555,3,1522,8026
2172,31.966,24.727,7.238,3,1478,7826
2173,31.990,24.682,7.308,3,1506,7930
2174,32.043,24.698,7.345,3,1520,7982
2175,32.217,24.968,7.249,3,1510,7950
2176,32.998,25.422,7.576,3,1534,8146
2177,32.200,24.749,7.451,3,1502,7906
2178,32.319,24.975,7.344,3,1520,8062
2179,32.850,25.296,7.554,3,1540,8176
2180,33.279,25.399,7.880,3,1584,8300
2181,33.033,25.569,7.463,3,1532,8180
2182,33.494,25.670,7.824,3,1572,8372
2183,33.444,25.746,7.697,3,1566,8310
2184,33.136,25.342,7.794,3,1550,8328
2185,33.815,25.745,8.070,3,1570,8438
2186,34.706,26.295,8.412,3,1604,8544
2187,33.357,25.627,7.730,3,1572,8460
2188,34.533,26.531,8.001,3,1620,8586
2189,34.373,26.244,8.130,3,1638,8694
2190,34.662,26.230,8.432,3,1644,8748
2191,35.778,27.387,8.391,3,1628,8648
2192,35.736,27.585,8.151,3,1694,8866
2193,36.100,28.075,8.026,3,1666,8786
2194,37.461,28.931,8.530,3,1716,8980
2195,35.736,27.493,8.243,3,1696,8892
2196,36.158,27.573,8.586,3,1786,9424
2197,16.277,15.038,1.239,2,24,2236
2198,38.947,29.909,9.037,3,1828,9554
2199,17.422,16.169,1.254,2,24,2236
2200,39.283,29.853,9.430,3,1954,10216
2201,15.896,14.808,1.087,2,24,2236
2202,39.678,30.350,9.329,3,1912,10448
2203,16.479,15.061,1.418,2,24,2236
2204,41.042,31.529,9.514,3,2040,11162
2205,16.364,15.227,1.137,2,24,2236
2206,45.742,35.695,10.047,3,2178,12064
2207,16.310,15.122,1.188,2,24,2236
2208,50.316,39.867,10.449,3,2252,12576
2209,15.650,14.727,0.923,2,24,2236
2210,54.957,43.866,11.091,3,2384,13426
2211,15.757,14.817,0.940,2,24,2236
2212,58.227,47.186,11.041,3,2456,13930
2213,16.141,15.100,1.041,2,24,2236
2214,62.198,50.929,11.268,3,2604,14860
2215,15.724,14.791,0.933,2,24,2236
2216,61.324,49.536,11.788,3,2676,15346
2217,15.687,14.757,0.930,2,24,2236
2218,64.323,51.929,12.394,3,2770,15960
2219,15.546,14.617,0.929,2,24,2236
2220,62.798,50.328,12.470,3,2866,16282
2221,16.214,15.045,1.169,2,24,2236
2222,61.012,48.756,12.256,3,2882,16324
2223,15.949,14.888,1.061,2,24,2236
2224,60.776,48.499,12.276,3,2830,15840
2225,16.794,15.435,1.358,2,24,2236
2226,58.291,46.259,12.032,3,2846,15502
2227,17.137,16.037,1.100,2,24,2236
2228,55.900,44.019,11.881,3,2796,14874
2229,15.953,14.891,1.062,2,24,2236
2230,52.502,40.653,11.850,3,2780,14402
2231,16.153,15.007,1.145,2,24,2236
2232,51.883,40.146,11.737,3,2728,13736
2233,16.576,15.432,1.144,2,24,2236
2234,47.472,36.058,11.414,3,2748,13368
2235,17.187,16.099,1.089,2,24,2236
2236,47.706,36.597,11.110,3,2692,12698
2237,16.929,15.815,1.114,2,24,2236
2238,45.128,34.140,10.989,3,2664,12122
2239,16.341,15.211,1.131,2,24,2236
2240,40.898,30.044,10.853,3,2596,11504
2241,16.073,15.011,1.062,2,24,2236
2242,40.079,28.941,11.137,3,2616,11256
2243,16.314,15.045,1.269,2,24,2236
2244,39.849,28.714,11.135,3,2550,10652
2245,16.410,14.967,1.443,2,24,2236
2246,38.951,27.952,10.999,3,2544,10564
2247,16.185,15.113,1.073,2,24,2236
2248,37.664,27.097,10.568,3,2476,10294
2249,15.998,14.904,1.094,2,24,2236
2250,38.772,27.830,10.942,3,2498,10420
2251,16.096,15.032,1.064,2,24,2236
2252,37.108,26.601,10.507,3,2372,9996
2253,16.037,15.013,1.024,2,24,2236
2254,36.758,26.302,10.456,3,2374,10018
2255,15.992,14.945,1.047,2,24,2236
2256,35.504,25.507,9.998,3,2240,9534
2257,16.268,15.219,1.048,2,24,2236
2258,36.347,26.910,9.437,3,2122,9232
2259,16.188,14.892,1.296,2,24,2236
2260,33.651,24.361,9.290,3,1996,8798
2261,16.803,15.514,1.288,2,24,2236
2262,33.187,24.887,8.300,3,1870,8450
2263,31.117,23.244,7.874,3,1732,7978
2264,30.113,22.640,7.472,3,1592,7566
2265,28.551,21.909,6.642,3,1460,7118
2266,28.435,22.047,6.389,3,1362,6878
2267,28.192,21.928,6.264,3,1242,6514
2268,26.576,21.218,5.358,3,1078,6086
2269,25.965,20.919,5.046,3,944,5676
2270,26.914,21.511,5.403,3,1028,6062
2271,27.724,22.056,5.668,3,1038,6170
2272,27.361,22.000,5.361,3,1028,6158
2273,27.248,22.035,5.213,3,1028,6116
2274,27.687,22.374,5.313,3,1036,6164
2275,27.730,22.285,5.445,3,1036,6136
2276,28.057,22.560,5.496,3,1056,6278
2277,27.858,22.319,5.539,3,1052,6208
2278,27.797,22.306,5.491,3,1064,6256
2279,27.927,22.409,5.518,3,1060,6198
2280,27.751,22.303,5.448,3,1030,6130
2281,27.527,21.958,5.569,3,1034,6114
2282,27.566,22.065,5.501,3,1034,6166
2283,27.428,22.007,5.421,3,1036,6152
2284,27.468,22.220,5.248,3,1034,6110
2285,27.417,21.804,5.614,3,1040,6120
2286,27.364,22.019,5.345,3,1056,6232
2287,27.867,22.397,5.470,3,1056,6194
2288,27.768,22.330,5.438,3,1060,6276
2289,28.568,22.940,5.628,3,1068,6274
2290,29.304,24.010,5.294,3,1060,6278
2291,29.691,24.271,5.420,3,1054,6222
2292,29.656,24.075,5.581,3,1074,6392
2293,29.175,23.822,5.353,3,1060,6276
2294,28.170,22.489,5.681,3,1038,6264
2295,27.297,21.950,5.346,3,1032,6168
2296,27.843,22.536,5.308,3,1066,6306
2297,28.852,23.608,5.244,3,1062,6250
2298,27.708,22.527,5.180,3,1050,6198
2299,27.271,22.070,5.201,3,1044,6156
2300,27.439,22.141,5.297,3,1070,6286
2301,27.532,22.199,5.333,3,1070,6268
2302,27.373,22.151,5.222,3,1048,6246
2303,27.343,22.059,5.285,3,1042,6138
2304,27.284,21.906,5.378,3,1062,6204
2305,27.223,21.996,5.227,3,1052,6060
2306,28.827,23.210,5.616,3,1060,6136
2307,29.136,23.760,5.376,3,1088,6192
2308,27.799,22.440,5.359,3,1082,6184
2309,30.244,24.948,5.296,3,1074,6126
2310,28.377,23.077,5.300,3,1074,6144
2311,31.293,25.714,5.579,3,1076,6134
2312,29.853,24.226,5.626,3,1096,6254
2313,30.740,25.231,5.510,3,1094,6222
2314,28.554,23.140,5.414,3,1070,6146
2315,30.209,24.662,5.547,3,1072,6116
2316,28.369,22.628,5.741,3,1096,6284
2317,29.302,23.885,5.417,3,1086,6238
2318,27.486,22.079,5.407,3,1084,6240
2319,27.781,22.418,5.362,3,1092,6238
2320,28.436,22.832,5.604,3,1096,6280
2321,27.732,22.354,5.378,3,1092,6268
2322,27.982,22.226,5.756,3,1114,6410
2323,27.592,22.060,5.532,3,1114,6404
2324,28.218,22.631,5.587,3,1126,6448
2325,28.156,22.490,5.666,3,1130,6488
2326,28.023,22.369,5.654,3,1138,6518
2327,27.910,22.174,5.736,3,1136,6434
2328,28.073,22.415,5.658,3,1148,6522
2329,28.365,22.777,5.587,3,1140,6440
2330,28.617,22.854,5.764,3,1166,6576
2331,27.902,22.184,5.719,3,1158,6498
2332,29.835,24.109,5.726,3,1170,6586
2333,28.472,22.717,5.755,3,1150,6464
2334,28.542,22.733,5.808,3,1164,6528
2335,28.273,22.442,5.831,3,1200,6616
2336,28.338,22.601,5.737,3,1178,6472
2337,28.944,22.872,6.072,3,1180,6476
2338,28.829,22.837,5.992,3,1202,6638
2339,29.166,22.952,6.214,3,1216,6732
2340,28.696,22.642,6.054,3,1190,6590
2341,29.009,22.783,6.226,3,1204,6654
2342,30.652,24.287,6.366,3,1214,6668
2343,30.358,24.018,6.340,3,1244,6648
2344,30.083,23.930,6.153,3,1248,6674
2345,31.849,25.600,6.249,3,1272,6794
2346,29.814,23.473,6.341,3,1276,6824
2347,28.895,22.510,6.385,3,1272,6856
2348,29.635,23.244,6.391,3,1300,6972
2349,29.492,23.061,6.431,3,1288,6902
2350,29.633,23.046,6.587,3,1302,6976
2351,29.798,23.316,6.482,3,1306,7064
2352,29.709,23.287,6.422,3,1300,7064
2353,29.510,23.134,6.376,3,1298,7038
2354,29.679,23.293,6.386,3,1306,7182
2355,29.424,23.051,6.374,3,1294,7118
2356,29.508,22.905,6.602,3,1258,7018
2357,28.886,22.867,6.018,3,1244,6938
2358,30.677,24.470,6.207,3,1260,7048
2359,28.964,22.824,6.140,3,1258,7018
2360,29.396,22.878,6.518,3,1260,6982
2361,29.309,23.103,6.207,3,1264,7066
2362,29.028,22.968,6.060,3,1244,6956
2363,29.880,23.729,6.151,3,1248,7042
2364,29.953,23.651,6.303,3,1268,7092
2365,30.029,23.370,6.659,3,1264,7028
2366,31.688,25.416,6.272,3,1242,6964
2367,29.651,23.330,6.321,3,1238,6892
2368,29.664,23.390,6.274,3,1274,6992
2369,29.900,23.505,6.395,3,1282,6972
2370,30.180,23.919,6.262,3,1288,7024
2371,30.221,23.903,6.319,3,1284,6978
2372,29.664,23.381,6.282,3,1282,6982
2373,29.542,23.290,6.252,3,1266,6924
2374,29.697,23.447,6.250,3,1274,6886
2375,29.721,23.301,6.420,3,1268,6848
2376,29.224,23.023,6.200,3,1256,6778
2377,29.323,23.022,6.301,3,1260,6748
2378,29.467,23.240,6.227,3,1268,6738
2379,28.923,22.858,6.065,3,1258,6638
2380,29.559,23.510,6.049,3,1256,6656
2381,28.762,22.690,6.072,3,1254,6684
2382,29.285,23.266,6.019,3,1252,6650
2383,28.883,22.826,6.057,3,1244,6582
2384,28.869,22.526,6.344,3,1268,6662
2385,29.102,23.069,6.033,3,1264,6674
2386,28.831,22.701,6.130,3,1266,6704
2387,28.599,22.454,6.145,3,1264,6696
2388,28.854,22.578,6.276,3,1262,6736
2389,28.913,22.851,6.063,3,1258,6722
2390,28.872,22.713,6.159,3,1272,6832
2391,29.176,22.831,6.345,3,1266,6830
2392,28.824,22.874,5.951,3,1230,6698
2393,30.020,23.954,6.066,3,1236,6702
2394,30.518,24.408,6.110,3,1248,6788
2395,31.453,25.021,6.432,3,1252,6792
2396,30.296,23.975,6.321,3,1240,6792
2397,29.402,23.175,6.227,3,1216,6712
2398,30.254,23.939,6.315,3,1226,6706
2399,29.113,22.862,6.251,3,1258,6790
2400,33.081,26.057,7.024,3,1262,6778
2401,29.717,22.995,6.722,3,1266,6754
2402,28.923,22.562,6.361,3,1258,6748
2403,29.136,22.598,6.538,3,1262,6708
2404,28.713,22.495,6.219,3,1240,6656
2405,28.727,22.431,6.296,3,1222,6512
2406,28.634,22.325,6.309,3,1264,6704
2407,28.322,22.138,6.183,3,1242,6558
2408,28.795,22.583,6.212,3,1254,6708
2409,28.922,22.713,6.209,3,1240,6584
2410,28.629,22.224,6.405,3,1250,6576
2411,29.108,22.684,6.424,3,1238,6514
2412,29.260,22.686,6.574,3,1250,6714
2413,28.962,22.941,6.021,3,1242,6678
2414,29.346,23.006,6.340,3,1262,6728
2415,28.526,22.200,6.326,3,1258,6746
2416,29.080,22.742,6.338,3,1270,6788
2417,28.907,22.534,6.374,3,1280,6784
2418,28.604,22.270,6.334,3,1292,6836
2419,29.118,22.746,6.372,3,1300,6822
2420,29.918,23.329,6.588,3,1308,6868
2421,30.385,23.765,6.620,3,1318,6890
2422,29.675,23.308,6.367,3,1316,6888
2423,30.094,23.526,6.568,3,1324,6944
2424,30.620,23.835,6.785,3,1322,6982
2425,30.368,23.751,6.616,3,1324,6988
2426,30.479,24.016,6.462,3,1318,7054
2427,30.561,24.224,6.337,3,1306,6980
2428,30.640,24.401,6.239,3,1294,7048
2429,30.636,24.444,6.192,3,1280,6974
2430,31.006,24.437,6.568,3,1302,7074
2431,31.266,24.649,6.617,3,1294,6942
2432,31.159,24.516,6.643,3,1302,6988
2433,33.147,26.518,6.629,3,1310,7040
2434,32.165,25.514,6.651,3,1308,7116
2435,32.259,25.687,6.572,3,1314,7130
2436,31.161,24.694,6.467,3,1312,7144
2437,31.013,24.426,6.588,3,1290,7036
2438,30.981,24.427,6.554,3,1296,7092
2439,31.252,24.417,6.835,3,1284,6976
2440,31.189,24.487,6.701,3,1292,7114
2441,30.772,24.450,6.323,3,1250,6910
2442,31.134,24.926,6.207,3,1250,6992
2443,32.955,26.673,6.282,3,1250,6920
2444,32.675,26.235,6.440,3,1260,7046
2445,34.680,27.983,6.697,3,1264,7018
2446,32.166,25.730,6.436,3,1268,7066
2447,31.009,24.748,6.261,3,1266,6970
2448,30.385,24.260,6.125,3,1240,6920
2449,30.945,24.856,6.089,3,1248,7076
2450,30.788,24.518,6.270,3,1244,7104
2451,31.218,24.875,6.344,3,1280,7206
2452,30.733,24.419,6.314,3,1286,7200
2453,31.126,24.772,6.354,3,1282,7124
2454,30.232,23.975,6.256,3,1288,7186
2455,30.771,24.392,6.380,3,1290,7146
2456,30.036,23.843,6.193,3,1280,7080
2457,30.348,24.158,6.190,3,1268,6988
2458,29.356,23.204,6.151,3,1258,6818
2459,29.245,23.069,6.176,3,1242,6768
2460,29.560,23.447,6.113,3,1248,6824
2461,29.529,23.508,6.021,3,1218,6692
2462,29.695,23.536,6.160,3,1232,6772
2463,29.706,23.700,6.006,3,1244,6792
2464,30.166,24.087,6.079,3,1242,6860
2465,30.092,23.586,6.506,3,1248,6886
2466,31.725,25.497,6.229,3,1252,6952
2467,30.712,24.375,6.337,3,1246,6894
2468,30.427,24.080,6.347,3,1260,6918
2469,30.066,23.948,6.119,3,1248,6840
2470,30.314,24.041,6.274,3,1252,6826
2471,29.933,23.829,6.105,3,1244,6766
2472,29.668,23.317,6.350,3,1246,6778
2473,29.624,23.364,6.259,3,1234,6692
2474,29.213,22.898,6.316,3,1240,6704
2475,28.901,22.750,6.150,3,1230,6628
2476,29.585,23.297,6.288,3,1230,6672
2477,28.952,22.849,6.103,3,1224,6626
2478,29.231,23.078,6.152,3,1246,6712
2479,29.632,23.463,6.169,3,1226,6618
2480,30.161,24.036,6.125,3,1242,6710
2481,29.164,23.062,6.102,3,1252,6720
2482,29.605,23.359,6.246,3,1278,6844
2483,29.119,23.020,6.099,3,1276,6844
2484,29.483,22.819,6.664,3,1288,6938
2485,28.915,22.489,6.426,3,1280,6894
2486,30.096,23.795,6.301,3,1298,6952
2487,29.413,23.045,6.368,3,1320,6986
2488,29.172,22.907,6.265,3,1318,7012
2489,29.503,23.102,6.402,3,1298,6926
2490,29.236,22.985,6.250,3,1298,6890
2491,28.566,22.477,6.090,3,1274,6792
2492,28.886,22.781,6.105,3,1280,6804
2493,30.526,24.331,6.195,3,1268,6758
2494,31.736,25.279,6.457,3,1276,6784
2495,32.184,25.900,6.284,3,1278,6768
2496,30.613,24.466,6.147,3,1284,6786
2497,29.860,23.260,6.600,3,1300,6836
2498,31.910,25.427,6.483,3,1306,6904
2499,32.234,25.138,7.096,3,1338,7030
2500,29.816,23.042,6.774,3,1332,7032
2501,29.692,23.210,6.483,3,1332,7026
2502,30.440,23.811,6.629,3,1370,7266
2503,29.999,23.450,6.550,3,1352,7134
2504,30.112,23.418,6.693,3,1352,7152
2505,29.559,23.147,6.412,3,1338,7072
2506,30.265,23.648,6.617,3,1368,7210
2507,30.260,23.763,6.497,3,1354,7158
2508,29.978,23.432,6.546,3,1348,7178
2509,29.827,23.307,6.520,3,1350,7182
2510,29.947,23.419,6.528,3,1358,7252
2511,30.148,23.589,6.559,3,1364,7266
2512,30.237,23.648,6.589,3,1366,7216
2513,31.680,25.034,6.646,3,1372,7248
2514,30.368,23.764,6.604,3,1372,7244
2515,30.355,23.493,6.862,3,1374,7200
2516,30.482,23.711,6.771,3,1396,7290
2517,30.740,23.925,6.814,3,1386,7250
2518,30.384,23.614,6.771,3,1386,7262
2519,31.030,24.192,6.839,3,1400,7234
2520,31.105,24.285,6.820,3,1388,7234
2521,30.239,23.552,6.687,3,1380,7168
2522,30.737,23.835,6.903,3,1424,7268
2523,30.562,23.820,6.742,3,1414,7238
2524,31.012,24.003,7.009,3,1434,7344
2525,31.453,24.392,7.060,3,1420,7250
2526,31.189,23.900,7.289,3,1426,7324
2527,30.737,23.644,7.094,3,1458,7424
2528,30.544,23.665,6.878,3,1444,7394
2529,30.703,23.849,6.854,3,1430,7396
2530,30.885,23.951,6.934,3,1438,7436
2531,30.665,23.834,6.831,3,1422,7362
2532,31.607,24.417,7.190,3,1410,7316
2533,35.221,28.216,7.005,3,1410,7278
2534,31.955,25.099,6.856,3,1414,7362
2535,32.641,25.871,6.769,3,1398,7280
2536,33.182,26.310,6.873,3,1394,7360
2537,30.638,23.863,6.774,3,1382,7262
2538,31.645,24.902,6.743,3,1346,7126
2539,30.839,24.380,6.459,3,1340,7106
2540,32.392,25.002,7.389,3,1378,7268
2541,31.389,24.587,6.801,3,1378,7228
2542,34.651,27.858,6.793,3,1354,7174
2543,31.829,24.833,6.995,3,1360,7180
2544,31.119,24.391,6.728,3,1378,7260
2545,30.641,23.996,6.645,3,1362,7182
2546,32.605,25.643,6.962,3,1374,7244
2547,30.254,23.539,6.715,3,1372,7200
2548,30.116,23.151,6.965,3,1374,7214
2549,29.652,23.131,6.520,3,1366,7154
2550,29.576,23.119,6.457,3,1346,7086
2551,29.680,23.257,6.423,3,1344,7062
2552,29.479,23.011,6.468,3,1340,7022
2553,29.707,22.972,6.735,3,1340,7030
2554,30.696,24.309,6.387,3,1342,7050
2555,29.790,23.331,6.459,3,1336,7038
2556,29.909,23.325,6.584,3,1330,7080
2557,29.114,22.717,6.397,3,1324,6972
2558,29.626,22.986,6.639,3,1318,7050
2559,29.238,22.597,6.641,3,1318,6950
2560,29.422,22.823,6.600,3,1316,7012
2561,29.633,23.188,6.445,3,1330,7078
2562,29.708,23.143,6.565,3,1330,7046
2563,30.230,23.204,7.027,3,1334,7018
2564,30.003,23.325,6.677,3,1370,7162
2565,31.643,24.977,6.666,3,1370,7148
2566,30.320,23.734,6.586,3,1356,7120
2567,29.645,23.125,6.520,3,1350,7088
2568,29.849,23.374,6.476,3,1348,7074
2569,30.819,24.434,6.386,3,1306,6876
2570,33.005,26.450,6.555,3,1330,6958
2571,30.602,24.066,6.536,3,1326,6900
2572,31.310,24.768,6.542,3,1338,6966
2573,30.895,24.357,6.538,3,1338,6920
2574,30.824,24.204,6.619,3,1340,6962
2575,30.454,23.974,6.480,3,1342,6944
2576,29.606,23.042,6.564,3,1354,7018
2577,29.565,22.769,6.796,3,1352,6984
2578,30.862,23.980,6.882,3,1372,7108
2579,29.979,23.100,6.879,3,1364,7094
2580,29.952,23.128,6.825,3,1378,7192
2581,29.715,23.008,6.707,3,1366,7094
2582,30.012,23.108,6.904,3,1366,7136
2583,29.425,22.881,6.544,3,1338,6964
2584,30.308,23.130,7.178,3,1374,7138
2585,29.294,22.558,6.736,3,1338,6914
2586,29.374,22.706,6.668,3,1358,7026
2587,29.079,22.634,6.445,3,1336,6870
2588,29.509,22.625,6.884,3,1364,7000
2589,28.662,22.241,6.421,3,1318,6810
2590,29.021,22.517,6.504,3,1350,6962
2591,29.721,23.200,6.521,3,1354,6956
2592,30.238,23.577,6.661,3,1376,7096
2593,30.995,24.327,6.668,3,1362,7016
2594,32.433,25.697,6.736,3,1384,7158
2595,29.339,22.489,6.850,3,1354,7046
2596,30.858,23.997,6.861,3,1374,7114
2597,31.452,24.993,6.459,3,1340,6910
2598,29.788,23.067,6.721,3,1370,7074
2599,28.970,22.611,6.359,3,1352,6984
2600,29.228,22.756,6.472,3,1364,7018
2601,29.050,22.512,6.538,3,1342,6922
2602,31.102,24.444,6.657,3,1362,7048
2603,29.167,22.755,6.413,3,1338,6948
2604,29.169,22.648,6.521,3,1362,7048
2605,28.729,22.367,6.361,3,1344,6934
2606,30.317,23.642,6.675,3,1382,7134
2607,28.964,22.498,6.466,3,1360,6980
2608,29.425,22.851,6.574,3,1396,7072
2609,28.815,22.188,6.627,3,1360,6882
2610,32.316,25.743,6.573,3,1376,7004
2611,30.407,23.721,6.686,3,1358,6896
2612,30.277,23.598,6.679,3,1368,6972
2613,30.917,24.300,6.617,3,1368,6972
2614,29.809,23.091,6.718,3,1382,6980
2615,30.077,23.126,6.951,3,1422,7124
2616,30.294,23.303,6.991,3,1428,7198
2617,30.623,23.722,6.901,3,1418,7196
2618,30.126,23.022,7.104,3,1434,7240
2619,30.772,23.729,7.043,3,1436,7220
2620,30.621,23.523,7.099,3,1444,7216
2621,30.754,23.604,7.149,3,1436,7212
2622,31.387,24.240,7.147,3,1460,7386
2623,31.782,24.898,6.884,3,1454,7332
2624,31.951,24.919,7.032,3,1470,7420
2625,32.148,24.910,7.238,3,1474,7466
2626,33.087,25.904,7.183,3,1474,7488
2627,34.031,26.993,7.037,3,1480,7658
2628,33.594,26.290,7.304,3,1486,7690
2629,33.374,26.032,7.343,3,1496,7768
2630,35.481,28.270,7.211,3,1498,7884
2631,33.995,26.492,7.503,3,1496,7942
2632,33.959,26.740,7.219,3,1500,7980
2633,33.764,26.608,7.156,3,1498,7986
2634,33.265,26.135,7.130,3,1468,7864
2635,32.919,25.798,7.120,3,1456,7874
2636,33.070,25.901,7.169,3,1474,7884
2637,33.092,26.124,6.968,3,1456,7906
2638,32.785,25.901,6.884,3,1450,7920
2639,32.908,25.954,6.954,3,1424,7806
2640,34.958,28.027,6.931,3,1434,7874
2641,34.834,27.945,6.890,3,1432,7848
2642,34.936,27.968,6.967,3,1418,7880
2643,33.289,26.494,6.795,3,1414,7904
2644,33.611,26.027,7.584,3,1422,7968
2645,33.537,26.392,7.145,3,1412,7878
2646,33.228,26.012,7.216,3,1416,7928
2647,32.924,26.049,6.876,3,1388,7802
2648,32.560,25.674,6.886,3,1386,7792
2649,31.982,25.255,6.727,3,1360,7694
2650,32.022,25.364,6.658,3,1364,7730
2651,32.131,25.578,6.554,3,1362,7706
2652,31.641,24.916,6.725,3,1368,7750
2653,31.750,25.059,6.692,3,1344,7662
2654,31.537,24.783,6.754,3,1338,7644
2655,31.636,24.957,6.679,3,1362,7714
2656,31.403,24.550,6.853,3,1360,7644
2657,31.288,24.658,6.630,3,1348,7630
2658,31.535,24.775,6.760,3,1340,7556
2659,31.584,24.951,6.633,3,1336,7520
2660,30.594,24.190,6.404,3,1310,7360
2661,32.994,26.559,6.436,3,1314,7370
2662,30.615,24.199,6.416,3,1296,7224
2663,30.296,23.953,6.344,3,1292,7220
2664,30.500,24.113,6.387,3,1316,7314
2665,30.655,24.184,6.471,3,1308,7242
2666,30.792,24.111,6.681,3,1298,7160
2667,30.800,24.098,6.703,3,1300,7270
2668,30.055,23.604,6.451,3,1314,7284
2669,30.104,23.639,6.465,3,1314,7248
2670,29.999,23.489,6.509,3,1300,7198
2671,30.365,23.709,6.655,3,1314,7262
2672,31.052,24.341,6.711,3,1334,7366
2673,30.992,24.052,6.940,3,1334,7388
2674,31.443,24.720,6.724,3,1314,7224
2675,30.082,23.540,6.542,3,1310,7184
2676,30.357,23.711,6.646,3,1336,7320
2677,30.315,23.677,6.638,3,1330,7268
2678,31.555,24.746,6.809,3,1330,7286
2679,30.595,23.976,6.620,3,1320,7180
2680,30.094,23.379,6.715,3,1334,7218
2681,30.271,23.453,6.818,3,1326,7168
2682,30.207,23.414,6.793,3,1370,7382
2683,29.883,23.391,6.493,3,1354,7274
2684,29.931,23.405,6.526,3,1334,7248
2685,29.483,23.061,6.422,3,1324,7196
2686,29.488,23.079,6.409,3,1342,7284
2687,29.588,23.217,6.371,3,1330,7176
2688,31.454,24.864,6.590,3,1334,7192
2689,30.718,24.363,6.355,3,1324,7122
2690,32.263,25.855,6.407,3,1328,7108
2691,30.729,24.193,6.536,3,1332,7092
2692,30.167,23.558,6.610,3,1344,7104
2693,29.676,23.122,6.554,3,1356,7122
2694,31.677,25.183,6.495,3,1332,6986
2695,29.640,23.098,6.541,3,1330,6998
2696,30.046,23.397,6.648,3,1372,7150
2697,29.913,23.259,6.654,3,1364,7208
2698,30.432,23.750,6.682,3,1346,7186
2699,30.091,23.377,6.713,3,1336,7158
2700,30.354,23.567,6.787,3,1346,7194
2701,30.550,23.404,7.147,3,1342,7220
2702,30.860,24.038,6.821,3,1364,7314
2703,30.258,23.379,6.879,3,1340,7246
2704,29.671,23.068,6.603,3,1320,7120
2705,29.710,23.103,6.607,3,1324,7164
2706,29.484,23.051,6.433,3,1304,7042
2707,30.274,23.806,6.468,3,1300,7052
2708,29.773,23.298,6.475,3,1322,7130
2709,30.041,23.381,6.660,3,1316,7102
2710,29.615,22.994,6.620,3,1300,7078
2711,29.530,23.186,6.343,3,1298,7064
2712,29.454,23.165,6.289,3,1282,7000
2713,29.217,22.880,6.337,3,1268,6922
2714,29.559,22.942,6.616,3,1300,7000
2715,29.409,22.750,6.659,3,1290,6926
2716,29.340,23.041,6.299,3,1286,6952
2717,30.020,23.408,6.611,3,1268,6880
2718,29.367,22.765,6.601,3,1272,6888
2719,29.678,23.330,6.348,3,1290,6952
2720,29.659,23.155,6.505,3,1310,7014
2721,29.854,23.243,6.611,3,1330,7150
2722,29.598,23.112,6.486,3,1332,7138
2723,30.157,23.611,6.546,3,1336,7186
2724,31.530,25.153,6.378,3,1322,7142
2725,29.969,23.408,6.560,3,1316,7066
2726,32.400,25.965,6.434,3,1322,7062
2727,29.976,23.238,6.738,3,1296,6944
2728,29.438,22.863,6.574,3,1336,7050
2729,29.758,23.050,6.708,3,1338,7060
2730,29.762,23.215,6.547,3,1356,7078
2731,30.169,23.555,6.614,3,1370,7124
2732,30.008,23.353,6.655,3,1370,7158
2733,29.687,23.052,6.635,3,1370,7170
2734,46.024,23.294,22.730,3,1372,7216
2735,30.845,24.161,6.684,3,1370,7244
2736,30.748,23.877,6.872,3,1400,7422
2737,31.141,24.301,6.840,3,1392,7356
2738,31.694,24.581,7.114,3,1398,7358
2739,34.241,27.152,7.088,3,1402,7392
2740,33.007,25.915,7.092,3,1406,7386
2741,31.534,24.648,6.886,3,1406,7364
2742,30.347,23.394,6.954,3,1410,7362
2743,30.498,23.682,6.816,3,1408,7324
2744,30.319,23.456,6.864,3,1392,7280
2745,31.117,24.411,6.706,3,1382,7260
2746,31.030,24.086,6.944,3,1392,7334
2747,30.297,23.572,6.725,3,1384,7288
2748,30.590,23.616,6.974,3,1414,7404
2749,30.689,23.860,6.829,3,1398,7420
2750,30.995,23.929,7.066,3,1434,7576
2751,30.658,23.758,6.901,3,1428,7542
2752,31.224,24.311,6.914,3,1418,7482
2753,32.178,25.297,6.881,3,1420,7504
2754,33.118,26.093,7.025,3,1448,7566
2755,32.443,25.370,7.073,3,1460,7618
2756,34.680,27.481,7.199,3,1444,7538
2757,32.447,25.411,7.036,3,1434,7532
2758,33.852,26.720,7.132,3,1444,7576
2759,34.897,27.814,7.082,3,1448,7574
2760,33.658,26.526,7.132,3,1454,7682
2761,34.236,27.154,7.082,3,1446,7700
2762,32.350,25.207,7.143,3,1454,7748
2763,31.377,24.297,7.080,3,1444,7716
2764,32.174,24.827,7.347,3,1444,7752
2765,33.185,26.066,7.119,3,1444,7736
2766,31.727,24.468,7.260,3,1460,7818
2767,32.883,25.766,7.117,3,1450,7722
2768,31.111,24.041,7.070,3,1446,7702
2769,31.383,24.297,7.086,3,1460,7752
2770,31.137,24.197,6.940,3,1436,7630
2771,31.112,24.271,6.841,3,1428,7528
2772,31.447,24.061,7.386,3,1442,7594
2773,31.686,24.600,7.086,3,1432,7540
2774,30.947,23.897,7.050,3,1412,7450
2775,30.684,23.542,7.143,3,1414,7434
2776,30.857,23.682,7.174,3,1414,7456
2777,30.899,23.934,6.964,3,1406,7394
2778,31.354,24.122,7.232,3,1400,7368
2779,31.171,23.926,7.246,3,1422,7504
2780,31.474,24.338,7.136,3,1408,7460
2781,30.809,23.848,6.961,3,1390,7388
2782,31.592,24.213,7.379,3,1412,7518
2783,31.046,23.720,7.326,3,1440,7606
2784,31.383,23.877,7.506,3,1448,7654
2785,32.855,25.760,7.095,3,1438,7626
2786,33.569,26.379,7.190,3,1432,7644
2787,33.178,25.657,7.521,3,1426,7600
2788,33.356,26.332,7.024,3,1402,7514
2789,33.092,25.636,7.456,3,1382,7386
2790,30.836,23.896,6.940,3,1398,7476
2791,30.391,23.478,6.912,3,1388,7410
2792,30.549,23.775,6.773,3,1400,7478
2793,30.140,23.454,6.685,3,1392,7376
2794,30.156,23.268,6.887,3,1398,7438
2795,29.922,23.304,6.617,3,1386,7330
2796,30.071,23.305,6.765,3,1400,7402
2797,30.306,23.419,6.887,3,1400,7364
2798,30.303,23.363,6.941,3,1400,7410
2799,29.873,23.124,6.749,3,1420,7468
2800,30.765,23.622,7.143,3,1422,7432
2801,30.771,23.859,6.913,3,1434,7490
2802,30.347,23.380,6.967,3,1440,7476
2803,30.883,23.854,7.030,3,1436,7406
2804,29.833,23.080,6.753,3,1412,7302
2805,30.897,24.044,6.853,3,1422,7474
2806,31.453,24.093,7.359,3,1438,7566
2807,31.369,24.456,6.914,3,1434,7528
2808,31.145,24.139,7.006,3,1442,7592
2809,30.839,23.787,7.052,3,1444,7550
2810,31.159,24.299,6.860,3,1444,7634
2811,31.168,24.082,7.086,3,1442,7622
2812,30.788,23.996,6.791,3,1408,7536
2813,30.478,23.790,6.689,3,1396,7460
2814,30.905,24.042,6.864,3,1430,7640
2815,31.112,24.249,6.863,3,1426,7602
2816,30.837,23.880,6.957,3,1414,7566
2817,31.706,24.814,6.892,3,1406,7580
2818,30.595,23.767,6.828,3,1416,7610
2819,30.961,24.209,6.753,3,1414,7606
2820,30.515,23.778,6.737,3,1368,7438
2821,30.859,24.160,6.700,3,1362,7420
2822,30.781,23.978,6.803,3,1370,7436
2823,32.641,25.965,6.675,3,1370,7472
2824,31.354,24.716,6.638,3,1346,7402
2825,30.661,24.048,6.612,3,1356,7436
2826,30.741,23.990,6.751,3,1374,7494
2827,30.358,23.676,6.682,3,1362,7436
2828,30.679,24.028,6.651,3,1368,7480
2829,30.561,23.822,6.739,3,1362,7438
2830,30.405,23.902,6.503,3,1334,7300
2831,30.331,23.702,6.629,3,1330,7272
2832,30.575,23.814,6.761,3,1340,7264
2833,31.858,25.098,6.759,3,1332,7170
2834,31.320,24.576,6.744,3,1326,7046
2835,30.780,23.969,6.810,3,1328,7070
2836,31.334,24.788,6.546,3,1320,7036
2837,31.098,24.532,6.566,3,1320,6974
2838,30.558,24.136,6.422,3,1300,6928
2839,29.202,22.886,6.316,3,1280,6792
2840,29.645,23.166,6.479,3,1300,6912
2841,29.829,23.359,6.470,3,1288,6946
2842,31.485,24.901,6.583,3,1292,6956
2843,31.274,24.770,6.504,3,1290,6970
2844,30.146,23.532,6.615,3,1268,6882
2845,29.149,22.897,6.252,3,1240,6780
2846,29.480,23.103,6.377,3,1262,6810
2847,29.986,23.364,6.621,3,1290,6950
2848,29.881,23.618,6.263,3,1266,6854
2849,29.564,23.079,6.484,3,1264,6854
2850,29.746,23.323,6.423,3,1296,7004
2851,29.449,22.924,6.524,3,1296,6994
2852,30.225,23.706,6.519,3,1284,6908
2853,29.835,23.291,6.544,3,1280,6900
2854,30.325,23.711,6.613,3,1286,6952
2855,33.170,26.752,6.418,3,1284,6926
2856,29.849,23.355,6.495,3,1288,6954
2857,29.566,23.134,6.432,3,1328,7132
2858,29.742,23.219,6.523,3,1326,7060
2859,29.258,22.764,6.494,3,1320,7068
2860,29.688,22.928,6.761,3,1306,7008
2861,29.461,22.861,6.600,3,1302,6952
2862,30.001,23.173,6.827,3,1326,7074
2863,30.685,23.647,7.038,3,1336,7156
2864,30.362,23.538,6.825,3,1346,7236
2865,29.529,22.898,6.631,3,1340,7156
2866,29.969,23.229,6.740,3,1392,7348
2867,30.623,23.722,6.901,3,1402,7428
2868,30.497,23.523,6.974,3,1408,7542
2869,30.844,23.841,7.003,3,1426,7540
2870,30.271,23.430,6.842,3,1424,7530
2871,31.063,23.876,7.188,3,1420,7498
2872,30.439,23.403,7.036,3,1424,7552
2873,30.072,23.196,6.876,3,1414,7522
2874,30.441,23.636,6.806,3,1416,7542
2875,30.633,23.803,6.830,3,1418,7514
2876,31.212,24.294,6.917,3,1420,7528
2877,32.201,25.456,6.745,3,1412,7458
2878,32.047,24.939,7.109,3,1420,7522
2879,32.714,25.654,7.060,3,1422,7500
2880,31.305,24.281,7.024,3,1422,7548
2881,31.208,24.133,7.076,3,1426,7560
2882,32.028,25.235,6.792,3,1402,7478
2883,33.274,26.361,6.913,3,1384,7406
2884,33.401,26.608,6.794,3,1396,7496
2885,34.297,26.873,7.424,3,1398,7494
2886,31.292,24.283,7.009,3,1368,7390
2887,34.712,28.080,6.632,3,1368,7410
2888,31.552,24.702,6.850,3,1384,7532
2889,31.167,24.524,6.644,3,1374,7492
2890,31.020,24.378,6.643,3,1372,7576
2891,31.126,24.499,6.627,3,1368,7492
2892,31.671,24.583,7.087,3,1366,7556
2893,31.173,24.352,6.821,3,1358,7478
2894,31.521,24.604,6.917,3,1382,7554
2895,31.231,24.552,6.679,3,1378,7488
2896,32.010,25.170,6.840,3,1392,7480
2897,31.577,24.599,6.977,3,1402,7520
2898,31.723,24.864,6.859,3,1416,7616
2899,31.160,24.404,6.757,3,1406,7508
2900,32.300,25.503,6.798,3,1408,7510
2901,30.878,24.041,6.837,3,1412,7460
2902,31.352,24.267,7.085,3,1432,7566
2903,30.951,24.154,6.797,3,1422,7488
2904,31.306,24.380,6.926,3,1430,7502
2905,31.131,24.131,7.000,3,1428,7386
2906,31.569,24.542,7.027,3,1438,7478
2907,30.995,24.050,6.945,3,1408,7352
2908,31.206,24.011,7.195,3,1456,7622
2909,30.733,23.689,7.044,3,1430,7460
2910,31.371,24.411,6.960,3,1454,7626
2911,31.151,24.175,6.977,3,1460,7646
2912,30.831,23.577,7.254,3,1460,7568
2913,30.691,23.712,6.979,3,1464,7582
2914,30.866,23.849,7.016,3,1452,7584
2915,30.695,23.728,6.967,3,1454,7596
2916,30.934,23.969,6.965,3,1458,7586
2917,31.057,23.836,7.220,3,1468,7634
2918,30.482,23.504,6.977,3,1458,7572
2919,33.162,26.111,7.050,3,1460,7646
2920,31.952,24.793,7.159,3,1486,7782
2921,31.297,24.300,6.998,3,1470,7676
2922,31.983,24.197,7.787,3,1492,7724
2923,30.939,23.731,7.209,3,1470,7676
2924,31.637,24.227,7.409,3,1484,7738
2925,30.600,23.562,7.037,3,1456,7524
2926,31.430,24.176,7.254,3,1488,7774
2927,31.146,23.929,7.217,3,1478,7716
2928,31.575,24.285,7.290,3,1478,7676
2929,31.288,24.074,7.214,3,1466,7558
2930,32.519,25.236,7.283,3,1476,7596
2931,32.672,25.468,7.204,3,1476,7598
2932,33.690,26.392,7.298,3,1472,7606
2933,33.839,26.535,7.304,3,1460,7498
2934,32.831,25.651,7.180,3,1452,7454
2935,31.451,24.066,7.385,3,1446,7420
2936,31.311,24.298,7.013,3,1440,7318
2937,31.178,24.142,7.036,3,1468,7438
2938,30.869,23.731,7.138,3,1458,7382
2939,31.639,24.675,6.964,3,1446,7316
2940,30.771,23.613,7.158,3,1464,7338
2941,31.346,24.004,7.342,3,1454,7276
2942,31.238,24.115,7.123,3,1426,7182
2943,31.288,24.159,7.129,3,1430,7192
2944,30.706,23.721,6.985,3,1426,7158
2945,30.443,23.421,7.022,3,1426,7136
2946,32.867,25.539,7.328,3,1418,7140
2947,31.324,24.218,7.106,3,1430,7154
2948,32.573,25.395,7.178,3,1418,7116
2949,30.814,23.578,7.236,3,1424,7160
2950,30.926,23.627,7.299,3,1416,7238
2951,33.107,25.829,7.278,3,1428,7258
2952,32.125,24.579,7.546,3,1454,7376
2953,30.608,23.381,7.227,3,1438,7278
2954,30.468,23.420,7.048,3,1422,7182
2955,30.485,23.538,6.947,3,1414,7166
2956,30.175,23.200,6.975,3,1414,7136
2957,30.642,23.449,7.193,3,1426,7160
2958,30.771,23.693,7.078,3,1428,7220
2959,30.548,23.293,7.255,3,1432,7160
2960,31.051,24.188,6.863,3,1402,7058
2961,30.384,23.428,6.956,3,1402,7074
2962,30.835,23.349,7.486,3,1410,7060
2963,30.722,23.511,7.211,3,1418,7074
2964,31.126,24.258,6.868,3,1392,7062
2965,31.314,24.215,7.098,3,1400,7158
2966,30.384,23.513,6.871,3,1392,7136
2967,30.553,23.619,6.934,3,1402,7180
2968,30.360,23.456,6.904,3,1392,7182
2969,30.368,23.428,6.940,3,1392,7152
2970,30.277,23.532,6.745,3,1380,7168
2971,29.971,23.312,6.659,3,1370,7076
2972,30.491,23.691,6.799,3,1392,7150
2973,29.859,23.056,6.803,3,1368,7048
2974,30.676,23.718,6.959,3,1384,7230
2975,30.649,23.698,6.951,3,1414,7356
2976,31.032,23.832,7.201,3,1402,7334
2977,31.006,23.917,7.089,3,1408,7334
2978,30.726,23.959,6.767,3,1394,7276
2979,33.101,26.022,7.079,3,1402,7296
2980,32.832,25.517,7.314,3,1430,7396
2981,32.254,24.948,7.306,3,1428,7488
2982,35.581,28.205,7.375,3,1434,7540
2983,32.595,25.387,7.208,3,1448,7634
2984,31.316,24.224,7.092,3,1448,7654
2985,31.714,24.455,7.259,3,1458,7740
2986,31.766,24.501,7.265,3,1464,7808
2987,31.960,24.855,7.105,3,1462,7782
2988,31.549,24.369,7.180,3,1454,7788
2989,31.540,24.358,7.182,3,1446,7708
2990,31.467,24.505,6.962,3,1436,7668
2991,30.750,23.865,6.885,3,1434,7590
2992,31.175,24.274,6.901,3,1438,7658
2993,31.337,24.187,7.150,3,1446,7612
2994,31.822,24.509,7.313,3,1466,7752
2995,31.919,24.633,7.286,3,1478,7790
2996,31.798,24.591,7.207,3,1494,7870
2997,31.268,24.128,7.140,3,1480,7818
2998,31.776,24.762,7.014,3,1480,7800
2999,31.888,24.825,7.063,3,1468,7694
3000,31.335,24.350,6.985,3,1466,7686
3001,31.731,24.629,7.102,3,1420,7438
3002,31.587,24.682,6.905,3,1460,7578
3003,30.824,24.043,6.781,3,1442,7512
3004,31.043,24.071,6.972,3,1454,7558
3005,30.548,23.693,6.855,3,1426,7430
3006,31.116,24.230,6.887,3,1446,7538
3007,31.254,24.322,6.932,3,1438,7476
3008,30.946,24.031,6.915,3,1434,7464
3009,31.129,24.225,6.904,3,1432,7480
3010,30.731,23.920,6.811,3,1430,7496
3011,32.210,25.340,6.870,3,1422,7436
3012,33.202,26.048,7.153,3,1456,7618
3013,31.767,24.727,7.040,3,1432,7442
3014,35.766,28.677,7.089,3,1430,7438
3015,34.621,27.500,7.122,3,1412,7312
3016,32.895,25.970,6.925,3,1416,7342
3017,33.009,26.268,6.741,3,1406,7256
3018,31.411,24.326,7.085,3,1414,7306
3019,34.289,27.252,7.038,3,1418,7356
3020,31.024,24.000,7.024,3,1428,7316
3021,31.092,24.020,7.072,3,1430,7354
3022,33.652,26.546,7.106,3,1460,7520
3023,31.005,23.993,7.011,3,1474,7656
3024,31.823,24.762,7.060,3,1486,7670
3025,33.474,26.190,7.284,3,1500,7686
3026,34.057,26.920,7.137,3,1484,7682
3027,33.081,25.848,7.233,3,1470,7570
3028,34.359,27.163,7.197,3,1476,7614
3029,31.282,23.857,7.425,3,1476,7638
3030,31.621,24.724,6.897,3,1468,7572
3031,30.936,23.980,6.956,3,1460,7568
3032,30.713,23.747,6.966,3,1468,7590
3033,30.659,23.707,6.952,3,1446,7526
3034,30.792,23.907,6.885,3,1458,7630
3035,30.450,23.486,6.964,3,1434,7518
3036,31.383,24.401,6.982,3,1444,7610
3037,30.469,23.686,6.783,3,1400,7394
3038,31.003,24.030,6.972,3,1426,7596
3039,30.668,23.819,6.849,3,1422,7472
3040,31.916,24.951,6.965,3,1454,7674
3041,31.795,24.776,7.019,3,1450,7778
3042,32.343,24.980,7.364,3,1488,7914
3043,32.642,25.410,7.232,3,1464,7800
3044,32.403,24.980,7.422,3,1480,7908
3045,34.236,27.217,7.019,3,1454,7782
3046,32.757,25.249,7.508,3,1486,7928
3047,31.734,24.585,7.149,3,1430,7660
3048,31.973,24.847,7.125,3,1438,7718
3049,31.916,24.842,7.074,3,1430,7616
3050,31.890,24.857,7.033,3,1438,7660
3051,31.403,24.496,6.906,3,1434,7648
3052,31.606,24.497,7.109,3,1428,7598
3053,32.500,24.306,8.194,3,1430,7622
3054,31.304,24.293,7.010,3,1424,7620
3055,31.162,24.195,6.967,3,1418,7570
3056,31.545,24.528,7.017,3,1426,7596
3057,31.644,24.707,6.936,3,1410,7514
3058,32.007,24.876,7.132,3,1434,7680
3059,32.556,25.684,6.873,3,1436,7728
3060,32.394,25.446,6.948,3,1446,7832
3061,32.073,25.158,6.915,3,1440,7780
3062,33.237,26.216,7.021,3,1456,7904
3063,32.858,25.809,7.049,3,1458,7924
3064,33.361,26.280,7.081,3,1460,7934
3065,32.835,25.908,6.927,3,1454,7932
3066,32.937,25.890,7.048,3,1460,8012
3067,32.412,25.353,7.059,3,1458,8024
3068,32.827,25.840,6.986,3,1464,8048
3069,33.042,26.106,6.936,3,1456,7972
3070,33.222,26.246,6.975,3,1466,7966
3071,37.055,29.933,7.123,3,1468,7966
3072,38.260,30.591,7.669,3,1456,7880
3073,36.874,29.597,7.276,3,1450,7860
3074,36.068,28.904,7.163,3,1472,7964
3075,34.189,26.996,7.193,3,1456,7988
3076,34.276,27.048,7.228,3,1458,8056
3077,36.076,29.119,6.957,3,1430,7974
3078,34.310,27.224,7.086,3,1442,8032
3079,33.942,26.979,6.963,3,1418,7932
3080,34.429,27.477,6.952,3,1426,7962
3081,33.771,26.970,6.801,3,1412,7904
3082,34.111,26.992,7.118,3,1436,8010
3083,33.833,26.690,7.143,3,1424,7910
3084,33.270,26.326,6.945,3,1432,7932
3085,33.179,26.178,7.002,3,1426,7738
3086,33.183,26.292,6.891,3,1430,7744
3087,33.214,26.322,6.892,3,1430,7766
3088,33.079,26.041,7.038,3,1426,7770
3089,33.843,26.849,6.994,3,1426,7736
3090,32.566,25.492,7.074,3,1450,7762
3091,32.795,25.585,7.210,3,1456,7724
3092,32.671,25.477,7.194,3,1458,7758
3093,32.525,25.346,7.179,3,1472,7748
3094,32.004,24.821,7.184,3,1484,7814
3095,31.785,24.588,7.196,3,1490,7820
3096,32.215,25.119,7.096,3,1484,7834
3097,31.367,24.296,7.071,3,1482,7762
3098,31.754,24.700,7.054,3,1476,7786
3099,31.483,24.469,7.014,3,1472,7738
3100,31.405,24.201,7.203,3,1470,7722
3101,31.624,24.598,7.026,3,1440,7632
3102,32.231,24.775,7.456,3,1462,7834
3103,32.382,25.397,6.985,3,1468,7776
3104,32.001,24.920,7.081,3,1486,7844
3105,32.182,25.125,7.057,3,1484,7836
3106,32.649,24.914,7.735,3,1470,7832
3107,33.667,26.535,7.133,3,1466,7698
3108,32.388,25.029,7.359,3,1500,7904
3109,31.649,24.592,7.058,3,1492,7846
3110,31.910,24.865,7.046,3,1494,7898
3111,32.486,25.322,7.164,3,1500,7884
3112,32.509,25.066,7.443,3,1512,7906
3113,32.114,24.900,7.215,3,1508,7860
3114,32.357,24.983,7.374,3,1504,7876
3115,31.870,24.814,7.056,3,1494,7778
3116,32.241,25.065,7.176,3,1492,7766
3117,32.088,25.067,7.021,3,1482,7730
3118,33.977,26.494,7.482,3,1498,7816
3119,35.320,28.311,7.009,3,1492,7734
3120,35.499,28.152,7.347,3,1504,7790
3121,33.137,25.957,7.181,3,1506,7814
3122,32.705,25.148,7.557,3,1474,7758
3123,32.116,24.936,7.180,3,1504,7940
3124,32.263,25.099,7.164,3,1492,7902
3125,31.961,24.933,7.028,3,1486,7862
3126,32.888,25.610,7.278,3,1514,8030
3127,32.476,25.085,7.392,3,1506,7958
3128,32.288,25.000,7.288,3,1482,7896
3129,32.692,25.551,7.141,3,1468,7802
3130,32.305,25.035,7.270,3,1494,7922
3131,32.051,24.795,7.256,3,1474,7820
3132,31.912,24.551,7.362,3,1472,7810
3133,32.123,24.632,7.491,3,1472,7810
3134,32.535,25.125,7.410,3,1460,7898
3135,32.660,25.335,7.326,3,1472,7992
3136,34.225,26.852,7.373,3,1478,7978
3137,32.387,25.252,7.136,3,1464,7896
3138,32.929,25.666,7.263,3,1462,7910
3139,32.053,24.921,7.132,3,1458,7952
3140,32.128,24.954,7.174,3,1450,7866
3141,31.561,24.764,6.797,3,1434,7844
3142,32.024,25.066,6.957,3,1462,7910
3143,32.097,25.058,7.039,3,1444,7790
3144,31.875,24.865,7.010,3,1458,7868
3145,32.284,25.254,7.030,3,1478,7902
3146,32.617,25.452,7.165,3,1482,7908
3147,32.048,25.001,7.047,3,1482,7860
3148,31.945,24.547,7.398,3,1482,7878
3149,31.581,24.352,7.230,3,1480,7900
3150,31.875,24.909,6.966,3,1470,7884
3151,31.436,24.486,6.951,3,1462,7832
3152,31.761,24.603,7.159,3,1488,7876
3153,31.931,24.683,7.248,3,1478,7836
3154,32.092,24.832,7.261,3,1488,7840
3155,31.824,24.596,7.229,3,1490,7856
3156,32.368,25.233,7.134,3,1486,7832
3157,32.245,25.093,7.152,3,1492,7828
3158,31.779,24.607,7.173,3,1502,7814
3159,32.147,25.106,7.040,3,1508,7942
3160,32.314,25.181,7.134,3,1502,7924
3161,32.561,25.403,7.158,3,1506,7958
3162,34.902,27.683,7.219,3,1500,7972
3163,33.325,26.045,7.279,3,1502,7982
3164,35.189,27.998,7.190,3,1504,8006
3165,34.949,27.758,7.191,3,1476,7884
3166,35.251,27.640,7.611,3,1476,7854
3167,35.279,28.030,7.249,3,1464,7792
3168,34.900,27.565,7.335,3,1500,7964
3169,32.928,25.573,7.355,3,1502,8002
3170,32.373,25.123,7.251,3,1496,7964
3171,32.654,25.273,7.381,3,1500,7992
3172,32.539,25.283,7.256,3,1514,8024
3173,32.898,25.343,7.555,3,1514,8016
3174,32.798,25.523,7.275,3,1500,7960
3175,32.463,25.175,7.287,3,1510,8038
3176,32.312,25.045,7.267,3,1514,8036
3177,33.179,25.714,7.465,3,1510,8040
3178,33.068,25.634,7.434,3,1536,8112
3179,32.751,25.413,7.338,3,1528,8088
3180,32.737,25.557,7.180,3,1516,8078
3181,32.468,25.115,7.354,3,1508,7992
3182,32.293,25.124,7.169,3,1512,8052
3183,32.244,25.144,7.100,3,1498,7984
3184,32.444,25.213,7.230,3,1504,8062
3185,32.215,24.997,7.217,3,1516,8098
3186,31.863,24.775,7.088,3,1506,8040
3187,31.855,24.752,7.103,3,1510,8034
3188,32.705,25.453,7.252,3,1524,8070
3189,32.576,25.408,7.168,3,1522,8024
3190,32.448,25.186,7.262,3,1522,8050
3191,32.285,25.045,7.240,3,1520,7968
3192,31.962,24.788,7.174,3,1512,7914
3193,31.562,24.465,7.097,3,1496,7796
3194,32.109,24.977,7.131,3,1498,7832
3195,32.075,24.769,7.306,3,1488,7724
3196,31.960,24.852,7.108,3,1488,7750
3197,32.299,25.027,7.273,3,1494,7748
3198,34.800,27.187,7.613,3,1512,7934
3199,31.993,24.649,7.344,3,1464,7616
3200,32.956,25.745,7.212,3,1502,7872
3201,31.580,24.507,7.073,3,1480,7728
3202,37.310,29.749,7.561,3,1516,7914
3203,36.160,28.605,7.556,3,1508,7804
3204,33.854,26.177,7.677,3,1524,7952
3205,32.667,25.182,7.485,3,1506,7882
3206,32.302,24.840,7.463,3,1508,7924
3207,33.583,26.302,7.280,3,1496,7874
3208,32.221,25.042,7.179,3,1490,7824
3209,32.112,24.793,7.319,3,1482,7706
3210,34.960,27.731,7.229,3,1480,7692
3211,33.395,26.211,7.185,3,1458,7518
3212,33.165,26.072,7.093,3,1458,7582
3213,32.022,24.741,7.281,3,1452,7482
3214,32.146,24.898,7.248,3,1464,7556
3215,31.386,24.493,6.893,3,1456,7432
3216,31.487,24.512,6.975,3,1462,7560
3217,31.936,24.878,7.058,3,1460,7568
3218,32.716,25.515,7.201,3,1480,7712
3219,32.653,25.531,7.122,3,1464,7620
3220,32.309,25.201,7.108,3,1452,7614
3221,32.167,24.994,7.174,3,1448,7600
3222,31.966,24.732,7.233,3,1464,7720
3223,31.923,24.882,7.041,3,1450,7670
3224,31.655,24.621,7.034,3,1430,7670
3225,32.079,25.067,7.012,3,1436,7684
3226,32.848,25.648,7.200,3,1454,7756
3227,32.028,24.899,7.129,3,1448,7712
3228,34.125,27.046,7.079,3,1444,7680
3229,32.973,25.281,7.692,3,1408,7556
3230,33.101,25.763,7.338,3,1394,7474
3231,33.132,26.042,7.089,3,1406,7512
3232,32.809,25.657,7.152,3,1434,7660
3233,32.544,25.562,6.982,3,1440,7712
3234,32.467,25.510,6.957,3,1412,7644
3235,32.474,25.636,6.839,3,1402,7592
3236,32.687,25.809,6.879,3,1406,7670
3237,32.343,25.451,6.892,3,1406,7640
3238,33.216,26.326,6.890,3,1412,7700
3239,32.827,25.817,7.010,3,1398,7654
3240,32.782,25.799,6.984,3,1410,7690
3241,32.474,25.602,6.872,3,1414,7768
3242,32.623,25.763,6.860,3,1422,7852
3243,32.398,25.472,6.927,3,1404,7782
3244,32.095,25.266,6.829,3,1406,7766
3245,32.007,25.169,6.838,3,1398,7732
3246,32.278,25.476,6.802,3,1426,7874
3247,32.556,25.561,6.994,3,1430,7904
3248,32.673,25.770,6.903,3,1426,7948
3249,32.193,25.335,6.857,3,1432,7982
3250,32.623,25.691,6.932,3,1442,7984
3251,32.619,25.595,7.024,3,1448,8018
3252,32.559,25.540,7.019,3,1426,7992
3253,32.469,25.584,6.885,3,1422,7972
3254,32.764,25.833,6.932,3,1448,8104
3255,32.741,25.654,7.087,3,1440,8060
3256,34.763,27.718,7.046,3,1438,8056
3257,35.822,28.729,7.094,3,1434,8058
3258,36.207,28.505,7.702,3,1436,8126
3259,36.775,29.277,7.497,3,1434,8078
3260,35.132,27.385,7.747,3,1434,8110
3261,32.994,25.838,7.156,3,1424,8076
3262,32.813,25.850,6.962,3,1400,7986
3263,32.724,25.729,6.995,3,1404,8038
3264,33.029,26.024,7.005,3,1428,8106
3265,32.897,25.710,7.187,3,1414,7958
3266,32.848,25.765,7.082,3,1422,7982
3267,32.838,25.672,7.166,3,1424,7966
3268,32.803,25.862,6.941,3,1438,8056
3269,32.574,25.561,7.013,3,1436,8000
3270,33.462,26.023,7.438,3,1452,8072
3271,32.998,25.976,7.023,3,1456,8096
3272,32.770,25.914,6.856,3,1440,8094
3273,33.166,26.046,7.121,3,1434,8014
3274,32.855,25.935,6.920,3,1446,8044
3275,32.378,25.520,6.858,3,1434,7956
3276,32.342,25.355,6.987,3,1434,8020
3277,31.719,24.876,6.843,3,1412,7490
3278,30.966,24.126,6.840,3,1410,7494
3279,30.334,23.345,6.989,3,1406,7388
3280,30.851,23.911,6.940,3,1408,7440
3281,30.866,23.979,6.887,3,1410,7388
3282,31.161,24.372,6.789,3,1374,7278
3283,31.094,24.379,6.716,3,1410,7378
3284,30.416,23.812,6.604,3,1392,7336
3285,29.719,22.892,6.827,3,1406,7334
3286,30.205,22.970,7.235,3,1420,7376
3287,30.217,23.455,6.762,3,1422,7382
3288,30.552,23.398,7.154,3,1432,7434
3289,30.650,23.733,6.917,3,1440,7430
3290,30.880,23.638,7.242,3,1458,7456
3291,32.381,25.416,6.964,3,1454,7468
3292,31.177,24.134,7.043,3,1456,7440
3293,30.232,23.348,6.883,3,1412,7254
3294,30.101,23.159,6.942,3,1416,7272
3295,30.802,23.849,6.954,3,1408,7192
3296,29.980,23.076,6.904,3,1422,7176
3297,29.552,22.735,6.818,3,1410,7054
3298,29.509,22.772,6.737,3,1426,7118
3299,29.184,22.528,6.656,3,1424,7064
3300,29.956,22.970,6.987,3,1448,7188
3301,30.965,23.299,7.667,3,1448,7172
3302,30.068,22.947,7.121,3,1480,7352
3303,32.246,24.870,7.375,3,1472,7278
3304,31.859,24.636,7.223,3,1508,7358
3305,33.098,25.963,7.135,3,1484,7242
3306,31.919,24.673,7.247,3,1504,7326
3307,29.609,22.478,7.131,3,1488,7224
3308,30.056,23.007,7.049,3,1510,7256
3309,29.805,22.741,7.064,3,1488,7178
3310,29.843,22.716,7.127,3,1506,7184
3311,29.730,22.736,6.995,3,1496,7104
3312,29.737,22.614,7.124,3,1502,7026
3313,29.091,22.124,6.968,3,1484,6978
3314,29.647,22.563,7.085,3,1496,6918
3315,29.291,21.989,7.302,3,1474,6788
3316,29.781,22.628,7.153,3,1464,6728
3317,28.521,21.636,6.886,3,1446,6670
3318,29.110,21.876,7.234,3,1466,6772
3319,28.554,21.685,6.869,3,1432,6638
3320,29.130,22.224,6.906,3,1434,6658
3321,28.103,21.416,6.687,3,1410,6522
3322,28.265,21.519,6.747,3,1406,6564
3323,28.292,21.440,6.852,3,1390,6476
3324,30.190,23.319,6.872,3,1408,6590
3325,28.801,22.150,6.651,3,1376,6478
3326,29.355,22.596,6.759,3,1386,6570
3327,28.655,21.840,6.815,3,1364,6452
3328,29.880,23.035,6.845,3,1388,6562
3329,28.328,21.657,6.670,3,1362,6442
3330,29.560,22.858,6.702,3,1394,6548
3331,28.424,21.868,6.556,3,1354,6396
3332,28.585,21.964,6.620,3,1376,6406
3333,28.082,21.438,6.645,3,1356,6344
3334,28.586,21.628,6.958,3,1378,6366
3335,27.811,21.139,6.672,3,1348,6270
3336,28.814,22.058,6.756,3,1378,6396
3337,27.819,21.324,6.494,3,1346,6286
3338,28.280,21.607,6.674,3,1374,6442
3339,27.279,20.858,6.421,3,1352,6420
3340,27.685,21.186,6.499,3,1374,6520
3341,27.835,21.391,6.445,3,1344,6410
3342,27.529,21.043,6.486,3,1374,6654
3343,27.482,21.148,6.334,3,1342,6496
3344,27.578,21.076,6.502,3,1372,6684
3345,27.468,21.021,6.447,3,1346,6544
3346,28.502,21.696,6.806,3,1360,6574
3347,27.840,21.325,6.515,3,1346,6484
3348,27.538,21.001,6.538,3,1362,6532
3349,27.418,21.090,6.328,3,1346,6482
3350,29.020,22.472,6.547,3,1362,6502
3351,27.899,21.363,6.536,3,1360,6478
3352,27.798,21.326,6.472,3,1370,6560
3353,28.071,21.219,6.852,3,1368,6528
3354,28.032,21.405,6.627,3,1374,6594
3355,29.990,23.197,6.793,3,1380,6606
3356,29.938,23.006,6.932,3,1386,6634
3357,29.442,22.747,6.695,3,1354,6520
3358,29.575,22.776,6.799,3,1354,6526
3359,29.326,22.105,7.221,3,1392,6666
3360,30.699,23.859,6.841,3,1402,6762
3361,29.272,22.528,6.744,3,1408,6800
3362,29.613,22.813,6.800,3,1418,6902
3363,29.726,22.603,7.124,3,1422,6886
3364,29.011,22.262,6.749,3,1414,6906
3365,29.374,22.695,6.679,3,1416,6978
3366,29.838,22.972,6.866,3,1448,7212
3367,30.221,23.232,6.989,3,1434,7142
3368,29.917,23.072,6.845,3,1442,7240
3369,30.336,23.238,7.098,3,1448,7308
3370,30.392,23.459,6.933,3,1446,7306
3371,31.172,24.220,6.952,3,1444,7366
3372,31.130,24.206,6.924,3,1456,7388
3373,31.041,24.133,6.908,3,1434,7324
3374,31.443,24.332,7.112,3,1464,7520
3375,31.198,24.251,6.947,3,1460,7624
3376,31.915,24.713,7.201,3,1450,7606
3377,31.581,24.549,7.032,3,1454,7712
3378,31.929,24.791,7.139,3,1458,7864
3379,32.000,25.203,6.797,3,1458,7858
3380,31.986,25.131,6.855,3,1450,7800
3381,32.743,25.368,7.375,3,1452,7764
3382,32.246,25.285,6.961,3,1446,7738
3383,32.367,25.338,7.029,3,1450,7762
3384,32.188,25.350,6.838,3,1452,7802
3385,32.046,24.904,7.141,3,1454,7816
3386,32.617,25.376,7.241,3,1458,7910
3387,32.125,25.310,6.815,3,1448,7878
3388,32.916,25.824,7.093,3,1440,7904
3389,32.150,25.403,6.747,3,1444,7962
3390,32.005,25.138,6.868,3,1450,8020
3391,33.250,26.346,6.905,3,1440,7948
3392,33.391,26.574,6.817,3,1432,7990
3393,33.155,26.005,7.150,3,1432,8046
3394,32.962,26.088,6.874,3,1430,8060
3395,33.823,26.642,7.181,3,1448,8088
3396,32.459,25.471,6.988,3,1450,8050
3397,32.347,25.249,7.098,3,1454,7980
3398,32.128,25.237,6.891,3,1442,7910
3399,32.472,25.719,6.753,3,1438,7848
3400,31.870,24.944,6.926,3,1452,7968
3401,32.089,24.891,7.198,3,1436,7860
3402,33.735,26.736,7.000,3,1458,7986
3403,33.933,26.887,7.046,3,1448,7884
3404,34.841,27.707,7.134,3,1456,7950
3405,33.194,26.247,6.947,3,1414,7648
3406,31.505,24.662,6.843,3,1422,7720
3407,31.559,24.494,7.065,3,1416,7712
3408,31.514,24.671,6.844,3,1402,7660
3409,31.366,24.762,6.604,3,1388,7568
3410,31.372,24.689,6.683,3,1400,7666
3411,31.191,24.574,6.617,3,1382,7542
3412,31.060,24.348,6.712,3,1390,7582
3413,30.876,24.245,6.631,3,1374,7466
3414,31.031,24.396,6.634,3,1378,7504
3415,30.463,23.818,6.645,3,1344,7248
3416,30.944,24.155,6.788,3,1352,7248
3417,30.135,23.499,6.636,3,1328,7112
3418,30.010,23.634,6.376,3,1328,7174
3419,30.011,23.708,6.303,3,1320,7100
3420,30.127,23.491,6.635,3,1338,7128
3421,29.684,23.277,6.406,3,1302,6854
3422,29.546,23.007,6.539,3,1288,6880
3423,31.073,24.824,6.249,3,1298,6874
3424,29.828,23.456,6.372,3,1298,6860
3425,29.415,23.139,6.276,3,1290,6696
3426,29.815,22.977,6.838,3,1318,6840
3427,29.277,22.793,6.484,3,1312,6786
3428,28.997,22.727,6.271,3,1290,6700
3429,29.169,22.913,6.256,3,1280,6678
3430,28.836,22.502,6.334,3,1302,6720
3431,28.844,22.415,6.429,3,1294,6690
3432,28.647,22.253,6.393,3,1284,6674
3433,29.195,22.553,6.643,3,1278,6704
3434,28.512,22.179,6.332,3,1274,6710
3435,28.275,22.046,6.229,3,1252,6600
3436,27.832,21.662,6.170,3,1250,6582
3437,27.961,21.724,6.237,3,1268,6628
3438,28.034,21.932,6.102,3,1264,6644
3439,27.984,22.003,5.981,3,1246,6582
3440,27.786,21.657,6.129,3,1268,6704
3441,27.372,21.375,5.997,3,1250,6634
3442,27.954,21.704,6.250,3,1276,6680
3443,28.104,21.893,6.211,3,1262,6636
3444,28.072,21.771,6.301,3,1258,6646
3445,27.542,21.545,5.997,3,1236,6522
3446,27.533,21.430,6.103,3,1254,6580
3447,27.814,21.647,6.168,3,1240,6534
3448,27.838,21.668,6.170,3,1256,6608
3449,27.495,21.285,6.210,3,1254,6466
3450,27.825,21.569,6.256,3,1260,6478
3451,27.867,21.449,6.418,3,1254,6480
3452,27.303,21.081,6.223,3,1248,6438
3453,29.615,23.507,6.107,3,1232,6394
3454,29.553,23.193,6.360,3,1254,6530
3455,30.391,23.556,6.834,3,1254,6476
3456,29.334,23.305,6.029,3,1244,6452
3457,28.441,22.241,6.199,3,1240,6480
3458,29.498,23.473,6.026,3,1242,6496
3459,28.674,22.349,6.325,3,1258,6596
3460,28.670,22.508,6.162,3,1274,6632
3461,29.390,23.191,6.199,3,1278,6652
3462,28.134,21.946,6.188,3,1260,6564
3463,29.359,23.165,6.194,3,1272,6588
3464,28.601,22.088,6.513,3,1282,6640
3465,28.521,21.874,6.647,3,1286,6636
3466,28.607,22.184,6.423,3,1302,6728
3467,29.385,22.905,6.480,3,1312,6780
3468,28.712,22.147,6.565,3,1308,6812
3469,28.913,22.517,6.396,3,1316,6840
3470,28.925,22.436,6.489,3,1318,6834
3471,28.830,22.413,6.417,3,1316,6794
3472,29.274,22.930,6.344,3,1298,6752
3473,28.426,22.103,6.323,3,1294,6738
3474,28.200,21.961,6.239,3,1288,6726
3475,28.351,22.150,6.201,3,1276,6710
3476,28.199,22.053,6.146,3,1274,6734
3477,28.717,22.543,6.174,3,1270,6698
3478,28.239,21.886,6.353,3,1238,6620
3479,28.370,22.246,6.124,3,1266,6706
3480,28.403,21.951,6.452,3,1270,6738
3481,28.595,22.325,6.270,3,1302,6854
3482,28.471,22.112,6.359,3,1274,6806
3483,28.938,22.412,6.526,3,1286,6864
3484,29.654,23.063,6.592,3,1284,6870
3485,29.021,22.490,6.532,3,1254,6734
3486,29.345,22.821,6.524,3,1266,6752
3487,28.755,22.474,6.281,3,1266,6724
3488,29.271,22.559,6.711,3,1290,6852
3489,29.977,23.419,6.558,3,1276,6738
3490,29.396,22.730,6.667,3,1298,6858
3491,30.581,24.171,6.410,3,1274,6680
3492,29.029,22.437,6.592,3,1280,6696
3493,28.601,22.362,6.239,3,1242,6498
3494,28.720,22.364,6.355,3,1266,6550
3495,28.869,22.683,6.186,3,1234,6320
3496,28.698,22.116,6.582,3,1270,6476
3497,30.311,24.035,6.276,3,1244,6338
3498,28.893,22.277,6.617,3,1286,6542
3499,28.764,22.334,6.431,3,1254,6370
3500,28.593,21.978,6.615,3,1276,6434
3501,28.377,21.908,6.469,3,1248,6306
3502,28.261,21.941,6.320,3,1256,6342
3503,27.782,21.562,6.221,3,1238,6262
3504,28.199,21.929,6.270,3,1254,6284
3505,27.658,21.641,6.017,3,1236,6192
3506,29.316,22.945,6.371,3,1256,6198
3507,29.274,22.962,6.312,3,1248,6118
3508,29.520,23.081,6.439,3,1272,6194
3509,29.455,23.387,6.068,3,1248,6106
3510,27.718,21.474,6.244,3,1270,6200
3511,27.830,21.471,6.359,3,1252,6152
3512,28.097,21.897,6.200,3,1276,6258
3513,27.851,21.651,6.201,3,1264,6222
3514,28.093,21.835,6.257,3,1284,6354
3515,27.996,21.736,6.261,3,1274,6294
3516,27.551,21.347,6.204,3,1282,6352
3517,27.750,21.585,6.165,3,1274,6342
3518,28.566,22.139,6.427,3,1302,6542
3519,27.902,21.655,6.247,3,1290,6430
3520,28.687,21.968,6.719,3,1302,6546
3521,28.540,22.149,6.390,3,1284,6452
3522,28.535,21.956,6.579,3,1292,6516
3523,27.974,21.833,6.141,3,1272,6410
3524,29.232,22.760,6.473,3,1288,6522
3525,27.989,21.781,6.208,3,1274,6396
3526,28.180,21.489,6.691,3,1290,6472
3527,29.254,22.939,6.314,3,1274,6334
3528,28.575,21.999,6.576,3,1286,6416
3529,28.012,21.845,6.167,3,1270,6318
3530,29.508,22.610,6.898,3,1290,6402
3531,27.771,21.547,6.224,3,1274,6310
3532,28.026,21.816,6.210,3,1292,6422
3533,27.785,21.537,6.248,3,1270,6332
3534,27.991,21.592,6.399,3,1294,6376
3535,28.219,22.063,6.156,3,1278,6304
3536,27.588,21.366,6.223,3,1280,6306
3537,27.449,21.381,6.067,3,1260,6230
3538,27.445,21.346,6.098,3,1272,6224
3539,27.388,21.212,6.177,3,1258,6106
3540,27.531,21.381,6.150,3,1256,6146
3541,26.841,20.946,5.895,3,1236,6046
3542,27.299,21.300,5.999,3,1248,6146
3543,27.172,21.074,6.097,3,1242,6090
3544,27.369,21.351,6.019,3,1264,6142
3545,27.276,21.055,6.221,3,1264,6202
3546,27.431,21.359,6.072,3,1266,6248
3547,27.398,21.336,6.062,3,1262,6212
3548,27.390,21.190,6.200,3,1260,6232
3549,27.993,21.733,6.260,3,1232,6164
3550,27.792,21.423,6.369,3,1250,6218
3551,28.112,21.582,6.530,3,1272,6280
3552,28.254,21.903,6.351,3,1268,6320
3553,27.495,21.298,6.197,3,1264,6290
3554,27.968,21.712,6.256,3,1270,6380
3555,28.287,22.002,6.285,3,1268,6366
3556,28.077,21.665,6.412,3,1264,6340
3557,28.393,21.724,6.669,3,1264,6406
3558,29.323,22.901,6.422,3,1272,6456
3559,28.901,22.444,6.458,3,1268,6420
3560,33.057,26.523,6.535,3,1270,6462
3561,32.254,25.588,6.666,3,1268,6454
3562,32.367,25.735,6.632,3,1250,6386
3563,31.444,25.021,6.423,3,1252,6470
3564,33.137,26.421,6.716,3,1274,6634
3565,29.719,23.015,6.704,3,1266,6582
3566,30.155,23.869,6.286,3,1256,6580
3567,30.171,23.657,6.514,3,1262,6632
3568,28.500,22.144,6.356,3,1272,6706
3569,28.804,22.465,6.338,3,1272,6704
3570,29.374,23.043,6.331,3,1266,6672
3571,28.573,22.137,6.436,3,1262,6704
3572,28.241,22.008,6.233,3,1240,6582
3573,28.663,22.238,6.426,3,1252,6614
3574,28.927,22.604,6.323,3,1246,6608
3575,28.030,21.895,6.135,3,1238,6576
3576,28.490,22.127,6.363,3,1252,6686
3577,28.516,22.290,6.226,3,1244,6632
3578,28.333,22.097,6.237,3,1246,6640
3579,28.991,22.501,6.490,3,1236,6564
3580,28.674,22.416,6.259,3,1250,6628
3581,28.550,22.459,6.091,3,1232,6522
3582,28.254,22.092,6.162,3,1240,6556
3583,28.732,22.274,6.458,3,1230,6478
3584,28.685,22.128,6.557,3,1240,6592
3585,28.096,21.875,6.221,3,1226,6518
3586,28.009,21.883,6.126,3,1232,6598
3587,28.137,22.078,6.059,3,1222,6508
3588,28.222,21.996,6.226,3,1224,6538
3589,28.167,21.998,6.169,3,1234,6554
3590,28.698,22.454,6.244,3,1238,6580
3591,28.362,21.971,6.391,3,1222,6520
3592,28.023,21.705,6.318,3,1224,6568
3593,29.640,23.152,6.488,3,1218,6558
3594,29.031,22.332,6.699,3,1232,6562
3595,28.524,21.984,6.540,3,1206,6426
3596,29.392,23.103,6.289,3,1216,6476
3597,28.090,21.966,6.124,3,1196,6408
3598,28.835,22.286,6.549,3,1222,6474
3599,28.054,21.894,6.160,3,1206,6396
3600,28.209,21.937,6.272,3,1230,6534
3601,28.240,21.898,6.342,3,1204,6374
3602,28.147,21.949,6.198,3,1228,6480
3603,27.890,21.845,6.045,3,1204,6372
3604,28.484,22.075,6.410,3,1226,6458
3605,27.720,21.668,6.053,3,1216,6396
3606,28.085,21.863,6.222,3,1238,6506
3607,28.093,21.967,6.126,3,1220,6446
3608,28.306,21.905,6.401,3,1242,6514
3609,27.442,21.247,6.195,3,1222,6410
3610,28.062,21.875,6.187,3,1256,6602
3611,29.701,23.539,6.162,3,1234,6420
3612,30.127,23.769,6.357,3,1246,6544
3613,29.392,23.308,6.084,3,1202,6320
3614,29.351,23.001,6.350,3,1228,6438
3615,28.253,22.116,6.137,3,1228,6378
3616,27.952,21.782,6.169,3,1242,6420
3617,27.995,21.890,6.104,3,1236,6344
3618,27.861,21.714,6.146,3,1220,6302
3619,27.802,21.648,6.154,3,1238,6396
3620,27.875,21.773,6.103,3,1230,6352
3621,27.889,21.724,6.165,3,1234,6370
3622,27.533,21.451,6.082,3,1232,6372
3623,27.783,21.654,6.130,3,1234,6394
3624,28.082,21.693,6.389,3,1236,6448
3625,27.637,21.538,6.099,3,1238,6384
3626,27.837,21.735,6.102,3,1248,6482
3627,28.048,21.326,6.722,3,1232,6374
3628,28.042,21.755,6.287,3,1236,6396
3629,28.700,22.393,6.307,3,1216,6304
3630,27.826,21.765,6.061,3,1216,6376
3631,27.289,21.404,5.885,3,1202,6298
3632,27.355,21.322,6.034,3,1226,6414
3633,29.990,23.912,6.078,3,1210,6336
3634,27.792,21.678,6.114,3,1228,6416
3635,27.782,21.717,6.065,3,1216,6356
3636,28.716,22.735,5.980,3,1192,6290
3637,28.155,21.996,6.159,3,1206,6328
3638,28.657,22.442,6.216,3,1242,6496
3639,27.709,21.670,6.039,3,1214,6404
3640,28.212,21.955,6.257,3,1236,6454
3641,27.775,21.715,6.060,3,1210,6324
3642,27.980,21.881,6.100,3,1232,6472
3643,27.847,21.669,6.178,3,1184,6178
3644,27.703,21.768,5.934,3,1208,6274
3645,27.358,21.578,5.780,3,1184,6176
3646,28.925,22.368,6.557,3,1226,6350
3647,28.388,22.251,6.137,3,1202,6228
3648,28.148,21.979,6.169,3,1232,6434
3649,27.781,21.727,6.055,3,1198,6256
3650,28.309,22.251,6.058,3,1232,6370
3651,27.424,21.480,5.944,3,1202,6220
3652,28.494,22.243,6.251,3,1234,6398
3653,27.566,21.777,5.789,3,1200,6232
3654,28.025,22.014,6.011,3,1230,6360
3655,26.828,20.996,5.832,3,1204,6240
3656,28.154,22.164,5.990,3,1220,6308
3657,26.851,21.036,5.815,3,1198,6212
3658,28.181,21.815,6.366,3,1216,6298
3659,27.474,21.538,5.935,3,1200,6208
3660,27.512,21.586,5.926,3,1216,6260
3661,26.749,20.953,5.797,3,1200,6160
3662,27.738,21.741,5.997,3,1232,6324
3663,26.985,21.014,5.971,3,1212,6234
3664,28.120,22.020,6.101,3,1242,6350
3665,28.923,22.914,6.009,3,1222,6250
3666,29.925,23.666,6.258,3,1246,6386
3667,29.425,23.246,6.178,3,1230,6286
3668,30.450,23.580,6.870,3,1258,6408
3669,28.374,22.342,6.032,3,1240,6320
3670,27.896,21.711,6.185,3,1248,6368
3671,27.159,21.090,6.069,3,1236,6314
3672,28.364,22.151,6.213,3,1266,6402
3673,26.713,20.672,6.041,3,1248,6326
3674,27.658,21.513,6.146,3,1268,6392
3675,27.337,21.010,6.327,3,1286,6448
3676,27.483,21.027,6.457,3,1302,6556
3677,27.317,21.129,6.188,3,1276,6456
3678,27.779,21.331,6.448,3,1302,6510
3679,27.851,21.484,6.367,3,1320,6572
3680,28.158,21.879,6.280,3,1306,6524
3681,27.656,21.297,6.359,3,1310,6578
3682,27.335,21.108,6.227,3,1314,6546
3683,28.460,21.914,6.546,3,1328,6696
3684,28.292,21.883,6.409,3,1334,6730
3685,28.302,21.910,6.392,3,1342,6800
3686,28.485,22.123,6.363,3,1336,6760
3687,28.772,22.383,6.389,3,1342,6850
3688,29.318,22.776,6.542,3,1338,6856
3689,28.740,22.293,6.447,3,1320,6790
3690,29.559,22.752,6.807,3,1354,6966
3691,28.891,22.403,6.488,3,1342,6838
3692,28.984,22.480,6.504,3,1348,6900
3693,29.481,22.569,6.913,3,1360,6916
3694,30.390,23.076,7.314,3,1400,7096
3695,30.397,23.352,7.045,3,1416,7106
3696,29.882,23.104,6.779,3,1398,7032
3697,29.539,22.842,6.696,3,1394,6964
3698,29.525,22.611,6.913,3,1402,6988
3699,29.587,22.838,6.749,3,1394,6968
3700,29.588,22.846,6.742,3,1396,6998
3701,30.136,23.351,6.784,3,1378,6892
3702,29.044,22.180,6.863,3,1390,6936
3703,30.868,24.003,6.865,3,1384,6926
3704,29.820,22.971,6.848,3,1394,6892
3705,29.557,22.672,6.885,3,1410,6970
3706,30.020,23.059,6.961,3,1418,6970
3707,30.455,23.460,6.994,3,1424,6994
3708,30.594,23.399,7.195,3,1442,7124
3709,30.341,23.330,7.012,3,1402,6978
3710,31.118,24.038,7.080,3,1432,7076
3711,31.133,23.675,7.458,3,1440,7082
3712,31.983,24.726,7.258,3,1438,7090
3713,33.289,26.205,7.084,3,1412,6878
3714,33.261,25.892,7.369,3,1424,6936
3715,30.892,23.535,7.356,3,1410,6838
3716,33.196,25.845,7.351,3,1424,6884
3717,33.760,26.246,7.514,3,1404,6790
3718,33.371,26.166,7.205,3,1428,6856
3719,31.731,24.521,7.210,3,1408,6770
3720,32.430,23.553,8.878,3,1410,6782
3721,30.476,23.394,7.083,3,1402,6712
3722,30.918,23.927,6.991,3,1402,6738
3723,30.326,23.390,6.937,3,1380,6700
3724,29.837,22.970,6.868,3,1388,6700
3725,29.073,22.264,6.809,3,1374,6644
3726,29.417,22.439,6.978,3,1374,6596
3727,28.665,22.077,6.588,3,1364,6482
3728,29.147,22.117,7.030,3,1372,6536
3729,28.680,22.027,6.653,3,1366,6528
3730,28.922,22.180,6.742,3,1366,6554
3731,28.620,21.902,6.717,3,1370,6620
3732,27.944,21.478,6.466,3,1342,6502
3733,28.385,21.551,6.834,3,1352,6578
3734,28.668,22.037,6.631,3,1346,6554
3735,30.476,23.792,6.683,3,1348,6558
3736,28.970,22.183,6.787,3,1348,6560
3737,28.881,22.046,6.835,3,1384,6714
3738,29.685,23.040,6.645,3,1368,6694
3739,29.315,22.636,6.678,3,1366,6700
3740,30.276,23.520,6.756,3,1396,6824
3741,29.900,23.041,6.859,3,1360,6692
3742,29.685,22.680,7.005,3,1354,6604
3743,29.372,22.579,6.793,3,1370,6666
3744,29.114,22.345,6.769,3,1392,6724
3745,28.736,21.964,6.773,3,1378,6628
3746,28.137,21.511,6.626,3,1358,6536
3747,28.406,21.836,6.569,3,1356,6532
3748,28.552,21.838,6.714,3,1350,6492
3749,28.090,21.420,6.670,3,1356,6534
3750,28.231,21.704,6.527,3,1344,6470
3751,27.879,21.461,6.419,3,1340,6464
3752,27.419,20.800,6.618,3,1334,6418
3753,27.649,21.124,6.526,3,1344,6476
3754,27.851,21.075,6.776,3,1356,6546
3755,27.473,20.900,6.573,3,1350,6474
3756,27.632,21.029,6.603,3,1332,6378
3757,27.647,21.095,6.552,3,1332,6366
3758,28.193,21.710,6.483,3,1360,6500
3759,28.232,21.466,6.766,3,1358,6494
3760,27.470,20.891,6.579,3,1342,6500
3761,27.627,20.964,6.663,3,1340,6478
3762,27.718,21.170,6.548,3,1332,6434
3763,27.699,21.104,6.595,3,1328,6430
3764,27.841,21.217,6.624,3,1356,6522
3765,28.083,21.366,6.716,3,1366,6546
3766,28.224,21.634,6.591,3,1338,6452
3767,27.565,20.886,6.679,3,1342,6442
3768,31.237,24.407,6.830,3,1342,6514
3769,29.707,22.925,6.782,3,1356,6570
3770,30.625,23.564,7.061,3,1348,6558
3771,31.745,25.018,6.727,3,1336,6482
3772,28.323,21.672,6.651,3,1344,6504
3773,27.607,21.179,6.428,3,1334,6432
3774,27.989,21.297,6.692,3,1338,6462
3775,27.926,21.453,6.473,3,1328,6442
3776,27.723,21.224,6.499,3,1322,6412
3777,27.813,21.245,6.568,3,1314,6430
3778,28.533,21.934,6.599,3,1342,6554
3779,29.007,22.241,6.767,3,1346,6558
3780,28.186,21.597,6.590,3,1318,6410
3781,27.632,21.063,6.569,3,1314,6366
3782,27.969,21.293,6.675,3,1332,6448
3783,28.052,21.529,6.523,3,1340,6520
3784,27.834,21.307,6.527,3,1324,6432
3785,28.387,21.510,6.877,3,1340,6504
3786,28.024,21.378,6.646,3,1346,6502
3787,28.117,21.528,6.589,3,1342,6528
3788,27.748,21.134,6.614,3,1356,6540
3789,28.197,21.395,6.802,3,1352,6534
3790,27.805,21.164,6.640,3,1322,6424
3791,27.375,21.028,6.347,3,1314,6370
3792,27.866,21.366,6.501,3,1344,6476
3793,27.711,21.176,6.535,3,1322,6312
3794,27.799,21.139,6.660,3,1318,6298
3795,27.452,20.936,6.516,3,1304,6282
3796,27.563,21.055,6.508,3,1312,6330
3797,27.522,20.850,6.672,3,1298,6270
3798,27.701,21.140,6.561,3,1294,6268
3799,27.135,20.815,6.319,3,1294,6206
3800,27.076,20.819,6.257,3,1294,6174
3801,27.157,20.907,6.249,3,1294,6180
3802,27.075,20.773,6.301,3,1294,6206
3803,26.799,20.635,6.164,3,1280,6084
3804,26.935,20.542,6.393,3,1272,6104
3805,26.829,20.397,6.431,3,1258,6020
3806,28.447,22.042,6.405,3,1250,6052
3807,29.117,22.940,6.177,3,1266,6090
3808,28.175,21.852,6.322,3,1256,6112
3809,26.889,20.700,6.189,3,1248,6068
3810,27.071,20.896,6.175,3,1262,6136
3811,26.794,20.606,6.188,3,1260,6144
3812,27.959,21.764,6.195,3,1234,6054
3813,26.814,20.678,6.136,3,1230,6068
3814,27.065,20.888,6.177,3,1236,6076
3815,27.025,20.892,6.133,3,1232,6068
3816,26.671,20.589,6.082,3,1204,5976
3817,26.628,20.445,6.183,3,1200,5938
3818,26.521,20.440,6.081,3,1212,6074
3819,26.333,20.368,5.965,3,1206,5956
3820,26.679,20.749,5.930,3,1200,6006
3821,26.282,20.306,5.976,3,1194,5938
3822,26.957,20.785,6.173,3,1182,5946
3823,27.877,21.979,5.899,3,1174,5860
3824,27.582,21.706,5.876,3,1182,5966
3825,27.611,21.699,5.912,3,1170,5908
3826,28.300,22.459,5.841,3,1152,5848
3827,25.637,19.924,5.714,3,1142,5786
3828,26.364,20.576,5.788,3,1166,5912
3829,25.810,20.120,5.690,3,1160,5836
3830,26.548,20.577,5.971,3,1176,5878
3831,26.325,20.572,5.753,3,1172,5892
3832,26.588,20.324,6.264,3,1158,5878
3833,25.922,20.163,5.759,3,1150,5810
3834,26.223,20.389,5.834,3,1166,5878
3835,26.622,20.846,5.776,3,1162,5892
3836,26.340,20.514,5.826,3,1202,5974
3837,26.373,20.526,5.846,3,1208,6004
3838,27.023,20.936,6.087,3,1240,6182
3839,26.877,20.893,5.984,3,1238,6196
3840,27.040,20.977,6.063,3,1232,6194
3841,27.191,20.984,6.206,3,1236,6234
3842,28.020,21.225,6.795,3,1252,6304
3843,29.781,23.276,6.505,3,1238,6206
3844,27.456,21.144,6.312,3,1240,6228
3845,27.343,21.235,6.109,3,1238,6214
3846,28.569,22.380,6.189,3,1230,6234
3847,27.897,21.793,6.104,3,1268,6388
3848,28.464,22.199,6.265,3,1278,6534
3849,30.070,23.681,6.388,3,1276,6530
3850,30.114,23.618,6.497,3,1296,6674
3851,29.025,22.628,6.397,3,1300,6680
3852,29.085,22.644,6.441,3,1302,6708
3853,29.418,23.167,6.251,3,1288,6658
3854,29.674,23.070,6.604,3,1320,6856
3855,28.961,22.560,6.401,3,1306,6708
3856,28.918,22.581,6.337,3,1318,6818
3857,28.872,22.533,6.339,3,1318,6862
3858,29.333,23.089,6.245,3,1298,6818
3859,28.785,22.508,6.277,3,1300,6858
3860,28.509,22.203,6.306,3,1302,6868
3861,29.140,22.641,6.499,3,1282,6880
3862,29.222,22.557,6.666,3,1304,6960
3863,29.166,22.749,6.417,3,1298,6920
3864,28.990,22.490,6.499,3,1310,6940
3865,28.982,22.587,6.395,3,1310,6962
3866,29.855,23.224,6.630,3,1360,7112
3867,29.781,23.181,6.599,3,1368,7132
3868,29.436,22.901,6.535,3,1370,7148
3869,29.443,23.011,6.433,3,1344,6976
3870,29.478,22.991,6.488,3,1340,7030
3871,29.443,23.073,6.370,3,1354,7028
3872,28.937,22.477,6.460,3,1360,7056
3873,28.741,22.392,6.350,3,1344,6910
3874,29.239,22.843,6.396,3,1350,6958
3875,29.597,23.088,6.509,3,1354,6952
3876,32.258,25.779,6.479,3,1356,7042
3877,29.373,22.546,6.827,3,1354,7008
3878,31.661,25.269,6.392,3,1332,6986
3879,29.147,22.744,6.403,3,1344,7016
3880,31.177,24.750,6.427,3,1346,7044
3881,30.594,24.030,6.564,3,1364,7096
3882,29.285,22.613,6.672,3,1374,7160
3883,31.323,24.422,6.901,3,1376,7106
3884,29.802,23.018,6.784,3,1384,7156
3885,30.025,23.096,6.929,3,1378,7170
3886,29.586,22.833,6.753,3,1378,7198
3887,29.277,22.670,6.608,3,1380,7214
3888,29.940,23.082,6.858,3,1368,7206
3889,29.227,22.780,6.446,3,1350,7098
3890,29.566,23.126,6.441,3,1342,7100
3891,28.967,22.587,6.380,3,1346,7066
3892,29.263,22.950,6.314,3,1336,7072
3893,29.340,22.573,6.768,3,1334,7062
3894,29.348,22.832,6.516,3,1344,7204
3895,30.192,23.764,6.428,3,1326,7106
3896,29.033,22.529,6.504,3,1330,7124
3897,28.684,22.328,6.356,3,1322,7048
3898,29.602,22.807,6.796,3,1324,7012
3899,29.353,22.919,6.433,3,1314,6910
3900,28.755,22.470,6.285,3,1300,6790
3901,28.975,22.510,6.465,3,1292,6788
3902,29.128,22.760,6.369,3,1300,6818
3903,28.614,22.386,6.229,3,1290,6752
3904,28.484,22.243,6.242,3,1276,6684
3905,28.420,22.201,6.219,3,1272,6680
3906,28.666,22.328,6.337,3,1286,6724
3907,28.320,22.068,6.252,3,1286,6662
3908,28.122,21.977,6.145,3,1260,6664
3909,28.543,22.305,6.239,3,1264,6604
3910,28.052,21.707,6.345,3,1254,6652
3911,30.051,23.373,6.678,3,1242,6512
3912,28.520,22.324,6.196,3,1234,6530
3913,28.221,22.189,6.032,3,1226,6472
3914,27.383,21.415,5.969,3,1228,6456
3915,27.393,21.514,5.879,3,1216,6374
3916,27.651,21.655,5.996,3,1224,6406
3917,28.201,22.350,5.850,3,1210,6290
3918,28.887,22.951,5.935,3,1182,6210
3919,27.117,21.239,5.878,3,1154,6114
3920,27.240,21.407,5.833,3,1190,6308
3921,27.101,21.249,5.852,3,1190,6290
3922,27.375,21.558,5.817,3,1188,6364
3923,27.531,21.699,5.833,3,1188,6324
3924,27.889,21.786,6.103,3,1190,6358
3925,27.559,21.599,5.960,3,1198,6370
3926,27.869,21.643,6.226,3,1216,6462
3927,29.087,22.958,6.129,3,1216,6470
3928,29.495,23.026,6.469,3,1206,6444
3929,27.914,21.886,6.028,3,1198,6402
3930,28.353,22.235,6.118,3,1202,6370
3931,28.390,22.435,5.955,3,1196,6304
3932,27.371,21.442,5.929,3,1202,6350
3933,26.810,20.929,5.881,3,1160,6046
3934,27.245,21.323,5.922,3,1182,6146
3935,26.872,21.022,5.850,3,1198,6162
3936,27.263,21.255,6.008,3,1206,6250
3937,27.523,21.180,6.343,3,1204,6206
3938,26.892,21.008,5.884,3,1204,6248
3939,26.978,21.059,5.919,3,1200,6212
3940,26.932,20.891,6.041,3,1198,6220
3941,27.392,21.406,5.986,3,1202,6240
3942,26.975,20.867,6.108,3,1186,6130
3943,26.973,21.052,5.921,3,1190,6142
3944,27.183,21.000,6.184,3,1200,6214
3945,27.417,21.274,6.143,3,1208,6264
3946,27.276,21.084,6.192,3,1226,6324
3947,27.632,21.531,6.102,3,1222,6308
3948,28.945,22.898,6.047,3,1196,6248
3949,26.915,20.983,5.932,3,1174,6118
3950,27.440,21.361,6.079,3,1212,6266
3951,26.787,20.813,5.975,3,1208,6252
3952,27.017,20.952,6.065,3,1196,6190
3953,27.067,21.212,5.856,3,1186,6054
3954,26.910,21.037,5.873,3,1190,6100
3955,26.211,20.455,5.756,3,1176,6048
3956,26.007,20.196,5.811,3,1176,6086
3957,26.376,20.392,5.984,3,1180,6130
3958,26.944,20.856,6.088,3,1178,6118
3959,27.126,21.051,6.075,3,1188,6162
3960,26.826,20.875,5.951,3,1210,6316
3961,26.945,20.939,6.006,3,1216,6354
3962,27.717,21.452,6.265,3,1222,6400
3963,27.745,21.629,6.116,3,1226,6386
3964,27.758,21.404,6.354,3,1244,6462
3965,27.358,21.260,6.098,3,1232,6392
3966,27.821,21.324,6.497,3,1260,6476
3967,27.363,21.197,6.166,3,1246,6334
3968,28.505,22.118,6.387,3,1244,6346
3969,27.614,21.375,6.240,3,1240,6318
3970,27.270,21.121,6.148,3,1244,6334
3971,26.961,20.824,6.137,3,1246,6358
3972,27.384,21.174,6.210,3,1246,6400
3973,27.305,21.266,6.039,3,1232,6388
3974,27.017,20.995,6.022,3,1242,6438
3975,27.195,21.154,6.040,3,1242,6416
3976,27.178,21.040,6.139,3,1226,6352
3977,26.889,20.883,6.006,3,1222,6296
3978,26.839,20.767,6.073,3,1202,6222
3979,26.881,20.863,6.018,3,1200,6186
3980,28.243,22.187,6.057,3,1198,6218
3981,29.477,23.449,6.028,3,1200,6206
3982,28.882,22.662,6.220,3,1242,6380
3983,30.129,23.587,6.542,3,1238,6404
3984,29.648,23.164,6.484,3,1252,6394
3985,31.444,25.132,6.312,3,1240,6324
3986,30.169,23.464,6.704,3,1242,6302
3987,30.099,23.815,6.283,3,1244,6310
3988,29.363,22.923,6.440,3,1240,6290
3989,28.974,22.617,6.357,3,1236,6264
3990,28.708,22.117,6.590,3,1234,6262
3991,28.225,22.004,6.221,3,1236,6340
3992,28.863,22.666,6.198,3,1242,6418
3993,27.255,21.053,6.202,3,1228,6334
3994,27.301,21.212,6.089,3,1248,6416
3995,28.704,22.522,6.183,3,1240,6364
3996,27.038,20.900,6.138,3,1254,6378
3997,26.963,20.841,6.122,3,1238,6272
3998,26.770,20.583,6.187,3,1228,6208
3999,27.144,21.101,6.043,3,1252,6282
4000,27.053,20.770,6.283,3,1272,6380
4001,27.141,20.884,6.257,3,1274,6390
4002,27.139,20.854,6.285,3,1272,6406
4003,27.845,21.725,6.120,3,1270,6382
4004,27.316,21.066,6.250,3,1268,6398
4005,27.741,21.051,6.690,3,1268,6386
4006,26.875,20.664,6.210,3,1236,6224
4007,26.583,20.789,5.793,3,1182,6050
4008,26.217,20.521,5.695,3,1172,5982
4009,27.217,21.034,6.183,3,1206,6178
4010,27.945,21.895,6.050,3,1238,6332
4011,28.350,22.264,6.085,3,1242,6388
4012,27.901,21.854,6.048,3,1226,6230
4013,27.665,21.281,6.384,3,1228,6186
4014,27.333,21.386,5.947,3,1214,6134
4015,27.264,21.232,6.031,3,1214,6058
4016,26.882,21.067,5.815,3,1206,6044
4017,27.133,21.044,6.089,3,1200,5962
4018,27.091,21.159,5.933,3,1194,5934
4019,27.467,21.605,5.862,3,1196,5976
4020,27.804,21.977,5.826,3,1180,5938
4021,26.375,20.647,5.728,3,1156,5878
4022,26.015,20.483,5.532,3,1144,5844
4023,26.595,20.876,5.719,3,1148,5868
4024,26.485,20.837,5.648,3,1146,5834
4025,26.507,20.765,5.742,3,1162,5856
4026,26.410,20.745,5.665,3,1160,5836
4027,26.558,20.943,5.615,3,1166,5834
4028,27.152,21.570,5.582,3,1154,5836
4029,26.410,20.761,5.649,3,1154,5864
4030,27.121,20.938,6.183,3,1144,5838
4031,26.281,20.694,5.588,3,1156,5914
4032,26.489,20.782,5.707,3,1128,5800
4033,26.583,20.973,5.610,3,1136,5802
4034,25.807,20.284,5.524,3,1126,5754
4035,26.245,20.669,5.576,3,1134,5762
4036,26.273,20.853,5.420,3,1120,5706
4037,27.544,22.024,5.520,3,1130,5754
4038,27.979,22.409,5.570,3,1120,5768
4039,27.884,22.380,5.504,3,1134,5842
4040,28.523,22.868,5.655,3,1130,5842
4041,27.620,22.103,5.518,3,1136,5824
4042,26.560,21.029,5.531,3,1126,5794
4043,26.405,20.816,5.589,3,1146,5900
4044,27.732,21.801,5.931,3,1150,5948
4045,26.389,20.808,5.581,3,1152,5954
4046,26.332,20.801,5.531,3,1150,5906
4047,26.437,20.771,5.666,3,1162,5932
4048,26.422,20.849,5.573,3,1156,5908
4049,26.933,21.096,5.837,3,1168,5996
4050,26.120,20.417,5.703,3,1164,5948
4051,26.664,20.969,5.695,3,1174,6010
4052,26.212,20.593,5.619,3,1168,5986
4053,26.961,21.106,5.855,3,1174,5980
4054,26.453,20.799,5.654,3,1156,5926
4055,26.886,21.144,5.742,3,1160,5956
4056,26.612,21.029,5.583,3,1150,5920
4057,26.643,20.694,5.949,3,1156,5942
4058,28.265,22.462,5.803,3,1160,5926
4059,27.055,21.291,5.764,3,1160,5952
4060,26.575,20.980,5.595,3,1142,5918
4061,26.511,20.963,5.548,3,1122,5842
4062,25.836,20.412,5.425,3,1100,5756
4063,26.467,20.924,5.543,3,1124,5808
4064,26.034,20.651,5.382,3,1120,5734
4065,26.343,20.952,5.391,3,1122,5752
4066,26.533,20.691,5.842,3,1116,5716
4067,26.601,20.953,5.648,3,1126,5728
4068,26.782,21.239,5.543,3,1108,5682
4069,26.203,20.772,5.431,3,1120,5744
4070,26.239,20.734,5.506,3,1114,5744
4071,27.001,21.428,5.573,3,1134,5858
4072,26.534,21.015,5.519,3,1136,5882
4073,26.384,20.568,5.816,3,1138,5868
4074,26.950,21.335,5.615,3,1146,5870
4075,25.897,20.370,5.527,3,1142,5792
4076,26.357,20.907,5.449,3,1126,5792
4077,26.215,20.604,5.611,3,1128,5812
4078,26.236,20.812,5.425,3,1120,5820
4079,26.189,20.648,5.541,3,1126,5862
4080,26.296,20.568,5.728,3,1110,5794
4081,25.776,20.363,5.414,3,1114,5848
4082,25.835,20.439,5.396,3,1108,5782
4083,26.060,20.542,5.519,3,1116,5858
4084,26.020,20.578,5.442,3,1114,5870
4085,26.037,20.568,5.470,3,1136,5916
4086,25.766,20.298,5.467,3,1118,5850
4087,26.146,20.697,5.449,3,1134,5908
4088,25.655,20.176,5.479,3,1132,5806
4089,26.431,20.820,5.612,3,1136,5854
4090,25.936,20.504,5.431,3,1128,5794
4091,26.317,20.683,5.634,3,1134,5814
4092,26.814,20.885,5.929,3,1124,5746
4093,26.332,20.622,5.710,3,1126,5786
4094,27.968,22.420,5.548,3,1110,5728
4095,27.487,21.646,5.841,3,1122,5730
4096,29.320,23.790,5.531,3,1118,5746
4097,28.230,22.298,5.932,3,1110,5786
4098,26.125,20.694,5.431,3,1102,5708
4099,25.977,20.667,5.310,3,1104,5712
4100,25.675,20.361,5.314,3,1098,5670
4101,25.635,20.335,5.300,3,1096,5668
4102,25.459,20.144,5.315,3,1082,5628
4103,26.156,20.845,5.311,3,1084,5664
4104,25.164,19.992,5.172,3,1066,5568
4105,25.826,20.696,5.130,3,1064,5610
4106,25.875,20.659,5.216,3,1066,5630
4107,26.056,20.509,5.548,3,1066,5566
4108,25.250,19.925,5.325,3,1054,5550
4109,25.369,20.184,5.185,3,1066,5552
4110,25.756,20.174,5.582,3,1044,5514
4111,25.444,20.284,5.160,3,1054,5576
4112,25.569,20.464,5.105,3,1050,5546
4113,25.139,19.991,5.148,3,1056,5580
4114,24.859,19.604,5.255,3,1048,5582
4115,25.625,20.370,5.255,3,1058,5628
4116,25.091,19.933,5.158,3,1046,5586
4117,25.916,20.341,5.575,3,1052,5568
4118,25.770,20.321,5.449,3,1048,5554
4119,25.937,20.578,5.358,3,1060,5596
4120,25.403,20.004,5.399,3,1060,5636
4121,25.419,20.126,5.293,3,1076,5734
4122,26.764,21.567,5.198,3,1068,5736
4123,25.770,20.386,5.384,3,1080,5780
4124,25.454,20.127,5.327,3,1090,5764
4125,27.070,21.647,5.423,3,1072,5656
4126,27.561,21.938,5.622,3,1072,5678
4127,27.686,21.919,5.768,3,1108,5804
4128,26.810,21.396,5.414,3,1106,5752
4129,28.146,22.291,5.855,3,1168,5842
4130,28.401,22.377,6.024,3,1172,5852
4131,27.054,21.139,5.915,3,1194,5962
4132,26.491,20.557,5.934,3,1184,5872
4133,28.967,22.641,6.326,3,1218,6092
4134,26.682,20.788,5.895,3,1210,6028
4135,27.684,21.590,6.094,3,1234,6146
4136,26.882,20.967,5.915,3,1210,6038
4137,26.545,20.588,5.957,3,1234,6142
4138,26.661,20.652,6.009,3,1224,6100
4139,27.054,20.844,6.210,3,1248,6160
4140,26.773,20.783,5.990,3,1228,6114
4141,27.497,21.424,6.073,3,1254,6212
4142,27.091,20.960,6.132,3,1244,6238
4143,28.276,22.066,6.210,3,1270,6392
4144,28.231,22.116,6.115,3,1254,6350
4145,28.777,22.647,6.130,3,1264,6386
4146,29.297,23.065,6.233,3,1258,6394
4147,28.471,22.266,6.205,3,1256,6438
4148,28.817,22.611,6.206,3,1244,6464
4149,29.035,22.739,6.296,3,1234,6388
4150,29.190,23.073,6.117,3,1230,6420
4151,29.964,23.790,6.174,3,1246,6474
4152,29.916,23.795,6.121,3,1226,6386
4153,29.021,22.756,6.265,3,1238,6478
4154,29.237,23.204,6.034,3,1194,6264
4155,27.917,21.297,6.621,3,1220,6348
4156,27.245,21.016,6.229,3,1188,6186
4157,28.767,22.806,5.961,3,1208,6246
4158,26.778,20.842,5.935,3,1178,6130
4159,27.480,21.318,6.162,3,1206,6268
4160,29.690,23.681,6.008,3,1178,6132
4161,27.456,21.278,6.178,3,1210,6228
4162,27.543,21.328,6.214,3,1200,6218
4163,27.628,21.459,6.169,3,1228,6302
4164,28.682,22.687,5.995,3,1210,6278
4165,27.370,21.314,6.056,3,1220,6362
4166,27.112,21.159,5.953,3,1182,6162
4167,27.227,21.163,6.064,3,1222,6310
4168,26.697,20.763,5.934,3,1192,6178
4169,27.042,20.883,6.159,3,1218,6298
4170,28.974,23.111,5.863,3,1182,6130
4171,26.477,20.505,5.973,3,1204,6210
4172,26.945,20.981,5.964,3,1198,6162
4173,28.305,22.300,6.005,3,1228,6706
4174,28.400,22.517,5.883,3,1210,6642
4175,29.477,23.459,6.018,3,1222,6720
4176,28.139,22.291,5.848,3,1190,6586
4177,28.463,22.547,5.916,3,1202,6614
4178,28.368,22.354,6.014,3,1184,6542
4179,28.553,22.525,6.028,3,1220,6664
4180,28.569,22.450,6.119,3,1194,6538
4181,28.626,22.477,6.149,3,1230,6656
4182,29.015,22.982,6.032,3,1208,6584
4183,28.767,22.593,6.174,3,1234,6714
4184,28.155,22.221,5.934,3,1210,6576
4185,28.405,22.364,6.041,3,1204,6550
4186,28.004,22.068,5.936,3,1182,6480
4187,28.482,22.295,6.187,3,1208,6586
4188,28.276,22.286,5.991,3,1180,6498
4189,28.490,22.253,6.237,3,1184,6528
4190,27.785,21.978,5.807,3,1160,6436
4191,28.047,22.151,5.896,3,1216,6626
4192,28.725,22.906,5.819,3,1206,6590
4193,28.435,22.574,5.861,3,1208,6602
4194,27.716,21.997,5.719,3,1180,6448
4195,28.387,22.040,6.348,3,1224,6644
4196,28.160,22.337,5.823,3,1192,6470
4197,28.321,22.300,6.021,3,1218,6548
4198,28.009,22.243,5.765,3,1196,6452
4199,28.368,22.424,5.944,3,1214,6544
4200,27.750,21.961,5.788,3,1198,6446
4201,28.523,22.248,6.275,3,1212,6514
4202,28.445,22.556,5.889,3,1190,6366
4203,28.309,22.183,6.127,3,1210,6428
4204,32.454,26.365,6.089,3,1200,6438
4205,29.216,23.297,5.919,3,1198,6430
4206,29.132,23.373,5.759,3,1196,6408
4207,30.195,24.143,6.052,3,1236,6526
4208,28.084,22.137,5.947,3,1214,6442
4209,28.434,22.438,5.997,3,1240,6510
4210,28.343,22.476,5.868,3,1214,6424
4211,28.292,22.395,5.896,3,1216,6418
4212,28.474,22.385,6.089,3,1190,6350
4213,28.134,21.937,6.198,3,1224,6422
4214,27.879,22.034,5.845,3,1212,6380
4215,27.719,21.726,5.993,3,1204,6268
4216,27.587,21.835,5.751,3,1184,6228
4217,28.008,21.966,6.042,3,1218,6282
4218,27.486,21.640,5.847,3,1198,6228
4219,27.867,22.055,5.812,3,1216,6268
4220,27.984,22.270,5.714,3,1186,6188
4221,28.093,21.965,6.128,3,1206,6288
4222,27.553,21.734,5.818,3,1178,6274
4223,27.831,21.834,5.998,3,1198,6414
4224,27.575,21.767,5.807,3,1184,6288
4225,28.408,22.273,6.136,3,1198,6416
4226,27.891,21.974,5.917,3,1176,6318
4227,27.964,22.078,5.886,3,1196,6424
4228,27.962,22.238,5.724,3,1182,6358
4229,27.974,22.105,5.869,3,1202,6502
4230,29.297,23.522,5.775,3,1180,6388
4231,29.202,23.385,5.817,3,1176,6406
4232,28.887,23.245,5.642,3,1152,6288
4233,27.839,21.911,5.928,3,1188,6496
4234,27.166,21.461,5.705,3,1170,6366
4235,27.778,22.039,5.739,3,1190,6434
4236,27.454,21.748,5.706,3,1166,6326
4237,27.893,22.108,5.785,3,1184,6416
4238,27.610,21.730,5.879,3,1170,6322
4239,27.520,21.662,5.858,3,1192,6442
4240,27.327,21.599,5.727,3,1168,6298
4241,29.825,23.930,5.895,3,1192,6424
4242,27.665,21.914,5.750,3,1172,6332
4243,27.795,21.672,6.122,3,1196,6406
4244,27.575,21.624,5.952,3,1174,6266
4245,27.514,21.578,5.936,3,1198,6370
4246,27.313,21.520,5.793,3,1182,6294
4247,28.218,22.121,6.097,3,1212,6438
4248,28.249,22.302,5.947,3,1176,6260
4249,27.822,21.812,6.010,3,1206,6384
4250,28.001,21.737,6.264,3,1196,6322
4251,28.178,22.030,6.147,3,1230,6490
4252,27.574,21.743,5.831,3,1198,6390
4253,28.020,21.765,6.255,3,1214,6450
4254,29.412,23.464,5.948,3,1196,6410
4255,29.118,22.760,6.358,3,1266,6714
4256,28.212,21.995,6.218,3,1242,6590
4257,30.511,24.005,6.506,3,1276,6786
4258,31.314,24.925,6.389,3,1266,6774
4259,30.687,24.298,6.390,3,1266,6732
4260,30.381,23.836,6.545,3,1256,6686
4261,29.751,22.981,6.770,3,1316,6960
4262,28.907,22.601,6.306,3,1290,6784
4263,29.271,22.773,6.498,3,1310,6850
4264,28.590,22.255,6.336,3,1290,6732
4265,29.063,22.602,6.461,3,1314,6826
4266,28.733,22.266,6.467,3,1294,6710
4267,28.689,22.253,6.436,3,1310,6734
4268,29.613,23.251,6.362,3,1284,6738
4269,28.880,22.607,6.272,3,1296,6708
4270,29.013,22.814,6.199,3,1284,6678
4271,29.817,23.315,6.502,3,1314,6864
4272,29.715,23.245,6.469,3,1318,6858
4273,29.736,23.050,6.686,3,1340,6992
4274,29.298,22.797,6.501,3,1336,7000
4275,31.523,25.035,6.488,3,1340,7050
4276,29.259,22.962,6.297,3,1316,6968
4277,29.152,22.711,6.441,3,1328,7032
4278,30.105,23.581,6.524,3,1316,6964
4279,29.934,23.374,6.559,3,1340,7014
4280,30.223,23.876,6.347,3,1318,6950
4281,30.389,23.898,6.490,3,1348,7072
4282,30.854,24.503,6.351,3,1322,6984
4283,30.053,23.578,6.475,3,1344,7064
4284,29.409,23.178,6.231,3,1300,6892
4285,29.559,23.190,6.368,3,1328,7020
4286,29.409,23.061,6.348,3,1304,6864
4287,29.490,23.088,6.402,3,1338,6996
4288,28.930,22.667,6.263,3,1298,6830
4289,29.574,23.306,6.268,3,1316,6872
4290,29.421,23.197,6.224,3,1300,6858
4291,29.916,23.428,6.489,3,1330,6992
4292,29.552,23.090,6.462,3,1292,6914
4293,30.280,23.667,6.612,3,1338,7114
4294,30.525,24.086,6.439,3,1310,7006
4295,30.040,23.390,6.650,3,1332,7064
4296,29.933,23.450,6.482,3,1328,7016
4297,30.163,23.654,6.509,3,1356,7162
4298,29.545,22.835,6.710,3,1318,6926
4299,29.837,23.406,6.431,3,1350,7068
4300,29.496,23.136,6.360,3,1334,6960
4301,29.254,22.669,6.585,3,1352,7064
4302,28.739,22.495,6.245,3,1316,6868
4303,29.230,22.754,6.477,3,1354,7054
4304,29.099,22.866,6.233,3,1312,6872
4305,29.297,22.753,6.544,3,1346,6982
4306,29.282,22.956,6.326,3,1322,6860
4307,29.509,22.884,6.625,3,1350,6988
4308,30.857,24.445,6.412,3,1322,6878
4309,34.918,28.467,6.451,3,1342,6944
4310,33.385,26.894,6.491,3,1336,6932
4311,31.306,24.863,6.443,3,1334,6936
4312,29.700,23.088,6.612,3,1318,6898
4313,29.201,22.688,6.513,3,1328,6980
4314,29.680,23.144,6.536,3,1322,6986
4315,30.044,23.468,6.576,3,1338,7046
4316,30.591,24.135,6.456,3,1320,6916
4317,29.899,23.378,6.522,3,1320,6770
4318,29.288,22.871,6.417,3,1306,6698
4319,30.036,23.561,6.474,3,1348,6922
4320,29.484,23.119,6.365,3,1330,6848
4321,29.708,23.218,6.490,3,1358,6962
4322,29.980,23.598,6.382,3,1330,6828
4323,29.869,23.291,6.578,3,1358,6986
4324,29.848,23.180,6.668,3,1330,6902
4325,30.236,23.443,6.793,3,1360,7050
4326,29.433,22.984,6.449,3,1338,6964
4327,29.530,23.126,6.404,3,1330,6978
4328,29.178,22.843,6.334,3,1322,6936
4329,29.396,22.878,6.518,3,1352,7036
4330,29.445,22.973,6.472,3,1342,6998
4331,29.636,23.117,6.519,3,1362,7088
4332,29.441,22.961,6.480,3,1342,7014
4333,29.567,22.843,6.724,3,1362,7054
4334,28.961,22.511,6.450,3,1348,7030
4335,30.268,23.691,6.577,3,1350,7050
4336,28.455,22.151,6.304,3,1314,6898
4337,29.243,22.714,6.529,3,1350,7052
4338,29.742,23.250,6.492,3,1334,6956
4339,30.947,24.134,6.814,3,1352,7102
4340,29.451,22.781,6.670,3,1322,6974
4341,33.217,26.114,7.102,3,1338,7048
4342,29.619,22.744,6.876,3,1322,6966
4343,29.189,22.709,6.480,3,1320,6952
4344,28.962,22.560,6.401,3,1302,6902
4345,29.083,22.537,6.546,3,1352,7064
4346,29.250,22.724,6.527,3,1338,7056
4347,29.661,22.979,6.682,3,1366,7194
4348,29.801,23.098,6.703,3,1356,7112
4349,30.709,23.999,6.710,3,1382,7392
4350,30.202,23.543,6.659,3,1378,7396
4351,30.331,23.374,6.957,3,1376,7366
4352,30.586,23.609,6.977,3,1360,7286
4353,30.547,23.721,6.826,3,1404,7454
4354,30.520,23.601,6.919,3,1374,7264
4355,30.712,23.867,6.845,3,1402,7384
4356,30.328,23.732,6.596,3,1382,7244
4357,30.861,24.052,6.810,3,1406,7380
4358,31.784,25.012,6.772,3,1392,7304
4359,32.213,25.526,6.687,3,1390,7284
4360,32.055,25.429,6.626,3,1370,7246
4361,32.564,25.844,6.721,3,1412,7366
4362,30.783,23.975,6.808,3,1396,7326
4363,30.742,23.737,7.005,3,1402,7340
4364,29.884,23.176,6.708,3,1390,7316
4365,29.955,23.318,6.638,3,1378,7268
4366,29.993,23.485,6.508,3,1364,7256
4367,31.846,25.168,6.678,3,1388,7320
4368,30.211,23.489,6.722,3,1370,7220
4369,30.543,24.034,6.509,3,1356,7108
4370,29.534,22.828,6.706,3,1314,6970
4371,30.538,23.829,6.709,3,1384,7190
4372,30.128,23.504,6.624,3,1364,7126
4373,30.111,23.416,6.695,3,1366,7172
4374,30.029,23.380,6.650,3,1354,7132
4375,30.471,23.490,6.980,3,1370,7236
4376,31.740,25.093,6.646,3,1368,7222
4377,30.390,23.488,6.902,3,1408,7328
4378,30.013,23.364,6.649,3,1380,7168
4379,30.010,23.320,6.690,3,1398,7288
4380,29.429,22.825,6.603,3,1370,7154
4381,30.159,23.040,7.119,3,1364,7130
4382,30.056,23.374,6.682,3,1358,7110
4383,30.203,23.468,6.735,3,1416,7338
4384,29.920,23.390,6.530,3,1382,7150
4385,30.281,23.606,6.675,3,1404,7300
4386,30.435,23.662,6.773,3,1390,7198
4387,30.631,23.701,6.930,3,1412,7288
4388,30.050,23.350,6.700,3,1398,7186
4389,30.521,23.692,6.830,3,1412,7156
4390,29.919,23.331,6.588,3,1388,7118
4391,29.835,23.101,6.735,3,1382,7044
4392,29.548,22.785,6.763,3,1376,6982
4393,29.708,23.005,6.703,3,1408,7112
4394,29.432,22.671,6.761,3,1382,6988
4395,30.030,23.125,6.905,3,1376,6970
4396,29.119,22.608,6.511,3,1354,6884
4397,30.889,24.265,6.624,3,1384,7010
4398,29.869,23.256,6.613,3,1378,6984
4399,30.502,23.831,6.671,3,1406,7150
4400,31.421,24.745,6.676,3,1398,7134
4401,31.753,24.769,6.984,3,1426,7276
4402,32.457,25.243,7.214,3,1426,7284
4403,31.819,24.984,6.835,3,1416,7194
4404,32.198,25.279,6.919,3,1396,7202
4405,31.828,24.588,7.241,3,1392,7194
4406,32.170,25.248,6.922,3,1410,7274
4407,32.637,25.282,7.355,3,1414,7250
4408,33.813,26.934,6.879,3,1386,7088
4409,33.116,25.927,7.189,3,1406,7178
4410,31.401,24.797,6.604,3,1366,6986
4411,30.547,23.762,6.785,3,1372,7014
4412,30.170,23.435,6.735,3,1356,6964
4413,29.619,23.031,6.588,3,1368,6988
4414,29.441,23.010,6.431,3,1348,6890
4415,30.156,23.569,6.587,3,1364,6978
4416,29.947,23.464,6.483,3,1344,6930
4417,29.682,23.167,6.514,3,1356,7036
4418,29.892,23.240,6.652,3,1350,6984
4419,30.087,23.469,6.618,3,1344,7006
4420,30.160,23.684,6.476,3,1334,6998
4421,30.848,24.361,6.487,3,1344,7040
4422,30.549,24.032,6.517,3,1332,7038
4423,30.433,23.831,6.601,3,1336,6994
4424,30.899,24.347,6.552,3,1326,7004
4425,31.008,24.450,6.557,3,1366,7090
4426,31.489,24.729,6.760,3,1344,7040
4427,30.705,24.104,6.601,3,1344,7034
4428,31.025,24.608,6.417,3,1308,6886
4429,30.539,23.961,6.578,3,1308,6904
4430,29.587,23.176,6.412,3,1326,6946
4431,29.513,23.168,6.345,3,1328,6912
4432,28.882,22.560,6.322,3,1304,6776
4433,28.895,22.553,6.342,3,1322,6878
4434,28.865,22.494,6.371,3,1294,6804
4435,29.372,23.065,6.307,3,1316,6888
4436,28.994,22.729,6.264,3,1302,6778
4437,28.990,22.539,6.451,3,1306,6718
4438,28.908,22.437,6.470,3,1298,6696
4439,28.942,22.484,6.458,3,1322,6832
4440,29.931,23.414,6.518,3,1332,6886
4441,30.578,24.020,6.559,3,1334,6876
4442,28.583,22.108,6.475,3,1304,6726
4443,28.913,22.359,6.554,3,1342,6876
4444,29.194,22.327,6.866,3,1334,6814
4445,28.814,22.304,6.510,3,1288,6632
4446,28.113,21.803,6.310,3,1246,6396
4447,28.826,22.381,6.445,3,1300,6660
4448,28.857,22.627,6.230,3,1290,6626
4449,28.852,22.510,6.342,3,1294,6670
4450,28.226,22.068,6.157,3,1284,6624
4451,28.516,22.303,6.213,3,1302,6706
4452,28.599,22.241,6.358,3,1294,6740
4453,28.652,22.371,6.282,3,1298,6770
4454,28.820,22.451,6.368,3,1270,6692
4455,29.196,22.715,6.481,3,1296,6746
4456,28.455,22.276,6.179,3,1280,6688
4457,28.455,22.229,6.226,3,1298,6766
4458,29.436,23.202,6.234,3,1278,6662
4459,30.013,23.794,6.219,3,1282,6712
4460,30.058,23.926,6.131,3,1266,6666
4461,30.749,24.566,6.183,3,1280,6776
4462,29.011,22.751,6.259,3,1268,6710
4463,29.313,22.684,6.629,3,1290,6780
4464,29.300,23.064,6.236,3,1268,6694
4465,29.439,23.228,6.211,3,1302,6844
4466,29.572,23.206,6.366,3,1272,6734
4467,29.917,23.641,6.277,3,1296,6796
4468,30.646,24.392,6.254,3,1296,6806
4469,30.700,24.453,6.247,3,1292,6832
4470,30.764,24.588,6.176,3,1292,6834
4471,30.989,24.582,6.407,3,1294,6812
4472,30.677,23.946,6.731,3,1306,6856
4473,30.293,23.883,6.410,3,1308,6816
4474,30.055,23.738,6.318,3,1296,6794
4475,30.920,24.512,6.409,3,1314,6810
4476,29.278,22.857,6.421,3,1274,6664
4477,28.353,21.930,6.424,3,1282,6782
4478,27.835,21.817,6.018,3,1236,6594
4479,28.220,22.067,6.152,3,1248,6694
4480,27.717,21.773,5.944,3,1226,6598
4481,28.480,22.292,6.188,3,1246,6682
4482,27.958,22.008,5.951,3,1226,6552
4483,28.329,22.332,5.997,3,1242,6660
4484,27.866,22.043,5.823,3,1212,6596
4485,28.489,22.499,5.990,3,1242,6716
4486,28.309,22.180,6.129,3,1230,6670
4487,28.654,22.575,6.079,3,1254,6786
4488,28.359,22.391,5.968,3,1226,6712
4489,28.769,22.728,6.041,3,1252,6796
4490,28.020,22.160,5.860,3,1216,6610
4491,28.729,22.606,6.123,3,1246,6792
4492,27.830,22.048,5.781,3,1198,6574
4493,28.296,22.322,5.974,3,1240,6754
4494,28.232,21.876,6.356,3,1200,6516
4495,28.233,22.209,6.024,3,1202,6534
4496,27.260,21.632,5.627,3,1122,6290
4497,27.901,22.040,5.861,3,1126,6294
4498,27.501,21.929,5.572,3,1126,6320
4499,28.245,22.458,5.786,3,1184,6564
4500,28.306,22.505,5.801,3,1168,6448
4501,28.496,22.474,6.022,3,1170,6388
4502,27.124,21.576,5.548,3,1142,6278
4503,27.635,21.932,5.702,3,1144,6210
4504,26.859,21.282,5.577,3,1104,6036
4505,26.545,21.223,5.322,3,1116,6068
4506,27.044,21.486,5.557,3,1124,6136
4507,27.460,21.903,5.557,3,1128,6174
4508,42.891,35.371,7.519,3,1662,7906
4509,42.643,35.301,7.342,3,1648,7814
4510,47.950,40.224,7.726,3,1648,7828
4511,42.870,35.401,7.469,3,1686,7998
4512,39.995,32.454,7.541,3,1676,7986
4513,38.109,30.552,7.557,3,1686,8026
4514,36.130,28.739,7.392,3,1682,7970
4515,35.388,27.626,7.762,3,1696,8028
4516,34.426,26.695,7.731,3,1696,8036
4517,33.008,25.469,7.539,3,1706,8034
4518,32.348,24.793,7.556,3,1696,8012
4519,33.165,25.627,7.539,3,1702,8014
4520,33.313,25.846,7.466,3,1694,8016
4521,32.706,25.207,7.499,3,1678,8020
4522,32.358,24.960,7.398,3,1674,8016
4523,32.312,24.918,7.394,3,1664,7964
4524,35.645,28.152,7.492,3,1658,9178
4525,35.568,28.093,7.475,3,1666,9196
4526,35.695,28.022,7.673,3,1662,9222
4527,35.840,28.229,7.611,3,1674,9400
4528,35.229,27.737,7.493,3,1674,9400
4529,35.272,27.868,7.403,3,1684,9412
4530,36.723,28.947,7.776,3,1678,9428
4531,35.949,28.461,7.487,3,1686,9488
4532,35.804,28.191,7.613,3,1672,9460
4533,35.850,28.258,7.593,3,1686,9490
4534,35.904,28.354,7.550,3,1678,9452
4535,36.635,28.852,7.783,3,1688,9450
4536,37.273,29.651,7.622,3,1682,9426
4537,40.620,33.114,7.506,3,1678,9418
4538,35.568,27.762,7.807,3,1648,9310
4539,33.965,26.518,7.447,3,1648,9276
4540,33.811,26.388,7.423,3,1648,9262
4541,27.459,21.979,5.480,3,1148,6300
4542,27.393,21.858,5.534,3,1148,6272
4543,27.412,21.848,5.564,3,1162,6356
4544,27.402,21.813,5.589,3,1162,6352
4545,27.712,22.126,5.586,3,1168,6366
4546,27.184,21.677,5.507,3,1156,6304
4547,27.641,22.035,5.606,3,1164,6356
4548,27.913,22.192,5.721,3,1152,6316
4549,27.138,21.568,5.570,3,1168,6304
4550,27.339,21.737,5.602,3,1172,6284
4551,28.527,22.564,5.964,3,1182,6328
4552,27.358,21.609,5.749,3,1178,6292
4553,27.949,22.065,5.884,3,1180,6328
4554,28.158,22.474,5.683,3,1170,6296
4555,29.566,23.795,5.770,3,1178,6330
4556,29.407,23.699,5.708,3,1166,6298
4557,30.140,24.400,5.740,3,1172,6326
4558,29.588,23.834,5.754,3,1176,6334
4559,28.660,22.609,6.051,3,1186,6452
4560,28.019,22.282,5.736,3,1164,6398
4561,28.446,21.979,6.467,3,1172,6410
4562,27.597,21.888,5.710,3,1172,6390
4563,27.618,21.823,5.795,3,1184,6418
4564,27.767,21.968,5.799,3,1174,6350
4565,27.931,22.260,5.670,3,1186,6420
4566,27.842,21.947,5.896,3,1178,6430
4567,27.627,21.863,5.763,3,1186,6456
4568,27.991,22.349,5.642,3,1180,6408
4569,27.799,21.904,5.895,3,1188,6426
4570,29.447,23.639,5.808,3,1178,6284
4571,29.022,23.082,5.940,3,1186,6316
4572,27.616,22.032,5.585,3,1174,6298
4573,27.861,21.988,5.873,3,1162,6244
4574,27.959,22.401,5.557,3,1148,6172
4575,27.526,21.835,5.691,3,1196,6324
4576,27.967,22.058,5.909,3,1204,6332
4577,27.973,22.018,5.955,3,1214,6406
4578,27.711,21.887,5.825,3,1210,6400
4579,28.040,22.132,5.908,3,1212,6422
4580,27.931,22.201,5.731,3,1204,6362
4581,30.722,24.952,5.770,3,1210,6394
4582,29.262,23.329,5.933,3,1206,6378
4583,29.564,23.650,5.914,3,1212,6434
4584,29.749,23.734,6.015,3,1200,6378
4585,29.148,23.316,5.832,3,1208,6390
4586,29.400,23.604,5.796,3,1196,6364
4587,28.286,22.431,5.855,3,1208,6376
4588,27.864,22.184,5.681,3,1200,6358
4589,28.041,21.972,6.069,3,1208,6352
4590,27.800,21.942,5.858,3,1200,6338
4591,28.091,22.192,5.898,3,1210,6382
4592,27.678,21.995,5.683,3,1206,6362
4593,27.616,21.939,5.677,3,1210,6352
4594,27.735,22.019,5.716,3,1208,6368
4595,27.801,21.990,5.811,3,1214,6378
4596,27.855,22.121,5.734,3,1218,6354
4597,27.541,21.661,5.880,3,1224,6376
4598,27.902,21.860,6.041,3,1218,6350
4599,28.282,21.971,6.311,3,1236,6442
4600,27.791,21.995,5.796,3,1236,6432
4601,27.930,21.977,5.953,3,1236,6550
4602,27.924,22.056,5.868,3,1220,6468
4603,27.811,21.829,5.981,3,1226,6470
4604,27.566,21.852,5.714,3,1208,6432
4605,27.710,21.842,5.868,3,1222,6426
4606,27.613,21.891,5.723,3,1206,6334
4607,27.721,21.973,5.748,3,1210,6390
4608,29.931,24.254,5.677,3,1196,6334
4609,31.133,24.305,6.829,3,1204,6402
4610,29.324,23.620,5.704,3,1198,6362
4611,31.250,25.450,5.800,3,1206,6360
4612,28.634,22.783,5.851,3,1212,6346
4613,27.461,21.634,5.827,3,1228,6424
4614,27.535,21.756,5.778,3,1228,6420
4615,27.428,21.582,5.847,3,1226,6374
4616,28.090,21.934,6.156,3,1216,6290
4617,27.475,21.489,5.986,3,1214,6324
4618,27.170,21.415,5.755,3,1194,6256
4619,27.194,21.550,5.644,3,1192,6266
4620,27.499,21.610,5.889,3,1194,6254
4621,27.228,21.362,5.866,3,1206,6288
4622,27.988,21.941,6.047,3,1200,6262
4623,27.827,21.775,6.052,3,1210,6292
4624,28.024,21.919,6.106,3,1196,6264
4625,27.628,21.615,6.013,3,1200,6286
4626,27.079,21.452,5.628,3,1186,6274
4627,27.453,21.666,5.787,3,1192,6350
4628,27.280,21.685,5.595,3,1192,6348
4629,27.746,22.051,5.695,3,1194,6360
4630,27.566,21.688,5.878,3,1206,6392
4631,27.222,21.491,5.731,3,1218,6436
4632,27.684,21.935,5.749,3,1214,6334
4633,27.274,21.516,5.758,3,1224,6384
4634,27.179,21.342,5.837,3,1210,6352
4635,27.341,21.507,5.834,3,1222,6386
4636,27.868,22.223,5.645,3,1206,6344
4637,27.177,21.474,5.703,3,1184,6280
4638,27.271,21.431,5.840,3,1182,6238
4639,27.619,21.918,5.702,3,1224,6410
4640,28.196,22.227,5.969,3,1210,6350
4641,27.653,21.818,5.836,3,1226,6382
4642,27.442,21.707,5.735,3,1216,6352
4643,30.342,24.487,5.855,3,1222,6364
4644,27.639,21.677,5.962,3,1216,6352
4645,28.304,22.471,5.833,3,1220,6380
4646,27.605,21.799,5.806,3,1224,6386
4647,27.801,21.962,5.838,3,1230,6376
4648,27.494,21.641,5.853,3,1232,6406
4649,27.800,21.765,6.035,3,1242,6422
4650,27.938,21.784,6.153,3,1236,6428
4651,27.734,21.727,6.006,3,1248,6490
4652,27.633,21.680,5.953,3,1242,6452
4653,27.838,22.049,5.789,3,1244,6428
4654,27.700,21.941,5.759,3,1234,6448
4655,27.655,21.803,5.852,3,1242,6460
4656,27.549,21.784,5.765,3,1236,6434
4657,27.713,21.984,5.729,3,1242,6396
4658,28.137,22.038,6.100,3,1232,6390
4659,27.968,22.186,5.782,3,1244,6368
4660,27.587,21.823,5.764,3,1236,6366
4661,27.519,21.723,5.796,3,1238,6374
4662,28.893,22.929,5.964,3,1230,6368
4663,29.995,23.956,6.040,3,1232,6374
4664,29.054,23.146,5.907,3,1218,6340
4665,29.302,23.472,5.830,3,1236,6374
4666,27.946,22.043,5.903,3,1252,6408
4667,27.921,22.088,5.833,3,1260,6414
4668,27.568,21.784,5.784,3,1252,6402
4669,27.414,21.604,5.810,3,1262,6446
4670,27.520,21.778,5.742,3,1242,6438
4671,28.915,23.089,5.825,3,1248,6450
4672,27.898,21.783,6.115,3,1234,6406
4673,27.958,22.172,5.786,3,1246,6478
4674,27.738,21.875,5.863,3,1242,6502
4675,28.330,22.479,5.851,3,1250,6504
4676,28.325,22.245,6.080,3,1242,6462
4677,27.971,21.677,6.294,3,1244,6468
4678,30.054,23.893,6.161,3,1232,6424
4679,27.973,22.152,5.821,3,1238,6450
4680,28.484,22.655,5.828,3,1230,6452
4681,27.723,21.680,6.042,3,1234,6476
4682,27.507,21.553,5.953,3,1226,6470
4683,28.348,22.357,5.991,3,1240,6520
4684,27.724,21.747,5.976,3,1240,6518
4685,27.443,21.621,5.823,3,1252,6526
4686,27.748,21.922,5.826,3,1246,6510
4687,27.634,21.626,6.008,3,1244,6530
4688,27.378,21.488,5.890,3,1236,6486
4689,27.881,21.833,6.049,3,1248,6520
4690,27.410,21.584,5.825,3,1232,6454
4691,27.327,21.597,5.729,3,1238,6458
4692,27.282,21.613,5.669,3,1230,6434
4693,27.495,21.638,5.857,3,1234,6450
4694,27.629,21.841,5.788,3,1226,6456
4695,27.352,21.553,5.799,3,1234,6502
4696,27.644,21.847,5.797,3,1236,6478
4697,27.818,22.021,5.797,3,1244,6496
4698,27.451,21.569,5.882,3,1232,6450
4699,27.406,21.716,5.690,3,1236,6492
4700,27.470,21.788,5.681,3,1224,6440
4701,27.520,21.778,5.742,3,1208,6378
4702,27.715,21.892,5.823,3,1208,6414
4703,27.628,21.824,5.804,3,1246,6526
4704,27.870,22.070,5.800,3,1248,6554
4705,28.915,22.667,6.248,3,1264,6764
4706,28.472,22.580,5.893,3,1258,6698
4707,28.389,22.330,6.059,3,1270,6716
4708,28.161,22.264,5.897,3,1258,6672
4709,28.302,22.438,5.865,3,1262,6684
4710,28.326,22.324,6.002,3,1256,6652
4711,28.620,22.641,5.979,3,1266,6682
4712,29.078,23.139,5.940,3,1262,6676
4713,28.370,22.405,5.966,3,1270,6716
4714,28.410,22.546,5.863,3,1256,6686
4715,30.683,24.800,5.883,3,1262,6696
4716,29.758,23.859,5.899,3,1256,6672
4717,30.353,24.531,5.822,3,1264,6672
4718,29.924,23.922,6.002,3,1264,6688
4719,29.831,23.937,5.894,3,1274,6718
4720,28.604,22.595,6.009,3,1272,6724
4721,28.643,22.649,5.994,3,1300,6808
4722,28.284,22.380,5.904,3,1286,6720
4723,28.971,22.669,6.301,3,1296,6754
4724,28.898,22.817,6.081,3,1298,6788
4725,28.875,22.826,6.049,3,1302,6760
4726,28.807,22.657,6.150,3,1298,6742
4727,28.943,22.616,6.328,3,1302,6772
4728,28.762,22.615,6.148,3,1288,6756
4729,29.054,23.109,5.945,3,1292,6792
4730,28.438,22.505,5.934,3,1278,6770
4731,29.588,23.588,6.000,3,1288,6802
4732,28.779,22.742,6.037,3,1276,6774
4733,28.401,22.345,6.056,3,1280,6758
4734,28.584,22.649,5.935,3,1278,6746
4735,28.626,22.525,6.101,3,1290,6764
4736,28.952,23.082,5.870,3,1274,6678
4737,28.306,22.281,6.026,3,1276,6698
4738,28.519,22.515,6.005,3,1290,6708
4739,28.460,22.419,6.041,3,1300,6672
4740,28.333,22.340,5.992,3,1298,6632
4741,28.791,22.571,6.220,3,1308,6696
4742,28.456,22.232,6.224,3,1296,6688
4743,28.567,22.479,6.088,3,1292,6688
4744,28.676,22.808,5.868,3,1274,6698
4745,29.233,22.785,6.449,3,1280,6762
4746,29.613,23.582,6.031,3,1276,6776
4747,28.460,22.487,5.973,3,1284,6750
4748,28.084,22.172,5.911,3,1258,6668
4749,30.530,24.208,6.322,3,1262,6676
4750,28.757,22.799,5.958,3,1264,6706
4751,28.470,22.544,5.925,3,1266,6704
4752,28.270,22.371,5.899,3,1262,6704
4753,28.972,22.384,6.588,3,1274,6728
4754,28.487,22.474,6.013,3,1260,6666
4755,28.665,22.621,6.044,3,1278,6738
4756,29.545,23.461,6.084,3,1290,6728
4757,28.862,22.688,6.175,3,1300,6734
4758,28.997,22.583,6.415,3,1286,6680
4759,28.901,22.744,6.157,3,1290,6714
4760,28.317,22.147,6.170,3,1276,6678
4761,28.581,22.637,5.944,3,1272,6712
4762,28.122,22.108,6.014,3,1270,6720
4763,28.628,22.344,6.284,3,1282,6708
4764,28.642,22.578,6.064,3,1278,6728
4765,28.450,22.520,5.930,3,1264,6650
4766,28.261,22.163,6.098,3,1254,6634
4767,28.543,22.486,6.057,3,1284,6746
4768,31.593,25.557,6.036,3,1278,6720
4769,30.277,24.222,6.055,3,1278,6732
4770,30.709,24.441,6.268,3,1260,6642
4771,30.668,24.618,6.050,3,1268,6700
4772,28.556,22.382,6.174,3,1268,6700
4773,29.113,23.115,5.998,3,1276,6702
4774,28.709,22.552,6.157,3,1280,6708
4775,29.761,23.531,6.231,3,1288,6764
4776,28.569,22.569,6.000,3,1274,6740
4777,29.209,22.931,6.278,3,1286,6762
4778,28.331,22.402,5.928,3,1270,6730
4779,28.375,22.421,5.954,3,1278,6764
4780,28.818,22.792,6.025,3,1278,6750
4781,28.375,22.384,5.990,3,1274,6768
4782,28.660,22.720,5.940,3,1270,6760
4783,30.084,24.070,6.014,3,1282,6812
4784,28.435,22.457,5.978,3,1266,6728
4785,28.671,22.584,6.087,3,1272,6758
4786,28.299,22.102,6.197,3,1268,6750
4787,28.488,22.333,6.154,3,1270,6730
4788,27.950,22.091,5.860,3,1254,6594
4789,28.262,22.216,6.046,3,1270,6646
4790,28.441,22.288,6.153,3,1266,6530
4791,29.173,23.270,5.903,3,1270,6544
4792,28.001,22.087,5.914,3,1256,6450
4793,28.449,22.285,6.164,3,1274,6540
4794,27.859,22.253,5.606,3,1166,6242
4795,33.541,27.158,6.383,3,1396,7330
4796,34.809,28.235,6.574,3,1446,7574
4797,36.303,29.429,6.874,3,1468,7656
4798,38.303,31.240,7.064,3,1548,8110
4799,37.398,30.493,6.905,3,1534,8078
4800,39.639,31.853,7.787,3,1746,8996
4801,44.455,35.571,8.884,3,1972,10946
4802,43.244,34.745,8.498,3,1980,10986
4803,43.500,34.798,8.702,3,2000,11090
4804,44.654,35.899,8.755,3,2062,11450
4805,44.415,35.725,8.690,3,2050,11228
4806,42.948,34.346,8.601,3,1990,10688
4807,42.285,33.915,8.370,3,1938,10450
4808,40.686,32.506,8.181,3,1882,10032
4809,40.287,31.957,8.331,3,1846,9780
4810,39.486,31.037,8.449,3,1936,9992
4811,39.285,30.878,8.407,3,1928,9932
4812,38.157,29.664,8.493,3,1932,9750
4813,42.726,33.690,9.036,3,2002,9998
4814,39.823,30.983,8.839,3,2002,9932
4815,39.283,30.667,8.616,3,2008,9984
4816,37.754,28.990,8.764,3,2056,10150
4817,16.098,15.134,0.963,2,24,2236
4818,39.289,30.083,9.206,3,2074,10142
4819,15.785,14.835,0.951,2,24,2236
4820,37.550,28.104,9.445,3,2064,10104
4821,16.209,15.220,0.989,2,24,2236
4822,37.711,28.368,9.343,3,2136,10370
4823,15.831,14.870,0.961,2,24,2236
4824,38.083,28.350,9.733,3,2126,10218
4825,16.022,15.073,0.949,2,24,2236
4826,38.134,28.655,9.479,3,2128,10256
4827,15.679,14.766,0.913,2,24,2236
4828,38.175,28.208,9.967,3,2184,10448
4829,15.822,14.673,1.149,2,24,2236
4830,38.348,28.465,9.884,3,2120,10186
4831,15.732,14.791,0.941,2,24,2236
4832,36.167,27.124,9.043,3,1940,9530
4833,35.575,27.244,8.331,3,1890,9512
4834,35.245,27.154,8.091,3,1800,9198
4835,34.955,26.934,8.021,3,1798,9226
4836,35.118,27.034,8.084,3,1870,9498
4837,34.566,26.843,7.724,3,1756,9134
4838,34.606,26.779,7.827,3,1760,9156
4839,35.139,27.260,7.880,3,1818,9426
4840,34.608,26.989,7.619,3,1734,9130
4841,35.173,27.496,7.677,3,1736,9148
4842,34.654,26.960,7.693,3,1730,8974
4843,33.304,25.975,7.329,3,1664,8724
4844,35.691,27.920,7.772,3,1662,8700
4845,33.552,26.041,7.511,3,1662,8544
4846,32.626,25.548,7.078,3,1592,8308
4847,32.489,25.345,7.144,3,1604,8320
4848,32.485,25.063,7.421,3,1604,8140
4849,31.156,24.076,7.079,3,1534,7894
4850,31.049,24.137,6.913,3,1534,7910
4851,30.413,23.455,6.958,3,1540,7672
4852,29.785,23.146,6.639,3,1476,7436
4853,30.210,23.369,6.841,3,1482,7384
4854,29.520,22.845,6.675,3,1486,7372
4855,28.924,22.432,6.492,3,1424,7150
4856,28.687,22.227,6.461,3,1426,7104
4857,29.159,22.640,6.519,3,1434,7100
4858,28.226,21.926,6.300,3,1360,6924
4859,28.285,22.066,6.219,3,1370,6964
4860,28.515,22.101,6.414,3,1370,6972
4861,29.019,22.930,6.089,3,1314,6804
4862,29.596,23.466,6.130,3,1300,6740
4863,31.665,25.294,6.371,3,1308,6746
4864,28.939,22.896,6.044,3,1244,6544
4865,30.039,24.221,5.818,3,1252,6550
4866,27.596,21.840,5.756,3,1238,6510
4867,26.976,21.297,5.679,3,1170,6288
4868,27.479,21.967,5.512,3,1172,6312
4869,27.150,21.515,5.634,3,1180,6314
4870,27.110,21.334,5.776,3,1168,6318
4871,27.200,21.574,5.626,3,1170,6344
4872,26.939,21.389,5.550,3,1166,6326
4873,26.813,21.259,5.553,3,1162,6262
4874,27.211,21.691,5.520,3,1150,6232
4875,28.384,22.882,5.502,3,1150,6224
4876,26.847,21.309,5.538,3,1142,6232
4877,26.605,21.105,5.500,3,1150,6204
4878,28.838,23.203,5.635,3,1144,6208
4879,27.708,22.122,5.586,3,1152,6198
4880,27.462,21.714,5.747,3,1144,6154
4881,26.302,20.762,5.540,3,1154,6142
4882,26.561,21.075,5.486,3,1146,6126
4883,26.680,20.972,5.708,3,1148,6132
4884,27.309,21.629,5.679,3,1132,6120
4885,26.742,21.239,5.504,3,1136,6130
4886,26.271,20.875,5.396,3,1124,6048
4887,26.897,21.451,5.446,3,1130,6044
4888,26.835,21.370,5.465,3,1126,6056
4889,27.682,21.928,5.754,3,1138,6054
4890,26.985,21.485,5.500,3,1138,6176
4891,26.945,21.325,5.619,3,1142,6174
4892,26.951,21.500,5.451,3,1134,6152
4893,27.279,21.786,5.493,3,1144,6148
4894,26.633,21.028,5.605,3,1136,6140
4895,27.243,21.788,5.455,3,1142,6166
4896,26.868,21.259,5.608,3,1138,6148
4897,26.893,21.386,5.507,3,1142,6128
4898,27.436,21.976,5.460,3,1138,6100
4899,26.790,21.399,5.391,3,1140,6090
4900,27.252,21.734,5.518,3,1124,6052
4901,26.996,21.346,5.650,3,1104,5986
4902,26.654,21.244,5.410,3,1092,5956
4903,27.018,21.588,5.430,3,1134,6134
4904,26.844,21.451,5.393,3,1122,6112
4905,27.230,21.520,5.710,3,1128,6138
4906,27.062,21.693,5.369,3,1122,6162
4907,27.062,21.450,5.612,3,1126,6186
4908,27.261,21.889,5.371,3,1114,6126
4909,26.944,21.565,5.379,3,1122,6104
4910,26.851,21.511,5.340,3,1116,6080
4911,27.456,22.045,5.411,3,1138,6154
4912,26.745,21.326,5.419,3,1134,6150
4913,27.033,21.587,5.445,3,1138,6178
4914,29.398,23.989,5.409,3,1122,6186
4915,27.003,21.506,5.497,3,1124,6160
4916,27.205,21.692,5.514,3,1122,6160
4917,28.471,22.956,5.515,3,1132,6198
4918,31.563,25.957,5.606,3,1120,6160
4919,29.579,23.798,5.781,3,1122,6164
4920,28.237,22.689,5.547,3,1096,6116
4921,29.877,24.475,5.403,3,1106,6152
4922,30.897,25.344,5.553,3,1102,6100
4923,27.622,22.179,5.443,3,1114,6110
4924,27.837,22.484,5.353,3,1092,6028
4925,27.461,22.071,5.390,3,1104,6060
4926,27.194,21.829,5.365,3,1092,6026
4927,28.257,22.800,5.457,3,1100,6072
4928,29.131,23.755,5.375,3,1096,6080
4929,29.193,23.559,5.634,3,1102,6124
4930,28.347,22.572,5.776,3,1102,6130
4931,28.873,23.038,5.834,3,1100,6114
4932,27.977,22.266,5.711,3,1084,6052
4933,28.286,22.768,5.518,3,1096,6074
4934,28.541,22.962,5.579,3,1088,6006
4935,27.305,21.694,5.611,3,1094,6050
4936,26.835,21.385,5.451,3,1084,6020
4937,27.219,21.717,5.503,3,1102,6118
4938,27.077,21.626,5.451,3,1102,6094
4939,27.142,21.586,5.556,3,1126,6260
4940,27.523,22.085,5.438,3,1112,6188
4941,27.002,21.556,5.446,3,1124,6246
4942,27.525,21.974,5.552,3,1112,6186
4943,27.442,21.926,5.515,3,1142,6344
4944,27.302,21.795,5.508,3,1134,6314
4945,27.581,22.024,5.557,3,1142,6362
4946,28.212,22.342,5.870,3,1132,6290
4947,27.836,22.038,5.798,3,1158,6424
4948,27.839,22.198,5.641,3,1150,6402
4949,27.983,22.351,5.632,3,1166,6488
4950,30.330,24.534,5.797,3,1166,6454
4951,28.648,22.643,6.005,3,1202,6608
4952,28.307,22.590,5.717,3,1186,6546
4953,28.674,22.956,5.718,3,1194,6564
4954,28.456,22.613,5.842,3,1210,6636
4955,30.329,23.390,6.939,3,1444,7418
4956,30.233,23.426,6.806,3,1432,7372
4957,30.976,24.066,6.910,3,1454,7420
4958,30.680,23.820,6.861,3,1450,7358
4959,30.480,23.750,6.730,3,1474,7480
4960,30.453,23.752,6.701,3,1470,7470
4961,30.880,24.085,6.795,3,1482,7500
4962,31.916,25.157,6.760,3,1472,7498
4963,31.063,24.093,6.970,3,1500,7630
4964,32.155,25.273,6.882,3,1502,7612
4965,30.780,23.725,7.055,3,1502,7570
4966,30.426,23.572,6.854,3,1496,7536
4967,31.311,24.208,7.103,3,1570,7830
4968,31.726,24.633,7.093,3,1576,7816
4969,34.123,26.586,7.537,3,1624,8062
4970,33.959,26.521,7.437,3,1614,8014
4971,35.433,27.602,7.831,3,1620,8008
4972,32.724,25.077,7.647,3,1596,7920
4973,31.689,23.810,7.879,3,1588,7894
4974,31.431,24.165,7.266,3,1568,7812
4975,31.111,23.801,7.310,3,1590,7844
4976,30.771,23.364,7.407,3,1574,7748
4977,30.858,23.672,7.187,3,1542,7598
4978,30.577,23.430,7.148,3,1522,7552
4979,30.726,23.474,7.252,3,1518,7448
4980,32.236,24.521,7.715,3,1480,7368
4981,30.102,23.152,6.950,3,1460,7308
4982,30.180,23.262,6.918,3,1436,7256
4983,33.736,26.947,6.789,3,1436,7262
4984,29.859,23.029,6.829,3,1414,7182
4985,29.337,22.776,6.561,3,1410,7176
4986,29.195,22.694,6.501,3,1388,7066
4987,29.393,22.911,6.482,3,1386,7004
4988,28.899,22.391,6.508,3,1350,6898
4989,28.704,22.348,6.356,3,1332,6828
4990,28.574,22.430,6.144,3,1296,6692
4991,28.165,22.014,6.151,3,1282,6628
4992,28.102,22.107,5.995,3,1254,6490
4993,28.183,22.111,6.072,3,1260,6548
4994,28.038,21.580,6.458,3,1234,6424
4995,29.842,23.752,6.090,3,1242,6500
4996,28.840,22.894,5.946,3,1222,6460
4997,27.624,21.779,5.845,3,1224,6500
4998,27.889,21.943,5.946,3,1224,6444
4999,27.814,21.852,5.963,3,1232,6470
5000,27.396,21.502,5.895,3,1230,6474
5001,27.952,21.801,6.151,3,1244,6546
5002,28.045,21.812,6.233,3,1228,6484
5003,27.764,21.559,6.204,3,1238,6510
5004,27.982,21.897,6.085,3,1238,6470
5005,27.970,21.835,6.135,3,1248,6532
5006,27.661,21.712,5.949,3,1244,6544
5007,27.977,22.053,5.924,3,1250,6600
5008,28.215,22.126,6.089,3,1246,6544
5009,27.916,21.809,6.107,3,1274,6582
5010,28.608,22.306,6.302,3,1276,6566
5011,28.206,22.076,6.130,3,1286,6598
5012,28.175,21.654,6.521,3,1274,6518
5013,27.988,21.839,6.148,3,1286,6532
5014,28.358,22.253,6.105,3,1284,6536
5015,27.711,21.359,6.351,3,1288,6530
5016,27.685,21.637,6.048,3,1274,6460
5017,30.418,24.334,6.084,3,1282,6518
5018,27.889,21.643,6.246,3,1270,6472
5019,28.610,22.179,6.431,3,1278,6476
5020,29.148,22.947,6.201,3,1278,6440
5021,29.304,22.979,6.325,3,1282,6454
5022,30.459,24.366,6.093,3,1270,6392
5023,29.127,22.773,6.354,3,1272,6506
5024,28.205,22.097,6.108,3,1256,6396
5025,28.220,22.028,6.192,3,1256,6412
5026,27.934,22.054,5.880,3,1226,6346
5027,27.636,21.648,5.989,3,1238,6424
5028,28.217,22.278,5.940,3,1236,6424
5029,27.561,21.587,5.974,3,1220,6342
5030,27.706,21.897,5.809,3,1204,6290
5031,28.216,22.245,5.971,3,1254,6482
5032,28.171,21.983,6.188,3,1244,6426
5033,27.735,21.525,6.210,3,1254,6498
5034,27.509,21.611,5.898,3,1228,6448
5035,28.261,21.987,6.274,3,1228,6456
5036,27.661,21.539,6.123,3,1230,6446
5037,27.872,21.693,6.179,3,1240,6516
5038,27.700,21.550,6.150,3,1224,6418
5039,29.381,23.329,6.052,3,1234,6502
5040,27.742,21.790,5.952,3,1232,6490
5041,27.592,21.686,5.906,3,1240,6496
5042,27.409,21.543,5.866,3,1234,6504
5043,27.921,21.658,6.263,3,1246,6500
5044,27.795,21.614,6.181,3,1254,6568
5045,27.751,21.599,6.153,3,1262,6582
5046,27.441,21.461,5.980,3,1254,6530
5047,27.948,21.840,6.108,3,1264,6568
5048,27.431,21.498,5.933,3,1252,6542
5049,27.902,21.932,5.970,3,1258,6532
5050,27.699,21.712,5.987,3,1248,6534
5051,27.782,21.642,6.140,3,1260,6568
5052,27.927,21.740,6.186,3,1260,6556
5053,30.301,24.149,6.152,3,1290,6644
5054,27.814,21.706,6.108,3,1286,6630
5055,28.716,22.519,6.198,3,1290,6646
5056,28.197,21.948,6.248,3,1292,6668
5057,28.072,21.948,6.123,3,1308,6716
5058,27.978,21.928,6.050,3,1298,6690
5059,27.794,21.655,6.139,3,1306,6706
5060,27.861,21.749,6.112,3,1306,6698
5061,28.107,21.716,6.391,3,1326,6748
5062,28.767,22.185,6.582,3,1314,6768
5063,29.378,23.085,6.293,3,1326,6782
5064,28.432,22.098,6.334,3,1348,6820
5065,28.765,22.476,6.288,3,1350,6828
5066,28.250,21.864,6.386,3,1354,6902
5067,29.859,23.405,6.454,3,1366,7044
5068,29.086,22.516,6.570,3,1368,7096
5069,29.243,22.669,6.574,3,1376,7132
5070,29.108,22.693,6.415,3,1382,7132
5071,28.981,22.569,6.412,3,1382,7150
5072,29.189,22.669,6.520,3,1372,7126
5073,30.436,23.988,6.448,3,1378,7116
5074,31.647,25.128,6.519,3,1390,7148
5075,33.783,24.368,9.415,3,1412,7120
5076,30.673,24.115,6.558,3,1404,7068
5077,31.959,25.449,6.511,3,1410,7054
5078,29.139,22.597,6.542,3,1402,7010
5079,28.907,22.362,6.545,3,1406,7070
5080,28.765,22.341,6.424,3,1386,7010
5081,28.954,22.527,6.427,3,1398,7106
5082,29.337,22.962,6.376,3,1386,7102
5083,29.061,22.497,6.564,3,1396,7148
5084,29.991,23.399,6.592,3,1394,7130
5085,29.142,22.521,6.620,3,1410,7160
5086,29.147,22.552,6.596,3,1414,7144
5087,31.033,24.511,6.522,3,1418,7152
5088,29.529,22.818,6.711,3,1408,7090
5089,29.311,22.747,6.564,3,1420,7106
5090,29.538,23.130,6.408,3,1394,7042
5091,29.470,22.724,6.746,3,1406,7064
5092,29.016,22.566,6.450,3,1390,7046
5093,28.857,22.429,6.427,3,1372,6938
5094,28.816,22.338,6.478,3,1370,6970
5095,28.954,22.531,6.423,3,1408,7096
5096,29.653,23.217,6.436,3,1396,7038
5097,29.260,22.736,6.524,3,1418,7116
5098,29.576,22.908,6.668,3,1402,7076
5099,29.777,23.225,6.553,3,1408,7058
5100,29.383,22.747,6.636,3,1406,7052
5101,29.838,22.926,6.912,3,1424,7100
5102,29.385,22.749,6.636,3,1420,7112
5103,29.818,23.184,6.634,3,1428,7192
5104,29.095,22.384,6.711,3,1420,7174
5105,29.407,22.701,6.706,3,1428,7214
5106,29.542,22.751,6.791,3,1424,7236
5107,29.792,23.172,6.620,3,1428,7260
5108,29.535,22.994,6.541,3,1426,7254
5109,29.523,22.938,6.584,3,1430,7216
5110,29.394,22.828,6.566,3,1420,7210
5111,29.539,22.711,6.828,3,1436,7196
5112,29.184,22.550,6.634,3,1426,7172
5113,29.140,22.536,6.604,3,1430,7194
5114,54.637,29.007,25.630,8,1940,12916
5115,36.727,28.003,8.723,6,1956,12862
5116,16.129,14.965,1.164,2,24,2236
5117,37.568,28.305,9.264,6,1950,12848
5118,16.102,14.880,1.222,2,24,2236
5119,37.665,28.144,9.521,6,1974,12940
5120,16.198,15.009,1.189,2,24,2236
5121,38.416,29.200,9.216,6,1964,12962
5122,16.653,15.602,1.051,2,24,2236
5123,36.545,27.776,8.769,6,1968,13066
5124,16.772,15.849,0.924,2,24,2236
5125,38.612,29.860,8.753,6,1954,13124
5126,16.922,15.755,1.167,2,24,2236
5127,37.736,28.981,8.756,6,1970,13074
5128,16.093,15.084,1.009,2,24,2236
5129,37.417,28.351,9.066,6,1948,13082
5130,15.961,14.973,0.988,2,24,2236
5131,37.074,27.947,9.128,6,1958,13124
5132,15.861,14.886,0.975,2,24,2236
5133,37.560,28.350,9.209,6,1942,13110
5134,15.972,14.988,0.984,2,24,2236
5135,37.492,28.409,9.082,6,1954,13204
5136,16.193,15.185,1.007,2,24,2236
5137,37.014,28.168,8.846,6,1940,13216
5138,16.792,15.475,1.317,2,24,2236
5139,37.292,28.486,8.807,6,1956,13086
5140,15.943,14.951,0.992,2,24,2236
5141,36.475,27.728,8.747,6,1854,12744
5142,15.816,14.815,1.001,2,24,2236
5143,37.864,28.953,8.911,6,1864,12820
5144,15.977,14.824,1.154,2,24,2236
5145,37.225,28.284,8.941,6,1858,12806
5146,16.449,15.185,1.264,2,24,2236
5147,36.629,28.165,8.465,6,1856,12718
5148,15.977,14.917,1.061,2,24,2236
5149,36.738,28.038,8.700,6,1842,12696
5150,15.705,14.781,0.924,2,24,2236
5151,36.955,28.071,8.884,6,1856,12756
5152,15.966,14.922,1.044,2,24,2236
5153,37.274,28.611,8.663,6,1834,12620
5154,16.236,15.113,1.123,2,24,2236
5155,37.055,28.544,8.511,6,1840,12618
5156,36.761,28.582,8.178,6,1834,12644
5157,16.078,14.789,1.289,2,24,2236
5158,38.947,30.044,8.904,6,1848,12680
5159,16.680,15.683,0.997,2,24,2236
5160,36.775,28.569,8.206,6,1828,12642
5161,15.938,14.944,0.993,2,24,2236
5162,37.846,28.594,9.252,6,1840,12718
5163,16.069,14.894,1.175,2,24,2236
5164,37.553,28.896,8.656,6,1828,12698
5165,15.752,14.822,0.930,2,24,2236
5166,37.460,28.524,8.936,6,1866,12820
5167,15.712,14.793,0.919,2,24,2236
5168,38.072,29.115,8.957,6,1876,12836
5169,16.091,14.951,1.140,2,24,2236
5170,39.018,29.736,9.282,6,1886,12836
5171,16.278,15.128,1.150,2,24,2236
5172,37.572,29.108,8.464,6,1808,12696
5173,37.648,29.527,8.121,6,1826,12644
5174,30.040,23.792,6.248,3,1336,7206
5175,16.054,15.027,1.027,2,24,2236
5176,31.162,24.385,6.777,3,1328,7098
5177,30.186,23.918,6.268,3,1322,7040
5178,29.936,23.672,6.264,3,1324,7072
5179,31.358,25.269,6.090,3,1308,7052
5180,32.227,25.957,6.270,3,1318,7086
5181,31.612,25.406,6.206,3,1308,7100
5182,31.471,25.171,6.300,3,1320,7176
5183,30.569,23.988,6.581,3,1302,7112
5184,30.447,23.999,6.448,3,1346,7294
5185,30.892,24.476,6.416,3,1340,7382
5186,30.967,24.671,6.296,3,1346,7366
5187,30.852,24.506,6.346,3,1340,7358
5188,31.341,24.925,6.416,3,1386,7538
5189,31.824,25.277,6.547,3,1376,7620
5190,31.973,25.159,6.814,3,1394,7616
5191,31.716,25.186,6.530,3,1388,7644
5192,34.904,28.215,6.689,3,1408,7804
5193,32.388,25.678,6.710,3,1396,7928
5194,33.527,26.806,6.722,3,1410,7904
5195,32.575,25.987,6.587,3,1398,7968
5196,32.957,25.929,7.029,3,1420,8110
5197,32.787,26.058,6.729,3,1406,8096
5198,33.055,26.428,6.627,3,1422,8184
5199,32.787,26.021,6.766,3,1408,8100
5200,33.377,26.625,6.751,3,1422,8286
5201,34.265,27.173,7.092,3,1468,8588
5202,33.790,26.708,7.082,3,1474,8582
5203,34.491,27.532,6.958,3,1482,8578
5204,35.225,27.918,7.308,3,1508,8696
5205,34.327,27.225,7.102,3,1514,8794
5206,34.404,27.343,7.060,3,1520,8878
5207,35.560,28.295,7.265,3,1534,9128
5208,35.462,28.242,7.220,3,1536,9148
5209,35.656,28.312,7.344,3,1542,9198
5210,35.859,28.526,7.332,3,1546,9246
5211,36.115,28.793,7.321,3,1554,9334
5212,35.699,28.455,7.244,3,1556,9310
5213,36.461,29.105,7.355,3,1564,9428
5214,35.647,28.518,7.129,3,1526,9218
5215,36.355,28.887,7.468,3,1544,9296
5216,36.466,28.666,7.800,3,1574,9370
5217,35.698,28.060,7.638,3,1538,9006
5218,35.775,28.299,7.476,3,1548,9112
5219,35.659,27.912,7.747,3,1546,9018
5220,37.960,30.004,7.956,3,1550,9006
5221,36.483,28.777,7.706,3,1562,9104
5222,35.425,27.852,7.573,3,1554,9074
5223,36.798,29.113,7.686,3,1568,9092
5224,39.951,32.394,7.557,3,1566,9096
5225,38.397,30.763,7.634,3,1564,9098
5226,37.913,30.325,7.588,3,1560,9048
5227,35.722,27.698,8.024,3,1568,9068
5228,35.223,27.741,7.482,3,1558,8892
5229,35.298,27.731,7.567,3,1568,8922
5230,35.178,27.765,7.413,3,1550,8824
5231,35.529,27.632,7.897,3,1562,8868
5232,35.211,27.830,7.381,3,1524,8556
5233,34.249,26.708,7.541,3,1544,8654
5234,33.841,26.503,7.338,3,1504,8368
5235,34.061,26.383,7.678,3,1540,8526
5236,16.128,15.069,1.059,2,24,2236
5237,34.055,26.308,7.747,3,1536,8450
5238,16.042,14.917,1.125,2,24,2236
5239,35.328,27.415,7.913,3,1536,8516
5240,18.429,17.310,1.120,2,24,2236
5241,34.443,26.895,7.548,3,1506,8360
5242,17.482,16.218,1.264,2,24,2236
5243,36.175,28.530,7.644,3,1534,8454
5244,15.864,14.919,0.945,2,24,2236
5245,37.948,30.123,7.825,3,1522,8332
5246,17.494,16.532,0.962,2,24,2236
5247,35.804,28.407,7.397,3,1546,8484
5248,17.634,16.628,1.006,2,24,2236
5249,34.356,27.039,7.317,3,1532,8370
5250,16.288,15.274,1.014,2,24,2236
5251,35.920,28.254,7.666,3,1544,8440
5252,16.351,15.312,1.039,2,24,2236
5253,36.501,28.804,7.697,3,1532,8342
5254,18.020,16.931,1.089,2,24,2236
5255,35.052,27.379,7.673,3,1544,8394
5256,15.890,14.888,1.003,2,24,2236
5257,36.006,28.105,7.901,3,1524,8192
5258,16.098,15.054,1.044,2,24,2236
5259,34.531,25.929,8.602,3,1532,8198
5260,16.134,15.103,1.031,2,24,2236
5261,33.094,25.498,7.596,3,1522,8038
5262,16.443,15.236,1.207,2,24,2236
5263,33.013,25.465,7.549,3,1516,8010
5264,15.872,14.943,0.929,2,24,2236
5265,32.668,24.984,7.684,3,1482,7850
5266,15.939,14.974,0.965,2,24,2236
5267,32.715,25.045,7.670,3,1472,7820
5268,16.429,15.482,0.948,2,24,2236
5269,40.820,33.437,7.383,5,1542,9238
5270,40.313,32.787,7.526,5,1554,9372
5271,16.006,15.013,0.994,2,24,2236
5272,41.970,33.881,8.089,5,1588,9616
5273,16.090,15.104,0.987,2,24,2236
5274,42.952,34.805,8.147,5,1592,9698
5275,16.087,15.071,1.016,2,24,2236
5276,45.422,37.094,8.328,5,1622,9932
5277,17.316,16.297,1.019,2,24,2236
5278,44.267,36.578,7.689,5,1604,9840
5279,16.941,15.956,0.986,2,24,2236
5280,42.954,34.771,8.183,5,1600,9938
5281,16.259,15.159,1.100,2,24,2236
5282,42.763,34.348,8.414,5,1624,10074
5283,16.053,14.993,1.060,2,24,2236
5284,43.390,34.924,8.466,5,1634,10214
5285,16.079,14.925,1.154,2,24,2236
5286,43.334,34.906,8.428,5,1622,10096
5287,16.277,15.142,1.135,2,24,2236
5288,43.174,35.063,8.110,5,1622,10074
5289,16.931,15.789,1.142,2,24,2236
5290,44.063,35.773,8.290,5,1624,10040
5291,16.106,15.002,1.104,2,24,2236
5292,43.143,34.813,8.329,5,1618,10020
5293,16.007,14.912,1.094,2,24,2236
5294,42.734,34.450,8.284,5,1596,9930
5295,16.323,15.067,1.257,2,24,2236
5296,42.764,34.734,8.030,5,1586,9880
5297,15.921,14.854,1.067,2,24,2236
5298,43.585,35.049,8.536,5,1598,10022
5299,16.527,15.404,1.123,2,24,2236
5300,43.096,35.298,7.798,5,1612,10148
5301,16.019,14.882,1.137,2,24,2236
5302,45.533,37.181,8.352,5,1606,10168
5303,17.570,16.477,1.093,2,24,2236
5304,44.393,36.368,8.025,5,1604,10342
5305,16.104,15.045,1.059,2,24,2236
5306,43.887,35.732,8.155,5,1602,10280
5307,16.087,14.982,1.105,2,24,2236
5308,44.225,36.003,8.222,5,1590,10288
5309,16.638,15.548,1.090,2,24,2236
5310,44.580,36.743,7.837,5,1596,10354
5311,15.936,14.851,1.085,2,24,2236
5312,45.193,36.859,8.334,5,1568,10426
5313,15.893,14.761,1.132,2,24,2236
5314,45.276,37.078,8.198,5,1574,10494
5315,16.630,15.314,1.317,2,24,2236
5316,44.613,36.835,7.777,5,1576,10570
5317,16.113,15.022,1.091,2,24,2236
5318,45.331,37.214,8.117,5,1554,10538
5319,16.728,15.431,1.297,2,24,2236
5320,45.457,37.699,7.758,5,1588,10682
5321,17.708,16.471,1.237,2,24,2236
5322,45.727,37.975,7.752,5,1584,10678
5323,15.977,14.876,1.101,2,24,2236
5324,45.539,37.390,8.148,5,1582,10674
5325,16.018,14.930,1.088,2,24,2236
5326,48.113,40.148,7.965,5,1550,10520
5327,16.991,15.951,1.040,2,24,2236
5328,49.189,41.766,7.423,5,1542,10502
5329,17.080,15.992,1.088,2,24,2236
5330,45.171,37.499,7.672,5,1574,10636
5331,15.972,14.871,1.101,2,24,2236
5332,45.234,36.889,8.345,5,1574,10552
5333,15.798,14.741,1.057,2,24,2236
5334,46.428,38.066,8.361,5,1544,10352
5335,16.358,15.312,1.047,2,24,2236
5336,45.269,37.612,7.656,5,1556,10288
5337,16.187,15.023,1.164,2,24,2236
5338,44.591,36.665,7.927,5,1540,9964
5339,16.227,14.963,1.264,2,24,2236
5340,44.291,36.256,8.034,5,1554,9996
5341,16.242,14.991,1.251,2,24,2236
5342,44.170,36.378,7.792,5,1528,9946
5343,16.315,15.210,1.106,2,24,2236
5344,44.231,36.331,7.900,5,1540,10060
5345,15.998,14.931,1.067,2,24,2236
5346,44.344,36.228,8.116,5,1526,10070
5347,15.922,14.833,1.089,2,24,2236
5348,44.902,36.970,7.932,5,1526,10088
5349,15.780,14.842,0.938,2,24,2236
5350,44.645,36.507,8.138,5,1560,10220
5351,16.053,15.129,0.924,2,24,2236
5352,44.370,36.498,7.872,5,1562,10224
5353,15.832,14.800,1.031,2,24,2236
5354,44.499,36.235,8.264,5,1568,10244
5355,16.871,15.716,1.156,2,24,2236
5356,45.313,37.882,7.431,5,1556,10200
5357,16.124,15.165,0.958,2,24,2236
5358,44.339,36.487,7.852,5,1554,10208
5359,15.690,14.772,0.917,2,24,2236
5360,44.934,36.811,8.123,5,1548,10210
5361,16.277,15.282,0.995,2,24,2236
5362,43.553,35.992,7.561,5,1538,10198
5363,15.869,14.939,0.930,2,24,2236
5364,43.704,35.809,7.895,5,1532,10176
5365,16.098,14.902,1.196,2,24,2236
5366,43.917,36.050,7.867,5,1532,10180
5367,17.020,15.891,1.129,2,24,2236
5368,44.053,36.680,7.373,5,1532,10076
5369,16.023,14.881,1.142,2,24,2236
5370,43.861,35.925,7.936,5,1540,10096
5371,16.293,15.065,1.228,2,24,2236
5372,42.881,35.087,7.794,5,1548,10080
5373,16.120,14.929,1.191,2,24,2236
5374,42.621,34.626,7.994,5,1540,10086
5375,16.043,14.866,1.177,2,24,2236
5376,44.456,36.450,8.006,5,1538,10082
5377,16.938,15.747,1.191,2,24,2236
5378,44.343,36.676,7.667,5,1552,10180
5379,17.559,16.391,1.168,2,24,2236
5380,41.850,34.341,7.509,5,1508,10026
5381,16.059,14.917,1.142,2,24,2236
5382,42.575,34.640,7.935,5,1512,9996
5383,16.034,14.918,1.116,2,24,2236
5384,35.753,28.056,7.697,3,1500,8540
5385,16.928,15.656,1.272,2,24,2236
5386,35.104,27.532,7.572,3,1508,8498
5387,17.238,15.997,1.241,2,24,2236
5388,36.413,29.201,7.211,3,1506,8506
5389,16.017,14.915,1.102,2,24,2236
5390,35.991,28.316,7.675,3,1496,8470
5391,16.000,14.768,1.232,2,24,2236
5392,34.658,26.856,7.802,3,1462,8324
5393,15.992,14.876,1.116,2,24,2236
5394,34.380,26.605,7.775,3,1468,8346
5395,16.021,14.930,1.091,2,24,2236
5396,34.995,27.122,7.874,3,1504,8478
5397,16.154,14.955,1.199,2,24,2236
5398,34.507,26.804,7.703,3,1484,8402
5399,15.858,14.786,1.072,2,24,2236
5400,36.322,28.002,8.319,3,1490,8304
5401,16.967,15.707,1.260,2,24,2236
5402,33.825,26.615,7.210,3,1486,8256
5403,15.868,14.878,0.990,2,24,2236
5404,34.319,26.723,7.596,3,1474,8140
5405,15.818,14.892,0.926,2,24,2236
5406,35.020,27.325,7.695,3,1492,8214
5407,15.802,14.852,0.950,2,24,2236
5408,34.642,26.920,7.722,3,1496,8164
5409,15.889,14.901,0.987,2,24,2236
5410,33.727,26.069,7.658,3,1478,8112
5411,16.066,14.960,1.106,2,24,2236
5412,33.126,25.605,7.521,3,1478,8068
5413,15.803,14.900,0.903,2,24,2236
5414,33.590,25.902,7.688,3,1460,7980
5415,17.031,16.065,0.966,2,24,2236
5416,32.741,25.643,7.098,3,1488,8052
5417,15.935,15.016,0.919,2,24,2236
5418,33.465,25.857,7.608,3,1486,8072
5419,16.182,14.881,1.300,2,24,2236
5420,33.495,25.751,7.744,3,1480,8072
5421,16.122,15.048,1.074,2,24,2236
5422,33.274,25.782,7.492,3,1462,8014
5423,15.931,14.893,1.038,2,24,2236
5424,33.032,25.481,7.550,3,1452,7928
5425,16.431,14.938,1.494,2,24,2236
5426,33.256,25.670,7.586,3,1480,8056
5427,16.590,15.241,1.349,2,24,2236
5428,35.434,28.010,7.423,3,1466,7892
5429,16.382,15.221,1.162,2,24,2236
5430,32.633,25.239,7.394,3,1458,7784
5431,16.076,14.989,1.087,2,24,2236
5432,32.375,24.855,7.520,3,1452,7678
5433,15.792,14.733,1.059,2,24,2236
5434,34.522,26.878,7.644,3,1440,7686
5435,16.811,15.690,1.121,2,24,2236
5436,34.076,27.077,6.999,3,1438,7620
5437,17.420,16.352,1.068,2,24,2236
5438,31.741,24.786,6.954,3,1430,7570
5439,16.175,15.005,1.170,2,24,2236
5440,31.868,24.529,7.339,3,1426,7458
5441,16.894,15.592,1.302,2,24,2236
5442,31.380,24.219,7.161,3,1450,7542
5443,16.466,15.310,1.156,2,24,2236
5444,32.440,24.756,7.684,3,1440,7460
5445,16.338,15.147,1.191,2,24,2236
5446,31.223,23.916,7.307,3,1446,7462
5447,16.035,14.915,1.120,2,24,2236
5448,31.224,23.677,7.548,3,1448,7424
5449,15.713,14.780,0.933,2,24,2236
5450,31.868,24.063,7.805,3,1474,7544
5451,15.883,14.758,1.125,2,24,2236
5452,32.147,24.333,7.815,3,1476,7492
5453,16.065,14.815,1.250,2,24,2236
5454,31.836,24.097,7.739,3,1474,7514
5455,31.240,24.004,7.236,3,1478,7484
5456,31.102,23.576,7.526,3,1486,7558
5457,31.246,24.103,7.143,3,1488,7616
5458,31.028,23.715,7.313,3,1468,7548
5459,30.774,23.645,7.129,3,1466,7492
5460,31.067,23.993,7.075,3,1466,7538
5461,30.896,23.841,7.056,3,1462,7476
5462,30.750,23.677,7.074,3,1460,7532
5463,30.555,23.568,6.987,3,1454,7458
5464,31.076,23.723,7.353,3,1440,7388
5465,33.214,26.050,7.164,3,1430,7280
5466,30.809,23.699,7.110,3,1402,7242
5467,30.310,23.355,6.955,3,1430,7324
5468,31.119,24.017,7.102,3,1456,7486
5469,30.820,23.686,7.134,3,1454,7464
5470,30.001,22.976,7.025,3,1426,7252
5471,29.972,22.977,6.995,3,1432,7212
5472,30.387,22.931,7.456,3,1458,7324
5473,30.474,23.363,7.111,3,1470,7394
5474,30.323,23.190,7.134,3,1464,7446
5475,30.457,23.488,6.969,3,1464,7452
5476,30.190,23.143,7.047,3,1462,7456
5477,30.267,23.059,7.208,3,1460,7432
5478,30.902,23.689,7.212,3,1460,7440
5479,31.220,24.063,7.157,3,1450,7366
5480,30.157,23.203,6.954,3,1438,7358
5481,30.293,23.188,7.106,3,1420,7250
5482,29.811,22.863,6.948,3,1408,7282
5483,29.639,22.792,6.847,3,1398,7194
5484,29.630,22.828,6.802,3,1378,7118
5485,29.324,22.686,6.637,3,1378,7044
5486,30.466,23.516,6.950,3,1408,7142
5487,32.447,25.619,6.828,3,1384,7062
5488,31.474,24.471,7.002,3,1370,7054
5489,32.210,25.268,6.942,3,1414,7220
5490,33.674,26.862,6.812,3,1408,7240
5491,30.732,23.615,7.117,3,1410,7238
5492,30.613,23.416,7.197,3,1446,7362
5493,30.896,23.930,6.966,3,1438,7296
5494,31.159,24.290,6.869,3,1440,7278
5495,30.405,23.685,6.719,3,1412,7158
5496,29.740,22.966,6.775,3,1406,7132
5497,30.050,23.267,6.784,3,1384,6996
5498,32.645,25.999,6.645,3,1364,6910
5499,29.992,23.368,6.623,3,1360,6904
5500,29.380,22.978,6.402,3,1354,6926
5501,29.579,23.014,6.566,3,1350,6920
5502,29.063,22.672,6.391,3,1354,6948
5503,28.976,22.603,6.373,3,1352,6930
5504,28.909,22.548,6.361,3,1334,6884
5505,28.570,22.430,6.140,3,1310,6714
5506,29.051,22.699,6.352,3,1346,6814
5507,29.283,22.671,6.612,3,1334,6772
5508,28.803,22.359,6.444,3,1336,6758
5509,28.563,22.212,6.351,3,1328,6744
5510,28.812,22.421,6.391,3,1306,6654
5511,28.396,22.141,6.254,3,1310,6646
5512,29.268,22.936,6.332,3,1316,6704
5513,28.758,22.267,6.491,3,1314,6682
5514,28.657,22.120,6.537,3,1314,6704
5515,29.343,22.907,6.436,3,1302,6656
5516,28.555,22.286,6.269,3,1312,6752
5517,28.658,22.225,6.433,3,1302,6698
5518,28.695,22.384,6.311,3,1302,6638
5519,28.366,21.869,6.498,3,1296,6666
5520,28.346,22.078,6.268,3,1304,6722
5521,28.270,22.072,6.198,3,1306,6718
5522,29.561,23.120,6.441,3,1312,6742
5523,28.387,22.032,6.355,3,1304,6718
5524,29.093,22.804,6.289,3,1322,6786
5525,28.500,22.266,6.235,3,1316,6770
5526,28.535,22.326,6.209,3,1298,6732
5527,28.549,22.342,6.207,3,1302,6778
5528,29.253,22.551,6.703,3,1322,6842
5529,29.088,22.748,6.340,3,1320,6848
5530,29.015,22.621,6.394,3,1328,6888
5531,28.791,22.335,6.456,3,1332,6894
5532,28.925,22.464,6.461,3,1342,6886
5533,30.168,23.671,6.497,3,1346,6916
5534,28.998,22.313,6.685,3,1348,6980
5535,28.881,22.355,6.526,3,1346,6928
5536,28.934,22.424,6.511,3,1352,6986
5537,28.976,22.502,6.473,3,1358,7000
5538,31.074,24.579,6.495,3,1364,7046
5539,31.067,24.468,6.599,3,1350,6968
5540,31.146,24.540,6.606,3,1364,7056
5541,30.796,24.003,6.794,3,1362,7062
5542,29.086,22.577,6.509,3,1366,7098
5543,29.500,22.764,6.735,3,1378,7152
5544,29.256,22.810,6.446,3,1356,7054
5545,29.225,22.462,6.763,3,1354,7030
5546,29.527,22.612,6.915,3,1376,7060
5547,29.405,22.672,6.733,3,1384,7104
5548,29.537,22.879,6.658,3,1382,7070
5549,29.241,22.381,6.859,3,1394,7100
5550,29.793,23.125,6.668,3,1392,7124
5551,29.651,23.047,6.604,3,1352,6974
5552,29.934,22.947,6.987,3,1370,7044
5553,29.926,22.732,7.194,3,1386,7080
5554,29.822,23.070,6.752,3,1398,7184
5555,29.471,22.856,6.615,3,1384,7096
5556,29.745,22.993,6.752,3,1412,7238
5557,29.692,22.955,6.737,3,1400,7116
5558,29.575,22.855,6.719,3,1410,7184
5559,29.845,22.818,7.027,3,1416,7180
5560,30.003,22.832,7.170,3,1416,7224
5561,30.278,23.471,6.807,3,1424,7420
5562,30.573,23.571,7.003,3,1414,7394
5563,30.801,23.939,6.862,3,1380,7280
5564,30.452,23.646,6.805,3,1406,7430
5565,31.145,23.857,7.288,3,1410,7408
5566,30.086,23.394,6.692,3,1390,7354
5567,31.324,24.558,6.766,3,1390,7318
5568,31.096,24.318,6.778,3,1412,7432
5569,31.202,24.371,6.831,3,1422,7418
5570,30.078,23.209,6.868,3,1426,7428
5571,32.194,25.410,6.783,3,1424,7348
5572,30.551,23.643,6.907,3,1442,7442
5573,30.345,23.556,6.789,3,1434,7404
5574,33.903,26.825,7.078,3,1468,7578
5575,30.755,23.698,7.057,3,1454,7478
5576,30.682,23.708,6.974,3,1454,7500
5577,30.244,23.205,7.039,3,1434,7370
5578,30.387,23.318,7.069,3,1434,7370
5579,30.790,23.638,7.151,3,1434,7332
5580,30.382,23.447,6.935,3,1434,7338
5581,30.257,23.303,6.954,3,1434,7332
5582,30.476,23.354,7.122,3,1450,7396
5583,30.017,23.009,7.008,3,1446,7340
5584,31.753,24.001,7.752,3,1462,7422
5585,30.878,23.806,7.072,3,1462,7442
5586,31.955,24.906,7.049,3,1472,7616
5587,31.839,24.690,7.149,3,1480,7632
5588,34.879,27.751,7.128,3,1486,7654
5589,33.142,25.627,7.516,3,1504,7666
5590,32.024,24.644,7.380,3,1506,7692
5591,33.058,25.826,7.232,3,1514,7744
5592,33.289,25.950,7.338,3,1496,7672
5593,31.705,24.516,7.188,3,1498,7728
5594,31.726,24.438,7.287,3,1526,7836
5595,31.626,24.515,7.111,3,1508,7712
5596,31.852,24.112,7.740,3,1508,7792
5597,30.714,23.651,7.064,3,1458,7558
5598,33.547,26.292,7.255,3,1480,7716
5599,31.271,24.040,7.231,3,1470,7602
5600,31.114,23.891,7.224,3,1478,7642
5601,30.904,23.773,7.132,3,1468,7570
5602,30.808,23.773,7.035,3,1468,7608
5603,30.579,23.729,6.850,3,1464,7528
5604,30.257,23.472,6.786,3,1406,7276
5605,30.087,23.344,6.743,3,1436,7358
5606,30.378,23.459,6.919,3,1466,7484
5607,30.318,23.343,6.974,3,1446,7420
5608,30.949,23.893,7.056,3,1450,7482
5609,30.028,22.901,7.126,3,1438,7236
5610,29.422,22.738,6.684,3,1416,7192
5611,29.373,22.784,6.589,3,1390,7008
5612,29.617,22.764,6.852,3,1412,7108
5613,29.599,22.795,6.804,3,1396,7014
5614,29.812,22.675,7.137,3,1408,7078
5615,29.350,22.685,6.665,3,1378,6928
5616,29.870,22.963,6.907,3,1388,7032
5617,30.294,23.088,7.206,3,1422,7128
5618,31.236,24.426,6.810,3,1422,7220
5619,29.411,22.488,6.923,3,1414,7194
5620,30.332,23.203,7.129,3,1424,7250
5621,30.186,23.218,6.969,3,1428,7288
5622,30.191,23.028,7.163,3,1438,7304
5623,30.156,23.088,7.068,3,1430,7256
5624,29.846,22.762,7.083,3,1434,7292
5625,29.693,22.867,6.826,3,1432,7224
5626,30.745,23.761,6.984,3,1448,7246
5627,30.293,23.103,7.191,3,1442,7208
5628,30.793,23.814,6.980,3,1442,7240
5629,30.094,23.110,6.983,3,1430,7140
5630,32.211,25.209,7.002,3,1442,7260
5631,29.959,22.901,7.058,3,1446,7250
5632,29.950,23.055,6.895,3,1432,7216
5633,29.970,23.038,6.932,3,1428,7180
5634,30.656,23.591,7.065,3,1454,7272
5635,30.299,23.285,7.014,3,1448,7240
5636,30.142,23.034,7.107,3,1434,7290
5637,33.168,24.869,8.299,3,1470,7312
5638,31.953,24.747,7.206,3,1462,7340
5639,32.077,25.149,6.928,3,1458,7340
5640,30.671,23.764,6.907,3,1452,7296
5641,29.810,22.850,6.960,3,1450,7262
5642,29.977,23.055,6.922,3,1476,7376
5643,29.933,22.889,7.044,3,1468,7396
5644,30.262,23.082,7.180,3,1482,7494
5645,30.218,23.261,6.957,3,1480,7468
5646,30.697,23.475,7.222,3,1506,7602
5647,31.539,24.551,6.988,3,1500,7604
5648,30.540,23.386,7.153,3,1502,7630
5649,30.398,23.395,7.003,3,1484,7506
5650,30.911,23.724,7.187,3,1514,7644
5651,30.354,23.395,6.959,3,1488,7512
5652,30.714,23.538,7.176,3,1518,7616
5653,31.273,24.031,7.242,3,1500,7512
5654,30.373,23.215,7.157,3,1520,7650
5655,29.712,22.792,6.920,3,1488,7468
5656,30.217,22.991,7.226,3,1506,7446
5657,29.901,22.822,7.079,3,1486,7350
5658,29.846,22.974,6.872,3,1476,7290
5659,29.700,22.790,6.910,3,1472,7250
5660,30.100,22.641,7.459,3,1458,7190
5661,29.637,22.619,7.018,3,1440,7104
5662,30.167,23.321,6.846,3,1452,7202
5663,28.906,22.305,6.601,3,1408,6960
5664,30.223,23.435,6.789,3,1442,7166
5665,29.669,22.769,6.901,3,1432,7124
5666,29.701,22.831,6.870,3,1446,7240
5667,29.368,22.705,6.663,3,1434,7144
5668,29.672,22.877,6.795,3,1440,7184
5669,29.786,23.021,6.765,3,1420,7110
5670,29.426,22.734,6.693,3,1422,7170
5671,29.260,22.697,6.562,3,1416,7158
5672,29.489,22.747,6.742,3,1410,7132
5673,28.816,22.285,6.531,3,1392,7050
5674,29.152,22.600,6.551,3,1404,7118
5675,28.827,22.230,6.597,3,1392,7068
5676,29.242,22.633,6.609,3,1394,7092
5677,28.869,22.377,6.492,3,1390,7064
5678,29.919,23.244,6.675,3,1390,7164
5679,29.329,22.655,6.674,3,1350,7014
5680,29.741,23.114,6.628,3,1348,7010
5681,29.180,22.466,6.713,3,1370,7068
5682,29.247,22.745,6.502,3,1368,7040
5683,29.871,23.431,6.440,3,1342,6952
5684,29.192,22.741,6.451,3,1350,7042
5685,29.383,23.050,6.332,3,1340,6956
5686,29.219,22.620,6.600,3,1356,7036
5687,30.613,24.008,6.605,3,1338,6930
5688,30.838,24.390,6.448,3,1348,6988
5689,30.609,24.077,6.532,3,1336,6986
5690,29.590,23.015,6.576,3,1334,6938
5691,30.660,24.312,6.348,3,1324,6886
5692,29.613,23.169,6.444,3,1342,6956
5693,28.977,22.705,6.271,3,1324,6842
5694,29.595,23.143,6.451,3,1336,6842
5695,28.974,22.496,6.478,3,1328,6808
5696,29.652,22.994,6.657,3,1368,6964
5697,30.222,23.544,6.678,3,1362,6908
5698,31.354,24.705,6.649,3,1374,6980
5699,29.925,23.152,6.773,3,1378,6924
5700,29.490,22.922,6.568,3,1372,6938
5701,29.483,22.704,6.779,3,1374,6914
5702,29.232,22.653,6.579,3,1380,6910
5703,29.680,22.739,6.941,3,1376,6896
5704,29.009,22.488,6.521,3,1366,6868
5705,29.154,22.648,6.506,3,1352,6842
5706,28.658,22.211,6.448,3,1356,6840
5707,28.921,22.476,6.445,3,1348,6804
5708,29.061,22.548,6.514,3,1362,6854
5709,28.807,22.446,6.362,3,1356,6850
5710,29.051,22.521,6.530,3,1348,6878
5711,29.263,22.874,6.389,3,1338,6846
5712,29.299,22.733,6.566,3,1354,6960
5713,29.175,22.777,6.398,3,1344,6918
5714,29.074,22.612,6.462,3,1350,6930
5715,28.819,22.516,6.303,3,1330,6852
5716,28.584,22.236,6.348,3,1338,6890
5717,28.455,22.213,6.242,3,1324,6862
5718,28.963,22.507,6.456,3,1336,6920
5719,28.491,22.255,6.236,3,1326,6882
5720,29.123,22.647,6.476,3,1338,6928
5721,28.743,22.346,6.397,3,1316,6836
5722,28.727,22.192,6.535,3,1332,6890
5723,28.699,22.054,6.646,3,1322,6864
5724,28.320,21.967,6.353,3,1324,6832
5725,28.414,22.034,6.380,3,1316,6828
5726,29.091,22.614,6.477,3,1330,6878
5727,29.275,22.806,6.469,3,1320,6810
5728,29.415,22.773,6.641,3,1344,6856
5729,29.862,23.017,6.845,3,1338,6802
5730,29.345,22.522,6.822,3,1348,6844
5731,30.048,23.302,6.747,3,1334,6748
5732,29.158,22.688,6.470,3,1346,6852
5733,28.742,21.996,6.746,3,1342,6816
5734,28.789,22.301,6.487,3,1346,6878
5735,28.625,22.002,6.623,3,1336,6842
5736,28.752,22.166,6.586,3,1304,6720
5737,28.707,21.954,6.753,3,1320,6742
5738,30.430,23.585,6.845,3,1328,6746
5739,30.858,24.360,6.498,3,1326,6866
5740,30.524,23.920,6.604,3,1336,6922
5741,31.073,24.580,6.493,3,1326,6898
5742,29.397,22.568,6.829,3,1354,7014
5743,29.166,22.601,6.566,3,1326,6920
5744,29.755,22.774,6.981,3,1338,7032
5745,29.702,23.211,6.492,3,1362,7068
5746,29.924,23.394,6.531,3,1372,7160
5747,31.497,24.875,6.621,3,1360,7110
5748,29.681,23.051,6.630,3,1366,7154
5749,29.517,22.980,6.538,3,1366,7160
5750,29.976,23.297,6.678,3,1368,7158
5751,29.240,22.635,6.606,3,1352,7100
5752,30.194,23.654,6.540,3,1370,7198
5753,29.861,23.256,6.605,3,1370,7148
5754,30.451,23.687,6.764,3,1396,7296
5755,30.319,23.760,6.559,3,1392,7268
5756,29.705,23.071,6.634,3,1392,7288
5757,31.329,24.486,6.843,3,1402,7330
5758,30.463,23.559,6.903,3,1404,7324
5759,30.702,24.063,6.639,3,1402,7310
5760,30.620,23.785,6.835,3,1422,7386
5761,30.938,23.825,7.113,3,1440,7470
5762,30.762,23.769,6.993,3,1436,7456
5763,32.379,24.887,7.492,3,1430,7468
5764,31.316,24.211,7.105,3,1436,7466
5765,32.604,25.605,6.999,3,1436,7486
5766,30.581,23.740,6.841,3,1434,7468
5767,30.877,24.049,6.828,3,1426,7406
5768,31.004,24.035,6.969,3,1424,7408
5769,30.873,24.114,6.759,3,1410,7308
5770,31.290,24.469,6.822,3,1420,7432
5771,30.907,24.122,6.786,3,1412,7398
5772,31.150,24.088,7.062,3,1422,7456
5773,30.541,23.663,6.878,3,1412,7390
5774,31.241,24.457,6.784,3,1420,7418
5775,30.346,23.645,6.701,3,1418,7376
5776,31.250,24.506,6.744,3,1434,7430
5777,30.808,23.869,6.939,3,1436,7424
5778,29.875,22.769,7.106,3,1434,7406
5779,30.027,23.062,6.964,3,1444,7426
5780,30.849,23.975,6.874,3,1420,7334
5781,30.217,23.297,6.921,3,1426,7222
5782,30.549,23.479,7.070,3,1434,7214
5783,29.932,22.967,6.965,3,1430,7126
5784,30.434,23.516,6.917,3,1444,7284
5785,30.441,23.709,6.732,3,1432,7212
5786,30.877,23.877,7.000,3,1438,7288
5787,30.185,23.425,6.761,3,1426,7220
5788,31.466,24.715,6.751,3,1416,7206
5789,31.650,24.884,6.766,3,1416,7220
5790,32.662,25.795,6.867,3,1420,7232
5791,33.878,26.807,7.071,3,1412,7152
5792,30.608,23.803,6.806,3,1426,7228
5793,30.990,23.919,7.071,3,1432,7272
5794,30.437,23.497,6.940,3,1426,7254
5795,30.144,22.986,7.158,3,1422,7248
5796,30.153,23.354,6.800,3,1416,7274
5797,36.040,28.535,7.505,3,1408,7174
5798,31.273,24.129,7.144,3,1410,7254
5799,33.308,26.501,6.807,3,1394,7148
5800,30.360,23.546,6.814,3,1394,7202
5801,34.056,27.282,6.773,3,1386,7104
5802,30.090,23.314,6.775,3,1388,7200
5803,31.006,23.963,7.043,3,1388,7144
5804,29.470,22.756,6.714,3,1364,7106
5805,29.849,23.101,6.747,3,1350,6960
5806,30.025,23.069,6.956,3,1370,7080
5807,29.286,22.684,6.602,3,1330,6850
5808,29.838,22.848,6.990,3,1352,7036
5809,29.912,23.193,6.719,3,1384,7150
5810,29.860,23.203,6.657,3,1392,7250
5811,30.432,23.664,6.768,3,1390,7174
5812,29.417,22.852,6.565,3,1358,7066
5813,29.314,22.793,6.521,3,1360,7000
5814,29.649,22.989,6.660,3,1376,7094
5815,29.595,22.987,6.608,3,1382,7108
5816,29.418,22.880,6.538,3,1364,7094
5817,30.073,23.072,7.002,3,1368,7070
5818,29.924,23.152,6.772,3,1362,7058
5819,29.144,22.630,6.514,3,1364,7078
5820,29.020,22.415,6.605,3,1360,7126
5821,29.760,22.759,7.001,3,1368,7096
5822,28.826,22.204,6.622,3,1328,6950
5823,28.869,22.315,6.554,3,1368,7070
5824,29.213,22.502,6.711,3,1376,7066
5825,29.539,22.513,7.025,3,1376,7016
5826,29.236,22.237,6.999,3,1404,7046
5827,29.571,22.694,6.878,3,1414,7082
5828,30.354,23.424,6.930,3,1426,7150
5829,30.180,22.818,7.362,3,1438,7180
5830,31.530,24.098,7.431,3,1422,7136
5831,31.202,24.054,7.148,3,1424,7164
5832,30.915,23.919,6.996,3,1436,7204
5833,30.021,23.120,6.901,3,1424,7136
5834,30.079,23.204,6.875,3,1436,7190
5835,29.868,22.747,7.122,3,1434,7166
5836,29.922,22.879,7.043,3,1434,7194
5837,31.697,24.500,7.197,3,1430,7154
5838,32.413,25.273,7.140,3,1440,7268
5839,32.675,25.635,7.039,3,1442,7256
5840,31.958,24.866,7.092,3,1436,7284
5841,31.072,23.246,7.826,3,1432,7290
5842,30.356,23.495,6.861,3,1428,7320
5843,29.652,22.842,6.810,3,1422,7290
5844,31.151,24.097,7.054,3,1428,7388
5845,31.166,24.328,6.837,3,1424,7316
5846,30.322,23.477,6.845,3,1432,7374
5847,29.911,23.212,6.699,3,1428,7324
5848,30.052,23.404,6.648,3,1410,7282
5849,29.936,23.289,6.647,3,1410,7228
5850,30.325,23.478,6.847,3,1436,7330
5851,30.323,23.371,6.952,3,1434,7342
5852,32.824,25.861,6.963,3,1414,7308
5853,30.332,23.479,6.853,3,1406,7314
5854,30.791,23.711,7.081,3,1432,7428
5855,30.495,23.647,6.848,3,1420,7372
5856,30.893,23.749,7.144,3,1430,7490
5857,30.900,24.001,6.899,3,1428,7474
5858,31.159,23.845,7.314,3,1434,7604
5859,30.548,23.660,6.888,3,1414,7524
5860,30.421,23.674,6.747,3,1392,7508
5861,30.286,23.576,6.711,3,1382,7414
5862,30.863,23.739,7.124,3,1398,7540
5863,30.536,23.754,6.782,3,1382,7434
5864,32.489,25.605,6.884,3,1348,7378
5865,30.742,24.139,6.603,3,1376,7458
5866,30.623,23.840,6.784,3,1392,7522
5867,30.715,23.680,7.035,3,1394,7454
5868,30.200,23.319,6.881,3,1398,7480
5869,30.316,23.460,6.855,3,1406,7522
5870,30.362,23.475,6.887,3,1378,7374
5871,30.292,23.538,6.755,3,1346,7236
5872,30.183,23.227,6.956,3,1354,7240
5873,30.208,23.356,6.851,3,1388,7244
5874,30.453,23.219,7.234,3,1386,7232
5875,29.788,23.139,6.649,3,1384,7196
5876,30.063,23.122,6.941,3,1382,7206
5877,30.133,23.398,6.736,3,1374,7202
5878,30.468,23.631,6.837,3,1378,7218
5879,29.593,22.991,6.602,3,1368,7186
5880,30.505,23.614,6.891,3,1412,7432
5881,30.265,23.396,6.870,3,1402,7354
5882,30.463,23.450,7.013,3,1400,7378
5883,30.543,23.524,7.019,3,1404,7354
5884,30.781,23.633,7.148,3,1424,7450
5885,30.749,23.392,7.357,3,1412,7364
5886,31.647,24.841,6.806,3,1402,7340
5887,32.831,25.949,6.882,3,1390,7238
5888,30.755,23.985,6.769,3,1386,7190
5889,32.040,25.133,6.907,3,1382,7152
5890,31.785,25.042,6.743,3,1388,7240
5891,30.241,23.308,6.933,3,1382,7138
5892,29.784,23.013,6.771,3,1364,7078
5893,29.814,23.169,6.645,3,1362,7050
5894,30.152,23.021,7.131,3,1356,6994
5895,30.193,23.381,6.811,3,1356,6980
5896,31.202,24.426,6.776,3,1328,6908
5897,29.676,22.955,6.721,3,1330,6870
5898,29.109,22.413,6.697,3,1318,6832
5899,29.420,22.626,6.794,3,1314,6770
5900,28.993,22.549,6.444,3,1318,6734
5901,28.778,22.196,6.581,3,1308,6684
5902,29.128,22.620,6.509,3,1324,6712
5903,28.706,22.344,6.362,3,1312,6664
5904,28.823,22.265,6.558,3,1308,6670
5905,28.608,22.087,6.520,3,1294,6628
5906,29.241,22.483,6.758,3,1298,6606
5907,28.891,22.539,6.352,3,1302,6642
5908,28.584,22.347,6.236,3,1292,6656
5909,28.768,22.180,6.588,3,1302,6658
5910,29.054,22.575,6.479,3,1294,6664
5911,28.457,22.219,6.237,3,1292,6648
5912,28.890,22.456,6.434,3,1296,6708
5913,29.122,22.500,6.622,3,1300,6734
5914,28.331,22.188,6.143,3,1278,6650
5915,29.380,23.238,6.143,3,1294,6816
5916,29.193,22.893,6.300,3,1320,6946
5917,29.578,23.239,6.339,3,1330,6968
5918,29.403,23.110,6.293,3,1326,6974
5919,29.689,23.356,6.332,3,1326,6948
5920,29.244,22.931,6.313,3,1326,6958
5921,29.137,22.841,6.296,3,1324,6926
5922,29.473,23.212,6.260,3,1322,6920
5923,29.507,23.181,6.327,3,1326,6908
5924,29.804,23.480,6.323,3,1328,6922
5925,29.387,23.123,6.263,3,1326,6926
5926,29.794,23.229,6.564,3,1342,6998
5927,30.000,23.486,6.513,3,1342,6992
5928,30.853,24.087,6.766,3,1362,7118
5929,30.268,23.329,6.938,3,1348,7040
5930,34.516,27.457,7.059,3,1358,7122
5931,30.581,23.608,6.973,3,1360,7128
5932,29.812,23.119,6.693,3,1370,7220
5933,30.486,23.520,6.967,3,1364,7174
5934,29.695,23.109,6.586,3,1368,7204
5935,27.505,20.991,6.514,3,1302,6450
5936,27.388,20.907,6.480,3,1312,6494
5937,30.538,24.187,6.351,3,1342,6630
5938,29.576,23.019,6.557,3,1346,6634
5939,29.142,22.738,6.404,3,1338,6582
5940,30.791,24.283,6.508,3,1346,6634
5941,28.209,21.795,6.414,3,1318,6462
5942,27.765,21.172,6.593,3,1336,6532
5943,27.291,20.796,6.495,3,1324,6488
5944,27.614,21.054,6.560,3,1332,6476
5945,27.375,21.082,6.293,3,1330,6470
5946,27.523,21.114,6.409,3,1324,6540
5947,27.394,20.820,6.574,3,1322,6520
5948,27.158,20.806,6.352,3,1316,6450
5949,26.930,20.727,6.203,3,1300,6384
5950,27.299,20.767,6.532,3,1312,6500
5951,26.954,20.699,6.256,3,1314,6466
5952,26.762,20.495,6.267,3,1314,6456
5953,26.921,20.712,6.209,3,1304,6376
5954,27.149,20.722,6.426,3,1306,6426
5955,26.823,20.625,6.199,3,1296,6354
5956,27.164,20.960,6.204,3,1294,6378
5957,27.097,20.908,6.189,3,1288,6312
5958,27.071,20.728,6.344,3,1278,6328
5959,26.605,20.417,6.187,3,1272,6248
5960,26.366,20.311,6.055,3,1268,6280
5961,27.180,20.817,6.363,3,1264,6246
5962,26.694,20.564,6.130,3,1264,6282
5963,27.406,21.319,6.087,3,1260,6228
5964,27.016,20.896,6.120,3,1260,6242
5965,26.561,20.389,6.172,3,1258,6210
5966,28.986,22.668,6.318,3,1266,6274
5967,28.537,22.289,6.248,3,1252,6212
5968,27.792,21.654,6.137,3,1262,6310
5969,27.244,20.971,6.273,3,1272,6362
5970,27.500,21.309,6.190,3,1242,6282
5971,26.962,20.910,6.052,3,1264,6384
5972,27.685,21.559,6.126,3,1272,6454
5973,27.113,21.079,6.033,3,1258,6364
5974,28.484,22.173,6.311,3,1298,6518
5975,27.941,21.727,6.213,3,1290,6448
5976,28.130,21.672,6.458,3,1296,6498
5977,27.434,21.240,6.194,3,1278,6376
5978,28.209,21.792,6.417,3,1296,6528
5979,27.634,21.406,6.228,3,1282,6392
5980,28.503,21.832,6.671,3,1310,6522
5981,27.494,21.169,6.325,3,1288,6468
5982,28.590,22.094,6.496,3,1314,6542
5983,27.100,20.765,6.335,3,1294,6422
5984,28.346,21.660,6.686,3,1334,6570
5985,29.520,22.996,6.524,3,1318,6482
5986,28.584,21.762,6.822,3,1330,6498
5987,27.969,21.333,6.637,3,1322,6424
5988,28.343,21.768,6.575,3,1332,6456
5989,27.623,21.021,6.602,3,1334,6408
5990,27.928,21.369,6.559,3,1338,6436
5991,27.380,21.011,6.369,3,1340,6420
5992,28.646,22.123,6.524,3,1346,6496
5993,28.859,22.227,6.632,3,1342,6438
5994,29.494,22.763,6.732,3,1356,6520
5995,28.801,22.294,6.508,3,1364,6564
5996,27.625,21.152,6.473,3,1360,6572
5997,27.862,21.186,6.676,3,1360,6498
5998,27.620,21.079,6.541,3,1358,6508
5999,27.682,21.172,6.509,3,1324,6364
6000,28.261,21.611,6.650,3,1356,6538
6001,28.964,21.703,7.261,3,1384,6628
6002,29.923,22.812,7.112,3,1386,6654
6003,28.817,22.168,6.649,3,1404,6738
6004,29.086,22.076,7.010,3,1412,6818
6005,28.607,21.895,6.712,3,1398,6742
6006,28.132,21.545,6.587,3,1390,6712
6007,27.904,21.446,6.457,3,1370,6574
6008,28.302,21.747,6.556,3,1378,6628
6009,28.115,21.683,6.433,3,1360,6542
6010,28.709,21.845,6.864,3,1370,6588
6011,27.763,21.334,6.429,3,1352,6496
6012,28.074,21.620,6.453,3,1350,6576
6013,27.748,21.225,6.524,3,1350,6568
6014,28.283,21.454,6.829,3,1356,6632
6015,27.750,21.234,6.516,3,1354,6592
6016,27.956,21.524,6.431,3,1366,6688
6017,27.671,21.257,6.414,3,1360,6610
6018,28.369,21.560,6.809,3,1360,6634
6019,27.892,21.356,6.536,3,1352,6602
6020,27.965,21.598,6.367,3,1348,6578
6021,29.284,22.899,6.385,3,1340,6528
6022,27.659,21.244,6.415,3,1310,6436
6023,27.763,21.414,6.349,3,1304,6382
6024,27.658,21.331,6.327,3,1298,6420
6025,27.030,20.875,6.155,3,1316,6482
6026,28.413,21.695,6.717,3,1298,6442
6027,27.333,21.171,6.162,3,1288,6418
6028,27.876,21.564,6.312,3,1316,6542
6029,28.392,22.061,6.331,3,1320,6558
6030,27.784,21.317,6.466,3,1292,6532
6031,27.794,21.308,6.486,3,1310,6518
6032,28.046,21.482,6.564,3,1334,6660
6033,28.197,21.747,6.449,3,1332,6608
6034,28.402,21.968,6.434,3,1340,6672
6035,28.208,21.515,6.693,3,1322,6508
6036,29.239,22.664,6.575,3,1334,6570
6037,29.991,23.495,6.495,3,1330,6486
6038,27.878,21.371,6.507,3,1346,6548
6039,27.670,21.197,6.473,3,1356,6580
6040,28.484,21.770,6.714,3,1366,6664
6041,28.069,21.497,6.572,3,1360,6642
6042,27.853,21.458,6.395,3,1314,6526
6043,28.016,21.705,6.311,3,1338,6586
6044,27.788,21.166,6.622,3,1370,6748
6045,28.032,21.436,6.596,3,1368,6758
6046,29.606,22.818,6.788,3,1358,6736
6047,29.720,23.043,6.676,3,1368,6728
6048,30.335,23.709,6.626,3,1378,6760
6049,29.604,22.952,6.652,3,1372,6786
6050,28.100,21.512,6.589,3,1374,6812
6051,28.469,21.908,6.560,3,1376,6840
6052,28.193,21.477,6.716,3,1382,6860
6053,28.739,22.228,6.511,3,1376,6830
6054,28.270,21.626,6.644,3,1384,6862
6055,27.948,21.465,6.483,3,1372,6750
6056,28.460,21.609,6.851,3,1392,6838
6057,27.961,21.334,6.626,3,1402,6846
6058,28.914,22.023,6.891,3,1400,6816
6059,28.161,21.299,6.862,3,1414,6844
6060,28.255,21.285,6.970,3,1424,6862
6061,28.656,21.388,7.269,3,1428,6838
6062,28.996,22.104,6.892,3,1432,6906
6063,27.916,21.157,6.758,3,1406,6792
6064,28.655,21.830,6.825,3,1406,6872
6065,28.250,21.500,6.749,3,1432,6944
6066,28.954,22.133,6.820,3,1432,6966
6067,28.288,21.473,6.815,3,1422,6884
6068,28.607,21.817,6.790,3,1440,6984
6069,28.770,22.000,6.770,3,1432,6918
6070,28.383,21.293,7.090,3,1438,6984
6071,28.619,21.788,6.830,3,1446,7004
6072,28.772,21.754,7.018,3,1450,7066
6073,30.215,23.409,6.806,3,1434,7006
6074,28.487,21.621,6.867,3,1442,7086
6075,29.307,22.161,7.146,3,1440,7050
6076,29.435,22.468,6.967,3,1446,7020
6077,28.848,21.850,6.999,3,1434,6966
6078,29.519,22.087,7.433,3,1446,7096
6079,29.302,22.244,7.058,3,1438,7054
6080,29.446,22.407,7.039,3,1430,7034
6081,28.864,21.921,6.943,3,1438,7040
6082,28.945,21.862,7.083,3,1416,6896
6083,28.956,22.012,6.943,3,1434,6950
6084,28.959,21.797,7.162,3,1414,6896
6085,28.404,21.678,6.726,3,1426,6934
6086,29.362,22.077,7.285,3,1428,6940
6087,28.919,21.939,6.981,3,1418,6860
6088,29.123,22.262,6.861,3,1416,6800
6089,29.189,22.224,6.965,3,1414,6808
6090,29.185,22.041,7.144,3,1442,6884
6091,28.645,21.721,6.923,3,1424,6794
6092,28.499,21.492,7.007,3,1440,6842
6093,28.438,21.329,7.108,3,1436,6824
6094,28.395,21.501,6.895,3,1418,6824
6095,27.833,21.195,6.638,3,1392,6694
6096,27.743,21.180,6.563,3,1392,6734
6097,27.814,21.335,6.479,3,1374,6608
6098,29.121,22.541,6.581,3,1376,6654
6099,28.928,22.388,6.540,3,1362,6640
6100,29.904,23.190,6.715,3,1358,6666
6101,28.352,21.662,6.689,3,1346,6594
6102,28.711,22.216,6.496,3,1350,6670
6103,27.653,21.115,6.538,3,1348,6650
6104,28.107,21.505,6.601,3,1362,6716
6105,27.986,21.509,6.477,3,1350,6652
6106,27.702,21.190,6.512,3,1352,6642
6107,29.559,23.059,6.501,3,1348,6642
6108,27.899,21.539,6.361,3,1328,6556
6109,27.908,21.304,6.604,3,1338,6590
6110,27.547,21.093,6.454,3,1340,6652
6111,27.696,21.208,6.488,3,1344,6648
6112,29.015,21.983,7.031,3,1358,6742
6113,28.265,21.773,6.491,3,1342,6646
6114,28.238,21.705,6.533,3,1344,6696
6115,27.684,21.307,6.377,3,1340,6616
6116,27.750,21.333,6.417,3,1354,6746
6117,27.785,21.463,6.322,3,1332,6642
6118,28.449,21.470,6.979,3,1354,6768
6119,28.042,21.354,6.687,3,1338,6670
6120,28.441,21.858,6.583,3,1366,6800
6121,29.230,22.575,6.655,3,1378,6816
6122,29.630,22.846,6.784,3,1392,6894
6123,29.000,22.458,6.542,3,1368,6702
6124,29.047,22.448,6.599,3,1392,6730
6125,28.797,22.343,6.454,3,1374,6642
6126,28.680,22.108,6.572,3,1372,6630
6127,27.862,21.485,6.377,3,1322,6368
6128,29.194,22.674,6.520,3,1352,6540
6129,28.608,21.793,6.815,3,1378,6606
6130,29.726,22.550,7.176,3,1420,6788
6131,29.746,22.896,6.850,3,1396,6696
6132,31.422,24.478,6.944,3,1432,6846
6133,31.481,24.231,7.250,3,1418,6838
6134,32.301,25.036,7.265,3,1408,6862
6135,31.000,24.032,6.968,3,1396,6812
6136,31.253,24.303,6.950,3,1424,6914
6137,29.968,22.877,7.091,3,1408,6802
6138,29.901,23.060,6.840,3,1410,6894
6139,29.180,22.540,6.640,3,1374,6698
6140,29.967,22.780,7.187,3,1402,6864
6141,30.919,24.020,6.900,3,1390,6822
6142,30.487,23.572,6.915,3,1404,6936
6143,30.527,23.899,6.628,3,1390,6870
6144,31.348,24.493,6.855,3,1422,7044
6145,30.734,24.027,6.707,3,1410,6950
6146,31.106,24.337,6.769,3,1418,6984
6147,31.130,24.196,6.934,3,1416,6988
6148,31.369,24.453,6.916,3,1416,7046
6149,30.335,23.733,6.602,3,1400,6988
6150,33.086,26.129,6.957,3,1422,7070
6151,31.548,24.768,6.780,3,1402,6968
6152,32.210,25.456,6.754,3,1388,6942
6153,33.180,26.227,6.953,3,1432,7130
6154,31.564,24.746,6.817,3,1428,7116
6155,30.314,23.531,6.783,3,1426,7096
6156,30.998,24.088,6.910,3,1432,7078
6157,29.845,22.905,6.940,3,1408,6928
6158,29.575,22.600,6.975,3,1416,6960
6159,29.493,22.723,6.770,3,1400,6864
6160,29.783,22.652,7.131,3,1414,7034
6161,29.486,22.606,6.880,3,1416,7026
6162,29.782,22.890,6.893,3,1422,7080
6163,29.744,22.438,7.306,3,1414,7000
6164,29.515,22.498,7.017,3,1416,7016
6165,29.300,22.415,6.886,3,1410,6996
6166,29.794,22.934,6.860,3,1424,7066
6167,29.029,22.307,6.722,3,1406,6982
6168,29.290,22.446,6.844,3,1422,7066
6169,28.931,22.130,6.801,3,1418,6982
6170,30.187,23.215,6.971,3,1418,6984
6171,29.728,22.521,7.207,3,1418,7014
6172,29.356,22.435,6.921,3,1422,7046
6173,29.065,22.245,6.820,3,1414,7010
6174,28.934,22.194,6.741,3,1430,7030
6175,30.446,23.702,6.744,3,1424,7004
6176,28.886,22.167,6.718,3,1424,6994
6177,29.134,21.898,7.235,3,1406,6908
6178,28.415,21.657,6.758,3,1420,6970
6179,28.117,21.433,6.685,3,1390,6812
6180,28.284,21.682,6.602,3,1398,6922
6181,28.361,21.763,6.598,3,1402,6926
6182,27.985,21.424,6.561,3,1392,6922
6183,28.847,22.040,6.807,3,1406,6966
6184,28.755,22.073,6.682,3,1408,7004
6185,28.655,21.997,6.658,3,1408,6990
6186,28.614,21.849,6.765,3,1392,6924
6187,28.178,21.478,6.700,3,1420,7024
6188,28.912,22.130,6.781,3,1428,7096
6189,28.501,21.674,6.827,3,1416,7070
6190,29.003,21.950,7.053,3,1440,7182
6191,28.764,21.769,6.995,3,1400,6960
6192,28.628,21.757,6.870,3,1402,6992
6193,28.577,21.731,6.846,3,1430,7096
6194,28.629,21.836,6.793,3,1418,6998
6195,28.510,21.612,6.899,3,1426,7040
6196,28.498,21.678,6.821,3,1428,7066
6197,28.307,21.648,6.659,3,1424,7074
6198,28.561,21.789,6.771,3,1414,7086
6199,28.245,21.396,6.850,3,1420,7084
6200,28.135,21.487,6.648,3,1406,7020
6201,30.265,23.634,6.631,3,1420,7130
6202,31.412,24.730,6.682,3,1420,7056
6203,30.061,23.359,6.702,3,1424,7136
6204,30.118,23.010,7.108,3,1418,7132
6205,28.813,21.817,6.996,3,1412,7068
6206,28.396,21.578,6.818,3,1392,6992
6207,27.987,21.333,6.654,3,1392,6968
6208,28.731,21.837,6.894,3,1426,7170
6209,32.066,25.267,6.800,3,1426,7186
6210,29.700,22.600,7.100,3,1418,7148
6211,29.325,22.400,6.924,3,1430,7270
6212,28.858,22.098,6.759,3,1410,7146
6213,28.839,21.973,6.866,3,1420,7216
6214,29.546,22.975,6.570,3,1382,6962
6215,28.672,22.050,6.623,3,1376,6956
6216,29.981,23.329,6.652,3,1370,6922
6217,30.450,23.889,6.561,3,1370,6896
6218,29.491,22.790,6.701,3,1372,6962
6219,30.240,23.285,6.954,3,1360,6844
6220,28.938,22.308,6.630,3,1364,6852
6221,30.436,23.947,6.489,3,1350,6770
6222,29.414,22.846,6.568,3,1362,6814
6223,29.211,22.761,6.450,3,1350,6734
6224,32.378,25.430,6.948,3,1360,6764
6225,29.023,22.394,6.629,3,1364,6720
6226,29.710,22.809,6.902,3,1358,6670
6227,29.241,22.524,6.717,3,1358,6694
6228,28.024,21.552,6.473,3,1350,6634
6229,27.760,21.162,6.598,3,1360,6654
6230,28.490,22.013,6.477,3,1338,6564
6231,27.243,20.739,6.503,3,1340,6572
6232,27.954,21.213,6.741,3,1370,6680
6233,27.036,20.647,6.389,3,1340,6548
6234,27.674,21.116,6.558,3,1354,6640
6235,27.165,20.884,6.281,3,1338,6542
6236,27.796,21.288,6.507,3,1360,6664
6237,26.984,20.699,6.284,3,1330,6554
6238,27.557,21.021,6.536,3,1360,6652
6239,27.634,21.154,6.480,3,1330,6506
6240,28.189,21.688,6.500,3,1360,6606
6241,27.180,20.741,6.438,3,1348,6566
6242,28.135,21.515,6.620,3,1376,6666
6243,27.476,21.041,6.435,3,1360,6590
6244,29.959,23.363,6.597,3,1390,6680
6245,28.148,21.707,6.441,3,1364,6560
6246,28.165,21.523,6.642,3,1388,6674
6247,29.077,22.563,6.514,3,1354,6522
6248,28.176,21.371,6.806,3,1386,6638
6249,28.319,21.930,6.390,3,1356,6500
6250,30.070,23.406,6.664,3,1386,6614
6251,27.487,21.060,6.427,3,1364,6530
6252,28.905,22.169,6.736,3,1398,6686
6253,31.383,24.659,6.723,3,1384,6600
6254,29.782,22.930,6.852,3,1410,6734
6255,28.835,22.373,6.462,3,1344,6492
6256,30.141,23.268,6.873,3,1370,6602
6257,28.037,20.846,7.191,3,1392,6588
6258,28.376,21.291,7.085,3,1390,6632
6259,27.277,20.774,6.503,3,1376,6598
6260,26.921,20.473,6.448,3,1374,6616
6261,27.181,20.802,6.379,3,1324,6422
6262,27.384,20.876,6.508,3,1370,6646
6263,27.520,20.907,6.613,3,1358,6564
6264,27.758,20.461,7.297,3,1362,6574
6265,27.222,20.783,6.438,3,1370,6612
6266,27.770,20.843,6.926,3,1370,6606
6267,27.624,21.198,6.426,3,1358,6542
6268,27.172,20.771,6.402,3,1360,6568
6269,27.083,20.774,6.309,3,1344,6480
6270,27.013,20.722,6.291,3,1340,6480
6271,26.837,20.382,6.455,3,1332,6466
6272,27.630,21.253,6.376,3,1336,6568
6273,27.377,20.905,6.472,3,1330,6542
6274,27.389,20.821,6.568,3,1326,6570
6275,27.829,21.406,6.423,3,1332,6554
6276,27.798,21.276,6.522,3,1334,6578
6277,28.638,21.859,6.778,3,1336,6566
6278,27.728,21.173,6.555,3,1336,6582
6279,27.299,20.883,6.417,3,1326,6540
6280,31.819,25.509,6.309,3,1312,6512
6281,27.178,20.852,6.326,3,1310,6458
6282,27.697,21.151,6.546,3,1310,6492
6283,27.015,20.822,6.193,3,1296,6416
6284,27.806,21.223,6.583,3,1304,6462
6285,27.142,20.841,6.302,3,1298,6482
6286,27.185,20.908,6.277,3,1300,6528
6287,27.530,21.286,6.244,3,1290,6468
6288,28.483,22.176,6.307,3,1302,6616
6289,28.275,21.936,6.338,3,1296,6592
6290,27.989,21.711,6.278,3,1294,6606
6291,27.699,21.407,6.292,3,1290,6552
6292,27.825,21.455,6.370,3,1288,6564
6293,28.387,22.096,6.291,3,1290,6554
6294,27.859,21.437,6.421,3,1290,6578
6295,27.899,21.484,6.416,3,1294,6568
6296,27.795,21.517,6.278,3,1304,6630
6297,27.885,21.605,6.280,3,1306,6626
6298,28.261,22.039,6.222,3,1304,6618
6299,27.901,21.335,6.566,3,1296,6584
6300,28.218,21.785,6.433,3,1310,6634
6301,27.790,21.218,6.571,3,1294,6554
6302,27.751,21.452,6.299,3,1312,6644
6303,28.241,21.973,6.268,3,1316,6638
6304,28.469,22.014,6.454,3,1286,6530
6305,27.801,21.392,6.409,3,1312,6604
6306,28.148,21.688,6.460,3,1322,6680
6307,29.306,22.919,6.387,3,1314,6616
6308,29.852,23.500,6.352,3,1326,6664
6309,29.081,22.563,6.517,3,1324,6654
6310,29.033,22.441,6.592,3,1326,6676
6311,28.688,22.124,6.564,3,1304,6560
6312,28.626,21.957,6.669,3,1334,6694
6313,28.538,21.764,6.774,3,1330,6662
6314,28.933,22.284,6.648,3,1348,6768
6315,29.858,23.103,6.755,3,1358,6794
6316,29.123,22.353,6.770,3,1380,6882
6317,28.529,21.675,6.854,3,1368,6802
6318,28.907,22.299,6.608,3,1372,6830
6319,28.417,21.600,6.818,3,1334,6682
6320,29.177,22.320,6.858,3,1364,6792
6321,28.434,21.751,6.684,3,1396,6922
6322,28.931,22.097,6.834,3,1394,6894
6323,28.722,22.032,6.690,3,1394,6864
6324,29.447,22.468,6.979,3,1386,6864
6325,28.556,21.874,6.682,3,1384,6810
6326,28.390,21.625,6.764,3,1392,6828
6327,28.638,21.959,6.679,3,1384,6802
6328,29.076,22.340,6.737,3,1396,6876
6329,29.209,22.511,6.698,3,1388,6828
6330,29.616,22.671,6.945,3,1418,6994
6331,29.143,22.435,6.708,3,1404,6912
6332,29.483,22.693,6.790,3,1408,6962
6333,29.282,22.611,6.671,3,1408,6942
6334,29.123,22.355,6.768,3,1398,6956
6335,29.401,22.677,6.723,3,1408,6978
6336,28.748,22.159,6.589,3,1388,6888
6337,29.238,22.417,6.821,3,1402,6930
6338,28.468,21.888,6.580,3,1376,6866
6339,29.216,22.570,6.646,3,1386,6918
6340,28.932,22.262,6.671,3,1382,6944
6341,29.201,22.533,6.669,3,1384,6968
6342,28.913,22.262,6.651,3,1386,6974
6343,28.517,21.980,6.537,3,1376,6862
6344,30.097,23.319,6.778,3,1378,6888
6345,29.496,22.896,6.600,3,1376,6844
6346,28.567,22.008,6.559,3,1376,6870
6347,28.610,22.033,6.577,3,1368,6810
6348,29.134,21.963,7.170,3,1376,6866
6349,28.412,21.850,6.562,3,1374,6844
6350,30.380,23.805,6.575,3,1368,6838
6351,28.589,22.034,6.555,3,1364,6808
6352,29.161,22.241,6.921,3,1380,6952
6353,28.803,22.152,6.651,3,1384,6906
6354,29.081,22.447,6.634,3,1376,6912
6355,28.583,21.925,6.658,3,1384,6942
6356,29.095,22.001,7.095,3,1376,6846
6357,29.006,22.314,6.692,3,1378,6830
6358,28.645,22.032,6.613,3,1384,6900
6359,29.720,23.107,6.613,3,1382,6886
6360,31.799,24.844,6.956,3,1398,6980
6361,29.839,23.064,6.775,3,1394,6944
6362,30.611,23.780,6.832,3,1414,7072
6363,30.665,23.907,6.757,3,1408,6974
6364,29.026,22.281,6.745,3,1414,7030
6365,29.206,22.162,7.043,3,1404,6940
6366,29.524,22.776,6.748,3,1400,6998
6367,28.767,22.108,6.659,3,1398,6960
6368,28.709,22.152,6.557,3,1382,6900
6369,29.195,22.329,6.866,3,1348,6778
6370,28.630,22.118,6.512,3,1372,6928
6371,28.799,22.067,6.733,3,1388,6966
6372,28.897,22.159,6.738,3,1396,6994
6373,29.411,22.643,6.769,3,1398,6980
6374,28.859,22.105,6.755,3,1400,6996
6375,28.796,22.056,6.740,3,1392,6902
6376,28.681,21.982,6.700,3,1398,6940
6377,28.928,22.179,6.749,3,1400,6948
6378,29.053,22.192,6.861,3,1406,6996
6379,29.033,22.155,6.877,3,1400,6976
6380,29.568,22.657,6.911,3,1392,6968
6381,30.089,23.015,7.074,3,1402,6994
6382,29.229,22.234,6.995,3,1414,7056
6383,30.424,23.413,7.011,3,1364,6858
6384,28.878,21.943,6.935,3,1390,7030
6385,29.041,22.102,6.939,3,1410,7090
6386,29.536,22.665,6.871,3,1416,7092
6387,29.469,22.541,6.928,3,1400,7004
6388,28.924,22.052,6.873,3,1422,7078
6389,28.958,22.135,6.824,3,1390,6970
6390,29.462,22.633,6.829,3,1404,7066
6391,29.209,22.686,6.523,3,1378,6942
6392,29.760,22.896,6.864,3,1396,7026
6393,29.642,22.906,6.737,3,1368,6908
6394,30.505,23.532,6.973,3,1408,7078
6395,30.553,23.899,6.653,3,1378,6906
6396,30.130,23.221,6.910,3,1416,7046
6397,29.391,22.644,6.747,3,1372,6790
6398,29.964,23.027,6.937,3,1400,6892
6399,29.434,22.836,6.598,3,1356,6618
6400,30.017,23.203,6.813,3,1400,6828
6401,28.831,22.223,6.608,3,1382,6732
6402,28.604,22.090,6.513,3,1376,6716
6403,28.535,21.739,6.796,3,1370,6722
6404,28.804,22.028,6.777,3,1388,6828
6405,28.043,21.581,6.462,3,1368,6746
6406,28.443,21.704,6.740,3,1376,6708
6407,27.621,21.273,6.348,3,1350,6574
6408,27.393,21.037,6.356,3,1346,6572
6409,27.521,21.149,6.372,3,1338,6590
6410,27.963,21.572,6.391,3,1352,6618
6411,28.229,21.687,6.542,3,1344,6568
6412,31.134,24.572,6.562,3,1348,6640
6413,29.688,23.211,6.477,3,1336,6556
6414,29.485,23.103,6.382,3,1338,6624
6415,28.666,22.362,6.303,3,1328,6542
6416,28.326,21.852,6.474,3,1348,6640
6417,29.539,23.074,6.465,3,1334,6626
6418,28.823,22.354,6.469,3,1354,6740
6419,28.147,21.615,6.532,3,1336,6662
6420,28.131,21.756,6.375,3,1342,6730
6421,27.851,21.598,6.252,3,1330,6696
6422,28.061,21.596,6.464,3,1350,6832
6423,28.413,21.768,6.646,3,1346,6804
6424,28.485,21.923,6.561,3,1372,6998
6425,28.034,21.694,6.340,3,1344,6832
6426,28.783,22.151,6.632,3,1350,6848
6427,28.204,21.825,6.379,3,1342,6830
6428,28.936,22.484,6.453,3,1368,6962
6429,30.607,23.927,6.680,3,1348,6850
6430,29.578,22.894,6.683,3,1372,6994
6431,29.616,22.672,6.944,3,1358,6922
6432,29.467,22.712,6.755,3,1382,6972
6433,29.314,22.770,6.544,3,1372,6924
6434,28.986,22.238,6.749,3,1380,6870
6435,28.958,22.285,6.672,3,1372,6830
6436,28.909,22.412,6.497,3,1368,6806
6437,28.517,21.952,6.565,3,1364,6714
6438,28.611,21.764,6.847,3,1372,6766
6439,28.518,22.042,6.476,3,1362,6736
6440,28.365,21.785,6.580,3,1376,6838
6441,27.680,21.357,6.323,3,1350,6632
6442,27.801,21.253,6.548,3,1358,6718
6443,27.728,21.405,6.323,3,1360,6736
6444,27.869,21.063,6.805,3,1372,6830
6445,27.682,21.345,6.337,3,1354,6732
6446,27.798,21.345,6.454,3,1354,6738
6447,30.235,23.855,6.380,3,1342,7500
6448,30.822,24.138,6.684,3,1338,7496
6449,30.987,24.550,6.437,3,1358,7596
6450,30.752,24.223,6.528,3,1364,7574
6451,30.383,23.946,6.437,3,1354,7520
6452,31.060,24.479,6.581,3,1366,7612
6453,31.837,25.275,6.562,3,1364,7614
6454,31.363,24.703,6.660,3,1364,7606
6455,30.931,24.318,6.613,3,1368,7618
6456,30.869,24.297,6.572,3,1332,7484
6457,30.654,23.971,6.683,3,1370,7660
6458,30.921,24.356,6.565,3,1374,7700
6459,33.050,26.269,6.782,3,1374,7680
6460,33.095,26.312,6.782,3,1380,7702
6461,34.121,27.533,6.588,3,1370,7692
6462,33.923,27.026,6.897,3,1386,7598
6463,33.735,27.053,6.682,3,1378,7608
6464,34.509,27.498,7.011,3,1398,7712
6465,34.859,27.946,6.914,3,1392,7692
6466,33.172,25.997,7.175,3,1410,7850
6467,32.835,26.122,6.713,3,1392,7768
6468,33.443,26.455,6.989,3,1416,7870
6469,32.602,25.791,6.811,3,1388,7734
6470,33.033,26.181,6.852,3,1410,7804
6471,32.681,25.860,6.821,3,1396,7680
6472,33.573,26.901,6.672,3,1404,7680
6473,32.687,25.944,6.743,3,1386,7626
6474,32.512,25.749,6.763,3,1410,7698
6475,32.282,25.723,6.559,3,1380,7530
6476,32.046,25.375,6.671,3,1410,7638
6477,31.635,25.159,6.476,3,1386,7480
6478,32.467,25.640,6.827,3,1412,7648
6479,32.043,25.467,6.576,3,1386,7534
6480,32.711,25.869,6.842,3,1402,7596
6481,31.431,24.833,6.598,3,1380,7488
6482,32.086,25.401,6.685,3,1404,7598
6483,32.421,25.161,7.260,3,1386,7472
6484,33.321,26.625,6.696,3,1402,7576
6485,32.882,26.387,6.495,3,1376,7430
6486,32.357,25.433,6.924,3,1410,7558
6487,35.340,28.515,6.826,3,1400,7562
6488,33.648,26.134,7.514,3,1442,7714
6489,36.704,29.839,6.866,3,1416,7568
6490,35.136,27.952,7.184,3,1424,7566
6491,32.851,26.078,6.773,3,1430,7552
6492,34.794,27.565,7.229,3,1452,7648
6493,32.605,25.603,7.002,3,1426,7494
6494,32.560,25.661,6.899,3,1458,7622
6495,36.203,29.225,6.978,3,1436,7548
6496,34.384,27.418,6.967,3,1450,7588
6497,34.988,28.176,6.812,3,1438,7528
6498,34.736,27.737,6.999,3,1458,7600
6499,33.933,26.875,7.058,3,1438,7490
6500,34.567,27.524,7.044,3,1458,7612
6501,32.802,25.919,6.883,3,1436,7454
6502,35.048,28.036,7.013,3,1456,7674
6503,33.987,27.017,6.970,3,1432,7594
6504,34.321,27.111,7.210,3,1446,7636
6505,34.519,27.498,7.021,3,1420,7536
6506,34.400,27.287,7.113,3,1434,7594
6507,34.676,27.582,7.094,3,1412,7532
6508,34.452,27.528,6.924,3,1438,7674
6509,34.136,27.623,6.513,3,1390,7468
6510,33.158,25.882,7.276,3,1430,7678
6511,34.038,27.187,6.851,3,1402,7492
6512,34.075,27.416,6.660,3,1406,7480
6513,32.068,25.557,6.511,3,1382,7416
6514,31.394,24.839,6.555,3,1380,7402
6515,31.038,24.601,6.437,3,1364,7394
6516,31.819,25.107,6.711,3,1370,7434
6517,32.353,25.868,6.485,3,1350,7538
6518,32.206,25.735,6.471,3,1352,7466
6519,32.010,25.707,6.303,3,1340,7442
6520,32.194,25.851,6.343,3,1346,7496
6521,32.318,26.064,6.254,3,1332,7444
6522,32.747,26.225,6.523,3,1342,7482
6523,32.334,25.969,6.364,3,1324,7396
6524,32.203,25.917,6.287,3,1330,7410
6525,32.375,25.963,6.412,3,1312,7330
6526,32.006,25.646,6.360,3,1324,7392
6527,31.930,25.566,6.364,3,1308,7334
6528,31.774,25.523,6.252,3,1304,7316
6529,31.920,25.756,6.164,3,1286,7234
6530,31.716,25.532,6.184,3,1290,7262
6531,31.573,25.351,6.222,3,1284,7194
6532,31.661,25.335,6.326,3,1280,7224
6533,31.260,25.225,6.035,3,1236,7016
6534,31.689,25.493,6.196,3,1260,7122
6535,31.179,25.211,5.968,3,1254,7106
6536,31.081,24.887,6.194,3,1246,7092
6537,31.128,24.971,6.157,3,1250,7108
6538,30.997,25.022,5.976,3,1232,7024
6539,30.885,24.878,6.007,3,1234,6988
6540,30.646,24.692,5.954,3,1236,6942
6541,31.932,25.777,6.155,3,1236,6966
6542,31.945,25.675,6.270,3,1226,6938
6543,32.808,26.448,6.361,3,1226,6950
6544,31.841,25.530,6.311,3,1234,6984
6545,30.870,24.767,6.103,3,1186,6762
6546,30.830,24.634,6.196,3,1234,6964
6547,30.629,24.531,6.098,3,1230,6906
6548,30.702,24.505,6.197,3,1234,6958
6549,30.384,24.346,6.037,3,1222,6830
6550,31.145,25.143,6.002,3,1226,7054
6551,31.326,25.237,6.089,3,1224,7056
6552,31.033,25.125,5.908,3,1226,7090
6553,30.932,24.860,6.072,3,1226,7100
6554,31.263,25.145,6.118,3,1226,7102
6555,33.177,27.049,6.128,3,1230,7136
6556,33.097,27.256,5.841,3,1196,6972
6557,32.709,26.816,5.893,3,1200,6952
6558,31.757,25.774,5.983,3,1222,6986
6559,31.262,25.106,6.156,3,1220,6978
6560,31.113,25.048,6.065,3,1216,6966
6561,31.096,24.978,6.119,3,1212,6930
6562,31.819,25.861,5.958,3,1226,6980
6563,30.625,24.688,5.937,3,1218,6952
6564,30.713,24.777,5.936,3,1228,7024
6565,30.616,24.765,5.852,3,1188,6860
6566,30.645,24.773,5.871,3,1222,6988
6567,30.968,25.122,5.846,3,1216,6956
6568,30.814,24.883,5.931,3,1212,6944
6569,30.608,24.709,5.900,3,1220,6966
6570,30.290,24.530,5.759,3,1198,6868
6571,30.478,24.709,5.770,3,1196,6850
6572,30.369,24.575,5.794,3,1196,6838
6573,30.991,25.046,5.945,3,1204,6882
6574,30.689,24.666,6.022,3,1218,6898
6575,30.488,24.348,6.140,3,1214,6858
6576,31.057,24.728,6.330,3,1194,6752
6577,31.359,25.374,5.985,3,1184,6694
6578,30.885,24.611,6.274,3,1210,6792
6579,30.758,24.738,6.020,3,1202,6716
6580,30.135,24.132,6.003,3,1196,6776
6581,30.294,24.282,6.012,3,1204,6708
6582,30.045,24.044,6.001,3,1204,6746
6583,30.233,24.184,6.048,3,1208,6776
6584,29.857,23.852,6.005,3,1176,6682
6585,30.102,24.017,6.085,3,1180,6706
6586,30.122,24.052,6.070,3,1194,6746
6587,29.940,23.748,6.192,3,1190,6710
6588,29.898,23.996,5.902,3,1200,6754
6589,30.228,24.060,6.168,3,1196,6722
6590,29.990,24.001,5.988,3,1212,6804
6591,29.962,24.104,5.858,3,1208,6738
6592,30.475,24.420,6.055,3,1192,6740
6593,30.547,24.720,5.827,3,1194,6890
6594,30.743,24.911,5.832,3,1194,6916
6595,30.393,24.635,5.757,3,1186,6818
6596,31.269,25.406,5.863,3,1206,6882
6597,30.747,24.919,5.828,3,1168,6714
6598,31.419,25.548,5.871,3,1208,6866
6599,31.146,24.940,6.206,3,1212,6846
6600,30.747,24.933,5.814,3,1188,6758
6601,30.898,24.906,5.993,3,1188,6728
6602,31.550,25.370,6.180,3,1232,7038
6603,31.949,25.973,5.976,3,1232,7016
6604,33.447,27.415,6.032,3,1230,7038
6605,32.987,26.900,6.087,3,1234,7056
6606,33.681,26.980,6.701,3,1206,6972
6607,33.048,26.876,6.172,3,1210,6976
6608,33.578,27.063,6.515,3,1234,7134
6609,31.806,25.492,6.314,3,1232,7112
6610,31.482,25.506,5.976,3,1216,7130
6611,31.800,25.843,5.957,3,1210,7064
6612,31.366,25.294,6.072,3,1232,7232
6613,32.140,25.716,6.424,3,1228,7144
6614,31.675,25.291,6.383,3,1228,7182
6615,31.190,25.102,6.088,3,1230,7150
6616,31.688,25.619,6.068,3,1238,7214
6617,33.734,27.606,6.128,3,1240,7200
6618,32.468,26.487,5.981,3,1224,7130
6619,33.694,27.741,5.954,3,1228,7080
6620,32.827,26.604,6.223,3,1226,7120
6621,33.155,26.978,6.177,3,1220,7084
6622,32.607,26.453,6.155,3,1246,7178
6623,31.692,25.656,6.035,3,1234,7088
6624,32.281,26.141,6.140,3,1246,7130
6625,32.715,26.417,6.298,3,1246,7120
6626,35.855,29.704,6.151,3,1226,7070
6627,33.804,27.741,6.063,3,1222,7036
6628,32.598,26.471,6.128,3,1242,7142
6629,33.967,27.721,6.246,3,1238,7056
6630,31.735,25.476,6.259,3,1250,7136
6631,33.470,27.254,6.216,3,1246,7130
6632,31.190,24.812,6.378,3,1230,7076
6633,33.639,27.406,6.233,3,1222,7060
6634,32.070,25.741,6.329,3,1250,7172
6635,33.028,26.886,6.143,3,1246,7106
6636,33.936,27.371,6.564,3,1232,7236
6637,33.850,27.631,6.219,3,1228,7216
6638,35.628,29.407,6.221,3,1244,7282
6639,33.717,27.475,6.242,3,1244,7262
6640,34.716,28.399,6.317,3,1244,7282
6641,33.641,27.303,6.337,3,1244,7274
6642,33.226,26.891,6.335,3,1256,7320
6643,32.968,26.291,6.678,3,1256,7320
6644,32.185,25.778,6.407,3,1236,7232
6645,32.147,25.890,6.257,3,1236,7220
6646,31.473,25.348,6.125,3,1228,7152
6647,31.407,25.422,5.985,3,1228,7150
6648,31.340,25.268,6.073,3,1212,7094
6649,32.454,26.451,6.003,3,1236,7182
6650,36.227,29.126,7.101,3,1366,7868
6651,36.478,29.946,6.531,3,1334,7742
6652,36.429,29.944,6.485,3,1314,7614
6653,33.418,27.030,6.388,3,1312,7586
6654,34.642,27.843,6.799,3,1448,8124
6655,35.212,28.629,6.582,3,1390,7882
6656,34.050,27.227,6.823,3,1390,7956
6657,33.385,26.798,6.586,3,1370,7840
6658,34.693,27.809,6.884,3,1472,8240
6659,33.864,27.058,6.807,3,1414,7998
6660,34.039,27.295,6.744,3,1426,8102
6661,33.930,27.094,6.836,3,1416,8038
6662,34.663,27.511,7.152,3,1504,8330
6663,34.077,27.268,6.809,3,1450,8114
6664,34.770,27.866,6.905,3,1462,8184
6665,34.003,27.287,6.717,3,1418,7970
6666,33.664,26.913,6.751,3,1426,8000
6667,33.090,26.225,6.865,3,1402,7860
6668,33.616,26.768,6.848,3,1406,7886
6669,34.959,28.201,6.758,3,1398,7842
6670,33.255,26.625,6.630,3,1374,7710
6671,32.990,26.510,6.480,3,1374,7700
6672,32.995,26.426,6.569,3,1366,7610
6673,32.771,26.199,6.572,3,1364,7576
6674,33.305,26.659,6.647,3,1384,7688
6675,34.228,27.502,6.726,3,1384,7652
6676,32.850,26.151,6.699,3,1392,7718
6677,32.785,26.051,6.735,3,1388,7714
6678,32.440,25.946,6.494,3,1372,7604
6679,33.279,26.803,6.476,3,1374,7750
6680,34.135,27.553,6.583,3,1390,7872
6681,33.703,27.132,6.571,3,1390,7862
6682,33.623,27.051,6.572,3,1390,7906
6683,33.565,26.967,6.597,3,1388,7892
6684,33.615,26.941,6.674,3,1368,7830
6685,33.437,26.995,6.442,3,1368,7810
6686,33.455,26.862,6.593,3,1390,7898
6687,33.359,26.654,6.705,3,1390,7880
6688,33.919,27.034,6.884,3,1366,7768
6689,33.026,26.532,6.494,3,1366,7744
6690,33.600,26.886,6.714,3,1386,7810
6691,33.350,26.794,6.556,3,1352,7658
6692,34.383,27.822,6.561,3,1376,7758
6693,33.255,26.482,6.772,3,1376,7746
6694,36.656,30.078,6.578,3,1388,7782
6695,36.447,29.800,6.648,3,1388,7776
6696,36.871,29.943,6.928,3,1364,7698
6697,34.484,27.955,6.529,3,1358,7672
6698,33.499,26.794,6.705,3,1358,7672
6699,37.320,30.803,6.517,3,1354,7642
6700,33.828,27.118,6.710,3,1376,7730
6701,33.851,27.251,6.600,3,1372,7708
6702,33.736,27.122,6.614,3,1372,7770
6703,32.756,26.222,6.534,3,1372,7746
6704,33.208,26.652,6.555,3,1350,7708
6705,33.470,26.934,6.536,3,1350,7626
6706,33.148,26.552,6.597,3,1366,7710
6707,32.726,26.197,6.529,3,1366,7706
6708,32.855,26.128,6.727,3,1370,7748
6709,32.758,26.198,6.559,3,1340,7610
6710,32.930,26.492,6.438,3,1342,7568
6711,32.369,25.976,6.393,3,1342,7560
6712,32.658,26.078,6.580,3,1366,7632
6713,32.545,26.056,6.488,3,1366,7630
6714,32.523,25.895,6.628,3,1338,7500
6715,31.646,25.313,6.333,3,1338,7458
6716,32.611,25.839,6.771,3,1354,7508
6717,32.526,25.836,6.690,3,1354,7498
6718,32.736,26.043,6.692,3,1366,7564
6719,32.318,25.853,6.465,3,1362,7528
6720,32.394,25.718,6.676,3,1374,7612
6721,32.608,25.904,6.703,3,1374,7636
6722,33.027,26.622,6.405,3,1364,7786
6723,33.365,26.815,6.550,3,1360,7746
6724,33.161,26.764,6.397,3,1346,7746
6725,33.374,26.866,6.508,3,1344,7722
6726,33.601,26.954,6.647,3,1372,7832
6727,33.382,26.846,6.536,3,1372,7840
6728,33.399,26.857,6.542,3,1364,7848
6729,35.691,29.228,6.463,3,1364,7842
6730,33.564,26.861,6.702,3,1340,7748
6731,33.498,27.131,6.367,3,1344,7772
6732,34.026,27.446,6.580,3,1364,7830
6733,33.316,26.954,6.362,3,1316,7644
6734,33.131,26.834,6.297,3,1320,7656
6735,33.190,26.549,6.642,3,1320,7652
6736,32.579,26.342,6.237,3,1296,7554
6737,33.032,26.959,6.073,3,1248,7350
6738,33.080,26.583,6.497,3,1272,7450
6739,34.704,28.458,6.246,3,1272,7442
6740,33.339,27.160,6.178,3,1256,7382
6741,33.954,28.115,5.839,3,1204,7160
6742,33.491,27.369,6.122,3,1220,7266
6743,31.878,25.927,5.950,3,1210,7202
6744,32.233,26.090,6.143,3,1214,7256
6745,32.529,26.584,5.945,3,1214,7252
6746,32.538,26.256,6.282,3,1222,7328
6747,32.583,26.400,6.182,3,1222,7324
6748,32.033,26.037,5.996,3,1202,7188
6749,31.983,26.149,5.834,3,1202,7178
6750,31.388,25.562,5.826,3,1198,7170
6751,31.301,25.460,5.841,3,1198,7158
6752,31.924,25.777,6.147,3,1214,7226
6753,32.377,26.293,6.084,3,1248,7340
6754,32.312,26.256,6.056,3,1252,7340
6755,32.049,25.953,6.096,3,1252,7336
6756,32.570,26.570,6.000,3,1228,7220
6757,32.019,26.024,5.995,3,1228,7254
6758,32.370,26.241,6.129,3,1244,7270
6759,35.156,29.011,6.145,3,1244,7270
6760,33.112,26.864,6.248,3,1260,7324
6761,32.051,25.824,6.227,3,1256,7314
6762,31.867,25.709,6.158,3,1232,7256
6763,31.699,25.722,5.977,3,1228,7230
6764,31.882,25.605,6.277,3,1256,7314
6765,32.729,26.495,6.234,3,1258,7464
6766,32.684,26.616,6.068,3,1234,7410
6767,32.518,26.491,6.027,3,1230,7394
6768,31.923,25.917,6.006,3,1236,7220
6769,31.686,25.512,6.174,3,1232,7194
6770,31.767,25.789,5.978,3,1240,7232
6771,32.221,26.105,6.116,3,1236,7230
6772,31.621,25.562,6.059,3,1244,7282
6773,32.031,25.922,6.109,3,1244,7250
6774,32.450,26.346,6.105,3,1236,7166
6775,31.735,25.782,5.953,3,1228,7146
6776,32.385,26.365,6.021,3,1242,7188
6777,31.553,25.400,6.153,3,1242,7190
6778,32.160,26.064,6.096,3,1268,7256
6779,32.560,26.459,6.101,3,1264,7248
6780,32.362,26.010,6.352,3,1304,7370
6781,32.185,25.751,6.433,3,1292,7328
6782,31.964,25.841,6.123,3,1276,7278
6783,31.894,25.685,6.209,3,1268,7240
6784,32.123,25.904,6.219,3,1300,7428
6785,33.059,26.789,6.270,3,1288,7368
6786,32.888,26.637,6.250,3,1292,7390
6787,33.312,26.973,6.338,3,1284,7338
6788,34.414,28.238,6.176,3,1238,7224
6789,33.195,27.064,6.131,3,1256,7296
6790,33.964,27.725,6.238,3,1274,7388
6791,31.849,25.543,6.306,3,1272,7322
6792,31.623,25.238,6.385,3,1248,7224
6793,31.871,25.491,6.380,3,1248,7220
6794,32.081,25.698,6.382,3,1262,7274
6795,31.436,25.154,6.282,3,1260,7264
6796,31.784,25.429,6.355,3,1262,7282
6797,31.474,25.287,6.188,3,1260,7240
6798,30.256,24.513,5.743,3,1154,6846
6799,29.940,24.247,5.693,3,1152,6808
6800,30.271,24.650,5.621,3,1130,6724
6801,29.671,24.094,5.577,3,1128,6626
6802,30.298,24.704,5.594,3,1090,6458
6803,29.501,23.881,5.620,3,1126,6592
6804,29.969,24.110,5.859,3,1150,6718
6805,29.921,24.206,5.715,3,1144,6640
6806,30.298,24.544,5.754,3,1152,6686
6807,29.791,23.987,5.805,3,1146,6618
6808,31.006,25.289,5.716,3,1128,6722
6809,30.604,24.701,5.902,3,1128,6706
6810,31.117,25.246,5.871,3,1144,6776
6811,31.109,25.062,6.047,3,1148,6856
6812,30.997,24.998,5.999,3,1152,6864
6813,30.742,24.635,6.108,3,1152,6864
6814,31.144,25.402,5.742,3,1132,6784
6815,30.869,24.829,6.040,3,1132,6764
6816,30.573,24.778,5.795,3,1152,6840
6817,30.957,24.953,6.004,3,1152,6790
6818,30.346,24.689,5.658,3,1128,6674
6819,30.590,24.994,5.597,3,1128,6670
6820,31.495,25.745,5.750,3,1140,6680
6821,31.012,25.262,5.750,3,1144,6722
6822,33.213,27.317,5.896,3,1144,6700
6823,30.734,25.005,5.729,3,1148,6738
6824,30.377,24.567,5.810,3,1148,6742
6825,30.698,24.792,5.906,3,1156,6792
6826,30.523,24.656,5.867,3,1132,6730
6827,30.759,24.960,5.799,3,1140,6712
6828,30.350,24.792,5.558,3,1124,6714
6829,31.031,25.248,5.783,3,1122,6646
6830,30.444,24.571,5.874,3,1138,6752
6831,30.040,24.309,5.731,3,1138,6756
6832,30.224,24.296,5.928,3,1142,6764
6833,30.176,24.351,5.825,3,1138,6800
6834,31.120,25.201,5.918,3,1114,6608
6835,31.776,26.141,5.635,3,1114,6634
6836,31.518,25.861,5.657,3,1134,6734
6837,31.075,25.367,5.707,3,1108,6674
6838,30.464,24.730,5.733,3,1148,6794
6839,30.533,24.775,5.758,3,1140,6732
6840,29.465,23.890,5.574,3,1124,6656
6841,29.834,24.261,5.573,3,1128,6704
6842,30.542,24.829,5.713,3,1140,6774
6843,29.731,24.038,5.692,3,1140,6708
6844,29.474,23.780,5.694,3,1136,6628
6845,29.826,23.989,5.837,3,1140,6638
6846,29.367,23.744,5.623,3,1128,6640
6847,29.172,23.559,5.613,3,1136,6662
6848,29.727,24.093,5.634,3,1142,6626
6849,29.358,23.538,5.821,3,1112,6480
6850,29.681,24.117,5.564,3,1130,6612
6851,31.008,25.295,5.714,3,1136,6790
6852,31.087,25.284,5.803,3,1152,6880
6853,30.996,25.089,5.907,3,1160,6924
6854,33.059,26.987,6.072,3,1160,6900
6855,31.465,25.562,5.904,3,1164,6932
6856,30.982,25.308,5.673,3,1128,6802
6857,30.765,24.902,5.862,3,1126,6782
6858,30.977,25.094,5.883,3,1138,6830
6859,31.046,25.050,5.997,3,1152,6864
6860,30.881,25.006,5.875,3,1156,6850
6861,30.919,25.265,5.655,3,1160,6884
6862,31.423,25.514,5.909,3,1136,6792
6863,30.529,24.732,5.798,3,1140,6808
6864,31.069,25.003,6.066,3,1144,6860
6865,30.353,24.534,5.819,3,1148,6846
6866,30.541,24.732,5.808,3,1148,6830
6867,31.074,25.109,5.965,3,1152,6822
6868,30.617,24.597,6.020,3,1166,6862
6869,31.039,24.733,6.306,3,1146,6764
6870,31.108,24.864,6.244,3,1174,6870
6871,30.937,24.910,6.027,3,1178,6874
6872,30.705,24.808,5.897,3,1154,6774
6873,30.018,24.254,5.763,3,1126,6576
6874,30.077,24.081,5.995,3,1138,6644
6875,30.156,24.297,5.859,3,1146,6668
6876,30.380,24.758,5.623,3,1152,6696
6877,30.037,24.291,5.745,3,1156,6664
6878,29.573,24.017,5.555,3,1128,6564
6879,29.817,24.165,5.653,3,1132,6590
6880,29.863,24.154,5.709,3,1162,6732
6881,30.674,24.925,5.749,3,1170,6768
6882,30.010,24.275,5.736,3,1166,6734
6883,31.278,25.392,5.886,3,1170,6756
6884,33.012,27.312,5.700,3,1148,6674
6885,31.070,25.283,5.787,3,1152,6696
6886,30.686,24.923,5.764,3,1164,6732
6887,32.974,27.082,5.893,3,1170,6712
6888,29.809,24.092,5.717,3,1158,6674
6889,29.786,24.159,5.627,3,1162,6702
6890,29.559,23.905,5.654,3,1162,6706
6891,29.797,24.090,5.707,3,1170,6748
6892,29.695,23.808,5.887,3,1170,6738
6893,29.726,23.940,5.786,3,1174,6706
6894,31.714,25.123,6.591,3,1144,6782
6895,30.168,24.555,5.612,3,1148,6794
6896,30.940,25.318,5.622,3,1160,6848
6897,30.784,24.974,5.810,3,1168,6888
6898,30.445,24.759,5.686,3,1158,6832
6899,30.272,24.580,5.692,3,1162,6858
6900,31.291,25.707,5.585,3,1118,6690
6901,30.684,24.881,5.804,3,1146,6778
6902,30.628,24.932,5.696,3,1166,6876
6903,30.260,24.556,5.704,3,1166,6876
6904,30.634,24.676,5.958,3,1168,6886
6905,30.184,24.572,5.612,3,1164,6860
6906,30.848,25.114,5.734,3,1126,6700
6907,29.887,24.381,5.506,3,1142,6766
6908,30.651,24.918,5.733,3,1162,6842
6909,30.266,24.670,5.596,3,1154,6784
6910,30.490,24.612,5.878,3,1166,6810
6911,30.375,24.708,5.668,3,1162,6772
6912,31.072,25.178,5.894,3,1166,6824
6913,30.587,24.737,5.850,3,1174,6844
6914,30.500,24.631,5.869,3,1166,6840
6915,30.321,24.455,5.866,3,1166,6812
6916,30.259,24.436,5.823,3,1148,6760
6917,30.431,24.675,5.756,3,1120,6642
6918,30.725,24.761,5.964,3,1160,6756
6919,32.562,26.552,6.009,3,1152,6704
6920,30.291,24.343,5.948,3,1160,6696
6921,29.925,24.086,5.839,3,1160,6670
6922,29.926,24.244,5.682,3,1118,6444
6923,30.182,24.015,6.167,3,1136,6462
6924,30.062,24.105,5.957,3,1164,6578
6925,29.611,23.790,5.821,3,1146,6452
6926,29.235,23.663,5.572,3,1126,6404
6927,29.471,23.987,5.484,3,1122,6322
6928,30.126,24.296,5.830,3,1154,6460
6929,29.584,23.952,5.632,3,1150,6416
6930,29.030,23.342,5.689,3,1114,6292
6931,29.225,23.368,5.857,3,1114,6266
6932,29.371,23.662,5.709,3,1132,6336
6933,30.009,24.381,5.628,3,1100,6276
6934,31.428,25.743,5.685,3,1096,6262
6935,31.106,25.353,5.753,3,1104,6270
6936,30.754,25.127,5.628,3,1048,6008
6937,30.116,24.663,5.454,3,1072,6218
6938,29.768,23.912,5.856,3,1084,6308
6939,30.216,24.623,5.593,3,1088,6328
6940,29.974,24.446,5.529,3,1094,6438
6941,29.874,24.356,5.518,3,1094,6420
6942,29.745,24.014,5.731,3,1068,6354
6943,29.431,24.039,5.392,3,1064,6284
6944,29.909,24.387,5.522,3,1100,6532
6945,32.862,27.349,5.513,3,1086,6446
6946,32.571,26.851,5.720,3,1098,6550
6947,33.245,27.716,5.530,3,1094,6548
6948,33.065,27.523,5.543,3,1078,6470
6949,34.020,28.514,5.506,3,1072,6484
6950,32.872,27.164,5.708,3,1096,6574
6951,31.600,25.900,5.701,3,1096,6614
6952,32.554,26.324,6.230,3,1082,6564
6953,32.387,26.696,5.691,3,1082,6562
6954,31.814,26.070,5.744,3,1114,6680
6955,32.436,26.708,5.728,3,1118,6738
6956,29.932,24.251,5.680,3,1108,6716
6957,31.092,25.417,5.675,3,1086,6616
6958,30.104,24.311,5.793,3,1132,6802
6959,29.989,24.355,5.633,3,1128,6696
6960,30.271,24.448,5.823,3,1182,6812
6961,30.347,24.502,5.845,3,1188,6848
6962,30.139,24.254,5.885,3,1186,6886
6963,29.983,23.929,6.054,3,1176,6792
6964,30.005,24.085,5.921,3,1192,6912
6965,29.854,24.026,5.828,3,1198,6882
6966,31.052,25.046,6.006,3,1220,6986
6967,31.595,25.576,6.019,3,1224,7046
6968,31.386,25.511,5.876,3,1204,6954
6969,29.913,23.943,5.970,3,1212,6932
6970,30.613,24.424,6.189,3,1242,7074
6971,30.460,24.275,6.185,3,1240,7054
6972,31.015,24.773,6.242,3,1244,7098
6973,30.003,23.922,6.081,3,1252,7056
6974,30.288,24.211,6.077,3,1262,7138
6975,31.762,25.748,6.014,3,1258,7056
6976,30.540,24.226,6.315,3,1256,7050
6977,30.110,23.883,6.227,3,1258,7020
6978,30.212,23.939,6.273,3,1250,6986
6979,30.654,24.635,6.018,3,1270,7108
6980,31.077,25.104,5.973,3,1248,7182
6981,31.712,25.511,6.201,3,1254,7162
6982,34.483,28.302,6.181,3,1274,7268
6983,34.225,27.793,6.432,3,1290,7342
6984,35.369,29.136,6.233,3,1292,7378
6985,33.273,27.049,6.224,3,1296,7384
6986,31.170,25.084,6.085,3,1276,7326
6987,31.406,25.337,6.069,3,1274,7316
6988,31.639,25.508,6.131,3,1286,7406
6989,31.871,25.528,6.343,3,1300,7526
6990,31.779,25.548,6.232,3,1298,7572
6991,31.721,25.501,6.220,3,1300,7558
6992,31.976,25.327,6.649,3,1274,7532
6993,31.599,25.298,6.301,3,1270,7432
6994,31.990,25.692,6.298,3,1294,7550
6995,31.849,25.667,6.182,3,1292,7504
6996,31.809,25.648,6.161,3,1292,7560
6997,31.976,25.796,6.180,3,1292,7542
6998,31.939,25.536,6.402,3,1306,7638
6999,31.678,25.461,6.217,3,1268,7450
7000,31.547,25.303,6.244,3,1268,7436
7001,31.561,25.321,6.239,3,1274,7410
7002,31.437,25.241,6.196,3,1292,7486
7003,31.722,25.530,6.191,3,1290,7444
7004,31.517,25.157,6.360,3,1268,7338
7005,31.064,24.942,6.121,3,1266,7290
7006,31.541,25.382,6.158,3,1276,7320
7007,32.109,25.942,6.167,3,1284,7314
7008,33.247,26.875,6.372,3,1290,7382
7009,32.056,25.677,6.380,3,1288,7274
7010,31.206,24.869,6.337,3,1260,7174
7011,31.144,25.101,6.044,3,1252,7104
7012,31.079,24.937,6.143,3,1264,7182
7013,32.116,25.943,6.174,3,1274,7182
7014,31.381,24.912,6.469,3,1270,7208
7015,32.897,26.772,6.126,3,1262,7174
7016,30.646,24.645,6.001,3,1246,7132
7017,31.004,24.898,6.106,3,1236,7080
7018,31.242,25.182,6.060,3,1254,7182
7019,31.059,24.641,6.419,3,1252,7202
7020,31.006,24.837,6.168,3,1216,7124
7021,31.128,24.642,6.486,3,1244,7244
7022,30.994,24.884,6.110,3,1254,7290
7023,31.488,25.310,6.178,3,1256,7420
7024,31.493,25.506,5.987,3,1240,7348
7025,31.827,25.812,6.015,3,1246,7328
7026,32.639,26.515,6.124,3,1260,7398
7027,32.059,25.957,6.102,3,1256,7356
7028,31.576,25.326,6.250,3,1232,7282
7029,33.939,28.021,5.918,3,1224,7240
7030,34.965,28.766,6.199,3,1238,7322
7031,33.793,27.386,6.407,3,1248,7326
7032,33.676,27.440,6.236,3,1248,7408
7033,32.544,26.182,6.361,3,1250,7298
7034,31.564,25.422,6.142,3,1236,7254
7035,31.792,25.864,5.928,3,1226,7188
7036,31.834,25.804,6.030,3,1242,7356
7037,31.819,25.584,6.235,3,1250,7326
7038,31.944,25.737,6.206,3,1260,7402
7039,31.761,25.712,6.049,3,1250,7320
7040,33.260,27.178,6.081,3,1238,7298
7041,31.655,25.520,6.135,3,1208,7160
7042,31.852,25.570,6.281,3,1256,7408
7043,32.126,26.020,6.106,3,1258,7414
7044,31.774,25.687,6.087,3,1240,7412
7045,32.456,26.217,6.239,3,1242,7378
7046,31.904,25.485,6.418,3,1216,7282
7047,33.328,27.634,5.693,3,1152,6938
7048,30.805,25.141,5.664,3,1122,6848
7049,30.878,25.223,5.654,3,1158,6948
7050,31.697,25.640,6.057,3,1202,7170
7051,31.379,25.592,5.788,3,1202,7124
7052,31.455,25.415,6.040,3,1196,7084
7053,31.336,25.374,5.962,3,1194,7044
7054,31.099,25.274,5.824,3,1190,6980
7055,31.624,25.677,5.947,3,1254,7196
7056,30.850,25.035,5.815,3,1236,7160
7057,30.639,24.804,5.836,3,1238,7114
7058,31.062,24.973,6.089,3,1232,7030
7059,30.753,24.992,5.761,3,1230,6984
7060,31.593,25.406,6.188,3,1248,7158
7061,31.350,25.238,6.112,3,1264,7206
7062,31.327,25.375,5.952,3,1228,7074
7063,31.207,25.053,6.154,3,1268,7224
7064,30.917,24.919,5.999,3,1264,7188
7065,31.040,25.069,5.971,3,1272,7150
7066,31.587,25.581,6.006,3,1266,7300
7067,32.070,25.574,6.497,3,1284,7324
7068,31.545,25.534,6.011,3,1242,7102
7069,31.306,25.235,6.072,3,1252,7150
7070,31.342,25.333,6.009,3,1256,7174
7071,32.012,25.923,6.089,3,1262,7198
7072,31.305,25.276,6.030,3,1254,7162
7073,31.306,25.197,6.109,3,1266,7236
7074,30.914,25.122,5.792,3,1242,7172
7075,31.099,25.226,5.873,3,1258,7202
7076,33.042,26.980,6.063,3,1240,7148
7077,33.342,27.279,6.063,3,1232,7148
7078,32.801,26.989,5.812,3,1220,7128
7079,33.788,27.929,5.858,3,1222,7108
7080,34.788,28.806,5.982,3,1212,7128
7081,30.827,25.119,5.708,3,1204,7102
7082,32.067,26.366,5.701,3,1210,7136
7083,31.018,25.111,5.907,3,1188,7088
7084,31.477,25.736,5.741,3,1210,7132
7085,32.937,27.048,5.889,3,1222,7156
7086,34.249,28.506,5.743,3,1204,7126
7087,33.016,27.280,5.736,3,1204,7090
7088,32.383,26.707,5.676,3,1196,7046
7089,31.121,25.375,5.746,3,1206,7058
7090,34.087,28.192,5.895,3,1202,7020
7091,31.755,25.943,5.812,3,1216,6984
7092,33.436,27.594,5.842,3,1198,6962
7093,30.516,24.736,5.779,3,1210,6984
7094,31.180,25.403,5.777,3,1208,6958
7095,30.283,24.503,5.779,3,1206,6982
7096,30.481,24.880,5.602,3,1180,6896
7097,30.513,24.774,5.739,3,1200,6954
7098,31.438,25.492,5.947,3,1192,6944
7099,30.314,24.448,5.865,3,1196,6944
7100,30.237,24.358,5.879,3,1194,6912
7101,29.976,24.170,5.805,3,1202,6934
7102,30.341,24.611,5.730,3,1206,6866
7103,30.448,24.694,5.755,3,1216,6932
7104,29.797,24.104,5.694,3,1198,6888
7105,29.892,24.207,5.686,3,1206,6958
7106,29.778,23.999,5.779,3,1206,6938
7107,29.827,23.916,5.912,3,1212,6916
7108,31.013,25.380,5.633,3,1204,6918
7109,31.436,25.520,5.917,3,1220,7094
7110,31.973,25.718,6.255,3,1212,6996
7111,33.533,27.621,5.911,3,1226,7060
7112,30.672,24.944,5.727,3,1216,7096
7113,30.722,25.148,5.575,3,1208,7100
7114,31.170,25.363,5.807,3,1202,7064
7115,30.981,25.189,5.792,3,1216,7112
7116,31.077,25.428,5.648,3,1206,7086
7117,31.622,25.770,5.852,3,1218,7086
7118,31.323,25.437,5.886,3,1214,7058
7119,31.100,25.386,5.714,3,1222,7088
7120,30.780,25.119,5.660,3,1212,7046
7121,31.378,25.283,6.095,3,1228,7124
7122,31.009,25.314,5.695,3,1212,7062
7123,31.182,25.478,5.704,3,1212,7068
7124,31.816,26.002,5.814,3,1208,7064
7125,33.353,27.639,5.714,3,1212,7056
7126,33.245,27.529,5.716,3,1204,7002
7127,31.800,26.050,5.750,3,1224,7050
7128,32.852,27.120,5.732,3,1220,7052
7129,31.544,25.267,6.277,3,1232,7034
7130,32.153,26.307,5.846,3,1232,7056
7131,31.319,25.531,5.789,3,1236,7076
7132,31.437,25.527,5.910,3,1228,7022
7133,30.805,24.824,5.981,3,1240,7028
7134,30.837,24.953,5.884,3,1238,7024
7135,31.171,25.108,6.063,3,1250,7030
7136,31.527,25.622,5.905,3,1248,7060
7137,30.849,24.967,5.882,3,1246,7054
7138,30.830,24.956,5.874,3,1256,7072
7139,30.482,24.616,5.866,3,1268,7076
7140,30.805,24.960,5.845,3,1248,7004
7141,30.736,24.901,5.835,3,1250,7036
7142,31.794,25.710,6.084,3,1240,7056
7143,33.016,27.150,5.866,3,1252,7062
7144,31.848,25.894,5.953,3,1248,7020
7145,30.581,24.620,5.961,3,1262,6976
7146,30.611,24.591,6.019,3,1248,6982
7147,30.362,24.506,5.857,3,1256,7022
7148,30.380,24.507,5.873,3,1256,7066
7149,30.584,24.715,5.869,3,1260,7036
7150,30.823,24.929,5.894,3,1252,7026
7151,30.453,24.498,5.954,3,1266,6994
7152,31.286,25.477,5.809,3,1270,7126
7153,31.065,25.121,5.943,3,1274,7130
7154,30.941,25.000,5.941,3,1264,7104
7155,31.178,25.308,5.870,3,1268,7114
7156,31.164,25.159,6.005,3,1258,7102
7157,31.280,25.258,6.022,3,1274,7134
7158,31.031,25.163,5.867,3,1260,7118
7159,31.410,25.218,6.192,3,1270,7128
7160,31.208,25.276,5.932,3,1276,7130
7161,31.152,25.236,5.916,3,1280,7144
7162,30.994,25.050,5.944,3,1272,7114
7163,31.598,25.527,6.071,3,1282,7104
7164,30.924,25.070,5.854,3,1264,7066
7165,31.184,25.326,5.859,3,1270,7096
7166,31.105,25.242,5.863,3,1268,7100
7167,31.286,25.007,6.279,3,1266,7054
7168,31.159,25.330,5.828,3,1260,7032
7169,30.927,25.026,5.901,3,1274,7082
7170,30.849,25.015,5.834,3,1266,7062
7171,30.975,25.027,5.947,3,1278,7150
7172,34.144,28.311,5.833,3,1276,7116
7173,32.922,26.951,5.971,3,1276,7074
7174,32.492,26.437,6.055,3,1256,7046
7175,34.090,27.552,6.537,3,1268,7088
7176,31.383,25.198,6.184,3,1248,7002
7177,30.816,24.912,5.904,3,1256,7000
7178,30.842,24.742,6.100,3,1250,6964
7179,30.785,24.817,5.969,3,1260,7006
7180,30.777,24.586,6.192,3,1254,6978
7181,31.044,24.944,6.101,3,1266,7022
7182,30.782,24.814,5.968,3,1252,6934
7183,30.913,24.561,6.351,3,1262,6938
7184,30.430,24.511,5.919,3,1258,6956
7185,30.917,24.748,6.169,3,1254,6926
7186,30.273,24.412,5.860,3,1242,6914
7187,30.687,24.572,6.116,3,1258,7028
7188,30.550,24.706,5.845,3,1244,6960
7189,31.017,25.078,5.939,3,1256,6994
7190,30.187,24.294,5.893,3,1256,6962
7191,29.969,24.093,5.876,3,1264,6942
7192,29.683,23.875,5.808,3,1220,6750
7193,30.316,24.162,6.154,3,1264,6922
7194,30.146,24.049,6.097,3,1252,6898
7195,31.369,25.487,5.882,3,1258,7020
7196,31.037,24.803,6.234,3,1274,7104
7197,31.365,25.492,5.873,3,1272,7070
7198,30.747,24.874,5.873,3,1258,6992
7199,30.844,24.630,6.214,3,1270,7034
7200,31.079,25.211,5.868,3,1258,6986
7201,31.943,25.785,6.158,3,1264,6978
7202,31.222,25.353,5.869,3,1258,6986
7203,30.959,25.092,5.868,3,1262,7022
7204,31.092,25.267,5.826,3,1242,6964
7205,30.910,24.863,6.047,3,1254,7016
7206,30.576,24.698,5.878,3,1248,6946
7207,33.134,27.062,6.072,3,1258,6982
7208,31.076,24.956,6.120,3,1254,6998
7209,30.634,24.709,5.925,3,1258,6972
7210,30.811,24.994,5.817,3,1244,6942
7211,31.236,24.962,6.275,3,1254,7032
7212,31.008,24.786,6.222,3,1246,6984
7213,30.427,24.568,5.858,3,1224,6922
7214,30.701,24.868,5.833,3,1252,7056
7215,31.259,25.161,6.098,3,1256,7018
7216,31.199,25.257,5.942,3,1240,6938
7217,30.918,24.874,6.044,3,1256,6978
7218,30.443,24.555,5.887,3,1252,6978
7219,31.552,25.144,6.408,3,1260,6960
7220,31.693,25.435,6.258,3,1258,6976
7221,32.340,26.401,5.939,3,1266,6920
7222,33.290,27.391,5.899,3,1254,6872
7223,33.666,27.540,6.127,3,1262,6870
7224,30.717,24.453,6.264,3,1256,6832
7225,30.194,24.099,6.095,3,1260,6886
7226,30.399,24.172,6.227,3,1256,6860
7227,31.015,25.120,5.895,3,1260,6856
7228,30.258,24.381,5.877,3,1246,6834
7229,29.976,24.093,5.883,3,1262,6878
7230,30.250,24.396,5.854,3,1252,6844
7231,30.212,24.340,5.872,3,1254,6808
7232,30.298,24.415,5.883,3,1252,6838
7233,30.096,24.121,5.976,3,1260,6862
7234,29.911,24.061,5.850,3,1216,6736
7235,30.302,24.386,5.916,3,1262,6878
7236,30.174,24.298,5.876,3,1256,6810
7237,30.319,24.296,6.023,3,1264,6896
7238,31.370,25.438,5.931,3,1262,7028
7239,32.036,26.157,5.879,3,1264,7046
7240,33.612,27.070,6.542,3,1260,7034
7241,31.449,25.207,6.242,3,1272,7098
7242,32.251,25.889,6.362,3,1260,7070
7243,31.005,25.199,5.805,3,1254,7060
7244,31.071,25.203,5.868,3,1252,7072
7245,31.037,24.914,6.123,3,1258,7086
7246,30.743,24.870,5.872,3,1248,7078
7247,31.374,25.499,5.874,3,1262,7096
7248,31.783,25.702,6.081,3,1240,7060
7249,30.830,25.009,5.821,3,1246,7078
7250,31.040,24.962,6.079,3,1242,7052
7251,31.344,25.537,5.807,3,1244,7066
7252,31.298,25.536,5.761,3,1236,7048
7253,31.151,25.134,6.017,3,1256,7124
7254,30.964,25.002,5.962,3,1244,7104
7255,31.400,25.575,5.825,3,1222,7008
7256,31.224,25.129,6.095,3,1258,7180
7257,31.314,25.069,6.245,3,1254,7160
7258,30.808,25.066,5.742,3,1238,7152
7259,30.788,25.016,5.772,3,1242,7106
7260,31.059,25.058,6.002,3,1228,7074
7261,30.532,24.800,5.732,3,1234,7012
7262,31.062,25.043,6.019,3,1228,6992
7263,31.661,25.702,5.959,3,1236,6992
7264,30.781,24.944,5.837,3,1220,6944
7265,31.183,25.007,6.175,3,1236,6992
7266,30.423,24.609,5.814,3,1222,6934
7267,30.967,25.195,5.771,3,1230,6928
7268,31.230,25.498,5.732,3,1222,6922
7269,32.948,26.481,6.467,3,1236,6994
7270,33.328,27.339,5.989,3,1230,6964
7271,33.698,27.865,5.833,3,1230,6982
7272,31.583,25.763,5.820,3,1212,6884
7273,31.022,25.118,5.904,3,1218,6858
7274,30.243,24.304,5.939,3,1222,6858
7275,30.097,24.422,5.675,3,1224,6894
7276,29.942,24.199,5.744,3,1180,6742
7277,30.093,24.262,5.832,3,1220,6878
7278,30.254,24.488,5.766,3,1206,6842
7279,30.111,24.485,5.626,3,1214,6866
7280,30.343,24.699,5.644,3,1208,6806
7281,30.842,25.119,5.722,3,1210,6950
7282,31.149,25.141,6.009,3,1192,6920
7283,30.704,25.079,5.624,3,1202,7006
7284,31.268,25.701,5.567,3,1198,6934
7285,30.682,25.047,5.635,3,1206,6942
7286,30.575,24.570,6.005,3,1208,6938
7287,30.538,24.843,5.696,3,1218,6966
7288,31.394,25.666,5.729,3,1214,6936
7289,30.674,24.915,5.759,3,1224,7008
7290,30.856,25.077,5.780,3,1210,6938
7291,30.835,25.161,5.674,3,1222,6984
7292,31.070,25.299,5.770,3,1214,6968
7293,30.785,24.954,5.830,3,1220,7076
7294,30.715,24.964,5.751,3,1198,7012
7295,30.678,25.014,5.664,3,1206,7038
7296,31.128,25.353,5.774,3,1208,6970
7297,30.673,24.883,5.790,3,1184,6854
7298,30.994,25.331,5.663,3,1210,6952
7299,30.948,25.054,5.895,3,1216,7008
7300,30.911,25.234,5.677,3,1208,6970
7301,31.151,25.233,5.918,3,1224,7046
7302,31.195,25.346,5.850,3,1218,6970
7303,32.949,26.880,6.069,3,1230,7030
7304,30.797,24.960,5.837,3,1232,7028
7305,30.806,24.966,5.840,3,1236,7052
7306,30.853,24.880,5.972,3,1234,6992
7307,30.469,24.645,5.824,3,1242,7014
7308,30.397,24.626,5.771,3,1228,6978
7309,30.600,24.798,5.802,3,1238,7006
7310,30.549,24.724,5.824,3,1240,7028
7311,30.112,24.325,5.787,3,1238,7012
7312,30.120,24.378,5.742,3,1232,6930
7313,30.188,24.349,5.839,3,1252,6988
7314,30.932,25.093,5.839,3,1238,6908
7315,30.842,24.831,6.012,3,1260,7002
7316,30.372,24.535,5.838,3,1250,6954
7317,31.602,25.314,6.288,3,1252,6940
7318,32.623,26.765,5.858,3,1218,6820
7319,32.137,26.275,5.862,3,1260,6942
7320,31.629,25.805,5.824,3,1244,6924
7321,30.929,25.012,5.918,3,1250,6956
7322,29.748,23.882,5.865,3,1252,6936
7323,29.999,24.151,5.848,3,1254,6938
7324,31.076,25.143,5.933,3,1246,7030
7325,30.722,24.771,5.951,3,1260,7086
7326,30.229,24.407,5.822,3,1254,7054
7327,30.779,24.934,5.845,3,1266,7086
7328,30.675,24.820,5.856,3,1258,7066
7329,30.788,24.926,5.862,3,1264,7054
7330,30.660,24.819,5.841,3,1260,7022
7331,30.913,24.964,5.949,3,1270,7056
7332,30.901,24.993,5.907,3,1264,7034
7333,30.868,24.861,6.006,3,1268,7048
7334,30.856,24.776,6.081,3,1264,7040
7335,30.787,24.856,5.931,3,1266,7060
7336,32.603,26.753,5.849,3,1246,7000
7337,30.605,24.558,6.047,3,1260,7036
7338,30.349,24.494,5.855,3,1256,7008
7339,30.810,24.816,5.993,3,1236,6924
7340,31.118,25.043,6.076,3,1254,6992
7341,31.015,25.135,5.881,3,1256,7024
7342,30.441,24.580,5.860,3,1248,6968
7343,30.517,24.608,5.909,3,1264,7008
7344,31.048,24.825,6.224,3,1248,6974
7345,30.581,24.655,5.926,3,1250,6956
7346,30.486,24.431,6.055,3,1246,6906
7347,30.315,24.389,5.927,3,1258,6938
7348,30.779,25.010,5.769,3,1238,6854
7349,30.675,24.745,5.930,3,1258,6880
7350,30.320,24.489,5.832,3,1258,6816
7351,30.119,24.237,5.883,3,1264,6884
7352,30.573,24.186,6.387,3,1254,6880
7353,30.062,24.001,6.062,3,1254,6882
7354,30.928,24.904,6.024,3,1248,6886
7355,30.081,23.923,6.159,3,1252,6852
7356,30.366,24.216,6.150,3,1248,6842
7357,30.840,24.954,5.886,3,1262,6990
7358,29.532,24.003,5.529,3,1154,6606
7359,34.565,28.303,6.262,3,1380,7706
7360,36.024,29.474,6.550,3,1424,7886
7361,36.352,29.751,6.602,3,1450,7962
7362,38.967,32.083,6.884,3,1500,8330
7363,38.482,31.678,6.804,3,1510,8408
7364,39.769,31.774,7.996,3,1734,9276
7365,47.492,38.640,8.851,3,1944,11204
7366,16.814,15.845,0.968,2,24,2236
7367,47.266,38.855,8.411,3,1950,11254
7368,45.874,37.024,8.850,3,1972,11370
7369,16.097,14.987,1.110,2,24,2236
7370,45.629,36.438,9.190,3,2042,11672
7371,16.100,15.091,1.009,2,24,2236
7372,46.370,37.207,9.163,3,1998,11346
7373,15.804,14.868,0.935,2,24,2236
7374,43.302,34.548,8.754,3,1880,10810
7375,42.278,34.103,8.175,3,1860,10700
7376,40.418,32.396,8.022,3,1826,10416
7377,41.347,33.194,8.153,3,1874,10550
7378,40.138,31.754,8.383,3,1856,10370
7379,38.797,30.813,7.984,3,1848,10188
7380,38.390,30.406,7.984,3,1842,10134
7381,38.687,30.550,8.137,3,1916,10416
7382,15.918,14.842,1.075,2,24,2236
7383,39.483,30.618,8.864,3,1908,10340
7384,38.843,30.157,8.686,3,1922,10330
7385,16.388,15.198,1.189,2,24,2236
7386,39.168,30.470,8.698,3,1956,10426
7387,38.932,30.421,8.511,3,1980,10470
7388,15.870,14.961,0.908,2,24,2236
7389,39.155,30.112,9.043,3,1974,10466
7390,39.650,30.757,8.892,3,2042,10700
7391,15.792,14.825,0.967,2,24,2236
7392,39.793,30.189,9.604,3,2026,10552
7393,16.131,15.190,0.941,2,24,2236
7394,39.300,30.206,9.093,3,2040,10588
7395,16.544,15.595,0.949,2,24,2236
7396,39.973,31.009,8.964,3,2098,10798
7397,15.882,14.880,1.002,2,24,2236
7398,40.994,31.535,9.459,3,2028,10502
7399,16.096,15.043,1.053,2,24,2236
7400,37.913,29.367,8.546,3,1874,9882
7401,37.491,29.486,8.005,3,1880,10010
7402,15.926,14.949,0.977,2,24,2236
7403,37.642,29.183,8.458,3,1804,9714
7404,37.402,29.691,7.710,3,1794,9664
7405,37.543,29.569,7.975,3,1836,9846
7406,36.947,28.692,8.256,3,1770,9534
7407,36.184,28.205,7.979,3,1756,9470
7408,36.907,29.093,7.814,3,1828,9722
7409,37.359,29.771,7.588,3,1734,9378
7410,37.731,30.090,7.640,3,1742,9406
7411,39.505,31.823,7.682,3,1720,9128
7412,35.770,28.330,7.440,3,1680,8972
7413,35.180,27.839,7.342,3,1678,8902
7414,34.234,26.455,7.779,3,1678,8732
7415,51.341,22.635,28.706,2,2716,9372
7416,34.144,23.370,10.773,2,2716,9370
7417,32.862,22.819,10.043,2,2716,9374
7418,33.388,22.684,10.703,2,2716,9372
7419,33.292,22.920,10.372,2,2716,9372
7420,33.312,22.874,10.438,2,2716,9370
7421,33.009,23.016,9.994,2,2716,9378
7422,33.256,22.835,10.422,2,2716,9378
7423,33.236,23.114,10.123,2,2716,9376
7424,33.531,22.913,10.618,2,2716,9372
7425,33.489,22.850,10.639,2,2716,9376
7426,33.101,22.997,10.104,2,2716,9378
7427,35.023,24.525,10.498,2,2716,9378
7428,34.642,24.221,10.420,2,2716,9372
7429,33.487,23.013,10.474,2,2716,9376
7430,32.987,22.955,10.031,2,2716,9376
7431,33.585,23.090,10.496,2,2716,9376
7432,33.551,23.118,10.433,2,2716,9372
7433,33.762,23.297,10.465,2,2716,9374
7434,33.252,22.753,10.499,2,2716,9374
7435,33.117,23.075,10.042,2,2716,9376
7436,33.203,22.745,10.458,2,2716,9372
7437,33.397,23.061,10.336,2,2716,9374
7438,33.859,23.229,10.630,2,2716,9376
7439,32.803,22.830,9.973,2,2716,9374
7440,33.181,22.748,10.433,2,2716,9372
7441,33.263,22.616,10.647,2,2716,9376
7442,33.098,22.787,10.310,2,2716,9374
7443,33.725,22.973,10.752,2,2716,9374
7444,34.103,23.627,10.476,2,2716,9372
7445,33.545,22.967,10.578,2,2716,9378
7446,34.012,23.543,10.469,2,2716,9378
7447,33.622,23.514,10.108,2,2716,9376
7448,33.832,23.092,10.740,2,2716,9372
7449,33.271,22.862,10.409,2,2716,9376
7450,33.707,22.978,10.729,2,2716,9378
7451,33.058,23.124,9.934,2,2716,9378
7452,34.166,23.394,10.771,2,2716,9372
7453,33.849,23.310,10.539,2,2716,9376
7454,36.331,25.157,11.174,2,2716,9376
7455,36.103,24.916,11.187,2,2716,9376
7456,36.616,25.857,10.760,2,2716,9372
7457,36.631,26.207,10.424,2,2716,9374
7458,35.182,24.548,10.634,2,2716,9374
7459,33.656,23.108,10.548,2,2716,9376
7460,33.583,23.439,10.143,2,2716,9372
7461,33.705,23.154,10.551,2,2716,9374
7462,33.808,23.266,10.543,2,2716,9376
7463,33.507,23.416,10.090,2,2716,9374
7464,34.492,23.268,11.224,2,2716,9372
7465,33.940,23.108,10.832,2,2716,9376
7466,34.334,23.132,11.202,2,2716,9374
7467,33.632,23.112,10.520,2,2716,9374
7468,33.711,22.911,10.799,2,2716,9372
7469,33.668,23.014,10.655,2,2716,9378
7470,33.492,22.910,10.583,2,2716,9378
7471,33.939,23.418,10.521,2,2716,9376
7472,33.550,23.002,10.549,2,2716,9372
7473,33.279,22.845,10.434,2,2716,9376
7474,33.661,23.337,10.324,2,2716,9378
7475,33.842,23.173,10.669,2,2716,9378
